STARTFONT 2.1
COMMENT
COMMENT Converted from OpenType font "arial.ttf" by "otf2bdf 3.0".
COMMENT
FONT -FreeType-Arial-Medium-R-Normal--24-170-100-100-P-116-ISO10646-1
SIZE 17 100 100
FONTBOUNDINGBOX 42 32 -16 -8
STARTPROPERTIES 19
FOUNDRY "FreeType"
FAMILY_NAME "Arial"
WEIGHT_NAME "Medium"
SLANT "R"
SETWIDTH_NAME "Normal"
ADD_STYLE_NAME ""
PIXEL_SIZE 24
POINT_SIZE 170
RESOLUTION_X 100
RESOLUTION_Y 100
SPACING "P"
AVERAGE_WIDTH 116
CHARSET_REGISTRY "ISO10646"
CHARSET_ENCODING "1"
FONT_ASCENT 21
FONT_DESCENT 5
COPYRIGHT "Typeface © The Monotype Corporation plc. Data © The Monotype Corporation plc/Type Solutions Inc. 1990-1992. All Rights Reserved"
_OTF_FONTFILE "arial.ttf"
_OTF_PSNAME "ArialMT"
ENDPROPERTIES
CHARS 1419
STARTCHAR 0020
ENCODING 32
SWIDTH 296 0
DWIDTH 7 0
BBX 0 0 0 0
BITMAP
ENDCHAR
STARTCHAR 0021
ENCODING 33
SWIDTH 338 0
DWIDTH 8 0
BBX 2 17 3 0
BITMAP
C0
C0
C0
C0
C0
C0
C0
C0
C0
C0
C0
C0
C0
00
00
C0
C0
ENDCHAR
STARTCHAR 0022
ENCODING 34
SWIDTH 381 0
DWIDTH 9 0
BBX 6 6 1 11
BITMAP
CC
CC
CC
CC
CC
CC
ENDCHAR
STARTCHAR 0023
ENCODING 35
SWIDTH 550 0
DWIDTH 13 0
BBX 13 17 0 0
BITMAP
0630
0630
0C60
0C60
0C60
FFF8
FFF8
18C0
18C0
18C0
18C0
FFF8
FFF8
3180
3180
6300
6300
ENDCHAR
STARTCHAR 0024
ENCODING 36
SWIDTH 550 0
DWIDTH 13 0
BBX 11 20 1 -2
BITMAP
0400
1F00
7FC0
E4C0
C460
C400
C400
7400
3E00
0F80
05C0
0460
0460
C460
E460
64C0
7FC0
1F00
0400
0400
ENDCHAR
STARTCHAR 0025
ENCODING 37
SWIDTH 889 0
DWIDTH 21 0
BBX 19 17 1 0
BITMAP
3C0600
660E00
C30C00
C31800
C31800
C33000
C33000
666000
3C6780
00CCC0
01D860
019860
039860
031860
071860
060CC0
0C0780
ENDCHAR
STARTCHAR 0026
ENCODING 38
SWIDTH 677 0
DWIDTH 16 0
BBX 14 17 1 0
BITMAP
0F00
1F80
39C0
30C0
30C0
1980
1F80
1E00
3F00
7310
E198
C0F0
C0F0
E070
61F8
7FDC
1F18
ENDCHAR
STARTCHAR 0027
ENCODING 39
SWIDTH 211 0
DWIDTH 5 0
BBX 2 6 1 11
BITMAP
C0
C0
C0
C0
C0
C0
ENDCHAR
STARTCHAR 0028
ENCODING 40
SWIDTH 338 0
DWIDTH 8 0
BBX 6 22 1 -5
BITMAP
0C
18
30
30
60
60
60
C0
C0
C0
C0
C0
C0
C0
C0
60
60
60
30
30
18
0C
ENDCHAR
STARTCHAR 0029
ENCODING 41
SWIDTH 338 0
DWIDTH 8 0
BBX 6 22 1 -5
BITMAP
C0
60
30
30
18
18
18
0C
0C
0C
0C
0C
0C
0C
0C
18
18
18
30
30
60
C0
ENDCHAR
STARTCHAR 002A
ENCODING 42
SWIDTH 381 0
DWIDTH 9 0
BBX 8 7 1 10
BITMAP
18
18
FF
3C
3C
66
24
ENDCHAR
STARTCHAR 002B
ENCODING 43
SWIDTH 592 0
DWIDTH 14 0
BBX 12 12 1 2
BITMAP
0600
0600
0600
0600
0600
FFF0
FFF0
0600
0600
0600
0600
0600
ENDCHAR
STARTCHAR 002C
ENCODING 44
SWIDTH 296 0
DWIDTH 7 0
BBX 2 6 2 -4
BITMAP
C0
C0
40
40
C0
80
ENDCHAR
STARTCHAR 002D
ENCODING 45
SWIDTH 338 0
DWIDTH 8 0
BBX 7 2 0 5
BITMAP
FE
FE
ENDCHAR
STARTCHAR 002E
ENCODING 46
SWIDTH 296 0
DWIDTH 7 0
BBX 2 2 2 0
BITMAP
C0
C0
ENDCHAR
STARTCHAR 002F
ENCODING 47
SWIDTH 296 0
DWIDTH 7 0
BBX 7 17 0 0
BITMAP
06
06
0C
0C
0C
18
18
18
38
30
30
30
60
60
60
C0
C0
ENDCHAR
STARTCHAR 0030
ENCODING 48
SWIDTH 550 0
DWIDTH 13 0
BBX 11 17 1 0
BITMAP
1F00
3F80
71C0
60C0
C060
C060
C060
C060
C060
C060
C060
C060
C060
60C0
71C0
7F80
1F00
ENDCHAR
STARTCHAR 0031
ENCODING 49
SWIDTH 550 0
DWIDTH 13 0
BBX 6 17 3 0
BITMAP
0C
0C
1C
7C
EC
CC
0C
0C
0C
0C
0C
0C
0C
0C
0C
0C
0C
ENDCHAR
STARTCHAR 0032
ENCODING 50
SWIDTH 550 0
DWIDTH 13 0
BBX 11 17 1 0
BITMAP
1F00
7FC0
60C0
C060
C060
0060
0060
00C0
0180
0300
0600
0C00
1C00
3000
6000
FFE0
FFE0
ENDCHAR
STARTCHAR 0033
ENCODING 51
SWIDTH 550 0
DWIDTH 13 0
BBX 11 17 1 0
BITMAP
1E00
7F80
61C0
C0C0
00C0
00C0
0180
0F00
0F80
00C0
0060
0060
C060
C060
60C0
3F80
1F00
ENDCHAR
STARTCHAR 0034
ENCODING 52
SWIDTH 550 0
DWIDTH 13 0
BBX 11 17 1 0
BITMAP
0180
0380
0780
0780
0D80
1D80
1980
3180
3180
6180
E180
FFE0
FFE0
0180
0180
0180
0180
ENDCHAR
STARTCHAR 0035
ENCODING 53
SWIDTH 550 0
DWIDTH 13 0
BBX 11 17 1 0
BITMAP
3FC0
3FC0
6000
6000
6000
6F00
7F80
E0C0
C060
0060
0060
0060
C060
C0C0
60C0
7F80
1F00
ENDCHAR
STARTCHAR 0036
ENCODING 54
SWIDTH 550 0
DWIDTH 13 0
BBX 11 17 1 0
BITMAP
0F80
3FC0
70E0
6060
6000
C000
CF00
DFC0
F0C0
E060
C060
C060
C060
6060
70C0
3F80
1F00
ENDCHAR
STARTCHAR 0037
ENCODING 55
SWIDTH 550 0
DWIDTH 13 0
BBX 11 17 1 0
BITMAP
FFE0
FFE0
0040
00C0
0180
0100
0300
0600
0600
0600
0C00
0C00
0C00
1800
1800
1800
1800
ENDCHAR
STARTCHAR 0038
ENCODING 56
SWIDTH 550 0
DWIDTH 13 0
BBX 11 17 1 0
BITMAP
1F00
3F80
71C0
60C0
60C0
60C0
3180
1F00
3F80
60C0
C060
C060
C060
C060
60C0
7FC0
1F00
ENDCHAR
STARTCHAR 0039
ENCODING 57
SWIDTH 550 0
DWIDTH 13 0
BBX 11 17 1 0
BITMAP
1F00
3F80
60C0
E0C0
C060
C060
C060
C0E0
61E0
7F60
1E60
0060
00C0
C0C0
E1C0
7F80
3E00
ENDCHAR
STARTCHAR 003A
ENCODING 58
SWIDTH 296 0
DWIDTH 7 0
BBX 2 13 2 0
BITMAP
C0
C0
00
00
00
00
00
00
00
00
00
C0
C0
ENDCHAR
STARTCHAR 003B
ENCODING 59
SWIDTH 296 0
DWIDTH 7 0
BBX 2 17 2 -4
BITMAP
C0
C0
00
00
00
00
00
00
00
00
00
C0
C0
40
40
C0
80
ENDCHAR
STARTCHAR 003C
ENCODING 60
SWIDTH 592 0
DWIDTH 14 0
BBX 11 11 1 3
BITMAP
0020
00E0
07C0
1E00
7800
C000
7800
1E00
03C0
00E0
0020
ENDCHAR
STARTCHAR 003D
ENCODING 61
SWIDTH 592 0
DWIDTH 14 0
BBX 11 7 1 5
BITMAP
FFE0
FFE0
0000
0000
0000
FFE0
FFE0
ENDCHAR
STARTCHAR 003E
ENCODING 62
SWIDTH 592 0
DWIDTH 14 0
BBX 11 11 1 3
BITMAP
8000
E000
7800
0F00
03C0
0060
03C0
0F00
7C00
E000
8000
ENDCHAR
STARTCHAR 003F
ENCODING 63
SWIDTH 550 0
DWIDTH 13 0
BBX 11 17 1 0
BITMAP
1F00
3FC0
71C0
E060
C060
0060
00C0
01C0
0380
0600
0E00
0C00
0C00
0000
0000
0C00
0C00
ENDCHAR
STARTCHAR 0040
ENCODING 64
SWIDTH 1016 0
DWIDTH 24 0
BBX 22 22 1 -5
BITMAP
00FE00
07FF80
0F03C0
1C00E0
38F370
31FB30
638F18
660618
C60618
CC0618
CC0618
CC0638
CC0C30
CC1C70
C63CE0
67FFC0
61C700
30000C
3C0038
1F00F0
07FFC0
00FF00
ENDCHAR
STARTCHAR 0041
ENCODING 65
SWIDTH 635 0
DWIDTH 15 0
BBX 15 17 0 0
BITMAP
0380
0380
06C0
06C0
0EE0
0C60
0C60
1830
1830
1830
3FF8
3FF8
701C
600C
600C
C006
C006
ENDCHAR
STARTCHAR 0042
ENCODING 66
SWIDTH 677 0
DWIDTH 16 0
BBX 13 17 2 0
BITMAP
FF80
FFE0
C070
C030
C030
C030
C060
FFE0
FFE0
C070
C038
C018
C018
C018
C030
FFF0
FFC0
ENDCHAR
STARTCHAR 0043
ENCODING 67
SWIDTH 720 0
DWIDTH 17 0
BBX 15 17 1 0
BITMAP
07E0
1FF8
381C
700C
6006
E000
C000
C000
C000
C000
C000
C006
6006
700C
381C
1FF8
07E0
ENDCHAR
STARTCHAR 0044
ENCODING 68
SWIDTH 720 0
DWIDTH 17 0
BBX 14 17 2 0
BITMAP
FFC0
FFE0
C070
C038
C018
C00C
C00C
C00C
C00C
C00C
C00C
C00C
C018
C038
C070
FFE0
FF80
ENDCHAR
STARTCHAR 0045
ENCODING 69
SWIDTH 677 0
DWIDTH 16 0
BBX 13 17 2 0
BITMAP
FFF8
FFF8
C000
C000
C000
C000
C000
FFF0
FFF0
C000
C000
C000
C000
C000
C000
FFF8
FFF8
ENDCHAR
STARTCHAR 0046
ENCODING 70
SWIDTH 635 0
DWIDTH 15 0
BBX 12 17 2 0
BITMAP
FFF0
FFF0
C000
C000
C000
C000
C000
FFE0
FFE0
C000
C000
C000
C000
C000
C000
C000
C000
ENDCHAR
STARTCHAR 0047
ENCODING 71
SWIDTH 804 0
DWIDTH 19 0
BBX 16 17 1 0
BITMAP
07F0
1FFC
3C1E
7006
6003
E000
C000
C000
C07F
C07F
C003
E003
6003
7003
3C1F
1FFC
03F0
ENDCHAR
STARTCHAR 0048
ENCODING 72
SWIDTH 720 0
DWIDTH 17 0
BBX 13 17 2 0
BITMAP
C018
C018
C018
C018
C018
C018
C018
FFF8
FFF8
C018
C018
C018
C018
C018
C018
C018
C018
ENDCHAR
STARTCHAR 0049
ENCODING 73
SWIDTH 254 0
DWIDTH 6 0
BBX 2 17 2 0
BITMAP
C0
C0
C0
C0
C0
C0
C0
C0
C0
C0
C0
C0
C0
C0
C0
C0
C0
ENDCHAR
STARTCHAR 004A
ENCODING 74
SWIDTH 508 0
DWIDTH 12 0
BBX 9 17 1 0
BITMAP
0180
0180
0180
0180
0180
0180
0180
0180
0180
0180
0180
0180
C180
C180
E380
7F00
3E00
ENDCHAR
STARTCHAR 004B
ENCODING 75
SWIDTH 677 0
DWIDTH 16 0
BBX 14 17 2 0
BITMAP
C038
C070
C0E0
C1C0
C380
C700
CE00
DE00
FF00
F700
E380
C1C0
C0E0
C0E0
C070
C038
C01C
ENDCHAR
STARTCHAR 004C
ENCODING 76
SWIDTH 550 0
DWIDTH 13 0
BBX 10 17 2 0
BITMAP
C000
C000
C000
C000
C000
C000
C000
C000
C000
C000
C000
C000
C000
C000
C000
FFC0
FFC0
ENDCHAR
STARTCHAR 004D
ENCODING 77
SWIDTH 804 0
DWIDTH 19 0
BBX 15 17 2 0
BITMAP
E00E
F01E
F01E
F01E
D836
D836
D836
C826
CC66
CC66
CC66
C6C6
C6C6
C6C6
C286
C386
C386
ENDCHAR
STARTCHAR 004E
ENCODING 78
SWIDTH 720 0
DWIDTH 17 0
BBX 13 17 2 0
BITMAP
C018
E018
F018
F018
D818
CC18
CC18
C618
C718
C318
C198
C198
C0D8
C078
C078
C038
C018
ENDCHAR
STARTCHAR 004F
ENCODING 79
SWIDTH 804 0
DWIDTH 19 0
BBX 17 17 1 0
BITMAP
07F000
1FFC00
3C1E00
700700
600300
E00300
C00180
C00180
C00180
C00180
C00180
E00380
600300
700700
3C1E00
1FFC00
07F000
ENDCHAR
STARTCHAR 0050
ENCODING 80
SWIDTH 677 0
DWIDTH 16 0
BBX 13 17 2 0
BITMAP
FFC0
FFF0
C030
C018
C018
C018
C018
C030
FFF0
FFC0
C000
C000
C000
C000
C000
C000
C000
ENDCHAR
STARTCHAR 0051
ENCODING 81
SWIDTH 804 0
DWIDTH 19 0
BBX 17 18 1 -1
BITMAP
07F000
1FFC00
3C1E00
700700
600300
E00380
C00180
C00180
C00180
C00180
C00180
E00380
606300
707F00
3C1E00
1FFF00
03F780
000180
ENDCHAR
STARTCHAR 0052
ENCODING 82
SWIDTH 720 0
DWIDTH 17 0
BBX 14 17 2 0
BITMAP
FFE0
FFF0
C038
C018
C018
C018
C038
FFF0
FFC0
C380
C1C0
C0E0
C0E0
C070
C030
C038
C01C
ENDCHAR
STARTCHAR 0053
ENCODING 83
SWIDTH 677 0
DWIDTH 16 0
BBX 14 17 1 0
BITMAP
0FC0
3FF0
3038
601C
600C
6000
3800
3FC0
0FF0
0078
001C
C00C
C00C
601C
7838
3FF0
0FC0
ENDCHAR
STARTCHAR 0054
ENCODING 84
SWIDTH 592 0
DWIDTH 14 0
BBX 14 17 0 0
BITMAP
FFFC
FFFC
0300
0300
0300
0300
0300
0300
0300
0300
0300
0300
0300
0300
0300
0300
0300
ENDCHAR
STARTCHAR 0055
ENCODING 85
SWIDTH 720 0
DWIDTH 17 0
BBX 13 17 2 0
BITMAP
C018
C018
C018
C018
C018
C018
C018
C018
C018
C018
C018
C018
C018
6038
7070
3FE0
1FC0
ENDCHAR
STARTCHAR 0056
ENCODING 86
SWIDTH 635 0
DWIDTH 15 0
BBX 15 17 0 0
BITMAP
C006
600C
600C
600C
3018
3018
3838
1830
1830
0C60
0C60
0C60
06C0
06C0
07C0
0380
0380
ENDCHAR
STARTCHAR 0057
ENCODING 87
SWIDTH 974 0
DWIDTH 23 0
BBX 23 17 0 0
BITMAP
C03806
C03806
606C0C
606C0C
606C0C
60C60C
30C618
30C618
31C318
318318
398338
1B83B0
1B01B0
1B01B0
1B01B0
0E00E0
0E00E0
ENDCHAR
STARTCHAR 0058
ENCODING 88
SWIDTH 635 0
DWIDTH 15 0
BBX 15 17 0 0
BITMAP
701C
3838
1870
1C70
0EE0
06C0
07C0
0380
0380
06C0
0EC0
0EE0
1C70
3838
3818
701C
E00E
ENDCHAR
STARTCHAR 0059
ENCODING 89
SWIDTH 677 0
DWIDTH 16 0
BBX 16 17 0 0
BITMAP
E007
600E
301C
381C
1C38
0E70
0660
07E0
03C0
0180
0180
0180
0180
0180
0180
0180
0180
ENDCHAR
STARTCHAR 005A
ENCODING 90
SWIDTH 635 0
DWIDTH 15 0
BBX 14 17 0 0
BITMAP
7FFC
7FFC
0018
0030
0060
00E0
01C0
0180
0300
0600
0E00
1C00
1800
3000
6000
FFFC
FFFC
ENDCHAR
STARTCHAR 005B
ENCODING 91
SWIDTH 296 0
DWIDTH 7 0
BBX 4 22 1 -5
BITMAP
F0
F0
C0
C0
C0
C0
C0
C0
C0
C0
C0
C0
C0
C0
C0
C0
C0
C0
C0
C0
F0
F0
ENDCHAR
STARTCHAR 005C
ENCODING 92
SWIDTH 296 0
DWIDTH 7 0
BBX 7 17 0 0
BITMAP
C0
C0
60
60
60
30
30
30
30
18
18
18
0C
0C
0C
06
06
ENDCHAR
STARTCHAR 005D
ENCODING 93
SWIDTH 296 0
DWIDTH 7 0
BBX 4 22 2 -5
BITMAP
F0
F0
30
30
30
30
30
30
30
30
30
30
30
30
30
30
30
30
30
30
F0
F0
ENDCHAR
STARTCHAR 005E
ENCODING 94
SWIDTH 508 0
DWIDTH 12 0
BBX 10 9 1 8
BITMAP
0C00
1E00
1E00
3300
3300
3300
6180
6180
C0C0
ENDCHAR
STARTCHAR 005F
ENCODING 95
SWIDTH 550 0
DWIDTH 13 0
BBX 14 2 -1 -5
BITMAP
FFFC
FFFC
ENDCHAR
STARTCHAR 0060
ENCODING 96
SWIDTH 338 0
DWIDTH 8 0
BBX 4 3 1 14
BITMAP
E0
60
30
ENDCHAR
STARTCHAR 0061
ENCODING 97
SWIDTH 550 0
DWIDTH 13 0
BBX 11 13 1 0
BITMAP
1F00
7F80
E1C0
C0C0
00C0
07C0
3FC0
78C0
C0C0
C1C0
E3C0
7FC0
3C60
ENDCHAR
STARTCHAR 0062
ENCODING 98
SWIDTH 592 0
DWIDTH 14 0
BBX 11 17 2 0
BITMAP
C000
C000
C000
C000
CF00
DF80
F1C0
E0C0
C060
C060
C060
C060
C060
E0C0
F1C0
DF80
CF00
ENDCHAR
STARTCHAR 0063
ENCODING 99
SWIDTH 508 0
DWIDTH 12 0
BBX 10 13 1 0
BITMAP
1F00
3F80
71C0
E0C0
C000
C000
C000
C000
C000
E0C0
61C0
3F80
1F00
ENDCHAR
STARTCHAR 0064
ENCODING 100
SWIDTH 592 0
DWIDTH 14 0
BBX 11 17 1 0
BITMAP
0060
0060
0060
0060
1E60
3F60
71E0
60E0
C060
C060
C060
C060
C060
60E0
71E0
3F60
1E60
ENDCHAR
STARTCHAR 0065
ENCODING 101
SWIDTH 550 0
DWIDTH 13 0
BBX 11 13 1 0
BITMAP
1F00
3F80
71C0
C0E0
C060
FFE0
FFE0
C000
C000
E060
71C0
3F80
1F00
ENDCHAR
STARTCHAR 0066
ENCODING 102
SWIDTH 296 0
DWIDTH 7 0
BBX 7 17 0 0
BITMAP
1E
3E
30
30
FE
FE
30
30
30
30
30
30
30
30
30
30
30
ENDCHAR
STARTCHAR 0067
ENCODING 103
SWIDTH 592 0
DWIDTH 14 0
BBX 11 18 1 -5
BITMAP
1E60
3F60
71E0
60E0
C060
C060
C060
C060
C060
60E0
71E0
3F60
1E60
0060
C0E0
E1C0
7FC0
3F00
ENDCHAR
STARTCHAR 0068
ENCODING 104
SWIDTH 592 0
DWIDTH 14 0
BBX 10 17 2 0
BITMAP
C000
C000
C000
C000
CF00
DF80
F1C0
E0C0
C0C0
C0C0
C0C0
C0C0
C0C0
C0C0
C0C0
C0C0
C0C0
ENDCHAR
STARTCHAR 0069
ENCODING 105
SWIDTH 211 0
DWIDTH 5 0
BBX 2 17 2 0
BITMAP
C0
C0
00
00
C0
C0
C0
C0
C0
C0
C0
C0
C0
C0
C0
C0
C0
ENDCHAR
STARTCHAR 006A
ENCODING 106
SWIDTH 254 0
DWIDTH 6 0
BBX 5 22 -1 -5
BITMAP
18
18
00
00
18
18
18
18
18
18
18
18
18
18
18
18
18
18
18
18
F8
F0
ENDCHAR
STARTCHAR 006B
ENCODING 107
SWIDTH 508 0
DWIDTH 12 0
BBX 10 17 2 0
BITMAP
C000
C000
C000
C000
C180
C300
C600
CC00
D800
F800
FC00
CE00
C600
C700
C300
C180
C1C0
ENDCHAR
STARTCHAR 006C
ENCODING 108
SWIDTH 254 0
DWIDTH 6 0
BBX 2 17 2 0
BITMAP
C0
C0
C0
C0
C0
C0
C0
C0
C0
C0
C0
C0
C0
C0
C0
C0
C0
ENDCHAR
STARTCHAR 006D
ENCODING 109
SWIDTH 847 0
DWIDTH 20 0
BBX 16 13 2 0
BITMAP
CE3C
FF7E
E3C7
C183
C183
C183
C183
C183
C183
C183
C183
C183
C183
ENDCHAR
STARTCHAR 006E
ENCODING 110
SWIDTH 592 0
DWIDTH 14 0
BBX 10 13 2 0
BITMAP
CF00
DF80
F1C0
E0C0
C0C0
C0C0
C0C0
C0C0
C0C0
C0C0
C0C0
C0C0
C0C0
ENDCHAR
STARTCHAR 006F
ENCODING 111
SWIDTH 550 0
DWIDTH 13 0
BBX 11 13 1 0
BITMAP
1F00
3F80
71C0
E0E0
C060
C060
C060
C060
C060
E0E0
71C0
3F80
1F00
ENDCHAR
STARTCHAR 0070
ENCODING 112
SWIDTH 592 0
DWIDTH 14 0
BBX 11 18 2 -5
BITMAP
CF00
DF80
F1C0
E0C0
C060
C060
C060
C060
C060
E0C0
F1C0
DF80
CF00
C000
C000
C000
C000
C000
ENDCHAR
STARTCHAR 0071
ENCODING 113
SWIDTH 592 0
DWIDTH 14 0
BBX 11 18 1 -5
BITMAP
1E60
3F60
71E0
E0E0
C060
C060
C060
C060
C060
60E0
71E0
3F60
1E60
0060
0060
0060
0060
0060
ENDCHAR
STARTCHAR 0072
ENCODING 114
SWIDTH 338 0
DWIDTH 8 0
BBX 6 13 2 0
BITMAP
DC
FC
E0
C0
C0
C0
C0
C0
C0
C0
C0
C0
C0
ENDCHAR
STARTCHAR 0073
ENCODING 115
SWIDTH 508 0
DWIDTH 12 0
BBX 10 13 1 0
BITMAP
3F00
7F80
E1C0
C0C0
E000
7E00
3F80
07C0
00C0
C0C0
E1C0
7F80
3F00
ENDCHAR
STARTCHAR 0074
ENCODING 116
SWIDTH 296 0
DWIDTH 7 0
BBX 7 17 0 0
BITMAP
10
30
30
30
FE
FE
30
30
30
30
30
30
30
30
30
3E
1E
ENDCHAR
STARTCHAR 0075
ENCODING 117
SWIDTH 592 0
DWIDTH 14 0
BBX 10 13 2 0
BITMAP
C0C0
C0C0
C0C0
C0C0
C0C0
C0C0
C0C0
C0C0
C0C0
C1C0
E3C0
7EC0
3CC0
ENDCHAR
STARTCHAR 0076
ENCODING 118
SWIDTH 465 0
DWIDTH 11 0
BBX 11 13 0 0
BITMAP
C060
C060
60C0
60C0
60C0
3180
3180
1B00
1B00
1B00
0E00
0E00
0400
ENDCHAR
STARTCHAR 0077
ENCODING 119
SWIDTH 720 0
DWIDTH 17 0
BBX 17 13 0 0
BITMAP
C08180
C1C180
C1C180
614300
636300
636300
363600
363600
363600
141400
1C1C00
1C1C00
080800
ENDCHAR
STARTCHAR 0078
ENCODING 120
SWIDTH 465 0
DWIDTH 11 0
BBX 11 13 0 0
BITMAP
E060
60C0
31C0
3980
1B00
0E00
0E00
0E00
1B00
3B80
3180
60C0
E0E0
ENDCHAR
STARTCHAR 0079
ENCODING 121
SWIDTH 508 0
DWIDTH 12 0
BBX 10 18 1 -5
BITMAP
C0C0
C0C0
C180
6180
6180
6380
3300
3300
1B00
1E00
1E00
0E00
0C00
0C00
0C00
1800
7800
7000
ENDCHAR
STARTCHAR 007A
ENCODING 122
SWIDTH 508 0
DWIDTH 12 0
BBX 10 13 1 0
BITMAP
7FC0
7FC0
0180
0380
0700
0E00
0C00
1800
3800
7000
6000
FFC0
FFC0
ENDCHAR
STARTCHAR 007B
ENCODING 123
SWIDTH 338 0
DWIDTH 8 0
BBX 6 22 1 -5
BITMAP
1C
3C
30
30
30
30
30
30
30
60
C0
C0
60
30
30
30
30
30
30
30
3C
1C
ENDCHAR
STARTCHAR 007C
ENCODING 124
SWIDTH 254 0
DWIDTH 6 0
BBX 2 23 2 -6
BITMAP
C0
C0
C0
C0
C0
C0
C0
C0
C0
C0
C0
C0
C0
C0
C0
C0
C0
C0
C0
C0
C0
C0
C0
ENDCHAR
STARTCHAR 007D
ENCODING 125
SWIDTH 338 0
DWIDTH 8 0
BBX 6 22 1 -5
BITMAP
E0
F0
30
30
30
30
30
30
30
18
0C
1C
18
30
30
30
30
30
30
30
F0
E0
ENDCHAR
STARTCHAR 007E
ENCODING 126
SWIDTH 592 0
DWIDTH 14 0
BBX 12 4 1 6
BITMAP
7800
FE30
C7F0
01E0
ENDCHAR
STARTCHAR 00A0
ENCODING 160
SWIDTH 296 0
DWIDTH 7 0
BBX 0 0 0 0
BITMAP
ENDCHAR
STARTCHAR 00A1
ENCODING 161
SWIDTH 338 0
DWIDTH 8 0
BBX 2 18 3 -5
BITMAP
C0
C0
00
00
C0
C0
C0
C0
C0
C0
C0
C0
C0
C0
C0
C0
C0
C0
ENDCHAR
STARTCHAR 00A2
ENCODING 162
SWIDTH 550 0
DWIDTH 13 0
BBX 10 22 1 -5
BITMAP
0100
0100
0100
0100
1E00
3F80
7380
E2C0
C400
C400
C400
C800
C8C0
E8C0
7980
3F00
1E00
1000
2000
2000
2000
2000
ENDCHAR
STARTCHAR 00A3
ENCODING 163
SWIDTH 550 0
DWIDTH 13 0
BBX 12 17 0 0
BITMAP
0F80
1FC0
38E0
3060
3000
3000
3000
3000
FF00
FF00
1800
1800
1000
3000
7E20
FFF0
41E0
ENDCHAR
STARTCHAR 00A4
ENCODING 164
SWIDTH 550 0
DWIDTH 13 0
BBX 12 12 1 2
BITMAP
4020
EF70
7FE0
30C0
6060
6060
6060
6060
30C0
7FE0
EF70
4020
ENDCHAR
STARTCHAR 00A5
ENCODING 165
SWIDTH 550 0
DWIDTH 13 0
BBX 14 17 -1 0
BITMAP
C00C
6018
3038
3030
1860
1CE0
0CC0
07C0
7FF8
7FF8
0300
0300
7FF8
7FF8
0300
0300
0300
ENDCHAR
STARTCHAR 00A6
ENCODING 166
SWIDTH 254 0
DWIDTH 6 0
BBX 2 23 2 -6
BITMAP
C0
C0
C0
C0
C0
C0
C0
C0
C0
C0
00
00
00
00
C0
C0
C0
C0
C0
C0
C0
C0
C0
ENDCHAR
STARTCHAR 00A7
ENCODING 167
SWIDTH 550 0
DWIDTH 13 0
BBX 11 22 1 -5
BITMAP
1F00
3F80
71C0
60C0
6000
3800
3C00
6F00
C380
C1C0
C0E0
7060
3860
1EC0
0700
0380
01C0
60C0
60C0
31C0
3F80
0F00
ENDCHAR
STARTCHAR 00A8
ENCODING 168
SWIDTH 338 0
DWIDTH 8 0
BBX 6 2 1 15
BITMAP
CC
CC
ENDCHAR
STARTCHAR 00A9
ENCODING 169
SWIDTH 762 0
DWIDTH 18 0
BBX 18 17 0 0
BITMAP
03F000
0FFC00
1C0E00
39F700
67F980
661D80
CC00C0
CC00C0
CC00C0
CC00C0
C61CC0
67F980
61F180
300700
1C0E00
0FFC00
03F000
ENDCHAR
STARTCHAR 00AA
ENCODING 170
SWIDTH 381 0
DWIDTH 9 0
BBX 6 9 1 8
BITMAP
78
FC
CC
0C
7C
CC
CC
FC
7C
ENDCHAR
STARTCHAR 00AB
ENCODING 171
SWIDTH 550 0
DWIDTH 13 0
BBX 9 11 1 1
BITMAP
1980
3300
3300
6600
6600
CC00
6600
6600
3300
3300
1980
ENDCHAR
STARTCHAR 00AC
ENCODING 172
SWIDTH 592 0
DWIDTH 14 0
BBX 11 7 1 5
BITMAP
FFE0
FFE0
0060
0060
0060
0060
0060
ENDCHAR
STARTCHAR 00AD
ENCODING 173
SWIDTH 338 0
DWIDTH 8 0
BBX 7 2 0 5
BITMAP
FE
FE
ENDCHAR
STARTCHAR 00AE
ENCODING 174
SWIDTH 762 0
DWIDTH 18 0
BBX 18 17 0 0
BITMAP
03F000
0FFC00
1C0E00
380700
67E180
67F180
C630C0
C630C0
C7F0C0
C7E0C0
C660C0
663180
661980
300700
1C0E00
0FFC00
03F000
ENDCHAR
STARTCHAR 00AF
ENCODING 175
SWIDTH 550 0
DWIDTH 13 0
BBX 14 2 -1 18
BITMAP
FFFC
FFFC
ENDCHAR
STARTCHAR 00B0
ENCODING 176
SWIDTH 423 0
DWIDTH 10 0
BBX 7 7 1 10
BITMAP
38
44
82
82
82
44
38
ENDCHAR
STARTCHAR 00B1
ENCODING 177
SWIDTH 550 0
DWIDTH 13 0
BBX 12 14 1 0
BITMAP
0600
0600
0600
0600
0600
FFF0
FFF0
0600
0600
0600
0600
0600
FFF0
FFF0
ENDCHAR
STARTCHAR 00B2
ENCODING 178
SWIDTH 338 0
DWIDTH 8 0
BBX 7 9 0 8
BITMAP
7C
C6
06
06
0C
18
30
60
FE
ENDCHAR
STARTCHAR 00B3
ENCODING 179
SWIDTH 338 0
DWIDTH 8 0
BBX 7 9 0 8
BITMAP
7C
C6
06
06
18
06
06
C6
7C
ENDCHAR
STARTCHAR 00B4
ENCODING 180
SWIDTH 338 0
DWIDTH 8 0
BBX 4 3 3 14
BITMAP
70
60
C0
ENDCHAR
STARTCHAR 00B5
ENCODING 181
SWIDTH 592 0
DWIDTH 14 0
BBX 10 18 2 -5
BITMAP
C0C0
C0C0
C0C0
C0C0
C0C0
C0C0
C0C0
C0C0
C0C0
C1C0
E1C0
FFC0
DEC0
C000
C000
C000
C000
C000
ENDCHAR
STARTCHAR 00B6
ENCODING 182
SWIDTH 550 0
DWIDTH 13 0
BBX 13 22 0 -5
BITMAP
1FF8
7FF8
7E60
FE60
FE60
FE60
FE60
7E60
7E60
1E60
0660
0660
0660
0660
0660
0660
0660
0660
0660
0660
0660
0660
ENDCHAR
STARTCHAR 00B7
ENCODING 183
SWIDTH 296 0
DWIDTH 7 0
BBX 2 2 2 7
BITMAP
C0
C0
ENDCHAR
STARTCHAR 00B8
ENCODING 184
SWIDTH 338 0
DWIDTH 8 0
BBX 5 4 1 -4
BITMAP
20
30
18
F0
ENDCHAR
STARTCHAR 00B9
ENCODING 185
SWIDTH 338 0
DWIDTH 8 0
BBX 5 9 1 8
BITMAP
18
78
F8
98
18
18
18
18
18
ENDCHAR
STARTCHAR 00BA
ENCODING 186
SWIDTH 381 0
DWIDTH 9 0
BBX 7 9 1 8
BITMAP
38
7C
EE
C6
C6
C6
EE
7C
38
ENDCHAR
STARTCHAR 00BB
ENCODING 187
SWIDTH 550 0
DWIDTH 13 0
BBX 9 11 3 1
BITMAP
CC00
6600
6600
3300
3300
1980
3300
3300
6600
6600
CC00
ENDCHAR
STARTCHAR 00BC
ENCODING 188
SWIDTH 847 0
DWIDTH 20 0
BBX 19 17 1 0
BITMAP
180300
780700
F80E00
980C00
181800
183800
187000
186000
18C0C0
01C1C0
0383C0
0302C0
0606C0
0C0CC0
1C0FE0
1800C0
3000C0
ENDCHAR
STARTCHAR 00BD
ENCODING 189
SWIDTH 847 0
DWIDTH 20 0
BBX 18 17 1 0
BITMAP
180300
780700
F80600
980C00
181800
183800
183000
186000
18CF80
01D8C0
0180C0
0300C0
060180
0E0380
0C0600
180C00
301FC0
ENDCHAR
STARTCHAR 00BE
ENCODING 190
SWIDTH 847 0
DWIDTH 20 0
BBX 19 17 0 0
BITMAP
7C01C0
C60180
060300
060600
180E00
060C00
061800
C63000
7C70C0
0061C0
00C3C0
0183C0
0386C0
030CC0
060FE0
0C00C0
1C00C0
ENDCHAR
STARTCHAR 00BF
ENCODING 191
SWIDTH 635 0
DWIDTH 15 0
BBX 11 18 2 -5
BITMAP
0C00
0C00
0000
0000
0C00
0C00
0C00
1C00
3800
3000
6000
E000
C000
C060
C0E0
61C0
7F80
1F00
ENDCHAR
STARTCHAR 00C0
ENCODING 192
SWIDTH 635 0
DWIDTH 15 0
BBX 15 21 0 0
BITMAP
0700
0300
0180
0000
0380
0380
06C0
06C0
0EE0
0C60
0C60
1830
1830
1830
3FF8
3FF8
701C
600C
600C
C006
C006
ENDCHAR
STARTCHAR 00C1
ENCODING 193
SWIDTH 635 0
DWIDTH 15 0
BBX 15 21 0 0
BITMAP
01C0
0180
0300
0000
0380
0380
06C0
06C0
0EE0
0C60
0C60
1830
1830
1830
3FF8
3FF8
701C
600C
600C
C006
C006
ENDCHAR
STARTCHAR 00C2
ENCODING 194
SWIDTH 635 0
DWIDTH 15 0
BBX 15 21 0 0
BITMAP
0180
03C0
0660
0000
0380
0380
06C0
06C0
0EE0
0C60
0C60
1830
1830
1830
3FF8
3FF8
701C
600C
600C
C006
C006
ENDCHAR
STARTCHAR 00C3
ENCODING 195
SWIDTH 635 0
DWIDTH 15 0
BBX 15 21 0 0
BITMAP
0730
0FF0
0CE0
0000
0380
0380
06C0
06C0
0EE0
0C60
0C60
1830
1830
1830
3FF8
3FF8
701C
600C
600C
C006
C006
ENDCHAR
STARTCHAR 00C4
ENCODING 196
SWIDTH 635 0
DWIDTH 15 0
BBX 15 20 0 0
BITMAP
0660
0660
0000
0380
0380
06C0
06C0
0EE0
0C60
0C60
1830
1830
1830
3FF8
3FF8
701C
600C
600C
C006
C006
ENDCHAR
STARTCHAR 00C5
ENCODING 197
SWIDTH 635 0
DWIDTH 15 0
BBX 15 21 0 0
BITMAP
0380
0440
0440
0440
0380
0380
06C0
06C0
0EE0
0C60
0C60
1830
1830
1830
3FF8
3FF8
701C
600C
600C
C006
C006
ENDCHAR
STARTCHAR 00C6
ENCODING 198
SWIDTH 1016 0
DWIDTH 24 0
BBX 23 17 0 0
BITMAP
00FFFE
01FFFE
019800
031800
031800
061800
061800
0C1FFC
0C1FFC
181800
1FF800
3FF800
301800
601800
601800
C01FFE
C01FFE
ENDCHAR
STARTCHAR 00C7
ENCODING 199
SWIDTH 720 0
DWIDTH 17 0
BBX 15 21 1 -4
BITMAP
07E0
1FF8
381C
700C
6006
E000
C000
C000
C000
C000
C000
C006
6006
700C
381C
1FF8
07E0
0100
0180
00C0
0780
ENDCHAR
STARTCHAR 00C8
ENCODING 200
SWIDTH 677 0
DWIDTH 16 0
BBX 13 21 2 0
BITMAP
0E00
0600
0300
0000
FFF8
FFF8
C000
C000
C000
C000
C000
FFF0
FFF0
C000
C000
C000
C000
C000
C000
FFF8
FFF8
ENDCHAR
STARTCHAR 00C9
ENCODING 201
SWIDTH 677 0
DWIDTH 16 0
BBX 13 21 2 0
BITMAP
0380
0300
0600
0000
FFF8
FFF8
C000
C000
C000
C000
C000
FFF0
FFF0
C000
C000
C000
C000
C000
C000
FFF8
FFF8
ENDCHAR
STARTCHAR 00CA
ENCODING 202
SWIDTH 677 0
DWIDTH 16 0
BBX 13 21 2 0
BITMAP
0300
0780
0CC0
0000
FFF8
FFF8
C000
C000
C000
C000
C000
FFF0
FFF0
C000
C000
C000
C000
C000
C000
FFF8
FFF8
ENDCHAR
STARTCHAR 00CB
ENCODING 203
SWIDTH 677 0
DWIDTH 16 0
BBX 13 20 2 0
BITMAP
0CC0
0CC0
0000
FFF8
FFF8
C000
C000
C000
C000
C000
FFF0
FFF0
C000
C000
C000
C000
C000
C000
FFF8
FFF8
ENDCHAR
STARTCHAR 00CC
ENCODING 204
SWIDTH 254 0
DWIDTH 6 0
BBX 4 21 1 0
BITMAP
E0
60
30
00
60
60
60
60
60
60
60
60
60
60
60
60
60
60
60
60
60
ENDCHAR
STARTCHAR 00CD
ENCODING 205
SWIDTH 254 0
DWIDTH 6 0
BBX 4 21 1 0
BITMAP
70
60
C0
00
60
60
60
60
60
60
60
60
60
60
60
60
60
60
60
60
60
ENDCHAR
STARTCHAR 00CE
ENCODING 206
SWIDTH 254 0
DWIDTH 6 0
BBX 6 21 0 0
BITMAP
30
78
CC
00
30
30
30
30
30
30
30
30
30
30
30
30
30
30
30
30
30
ENDCHAR
STARTCHAR 00CF
ENCODING 207
SWIDTH 254 0
DWIDTH 6 0
BBX 6 20 0 0
BITMAP
CC
CC
00
30
30
30
30
30
30
30
30
30
30
30
30
30
30
30
30
30
ENDCHAR
STARTCHAR 00D0
ENCODING 208
SWIDTH 720 0
DWIDTH 17 0
BBX 16 17 0 0
BITMAP
3FF0
3FF8
301C
300E
3006
3003
3003
FF83
FF83
3003
3003
3003
3006
300E
301C
3FF8
3FE0
ENDCHAR
STARTCHAR 00D1
ENCODING 209
SWIDTH 720 0
DWIDTH 17 0
BBX 13 21 2 0
BITMAP
0E60
1FE0
19C0
0000
C018
E018
F018
F018
D818
CC18
CC18
C618
C718
C318
C198
C198
C0D8
C078
C078
C038
C018
ENDCHAR
STARTCHAR 00D2
ENCODING 210
SWIDTH 804 0
DWIDTH 19 0
BBX 17 21 1 0
BITMAP
038000
018000
00C000
000000
07F000
1FFC00
3C1E00
700700
600300
E00300
C00180
C00180
C00180
C00180
C00180
E00380
600300
700700
3C1E00
1FFC00
07F000
ENDCHAR
STARTCHAR 00D3
ENCODING 211
SWIDTH 804 0
DWIDTH 19 0
BBX 17 21 1 0
BITMAP
00E000
00C000
018000
000000
07F000
1FFC00
3C1E00
700700
600300
E00300
C00180
C00180
C00180
C00180
C00180
E00380
600300
700700
3C1E00
1FFC00
07F000
ENDCHAR
STARTCHAR 00D4
ENCODING 212
SWIDTH 804 0
DWIDTH 19 0
BBX 17 21 1 0
BITMAP
00C000
01E000
033000
000000
07F000
1FFC00
3C1E00
700700
600300
E00300
C00180
C00180
C00180
C00180
C00180
E00380
600300
700700
3C1E00
1FFC00
07F000
ENDCHAR
STARTCHAR 00D5
ENCODING 213
SWIDTH 804 0
DWIDTH 19 0
BBX 17 21 1 0
BITMAP
073000
0FF000
0CE000
000000
07F000
1FFC00
3C1E00
700700
600300
E00300
C00180
C00180
C00180
C00180
C00180
E00380
600300
700700
3C1E00
1FFC00
07F000
ENDCHAR
STARTCHAR 00D6
ENCODING 214
SWIDTH 804 0
DWIDTH 19 0
BBX 17 20 1 0
BITMAP
033000
033000
000000
07F000
1FFC00
3C1E00
700700
600300
E00300
C00180
C00180
C00180
C00180
C00180
E00380
600300
700700
3C1E00
1FFC00
07F000
ENDCHAR
STARTCHAR 00D7
ENCODING 215
SWIDTH 592 0
DWIDTH 14 0
BBX 9 9 2 4
BITMAP
8100
E380
7700
3E00
1C00
3E00
7700
E380
8100
ENDCHAR
STARTCHAR 00D8
ENCODING 216
SWIDTH 804 0
DWIDTH 19 0
BBX 17 19 1 -1
BITMAP
000100
07F380
1FFF00
3C1E00
700F00
601F00
E03B80
C07180
C0E180
C1C180
C38180
C70180
EE0380
7C0300
780700
3C1E00
7FFC00
E7F000
400000
ENDCHAR
STARTCHAR 00D9
ENCODING 217
SWIDTH 720 0
DWIDTH 17 0
BBX 13 21 2 0
BITMAP
0E00
0600
0300
0000
C018
C018
C018
C018
C018
C018
C018
C018
C018
C018
C018
C018
C018
6038
7070
3FE0
1FC0
ENDCHAR
STARTCHAR 00DA
ENCODING 218
SWIDTH 720 0
DWIDTH 17 0
BBX 13 21 2 0
BITMAP
0380
0300
0600
0000
C018
C018
C018
C018
C018
C018
C018
C018
C018
C018
C018
C018
C018
6038
7070
3FE0
1FC0
ENDCHAR
STARTCHAR 00DB
ENCODING 219
SWIDTH 720 0
DWIDTH 17 0
BBX 13 21 2 0
BITMAP
0300
0780
0CC0
0000
C018
C018
C018
C018
C018
C018
C018
C018
C018
C018
C018
C018
C018
6038
7070
3FE0
1FC0
ENDCHAR
STARTCHAR 00DC
ENCODING 220
SWIDTH 720 0
DWIDTH 17 0
BBX 13 20 2 0
BITMAP
0CC0
0CC0
0000
C018
C018
C018
C018
C018
C018
C018
C018
C018
C018
C018
C018
C018
6038
7070
3FE0
1FC0
ENDCHAR
STARTCHAR 00DD
ENCODING 221
SWIDTH 677 0
DWIDTH 16 0
BBX 16 21 0 0
BITMAP
00E0
00C0
0180
0000
E007
600E
301C
381C
1C38
0E70
0660
07E0
03C0
0180
0180
0180
0180
0180
0180
0180
0180
ENDCHAR
STARTCHAR 00DE
ENCODING 222
SWIDTH 677 0
DWIDTH 16 0
BBX 13 17 2 0
BITMAP
C000
C000
C000
FFC0
FFF0
C030
C038
C018
C018
C018
C038
C070
FFE0
FFC0
C000
C000
C000
ENDCHAR
STARTCHAR 00DF
ENCODING 223
SWIDTH 635 0
DWIDTH 15 0
BBX 12 17 2 0
BITMAP
1E00
7F00
E380
C180
C180
C180
C300
C300
C300
C180
C0E0
C070
C030
C830
DC70
CFE0
C7C0
ENDCHAR
STARTCHAR 00E0
ENCODING 224
SWIDTH 550 0
DWIDTH 13 0
BBX 11 17 1 0
BITMAP
1C00
0C00
0600
0000
1F00
7F80
E1C0
C0C0
00C0
07C0
3FC0
78C0
C0C0
C1C0
E3C0
7FC0
3C60
ENDCHAR
STARTCHAR 00E1
ENCODING 225
SWIDTH 550 0
DWIDTH 13 0
BBX 11 17 1 0
BITMAP
0700
0600
0C00
0000
1F00
7F80
E1C0
C0C0
00C0
07C0
3FC0
78C0
C0C0
C1C0
E3C0
7FC0
3C60
ENDCHAR
STARTCHAR 00E2
ENCODING 226
SWIDTH 550 0
DWIDTH 13 0
BBX 11 17 1 0
BITMAP
0C00
1E00
3300
0000
1F00
7F80
E1C0
C0C0
00C0
07C0
3FC0
78C0
C0C0
C1C0
E3C0
7FC0
3C60
ENDCHAR
STARTCHAR 00E3
ENCODING 227
SWIDTH 550 0
DWIDTH 13 0
BBX 11 17 1 0
BITMAP
3980
7F80
6700
0000
1F00
7F80
E1C0
C0C0
00C0
07C0
3FC0
78C0
C0C0
C1C0
E3C0
7FC0
3C60
ENDCHAR
STARTCHAR 00E4
ENCODING 228
SWIDTH 550 0
DWIDTH 13 0
BBX 11 16 1 0
BITMAP
3300
3300
0000
1F00
7F80
E1C0
C0C0
00C0
07C0
3FC0
78C0
C0C0
C1C0
E3C0
7FC0
3C60
ENDCHAR
STARTCHAR 00E5
ENCODING 229
SWIDTH 550 0
DWIDTH 13 0
BBX 11 19 1 0
BITMAP
0E00
1100
1100
1100
0E00
0000
1F00
7F80
E1C0
C0C0
00C0
07C0
3FC0
78C0
C0C0
C1C0
E3C0
7FC0
3C60
ENDCHAR
STARTCHAR 00E6
ENCODING 230
SWIDTH 889 0
DWIDTH 21 0
BBX 20 13 1 0
BITMAP
1F8F80
7FFFC0
60F860
C06020
01E030
3FFFF0
7E7FF0
E06000
C06000
C0F030
E1F860
7FBFE0
3E0F80
ENDCHAR
STARTCHAR 00E7
ENCODING 231
SWIDTH 508 0
DWIDTH 12 0
BBX 10 17 1 -4
BITMAP
1F00
3F80
71C0
E0C0
C000
C000
C000
C000
C000
E0C0
61C0
3F80
1F00
0400
0600
0300
1E00
ENDCHAR
STARTCHAR 00E8
ENCODING 232
SWIDTH 550 0
DWIDTH 13 0
BBX 11 17 1 0
BITMAP
1C00
0C00
0600
0000
1F00
3F80
71C0
C0E0
C060
FFE0
FFE0
C000
C000
E060
71C0
3F80
1F00
ENDCHAR
STARTCHAR 00E9
ENCODING 233
SWIDTH 550 0
DWIDTH 13 0
BBX 11 17 1 0
BITMAP
0700
0600
0C00
0000
1F00
3F80
71C0
C0E0
C060
FFE0
FFE0
C000
C000
E060
71C0
3F80
1F00
ENDCHAR
STARTCHAR 00EA
ENCODING 234
SWIDTH 550 0
DWIDTH 13 0
BBX 11 17 1 0
BITMAP
0600
0F00
1980
0000
1F00
3F80
71C0
C0E0
C060
FFE0
FFE0
C000
C000
E060
71C0
3F80
1F00
ENDCHAR
STARTCHAR 00EB
ENCODING 235
SWIDTH 550 0
DWIDTH 13 0
BBX 11 16 1 0
BITMAP
1980
1980
0000
1F00
3F80
71C0
C0E0
C060
FFE0
FFE0
C000
C000
E060
71C0
3F80
1F00
ENDCHAR
STARTCHAR 00EC
ENCODING 236
SWIDTH 254 0
DWIDTH 6 0
BBX 4 17 1 0
BITMAP
E0
60
30
00
60
60
60
60
60
60
60
60
60
60
60
60
60
ENDCHAR
STARTCHAR 00ED
ENCODING 237
SWIDTH 254 0
DWIDTH 6 0
BBX 4 17 1 0
BITMAP
70
60
C0
00
60
60
60
60
60
60
60
60
60
60
60
60
60
ENDCHAR
STARTCHAR 00EE
ENCODING 238
SWIDTH 254 0
DWIDTH 6 0
BBX 6 17 0 0
BITMAP
30
78
CC
00
30
30
30
30
30
30
30
30
30
30
30
30
30
ENDCHAR
STARTCHAR 00EF
ENCODING 239
SWIDTH 254 0
DWIDTH 6 0
BBX 6 16 0 0
BITMAP
CC
CC
00
30
30
30
30
30
30
30
30
30
30
30
30
30
ENDCHAR
STARTCHAR 00F0
ENCODING 240
SWIDTH 550 0
DWIDTH 13 0
BBX 11 17 1 0
BITMAP
1C80
0700
1F00
3180
1F80
3FC0
71C0
E0E0
C060
C060
C060
C060
C060
E0E0
71C0
3F80
1F00
ENDCHAR
STARTCHAR 00F1
ENCODING 241
SWIDTH 592 0
DWIDTH 14 0
BBX 10 17 2 0
BITMAP
3980
7F80
6700
0000
CF00
DF80
F1C0
E0C0
C0C0
C0C0
C0C0
C0C0
C0C0
C0C0
C0C0
C0C0
C0C0
ENDCHAR
STARTCHAR 00F2
ENCODING 242
SWIDTH 550 0
DWIDTH 13 0
BBX 11 17 1 0
BITMAP
1C00
0C00
0600
0000
1F00
3F80
71C0
E0E0
C060
C060
C060
C060
C060
E0E0
71C0
3F80
1F00
ENDCHAR
STARTCHAR 00F3
ENCODING 243
SWIDTH 550 0
DWIDTH 13 0
BBX 11 17 1 0
BITMAP
0700
0600
0C00
0000
1F00
3F80
71C0
E0E0
C060
C060
C060
C060
C060
E0E0
71C0
3F80
1F00
ENDCHAR
STARTCHAR 00F4
ENCODING 244
SWIDTH 550 0
DWIDTH 13 0
BBX 11 17 1 0
BITMAP
0600
0F00
1980
0000
1F00
3F80
71C0
E0E0
C060
C060
C060
C060
C060
E0E0
71C0
3F80
1F00
ENDCHAR
STARTCHAR 00F5
ENCODING 245
SWIDTH 550 0
DWIDTH 13 0
BBX 11 17 1 0
BITMAP
1CC0
3FC0
3380
0000
1F00
3F80
71C0
E0E0
C060
C060
C060
C060
C060
E0E0
71C0
3F80
1F00
ENDCHAR
STARTCHAR 00F6
ENCODING 246
SWIDTH 550 0
DWIDTH 13 0
BBX 11 16 1 0
BITMAP
1980
1980
0000
1F00
3F80
71C0
E0E0
C060
C060
C060
C060
C060
E0E0
71C0
3F80
1F00
ENDCHAR
STARTCHAR 00F7
ENCODING 247
SWIDTH 550 0
DWIDTH 13 0
BBX 12 8 1 5
BITMAP
0600
0600
0000
FFF0
FFF0
0000
0600
0600
ENDCHAR
STARTCHAR 00F8
ENCODING 248
SWIDTH 635 0
DWIDTH 15 0
BBX 11 15 2 -1
BITMAP
0060
1F60
3FC0
71C0
E3C0
C760
C660
CC60
DC60
D860
F0E0
71C0
7F80
DF00
C000
ENDCHAR
STARTCHAR 00F9
ENCODING 249
SWIDTH 592 0
DWIDTH 14 0
BBX 10 17 2 0
BITMAP
3800
1800
0C00
0000
C0C0
C0C0
C0C0
C0C0
C0C0
C0C0
C0C0
C0C0
C0C0
C1C0
E3C0
7EC0
3CC0
ENDCHAR
STARTCHAR 00FA
ENCODING 250
SWIDTH 592 0
DWIDTH 14 0
BBX 10 17 2 0
BITMAP
0700
0600
0C00
0000
C0C0
C0C0
C0C0
C0C0
C0C0
C0C0
C0C0
C0C0
C0C0
C1C0
E3C0
7EC0
3CC0
ENDCHAR
STARTCHAR 00FB
ENCODING 251
SWIDTH 592 0
DWIDTH 14 0
BBX 10 17 2 0
BITMAP
0C00
1E00
3300
0000
C0C0
C0C0
C0C0
C0C0
C0C0
C0C0
C0C0
C0C0
C0C0
C1C0
E3C0
7EC0
3CC0
ENDCHAR
STARTCHAR 00FC
ENCODING 252
SWIDTH 592 0
DWIDTH 14 0
BBX 10 16 2 0
BITMAP
3300
3300
0000
C0C0
C0C0
C0C0
C0C0
C0C0
C0C0
C0C0
C0C0
C0C0
C1C0
E3C0
7EC0
3CC0
ENDCHAR
STARTCHAR 00FD
ENCODING 253
SWIDTH 508 0
DWIDTH 12 0
BBX 10 22 1 -5
BITMAP
0700
0600
0C00
0000
C0C0
C0C0
C180
6180
6180
6380
3300
3300
1B00
1E00
1E00
0E00
0C00
0C00
0C00
1800
7800
7000
ENDCHAR
STARTCHAR 00FE
ENCODING 254
SWIDTH 550 0
DWIDTH 13 0
BBX 10 22 2 -5
BITMAP
C000
C000
C000
C000
DE00
FF00
F380
E1C0
C0C0
C0C0
C0C0
C0C0
C0C0
C1C0
E380
FF00
DE00
C000
C000
C000
C000
C000
ENDCHAR
STARTCHAR 00FF
ENCODING 255
SWIDTH 508 0
DWIDTH 12 0
BBX 10 21 1 -5
BITMAP
3300
3300
0000
C0C0
C0C0
C180
6180
6180
6380
3300
3300
1B00
1E00
1E00
0E00
0C00
0C00
0C00
1800
7800
7000
ENDCHAR
STARTCHAR 0100
ENCODING 256
SWIDTH 635 0
DWIDTH 15 0
BBX 15 20 0 0
BITMAP
0FE0
0FE0
0000
0380
0380
06C0
06C0
0EE0
0C60
0C60
1830
1830
1830
3FF8
3FF8
701C
600C
600C
C006
C006
ENDCHAR
STARTCHAR 0101
ENCODING 257
SWIDTH 550 0
DWIDTH 13 0
BBX 11 17 1 0
BITMAP
3F80
3F80
0000
0000
1F00
7F80
E1C0
C0C0
00C0
07C0
3FC0
78C0
C0C0
C1C0
E3C0
7FC0
3C60
ENDCHAR
STARTCHAR 0102
ENCODING 258
SWIDTH 635 0
DWIDTH 15 0
BBX 15 21 0 0
BITMAP
0820
0C60
07C0
0000
0380
0380
06C0
06C0
0EE0
0C60
0C60
1830
1830
1830
3FF8
3FF8
701C
600C
600C
C006
C006
ENDCHAR
STARTCHAR 0103
ENCODING 259
SWIDTH 550 0
DWIDTH 13 0
BBX 11 17 1 0
BITMAP
2080
3180
1F00
0000
1F00
7F80
E1C0
C0C0
00C0
07C0
3FC0
78C0
C0C0
C1C0
E3C0
7FC0
3C60
ENDCHAR
STARTCHAR 0104
ENCODING 260
SWIDTH 635 0
DWIDTH 15 0
BBX 17 22 0 -5
BITMAP
038000
038000
06C000
06C000
0EE000
0C6000
0C6000
183000
183000
183000
3FF800
3FF800
701C00
600C00
600C00
C00600
C00600
000400
000800
000800
000C00
000780
ENDCHAR
STARTCHAR 0105
ENCODING 261
SWIDTH 550 0
DWIDTH 13 0
BBX 13 18 1 -5
BITMAP
1F00
7F80
E1C0
C0C0
00C0
07C0
3FC0
78C0
C0C0
C1C0
E3C0
7FC0
3C60
0040
0080
0080
00C0
0078
ENDCHAR
STARTCHAR 0106
ENCODING 262
SWIDTH 720 0
DWIDTH 17 0
BBX 15 21 1 0
BITMAP
01C0
0180
0300
0000
07E0
1FF8
381C
700C
6006
E000
C000
C000
C000
C000
C000
C006
6006
700C
381C
1FF8
07E0
ENDCHAR
STARTCHAR 0107
ENCODING 263
SWIDTH 508 0
DWIDTH 12 0
BBX 10 17 1 0
BITMAP
0700
0600
0C00
0000
1F00
3F80
71C0
E0C0
C000
C000
C000
C000
C000
E0C0
61C0
3F80
1F00
ENDCHAR
STARTCHAR 0108
ENCODING 264
SWIDTH 720 0
DWIDTH 17 0
BBX 15 21 1 0
BITMAP
0180
03C0
0660
0000
07E0
1FF8
381C
700C
6006
E000
C000
C000
C000
C000
C000
C006
6006
700C
381C
1FF8
07E0
ENDCHAR
STARTCHAR 0109
ENCODING 265
SWIDTH 508 0
DWIDTH 12 0
BBX 10 17 1 0
BITMAP
0C00
1E00
3300
0000
1F00
3F80
71C0
E0C0
C000
C000
C000
C000
C000
E0C0
61C0
3F80
1F00
ENDCHAR
STARTCHAR 010A
ENCODING 266
SWIDTH 720 0
DWIDTH 17 0
BBX 15 20 1 0
BITMAP
0180
0180
0000
07E0
1FF8
381C
700C
6006
E000
C000
C000
C000
C000
C000
C006
6006
700C
381C
1FF8
07E0
ENDCHAR
STARTCHAR 010B
ENCODING 267
SWIDTH 508 0
DWIDTH 12 0
BBX 10 16 1 0
BITMAP
0C00
0C00
0000
1F00
3F80
71C0
E0C0
C000
C000
C000
C000
C000
E0C0
61C0
3F80
1F00
ENDCHAR
STARTCHAR 010C
ENCODING 268
SWIDTH 720 0
DWIDTH 17 0
BBX 15 21 1 0
BITMAP
0660
03C0
0180
0000
07E0
1FF8
381C
700C
6006
E000
C000
C000
C000
C000
C000
C006
6006
700C
381C
1FF8
07E0
ENDCHAR
STARTCHAR 010D
ENCODING 269
SWIDTH 508 0
DWIDTH 12 0
BBX 10 17 1 0
BITMAP
3300
1E00
0C00
0000
1F00
3F80
71C0
E0C0
C000
C000
C000
C000
C000
E0C0
61C0
3F80
1F00
ENDCHAR
STARTCHAR 010E
ENCODING 270
SWIDTH 720 0
DWIDTH 17 0
BBX 14 21 2 0
BITMAP
1980
0F00
0600
0000
FFC0
FFE0
C070
C038
C018
C00C
C00C
C00C
C00C
C00C
C00C
C00C
C018
C038
C070
FFE0
FF80
ENDCHAR
STARTCHAR 010F
ENCODING 271
SWIDTH 635 0
DWIDTH 15 0
BBX 14 17 1 0
BITMAP
006C
006C
0064
0064
1F68
3FE0
71E0
60E0
C060
C060
C060
C060
C060
60E0
71E0
3FE0
1E60
ENDCHAR
STARTCHAR 0110
ENCODING 272
SWIDTH 720 0
DWIDTH 17 0
BBX 16 17 0 0
BITMAP
3FF0
3FF8
301C
300E
3006
3003
3003
FF83
FF83
3003
3003
3003
3006
300E
301C
3FF8
3FE0
ENDCHAR
STARTCHAR 0111
ENCODING 273
SWIDTH 550 0
DWIDTH 13 0
BBX 13 17 1 0
BITMAP
0060
07F8
07F8
0060
1E60
3FE0
71E0
60E0
C060
C060
C060
C060
C060
60E0
71E0
3FE0
1E60
ENDCHAR
STARTCHAR 0112
ENCODING 274
SWIDTH 677 0
DWIDTH 16 0
BBX 13 20 2 0
BITMAP
1FC0
1FC0
0000
FFF8
FFF8
C000
C000
C000
C000
C000
FFF0
FFF0
C000
C000
C000
C000
C000
C000
FFF8
FFF8
ENDCHAR
STARTCHAR 0113
ENCODING 275
SWIDTH 550 0
DWIDTH 13 0
BBX 11 17 1 0
BITMAP
3F80
3F80
0000
0000
1F00
3F80
71C0
C0E0
C060
FFE0
FFE0
C000
C000
E060
71C0
3F80
1F00
ENDCHAR
STARTCHAR 0114
ENCODING 276
SWIDTH 677 0
DWIDTH 16 0
BBX 13 21 2 0
BITMAP
1040
18C0
0F80
0000
FFF8
FFF8
C000
C000
C000
C000
C000
FFF0
FFF0
C000
C000
C000
C000
C000
C000
FFF8
FFF8
ENDCHAR
STARTCHAR 0115
ENCODING 277
SWIDTH 550 0
DWIDTH 13 0
BBX 11 17 1 0
BITMAP
2080
3180
1F00
0000
1F00
3F80
71C0
C0E0
C060
FFE0
FFE0
C000
C000
E060
71C0
3F80
1F00
ENDCHAR
STARTCHAR 0116
ENCODING 278
SWIDTH 677 0
DWIDTH 16 0
BBX 13 20 2 0
BITMAP
0300
0300
0000
FFF8
FFF8
C000
C000
C000
C000
C000
FFF0
FFF0
C000
C000
C000
C000
C000
C000
FFF8
FFF8
ENDCHAR
STARTCHAR 0117
ENCODING 279
SWIDTH 550 0
DWIDTH 13 0
BBX 11 16 1 0
BITMAP
0600
0600
0000
1F00
3F80
71C0
C0E0
C060
FFE0
FFE0
C000
C000
E060
71C0
3F80
1F00
ENDCHAR
STARTCHAR 0118
ENCODING 280
SWIDTH 677 0
DWIDTH 16 0
BBX 13 22 2 -5
BITMAP
FFF8
FFF8
C000
C000
C000
C000
C000
FFF0
FFF0
C000
C000
C000
C000
C000
C000
FFF8
FFF8
0040
0080
0080
00C0
0078
ENDCHAR
STARTCHAR 0119
ENCODING 281
SWIDTH 550 0
DWIDTH 13 0
BBX 11 18 1 -5
BITMAP
1F00
3F80
71C0
C0E0
C060
FFE0
FFE0
C000
C000
E060
71C0
3F80
1F00
0400
0800
0800
0C00
0780
ENDCHAR
STARTCHAR 011A
ENCODING 282
SWIDTH 677 0
DWIDTH 16 0
BBX 13 21 2 0
BITMAP
0CC0
0780
0300
0000
FFF8
FFF8
C000
C000
C000
C000
C000
FFF0
FFF0
C000
C000
C000
C000
C000
C000
FFF8
FFF8
ENDCHAR
STARTCHAR 011B
ENCODING 283
SWIDTH 550 0
DWIDTH 13 0
BBX 11 17 1 0
BITMAP
1980
0F00
0600
0000
1F00
3F80
71C0
C0E0
C060
FFE0
FFE0
C000
C000
E060
71C0
3F80
1F00
ENDCHAR
STARTCHAR 011C
ENCODING 284
SWIDTH 804 0
DWIDTH 19 0
BBX 16 21 1 0
BITMAP
00C0
01E0
0330
0000
07F0
1FFC
3C1E
7006
6003
E000
C000
C000
C07F
C07F
C003
E003
6003
7003
3C1F
1FFC
03F0
ENDCHAR
STARTCHAR 011D
ENCODING 285
SWIDTH 592 0
DWIDTH 14 0
BBX 11 22 1 -5
BITMAP
0600
0F00
1980
0000
1E60
3F60
71E0
60E0
C060
C060
C060
C060
C060
60E0
71E0
3F60
1E60
0060
C0E0
E1C0
7FC0
3F00
ENDCHAR
STARTCHAR 011E
ENCODING 286
SWIDTH 804 0
DWIDTH 19 0
BBX 16 21 1 0
BITMAP
0410
0630
03E0
0000
07F0
1FFC
3C1E
7006
6003
E000
C000
C000
C07F
C07F
C003
E003
6003
7003
3C1F
1FFC
03F0
ENDCHAR
STARTCHAR 011F
ENCODING 287
SWIDTH 592 0
DWIDTH 14 0
BBX 11 22 1 -5
BITMAP
2080
3180
1F00
0000
1E60
3F60
71E0
60E0
C060
C060
C060
C060
C060
60E0
71E0
3F60
1E60
0060
C0E0
E1C0
7FC0
3F00
ENDCHAR
STARTCHAR 0120
ENCODING 288
SWIDTH 804 0
DWIDTH 19 0
BBX 16 20 1 0
BITMAP
0180
0180
0000
07F0
1FFC
3C1E
7006
6003
E000
C000
C000
C07F
C07F
C003
E003
6003
7003
3C1F
1FFC
03F0
ENDCHAR
STARTCHAR 0121
ENCODING 289
SWIDTH 592 0
DWIDTH 14 0
BBX 11 21 1 -5
BITMAP
0600
0600
0000
1E60
3F60
71E0
60E0
C060
C060
C060
C060
C060
60E0
71E0
3F60
1E60
0060
C0E0
E1C0
7FC0
3F00
ENDCHAR
STARTCHAR 0122
ENCODING 290
SWIDTH 804 0
DWIDTH 19 0
BBX 16 21 1 -4
BITMAP
07F0
1FFC
3C1E
7006
6003
E000
C000
C000
C07F
C07F
C003
E003
6003
7003
3C1F
1FFC
07F0
0080
00C0
0060
03C0
ENDCHAR
STARTCHAR 0123
ENCODING 291
SWIDTH 550 0
DWIDTH 13 0
BBX 11 24 1 -5
BITMAP
0400
0C00
0800
0C00
0C00
0000
1E60
3FE0
71E0
60E0
C060
C060
C060
C060
C060
60E0
71E0
3FE0
1E60
0060
C060
E1C0
7FC0
3F00
ENDCHAR
STARTCHAR 0124
ENCODING 292
SWIDTH 720 0
DWIDTH 17 0
BBX 13 21 2 0
BITMAP
0300
0780
0CC0
0000
C018
C018
C018
C018
C018
C018
C018
FFF8
FFF8
C018
C018
C018
C018
C018
C018
C018
C018
ENDCHAR
STARTCHAR 0125
ENCODING 293
SWIDTH 592 0
DWIDTH 14 0
BBX 10 21 2 0
BITMAP
0600
0F00
1980
0000
C000
C000
C000
C000
CF00
DF80
F1C0
E0C0
C0C0
C0C0
C0C0
C0C0
C0C0
C0C0
C0C0
C0C0
C0C0
ENDCHAR
STARTCHAR 0126
ENCODING 294
SWIDTH 720 0
DWIDTH 17 0
BBX 17 17 0 0
BITMAP
300600
300600
FFFF80
FFFF80
300600
300600
300600
3FFE00
3FFE00
300600
300600
300600
300600
300600
300600
300600
300600
ENDCHAR
STARTCHAR 0127
ENCODING 295
SWIDTH 592 0
DWIDTH 14 0
BBX 12 17 0 0
BITMAP
3000
FF00
FF00
3000
33C0
37E0
3C70
3830
3030
3030
3030
3030
3030
3030
3030
3030
3030
ENDCHAR
STARTCHAR 0128
ENCODING 296
SWIDTH 254 0
DWIDTH 6 0
BBX 8 21 -1 0
BITMAP
73
FF
CE
00
18
18
18
18
18
18
18
18
18
18
18
18
18
18
18
18
18
ENDCHAR
STARTCHAR 0129
ENCODING 297
SWIDTH 254 0
DWIDTH 6 0
BBX 8 17 -1 0
BITMAP
73
FF
CE
00
18
18
18
18
18
18
18
18
18
18
18
18
18
ENDCHAR
STARTCHAR 012A
ENCODING 298
SWIDTH 254 0
DWIDTH 6 0
BBX 7 20 0 0
BITMAP
FE
FE
00
30
30
30
30
30
30
30
30
30
30
30
30
30
30
30
30
30
ENDCHAR
STARTCHAR 012B
ENCODING 299
SWIDTH 254 0
DWIDTH 6 0
BBX 7 17 0 0
BITMAP
FE
FE
00
00
30
30
30
30
30
30
30
30
30
30
30
30
30
ENDCHAR
STARTCHAR 012C
ENCODING 300
SWIDTH 254 0
DWIDTH 6 0
BBX 7 21 0 0
BITMAP
82
C6
7C
00
30
30
30
30
30
30
30
30
30
30
30
30
30
30
30
30
30
ENDCHAR
STARTCHAR 012D
ENCODING 301
SWIDTH 254 0
DWIDTH 6 0
BBX 7 17 0 0
BITMAP
82
C6
7C
00
30
30
30
30
30
30
30
30
30
30
30
30
30
ENDCHAR
STARTCHAR 012E
ENCODING 302
SWIDTH 254 0
DWIDTH 6 0
BBX 5 22 2 -5
BITMAP
C0
C0
C0
C0
C0
C0
C0
C0
C0
C0
C0
C0
C0
C0
C0
C0
C0
80
80
80
F8
70
ENDCHAR
STARTCHAR 012F
ENCODING 303
SWIDTH 211 0
DWIDTH 5 0
BBX 5 22 1 -5
BITMAP
60
60
00
00
60
60
60
60
60
60
60
60
60
60
60
60
60
40
C0
C0
F8
70
ENDCHAR
STARTCHAR 0130
ENCODING 304
SWIDTH 254 0
DWIDTH 6 0
BBX 2 20 2 0
BITMAP
C0
C0
00
C0
C0
C0
C0
C0
C0
C0
C0
C0
C0
C0
C0
C0
C0
C0
C0
C0
ENDCHAR
STARTCHAR 0131
ENCODING 305
SWIDTH 254 0
DWIDTH 6 0
BBX 2 13 2 0
BITMAP
C0
C0
C0
C0
C0
C0
C0
C0
C0
C0
C0
C0
C0
ENDCHAR
STARTCHAR 0132
ENCODING 306
SWIDTH 762 0
DWIDTH 18 0
BBX 13 17 2 0
BITMAP
C018
C018
C018
C018
C018
C018
C018
C018
C018
C018
C018
C018
CC18
CC18
CE38
C7F0
C3E0
ENDCHAR
STARTCHAR 0133
ENCODING 307
SWIDTH 465 0
DWIDTH 11 0
BBX 8 22 2 -5
BITMAP
C3
C3
00
00
C3
C3
C3
C3
C3
C3
C3
C3
C3
C3
C3
C3
C3
03
03
03
1F
1E
ENDCHAR
STARTCHAR 0134
ENCODING 308
SWIDTH 508 0
DWIDTH 12 0
BBX 11 21 1 0
BITMAP
0180
03C0
0660
0000
0180
0180
0180
0180
0180
0180
0180
0180
0180
0180
0180
0180
C180
C180
E380
7F00
3E00
ENDCHAR
STARTCHAR 0135
ENCODING 309
SWIDTH 254 0
DWIDTH 6 0
BBX 7 22 -1 -5
BITMAP
18
3C
66
00
18
18
18
18
18
18
18
18
18
18
18
18
18
18
18
18
F8
F0
ENDCHAR
STARTCHAR 0136
ENCODING 310
SWIDTH 677 0
DWIDTH 16 0
BBX 14 22 2 -5
BITMAP
C038
C070
C0E0
C1C0
C380
C700
CE00
DE00
FF00
F700
E380
C1C0
C0E0
C0E0
C070
C038
C01C
0000
0380
00C0
00C0
0780
ENDCHAR
STARTCHAR 0137
ENCODING 311
SWIDTH 508 0
DWIDTH 12 0
BBX 10 22 2 -5
BITMAP
C000
C000
C000
C000
C180
C300
C600
CC00
D800
F800
FC00
CE00
C600
C700
C300
C180
C1C0
0000
1C00
0600
0600
3C00
ENDCHAR
STARTCHAR 0138
ENCODING 312
SWIDTH 508 0
DWIDTH 12 0
BBX 9 13 2 0
BITMAP
C180
C300
C600
CC00
D800
F800
E800
CC00
C600
C600
C300
C380
C180
ENDCHAR
STARTCHAR 0139
ENCODING 313
SWIDTH 550 0
DWIDTH 13 0
BBX 10 21 2 0
BITMAP
1C00
1800
3000
0000
C000
C000
C000
C000
C000
C000
C000
C000
C000
C000
C000
C000
C000
C000
C000
FFC0
FFC0
ENDCHAR
STARTCHAR 013A
ENCODING 314
SWIDTH 254 0
DWIDTH 6 0
BBX 4 21 1 0
BITMAP
70
60
C0
00
60
60
60
60
60
60
60
60
60
60
60
60
60
60
60
60
60
ENDCHAR
STARTCHAR 013B
ENCODING 315
SWIDTH 550 0
DWIDTH 13 0
BBX 10 22 2 -5
BITMAP
C000
C000
C000
C000
C000
C000
C000
C000
C000
C000
C000
C000
C000
C000
C000
FFC0
FFC0
0000
0E00
0300
0300
1E00
ENDCHAR
STARTCHAR 013C
ENCODING 316
SWIDTH 254 0
DWIDTH 6 0
BBX 5 22 1 -5
BITMAP
60
60
60
60
60
60
60
60
60
60
60
60
60
60
60
60
60
00
70
18
18
F0
ENDCHAR
STARTCHAR 013D
ENCODING 317
SWIDTH 550 0
DWIDTH 13 0
BBX 10 17 2 0
BITMAP
C300
C300
C100
C100
C300
C200
C000
C000
C000
C000
C000
C000
C000
C000
C000
FFC0
FFC0
ENDCHAR
STARTCHAR 013E
ENCODING 318
SWIDTH 296 0
DWIDTH 7 0
BBX 5 17 2 0
BITMAP
D8
D8
C8
C8
D0
C0
C0
C0
C0
C0
C0
C0
C0
C0
C0
C0
C0
ENDCHAR
STARTCHAR 013F
ENCODING 319
SWIDTH 550 0
DWIDTH 13 0
BBX 10 17 2 0
BITMAP
C000
C000
C000
C000
C000
C000
C000
C000
C300
C300
C000
C000
C000
C000
C000
FFC0
FFC0
ENDCHAR
STARTCHAR 0140
ENCODING 320
SWIDTH 338 0
DWIDTH 8 0
BBX 6 17 2 0
BITMAP
C0
C0
C0
C0
C0
C0
C0
C0
CC
CC
C0
C0
C0
C0
C0
C0
C0
ENDCHAR
STARTCHAR 0141
ENCODING 321
SWIDTH 550 0
DWIDTH 13 0
BBX 12 17 0 0
BITMAP
3000
3000
3000
3000
3100
3700
3E00
3800
7000
F000
B000
3000
3000
3000
3000
3FF0
3FF0
ENDCHAR
STARTCHAR 0142
ENCODING 322
SWIDTH 254 0
DWIDTH 6 0
BBX 6 17 0 0
BITMAP
30
30
30
30
30
30
3C
3C
78
F0
F0
30
30
30
30
30
30
ENDCHAR
STARTCHAR 0143
ENCODING 323
SWIDTH 720 0
DWIDTH 17 0
BBX 13 21 2 0
BITMAP
0380
0300
0600
0000
C018
E018
F018
F018
D818
CC18
CC18
C618
C718
C318
C198
C198
C0D8
C078
C078
C038
C018
ENDCHAR
STARTCHAR 0144
ENCODING 324
SWIDTH 592 0
DWIDTH 14 0
BBX 10 17 2 0
BITMAP
0700
0600
0C00
0000
CF00
DF80
F1C0
E0C0
C0C0
C0C0
C0C0
C0C0
C0C0
C0C0
C0C0
C0C0
C0C0
ENDCHAR
STARTCHAR 0145
ENCODING 325
SWIDTH 720 0
DWIDTH 17 0
BBX 13 22 2 -5
BITMAP
C018
E018
F018
F018
D818
CC18
CC18
C618
C718
C318
C198
C198
C0D8
C078
C078
C038
C018
0000
0700
0180
0180
0F00
ENDCHAR
STARTCHAR 0146
ENCODING 326
SWIDTH 592 0
DWIDTH 14 0
BBX 10 18 2 -5
BITMAP
CF00
DF80
F1C0
E0C0
C0C0
C0C0
C0C0
C0C0
C0C0
C0C0
C0C0
C0C0
C0C0
0000
0E00
0300
0300
1E00
ENDCHAR
STARTCHAR 0147
ENCODING 327
SWIDTH 720 0
DWIDTH 17 0
BBX 13 21 2 0
BITMAP
0CC0
0780
0300
0000
C018
E018
F018
F018
D818
CC18
CC18
C618
C718
C318
C198
C198
C0D8
C078
C078
C038
C018
ENDCHAR
STARTCHAR 0148
ENCODING 328
SWIDTH 592 0
DWIDTH 14 0
BBX 10 17 2 0
BITMAP
3300
1E00
0C00
0000
CF00
DF80
F1C0
E0C0
C0C0
C0C0
C0C0
C0C0
C0C0
C0C0
C0C0
C0C0
C0C0
ENDCHAR
STARTCHAR 0149
ENCODING 329
SWIDTH 635 0
DWIDTH 15 0
BBX 13 17 0 0
BITMAP
C000
C000
4000
4000
D9E0
9BF0
1E38
1C18
1818
1818
1818
1818
1818
1818
1818
1818
1818
ENDCHAR
STARTCHAR 014A
ENCODING 330
SWIDTH 720 0
DWIDTH 17 0
BBX 14 17 2 0
BITMAP
CFC0
DFF0
F878
E018
C01C
C00C
C00C
C00C
C00C
C00C
C00C
C00C
C01C
C018
C138
C3F0
C1E0
ENDCHAR
STARTCHAR 014B
ENCODING 331
SWIDTH 550 0
DWIDTH 13 0
BBX 10 18 2 -5
BITMAP
CF00
FF80
E1C0
C0C0
C0C0
C0C0
C0C0
C0C0
C0C0
C0C0
C0C0
C0C0
C0C0
00C0
00C0
00C0
03C0
0780
ENDCHAR
STARTCHAR 014C
ENCODING 332
SWIDTH 804 0
DWIDTH 19 0
BBX 17 20 1 0
BITMAP
07F000
07F000
000000
07F000
1FFC00
3C1E00
700700
600300
E00300
C00180
C00180
C00180
C00180
C00180
E00380
600300
700700
3C1E00
1FFC00
07F000
ENDCHAR
STARTCHAR 014D
ENCODING 333
SWIDTH 550 0
DWIDTH 13 0
BBX 11 17 1 0
BITMAP
3F80
3F80
0000
0000
1F00
3F80
71C0
E0E0
C060
C060
C060
C060
C060
E0E0
71C0
3F80
1F00
ENDCHAR
STARTCHAR 014E
ENCODING 334
SWIDTH 804 0
DWIDTH 19 0
BBX 17 21 1 0
BITMAP
041000
063000
03E000
000000
07F000
1FFC00
3C1E00
700700
600300
E00300
C00180
C00180
C00180
C00180
C00180
E00380
600300
700700
3C1E00
1FFC00
07F000
ENDCHAR
STARTCHAR 014F
ENCODING 335
SWIDTH 550 0
DWIDTH 13 0
BBX 11 17 1 0
BITMAP
2080
3180
1F00
0000
1F00
3F80
71C0
E0E0
C060
C060
C060
C060
C060
E0E0
71C0
3F80
1F00
ENDCHAR
STARTCHAR 0150
ENCODING 336
SWIDTH 804 0
DWIDTH 19 0
BBX 17 21 1 0
BITMAP
019800
033000
066000
000000
07F000
1FFC00
3C1E00
700700
600300
E00300
C00180
C00180
C00180
C00180
C00180
E00380
600300
700700
3C1E00
1FFC00
07F000
ENDCHAR
STARTCHAR 0151
ENCODING 337
SWIDTH 550 0
DWIDTH 13 0
BBX 11 17 1 0
BITMAP
0CC0
1980
3300
0000
1F00
3F80
71C0
E0E0
C060
C060
C060
C060
C060
E0E0
71C0
3F80
1F00
ENDCHAR
STARTCHAR 0152
ENCODING 338
SWIDTH 1016 0
DWIDTH 24 0
BBX 22 17 1 0
BITMAP
0FCFFC
1FEFFC
387C00
703C00
601C00
C00C00
C00C00
C00FF8
C00FF8
C00C00
C00C00
C00C00
601C00
703C00
387C00
1FEFFC
0FCFFC
ENDCHAR
STARTCHAR 0153
ENCODING 339
SWIDTH 974 0
DWIDTH 23 0
BBX 21 13 1 0
BITMAP
0F87C0
3FCFE0
70FC70
607810
C03018
C03FF8
C03FF8
C03000
C03000
E07818
70FC30
3FCFF0
1F07C0
ENDCHAR
STARTCHAR 0154
ENCODING 340
SWIDTH 720 0
DWIDTH 17 0
BBX 14 21 2 0
BITMAP
0380
0300
0600
0000
FFE0
FFF0
C038
C018
C018
C018
C038
FFF0
FFC0
C380
C1C0
C0E0
C0E0
C070
C030
C038
C01C
ENDCHAR
STARTCHAR 0155
ENCODING 341
SWIDTH 338 0
DWIDTH 8 0
BBX 6 17 2 0
BITMAP
1C
18
30
00
DC
FC
E0
C0
C0
C0
C0
C0
C0
C0
C0
C0
C0
ENDCHAR
STARTCHAR 0156
ENCODING 342
SWIDTH 720 0
DWIDTH 17 0
BBX 14 22 2 -5
BITMAP
FFE0
FFF0
C038
C018
C018
C018
C038
FFF0
FFC0
C380
C1C0
C0E0
C0E0
C070
C030
C038
C01C
0000
0700
0180
0180
0F00
ENDCHAR
STARTCHAR 0157
ENCODING 343
SWIDTH 338 0
DWIDTH 8 0
BBX 7 18 1 -5
BITMAP
6E
7E
70
60
60
60
60
60
60
60
60
60
60
00
70
18
18
F0
ENDCHAR
STARTCHAR 0158
ENCODING 344
SWIDTH 720 0
DWIDTH 17 0
BBX 14 21 2 0
BITMAP
1980
0F00
0600
0000
FFE0
FFF0
C038
C018
C018
C018
C038
FFF0
FFC0
C380
C1C0
C0E0
C0E0
C070
C030
C038
C01C
ENDCHAR
STARTCHAR 0159
ENCODING 345
SWIDTH 338 0
DWIDTH 8 0
BBX 6 17 2 0
BITMAP
CC
78
30
00
DC
FC
E0
C0
C0
C0
C0
C0
C0
C0
C0
C0
C0
ENDCHAR
STARTCHAR 015A
ENCODING 346
SWIDTH 677 0
DWIDTH 16 0
BBX 14 21 1 0
BITMAP
01C0
0180
0300
0000
0FC0
3FF0
3038
601C
600C
6000
3800
3FC0
0FF0
0078
001C
C00C
C00C
601C
7838
3FF0
0FC0
ENDCHAR
STARTCHAR 015B
ENCODING 347
SWIDTH 508 0
DWIDTH 12 0
BBX 10 17 1 0
BITMAP
0700
0600
0C00
0000
3F00
7F80
E1C0
C0C0
E000
7E00
3F80
07C0
00C0
C0C0
E1C0
7F80
3F00
ENDCHAR
STARTCHAR 015C
ENCODING 348
SWIDTH 677 0
DWIDTH 16 0
BBX 14 21 1 0
BITMAP
0180
03C0
0660
0000
0FC0
3FF0
3038
601C
600C
6000
3800
3FC0
0FF0
0078
001C
C00C
C00C
601C
7838
3FF0
0FC0
ENDCHAR
STARTCHAR 015D
ENCODING 349
SWIDTH 508 0
DWIDTH 12 0
BBX 10 17 1 0
BITMAP
0C00
1E00
3300
0000
3F00
7F80
E1C0
C0C0
E000
7E00
3F80
07C0
00C0
C0C0
E1C0
7F80
3F00
ENDCHAR
STARTCHAR 015E
ENCODING 350
SWIDTH 677 0
DWIDTH 16 0
BBX 14 21 1 -4
BITMAP
0FC0
3FF0
3038
601C
600C
6000
3800
3FC0
0FF0
0078
001C
C00C
C00C
601C
7838
3FF0
0FC0
0200
0300
0180
0F00
ENDCHAR
STARTCHAR 015F
ENCODING 351
SWIDTH 508 0
DWIDTH 12 0
BBX 10 17 1 -4
BITMAP
3F00
7F80
E1C0
C0C0
E000
7E00
3F80
07C0
00C0
C0C0
E1C0
7F80
3F00
0800
0C00
0600
3C00
ENDCHAR
STARTCHAR 0160
ENCODING 352
SWIDTH 677 0
DWIDTH 16 0
BBX 14 21 1 0
BITMAP
0CC0
0780
0300
0000
0FC0
3FF0
3038
601C
600C
6000
3800
3FC0
0FF0
0078
001C
C00C
C00C
601C
7838
3FF0
0FC0
ENDCHAR
STARTCHAR 0161
ENCODING 353
SWIDTH 508 0
DWIDTH 12 0
BBX 10 17 1 0
BITMAP
3300
1E00
0C00
0000
3F00
7F80
E1C0
C0C0
E000
7E00
3F80
07C0
00C0
C0C0
E1C0
7F80
3F00
ENDCHAR
STARTCHAR 0162
ENCODING 354
SWIDTH 592 0
DWIDTH 14 0
BBX 14 23 0 -6
BITMAP
FFFC
FFFC
0300
0300
0300
0300
0300
0300
0300
0300
0300
0300
0300
0300
0300
0300
0300
0000
0300
0300
0100
0300
0200
ENDCHAR
STARTCHAR 0163
ENCODING 355
SWIDTH 296 0
DWIDTH 7 0
BBX 7 23 0 -6
BITMAP
10
30
30
30
FE
FE
30
30
30
30
30
30
30
30
30
3E
1E
00
0C
0C
04
04
08
ENDCHAR
STARTCHAR 0164
ENCODING 356
SWIDTH 592 0
DWIDTH 14 0
BBX 14 21 0 0
BITMAP
0CC0
0780
0300
0000
FFFC
FFFC
0300
0300
0300
0300
0300
0300
0300
0300
0300
0300
0300
0300
0300
0300
0300
ENDCHAR
STARTCHAR 0165
ENCODING 357
SWIDTH 381 0
DWIDTH 9 0
BBX 9 17 0 0
BITMAP
1180
3180
3080
3080
FD00
FC00
3000
3000
3000
3000
3000
3000
3000
3000
3000
3C00
1C00
ENDCHAR
STARTCHAR 0166
ENCODING 358
SWIDTH 635 0
DWIDTH 15 0
BBX 14 17 0 0
BITMAP
FFFC
FFFC
0300
0300
0300
0300
0300
0300
3FF0
3FF0
0300
0300
0300
0300
0300
0300
0300
ENDCHAR
STARTCHAR 0167
ENCODING 359
SWIDTH 296 0
DWIDTH 7 0
BBX 7 16 0 1
BITMAP
30
30
30
FE
FE
30
30
30
FE
FE
30
30
30
30
3E
1E
ENDCHAR
STARTCHAR 0168
ENCODING 360
SWIDTH 720 0
DWIDTH 17 0
BBX 13 21 2 0
BITMAP
0E60
1FE0
19C0
0000
C018
C018
C018
C018
C018
C018
C018
C018
C018
C018
C018
C018
C018
6038
7070
3FE0
1FC0
ENDCHAR
STARTCHAR 0169
ENCODING 361
SWIDTH 592 0
DWIDTH 14 0
BBX 10 17 2 0
BITMAP
3980
7F80
6700
0000
C0C0
C0C0
C0C0
C0C0
C0C0
C0C0
C0C0
C0C0
C0C0
C1C0
E3C0
7EC0
3CC0
ENDCHAR
STARTCHAR 016A
ENCODING 362
SWIDTH 720 0
DWIDTH 17 0
BBX 13 20 2 0
BITMAP
1FC0
1FC0
0000
C018
C018
C018
C018
C018
C018
C018
C018
C018
C018
C018
C018
C018
6038
7070
3FE0
1FC0
ENDCHAR
STARTCHAR 016B
ENCODING 363
SWIDTH 592 0
DWIDTH 14 0
BBX 10 17 2 0
BITMAP
3F80
3F80
0000
0000
C0C0
C0C0
C0C0
C0C0
C0C0
C0C0
C0C0
C0C0
C0C0
C1C0
E3C0
7EC0
3CC0
ENDCHAR
STARTCHAR 016C
ENCODING 364
SWIDTH 720 0
DWIDTH 17 0
BBX 13 21 2 0
BITMAP
1040
18C0
0F80
0000
C018
C018
C018
C018
C018
C018
C018
C018
C018
C018
C018
C018
C018
6038
7070
3FE0
1FC0
ENDCHAR
STARTCHAR 016D
ENCODING 365
SWIDTH 592 0
DWIDTH 14 0
BBX 10 17 2 0
BITMAP
2080
3180
1F00
0000
C0C0
C0C0
C0C0
C0C0
C0C0
C0C0
C0C0
C0C0
C0C0
C1C0
E3C0
7EC0
3CC0
ENDCHAR
STARTCHAR 016E
ENCODING 366
SWIDTH 720 0
DWIDTH 17 0
BBX 13 21 2 0
BITMAP
0700
0880
0880
0880
C718
C018
C018
C018
C018
C018
C018
C018
C018
C018
C018
C018
C018
6038
7070
3FE0
1FC0
ENDCHAR
STARTCHAR 016F
ENCODING 367
SWIDTH 592 0
DWIDTH 14 0
BBX 10 19 2 0
BITMAP
1C00
2200
2200
2200
1C00
0000
C0C0
C0C0
C0C0
C0C0
C0C0
C0C0
C0C0
C0C0
C0C0
C1C0
E3C0
7EC0
3CC0
ENDCHAR
STARTCHAR 0170
ENCODING 368
SWIDTH 720 0
DWIDTH 17 0
BBX 13 21 2 0
BITMAP
0660
0CC0
1980
0000
C018
C018
C018
C018
C018
C018
C018
C018
C018
C018
C018
C018
C018
6038
7070
3FE0
1FC0
ENDCHAR
STARTCHAR 0171
ENCODING 369
SWIDTH 592 0
DWIDTH 14 0
BBX 10 17 2 0
BITMAP
0CC0
1980
3300
0000
C0C0
C0C0
C0C0
C0C0
C0C0
C0C0
C0C0
C0C0
C0C0
C1C0
E3C0
7EC0
3CC0
ENDCHAR
STARTCHAR 0172
ENCODING 370
SWIDTH 720 0
DWIDTH 17 0
BBX 13 22 2 -5
BITMAP
C018
C018
C018
C018
C018
C018
C018
C018
C018
C018
C018
C018
C018
6038
7070
3FE0
0FC0
0300
0300
0300
03E0
01C0
ENDCHAR
STARTCHAR 0173
ENCODING 371
SWIDTH 592 0
DWIDTH 14 0
BBX 12 18 2 -5
BITMAP
C0C0
C0C0
C0C0
C0C0
C0C0
C0C0
C0C0
C0C0
C0C0
C1C0
E3C0
7FC0
3CC0
00C0
00C0
00C0
00F0
0060
ENDCHAR
STARTCHAR 0174
ENCODING 372
SWIDTH 974 0
DWIDTH 23 0
BBX 23 21 0 0
BITMAP
001800
003C00
006600
000000
C03806
C03806
606C0C
606C0C
606C0C
60C60C
30C618
30C618
31C318
318318
398338
1B83B0
1B01B0
1B01B0
1B01B0
0E00E0
0E00E0
ENDCHAR
STARTCHAR 0175
ENCODING 373
SWIDTH 720 0
DWIDTH 17 0
BBX 17 17 0 0
BITMAP
00C000
01E000
033000
000000
C08180
C1C180
C1C180
614300
636300
636300
363600
363600
363600
141400
1C1C00
1C1C00
080800
ENDCHAR
STARTCHAR 0176
ENCODING 374
SWIDTH 677 0
DWIDTH 16 0
BBX 16 21 0 0
BITMAP
0180
03C0
0660
0000
E007
600E
301C
381C
1C38
0E70
0660
07E0
03C0
0180
0180
0180
0180
0180
0180
0180
0180
ENDCHAR
STARTCHAR 0177
ENCODING 375
SWIDTH 508 0
DWIDTH 12 0
BBX 10 22 1 -5
BITMAP
0C00
1E00
3300
0000
C0C0
C0C0
C180
6180
6180
6380
3300
3300
1B00
1E00
1E00
0E00
0C00
0C00
0C00
1800
7800
7000
ENDCHAR
STARTCHAR 0178
ENCODING 376
SWIDTH 677 0
DWIDTH 16 0
BBX 16 20 0 0
BITMAP
0660
0660
0000
E007
600E
301C
381C
1C38
0E70
0660
07E0
03C0
0180
0180
0180
0180
0180
0180
0180
0180
ENDCHAR
STARTCHAR 0179
ENCODING 377
SWIDTH 635 0
DWIDTH 15 0
BBX 14 21 0 0
BITMAP
01C0
0180
0300
0000
7FFC
7FFC
0018
0030
0060
00E0
01C0
0180
0300
0600
0E00
1C00
1800
3000
6000
FFFC
FFFC
ENDCHAR
STARTCHAR 017A
ENCODING 378
SWIDTH 508 0
DWIDTH 12 0
BBX 10 17 1 0
BITMAP
0700
0600
0C00
0000
7FC0
7FC0
0180
0380
0700
0E00
0C00
1800
3800
7000
6000
FFC0
FFC0
ENDCHAR
STARTCHAR 017B
ENCODING 379
SWIDTH 635 0
DWIDTH 15 0
BBX 14 20 0 0
BITMAP
0180
0180
0000
7FFC
7FFC
0018
0030
0060
00E0
01C0
0180
0300
0600
0E00
1C00
1800
3000
6000
FFFC
FFFC
ENDCHAR
STARTCHAR 017C
ENCODING 380
SWIDTH 508 0
DWIDTH 12 0
BBX 10 16 1 0
BITMAP
0600
0600
0000
7FC0
7FC0
0180
0380
0700
0E00
0C00
1800
3800
7000
6000
FFC0
FFC0
ENDCHAR
STARTCHAR 017D
ENCODING 381
SWIDTH 635 0
DWIDTH 15 0
BBX 14 21 0 0
BITMAP
0660
03C0
0180
0000
7FFC
7FFC
0018
0030
0060
00E0
01C0
0180
0300
0600
0E00
1C00
1800
3000
6000
FFFC
FFFC
ENDCHAR
STARTCHAR 017E
ENCODING 382
SWIDTH 508 0
DWIDTH 12 0
BBX 10 17 1 0
BITMAP
1980
0F00
0600
0000
7FC0
7FC0
0180
0380
0700
0E00
0C00
1800
3800
7000
6000
FFC0
FFC0
ENDCHAR
STARTCHAR 017F
ENCODING 383
SWIDTH 211 0
DWIDTH 5 0
BBX 5 17 2 0
BITMAP
78
F8
C0
C0
C0
C0
C0
C0
C0
C0
C0
C0
C0
C0
C0
C0
C0
ENDCHAR
STARTCHAR 018F
ENCODING 399
SWIDTH 762 0
DWIDTH 18 0
BBX 16 17 1 0
BITMAP
07E0
1FF8
381C
700E
6006
0003
0003
FFFF
FFFF
C003
C003
E007
6006
700E
381C
1FF8
07E0
ENDCHAR
STARTCHAR 0192
ENCODING 402
SWIDTH 550 0
DWIDTH 13 0
BBX 11 22 1 -5
BITMAP
01E0
03E0
0300
0300
1FC0
1FC0
0600
0600
0600
0600
0600
0C00
0C00
0C00
0C00
0C00
0C00
1800
1800
1800
F800
F000
ENDCHAR
STARTCHAR 01A0
ENCODING 416
SWIDTH 889 0
DWIDTH 21 0
BBX 19 17 1 0
BITMAP
07F060
1FFC60
3C1E20
700720
600340
E00380
C00180
C00180
C00180
C00180
C00180
E00380
600300
700700
3C1E00
1FFC00
07F000
ENDCHAR
STARTCHAR 01A1
ENCODING 417
SWIDTH 677 0
DWIDTH 16 0
BBX 13 13 1 0
BITMAP
1F18
3F98
71C8
E0E8
C070
C070
C060
C060
C060
E0E0
71C0
3F80
1F00
ENDCHAR
STARTCHAR 01AF
ENCODING 431
SWIDTH 889 0
DWIDTH 21 0
BBX 17 17 2 0
BITMAP
C01980
C01980
C01880
C01880
C01900
C01E00
C01800
C01800
C01800
C01800
C01800
C01800
C01800
603000
707000
3FE000
1F8000
ENDCHAR
STARTCHAR 01B0
ENCODING 432
SWIDTH 677 0
DWIDTH 16 0
BBX 13 13 2 0
BITMAP
C0D8
C0D8
C0C8
C0C8
C0D0
C0E0
C0C0
C0C0
C0C0
C1C0
E3C0
7EC0
3CC0
ENDCHAR
STARTCHAR 01CD
ENCODING 461
SWIDTH 635 0
DWIDTH 15 0
BBX 15 21 0 0
BITMAP
0660
03C0
0180
0000
0380
0380
06C0
06C0
0EE0
0C60
0C60
1830
1830
1830
3FF8
3FF8
701C
600C
600C
C006
C006
ENDCHAR
STARTCHAR 01CE
ENCODING 462
SWIDTH 550 0
DWIDTH 13 0
BBX 11 18 1 0
BITMAP
1980
0F00
0600
0000
0000
1F00
7F80
E1C0
C0C0
00C0
07C0
3FC0
78C0
C0C0
C1C0
E3C0
7FC0
3C60
ENDCHAR
STARTCHAR 01CF
ENCODING 463
SWIDTH 254 0
DWIDTH 6 0
BBX 6 21 0 0
BITMAP
CC
78
30
00
30
30
30
30
30
30
30
30
30
30
30
30
30
30
30
30
30
ENDCHAR
STARTCHAR 01D0
ENCODING 464
SWIDTH 211 0
DWIDTH 5 0
BBX 6 18 0 0
BITMAP
CC
78
30
00
00
30
30
30
30
30
30
30
30
30
30
30
30
30
ENDCHAR
STARTCHAR 01D1
ENCODING 465
SWIDTH 804 0
DWIDTH 19 0
BBX 17 21 1 0
BITMAP
033000
01E000
00C000
000000
07F000
1FFC00
3C1E00
700700
600300
E00300
C00180
C00180
C00180
C00180
C00180
E00380
600300
700700
3C1E00
1FFC00
07F000
ENDCHAR
STARTCHAR 01D2
ENCODING 466
SWIDTH 550 0
DWIDTH 13 0
BBX 11 18 1 0
BITMAP
1980
0F00
0600
0000
0000
1F00
3F80
71C0
E0E0
C060
C060
C060
C060
C060
E0E0
71C0
3F80
1F00
ENDCHAR
STARTCHAR 01D3
ENCODING 467
SWIDTH 720 0
DWIDTH 17 0
BBX 13 21 2 0
BITMAP
0CC0
0780
0300
0000
C018
C018
C018
C018
C018
C018
C018
C018
C018
C018
C018
C018
C018
6038
7070
3FE0
1FC0
ENDCHAR
STARTCHAR 01D4
ENCODING 468
SWIDTH 592 0
DWIDTH 14 0
BBX 10 18 2 0
BITMAP
3300
1E00
0C00
0000
0000
C0C0
C0C0
C0C0
C0C0
C0C0
C0C0
C0C0
C0C0
C0C0
C1C0
E3C0
7EC0
3CC0
ENDCHAR
STARTCHAR 01D5
ENCODING 469
SWIDTH 720 0
DWIDTH 17 0
BBX 13 21 2 0
BITMAP
1FC0
0000
18C0
18C0
C018
C018
C018
C018
C018
C018
C018
C018
C018
C018
C018
C018
C018
6038
7070
3FE0
1FC0
ENDCHAR
STARTCHAR 01D6
ENCODING 470
SWIDTH 592 0
DWIDTH 14 0
BBX 10 20 2 0
BITMAP
3F80
3F80
0000
0000
3300
3300
0000
C0C0
C0C0
C0C0
C0C0
C0C0
C0C0
C0C0
C0C0
C0C0
C1C0
E3C0
7EC0
3CC0
ENDCHAR
STARTCHAR 01D7
ENCODING 471
SWIDTH 720 0
DWIDTH 17 0
BBX 13 21 2 0
BITMAP
0180
0300
18C0
18C0
C018
C018
C018
C018
C018
C018
C018
C018
C018
C018
C018
C018
C018
6038
7070
3FE0
1FC0
ENDCHAR
STARTCHAR 01D8
ENCODING 472
SWIDTH 592 0
DWIDTH 14 0
BBX 10 21 2 0
BITMAP
0700
0600
0C00
0000
0000
3300
3300
0000
C0C0
C0C0
C0C0
C0C0
C0C0
C0C0
C0C0
C0C0
C0C0
C1C0
E3C0
7EC0
3CC0
ENDCHAR
STARTCHAR 01D9
ENCODING 473
SWIDTH 720 0
DWIDTH 17 0
BBX 13 21 2 0
BITMAP
0D80
0700
18C0
18C0
C018
C018
C018
C018
C018
C018
C018
C018
C018
C018
C018
C018
C018
6038
7070
3FE0
1FC0
ENDCHAR
STARTCHAR 01DA
ENCODING 474
SWIDTH 592 0
DWIDTH 14 0
BBX 10 21 2 0
BITMAP
3300
1E00
0C00
0000
0000
3300
3300
0000
C0C0
C0C0
C0C0
C0C0
C0C0
C0C0
C0C0
C0C0
C0C0
C1C0
E3C0
7EC0
3CC0
ENDCHAR
STARTCHAR 01DB
ENCODING 475
SWIDTH 720 0
DWIDTH 17 0
BBX 13 21 2 0
BITMAP
0C00
0600
18C0
18C0
C018
C018
C018
C018
C018
C018
C018
C018
C018
C018
C018
C018
C018
6038
7070
3FE0
1FC0
ENDCHAR
STARTCHAR 01DC
ENCODING 476
SWIDTH 592 0
DWIDTH 14 0
BBX 10 21 2 0
BITMAP
3800
1800
0C00
0000
0000
3300
3300
0000
C0C0
C0C0
C0C0
C0C0
C0C0
C0C0
C0C0
C0C0
C0C0
C1C0
E3C0
7EC0
3CC0
ENDCHAR
STARTCHAR 01FA
ENCODING 506
SWIDTH 635 0
DWIDTH 15 0
BBX 15 24 0 0
BITMAP
01C0
0180
0300
0380
0440
0440
0440
0380
0380
06C0
06C0
0EE0
0C60
0C60
1830
1830
1830
3FF8
3FF8
701C
600C
600C
C006
C006
ENDCHAR
STARTCHAR 01FB
ENCODING 507
SWIDTH 550 0
DWIDTH 13 0
BBX 11 23 1 0
BITMAP
0700
0600
0C00
0000
0E00
1100
1100
1100
0E00
0000
1F00
7F80
E1C0
C0C0
00C0
07C0
3FC0
78C0
C0C0
C1C0
E3C0
7FC0
3C60
ENDCHAR
STARTCHAR 01FC
ENCODING 508
SWIDTH 1016 0
DWIDTH 24 0
BBX 23 21 0 0
BITMAP
001C00
001800
003000
000000
00FFFE
01FFFE
019800
031800
031800
061800
061800
0C1FFC
0C1FFC
181800
1FF800
3FF800
301800
601800
601800
C01FFE
C01FFE
ENDCHAR
STARTCHAR 01FD
ENCODING 509
SWIDTH 889 0
DWIDTH 21 0
BBX 20 17 1 0
BITMAP
001C00
001800
003000
000000
1F8F80
7FFFC0
60F860
C06020
01E030
3FFFF0
7E7FF0
E06000
C06000
C0F030
E1F860
7FBFE0
3E0F80
ENDCHAR
STARTCHAR 01FE
ENCODING 510
SWIDTH 804 0
DWIDTH 19 0
BBX 17 22 1 -1
BITMAP
007000
006000
00C000
000100
07F380
1FFF00
3C1E00
700F00
601F00
E03B80
C07180
C0E180
C1C180
C38180
C70180
EE0380
7C0300
780700
3C1E00
7FFC00
E7F000
400000
ENDCHAR
STARTCHAR 01FF
ENCODING 511
SWIDTH 635 0
DWIDTH 15 0
BBX 11 18 2 -1
BITMAP
0700
0600
0C00
0060
1F60
3FC0
71C0
E3C0
C760
C660
CC60
DC60
D860
F0E0
71C0
7F80
DF00
C000
ENDCHAR
STARTCHAR 0259
ENCODING 601
SWIDTH 550 0
DWIDTH 13 0
BBX 11 13 1 0
BITMAP
1F00
7F80
E1C0
C0E0
0060
0060
FFE0
FFE0
C060
C0C0
61C0
3F80
1F00
ENDCHAR
STARTCHAR 02C6
ENCODING 710
SWIDTH 338 0
DWIDTH 8 0
BBX 6 3 1 14
BITMAP
30
78
CC
ENDCHAR
STARTCHAR 02C7
ENCODING 711
SWIDTH 338 0
DWIDTH 8 0
BBX 6 3 1 14
BITMAP
CC
78
30
ENDCHAR
STARTCHAR 02C9
ENCODING 713
SWIDTH 338 0
DWIDTH 8 0
BBX 7 2 0 14
BITMAP
FE
FE
ENDCHAR
STARTCHAR 02D8
ENCODING 728
SWIDTH 338 0
DWIDTH 8 0
BBX 7 3 0 14
BITMAP
82
C6
7C
ENDCHAR
STARTCHAR 02D9
ENCODING 729
SWIDTH 338 0
DWIDTH 8 0
BBX 2 2 3 15
BITMAP
C0
C0
ENDCHAR
STARTCHAR 02DA
ENCODING 730
SWIDTH 338 0
DWIDTH 8 0
BBX 5 5 2 12
BITMAP
70
88
88
88
70
ENDCHAR
STARTCHAR 02DB
ENCODING 731
SWIDTH 338 0
DWIDTH 8 0
BBX 5 5 2 -5
BITMAP
40
80
80
C0
78
ENDCHAR
STARTCHAR 02DC
ENCODING 732
SWIDTH 338 0
DWIDTH 8 0
BBX 8 3 0 14
BITMAP
73
FF
CE
ENDCHAR
STARTCHAR 02DD
ENCODING 733
SWIDTH 338 0
DWIDTH 8 0
BBX 8 3 1 14
BITMAP
33
66
CC
ENDCHAR
STARTCHAR 0300
ENCODING 768
SWIDTH 0 0
DWIDTH 0 0
BBX 5 3 -6 18
BITMAP
E0
70
38
ENDCHAR
STARTCHAR 0301
ENCODING 769
SWIDTH 0 0
DWIDTH 0 0
BBX 5 3 -5 18
BITMAP
38
70
E0
ENDCHAR
STARTCHAR 0303
ENCODING 771
SWIDTH 0 0
DWIDTH 0 0
BBX 9 3 -11 18
BITMAP
7180
FF80
C700
ENDCHAR
STARTCHAR 0309
ENCODING 777
SWIDTH 0 0
DWIDTH 0 0
BBX 5 3 -6 18
BITMAP
F0
18
30
ENDCHAR
STARTCHAR 0323
ENCODING 803
SWIDTH 0 0
DWIDTH 0 0
BBX 2 2 -9 -3
BITMAP
C0
C0
ENDCHAR
STARTCHAR 037E
ENCODING 894
SWIDTH 296 0
DWIDTH 7 0
BBX 2 17 2 -4
BITMAP
C0
C0
00
00
00
00
00
00
00
00
00
C0
C0
40
40
C0
80
ENDCHAR
STARTCHAR 0384
ENCODING 900
SWIDTH 338 0
DWIDTH 8 0
BBX 4 3 3 14
BITMAP
70
60
C0
ENDCHAR
STARTCHAR 0385
ENCODING 901
SWIDTH 338 0
DWIDTH 8 0
BBX 8 3 0 14
BITMAP
0C
DB
D3
ENDCHAR
STARTCHAR 0386
ENCODING 902
SWIDTH 635 0
DWIDTH 15 0
BBX 15 17 0 0
BITMAP
1B80
3380
66C0
06C0
0EE0
0C60
0C60
1830
1830
1830
3FF8
3FF8
701C
600C
600C
C006
C006
ENDCHAR
STARTCHAR 0387
ENCODING 903
SWIDTH 254 0
DWIDTH 6 0
BBX 2 2 2 10
BITMAP
C0
C0
ENDCHAR
STARTCHAR 0388
ENCODING 904
SWIDTH 804 0
DWIDTH 19 0
BBX 19 17 -1 0
BITMAP
33FFE0
63FFE0
C30000
030000
030000
030000
030000
03FFC0
03FFC0
030000
030000
030000
030000
030000
030000
03FFE0
03FFE0
ENDCHAR
STARTCHAR 0389
ENCODING 905
SWIDTH 847 0
DWIDTH 20 0
BBX 19 17 -1 0
BITMAP
360060
660060
C60060
060060
060060
060060
060060
07FFE0
07FFE0
060060
060060
060060
060060
060060
060060
060060
060060
ENDCHAR
STARTCHAR 038A
ENCODING 906
SWIDTH 381 0
DWIDTH 9 0
BBX 7 17 -1 0
BITMAP
36
66
C6
06
06
06
06
06
06
06
06
06
06
06
06
06
06
ENDCHAR
STARTCHAR 038C
ENCODING 908
SWIDTH 804 0
DWIDTH 19 0
BBX 19 17 -1 0
BITMAP
31FC00
67FF00
CF0780
1C01C0
1800C0
3800E0
300060
300060
300060
300060
300060
3800E0
1800C0
1C01C0
0F0780
07FF00
01FC00
ENDCHAR
STARTCHAR 038E
ENCODING 910
SWIDTH 847 0
DWIDTH 20 0
BBX 21 17 -1 0
BITMAP
360038
630070
C18060
01C0E0
00E1C0
007180
003300
003700
001E00
000C00
000C00
000C00
000C00
000C00
000C00
000C00
000C00
ENDCHAR
STARTCHAR 038F
ENCODING 911
SWIDTH 762 0
DWIDTH 18 0
BBX 18 17 -1 0
BITMAP
31F800
67FE00
CE0700
1C0380
180180
3801C0
3000C0
3000C0
3000C0
3000C0
3000C0
180180
180180
0C0300
070E00
3F9FC0
3F9FC0
ENDCHAR
STARTCHAR 0390
ENCODING 912
SWIDTH 254 0
DWIDTH 6 0
BBX 8 18 -1 0
BITMAP
0C
DB
D3
00
00
18
18
18
18
18
18
18
18
18
18
18
18
18
ENDCHAR
STARTCHAR 0391
ENCODING 913
SWIDTH 635 0
DWIDTH 15 0
BBX 15 17 0 0
BITMAP
0380
0380
06C0
06C0
0EE0
0C60
0C60
1830
1830
1830
3FF8
3FF8
701C
600C
600C
C006
C006
ENDCHAR
STARTCHAR 0392
ENCODING 914
SWIDTH 677 0
DWIDTH 16 0
BBX 13 17 2 0
BITMAP
FF80
FFE0
C070
C030
C030
C030
C060
FFE0
FFE0
C070
C038
C018
C018
C018
C030
FFF0
FFC0
ENDCHAR
STARTCHAR 0393
ENCODING 915
SWIDTH 550 0
DWIDTH 13 0
BBX 11 17 2 0
BITMAP
FFE0
FFE0
C000
C000
C000
C000
C000
C000
C000
C000
C000
C000
C000
C000
C000
C000
C000
ENDCHAR
STARTCHAR 0394
ENCODING 916
SWIDTH 677 0
DWIDTH 16 0
BBX 15 17 0 0
BITMAP
0380
0380
06C0
06C0
0EC0
0C60
0C60
1830
1830
3830
3018
3018
600C
600C
E00C
FFFE
FFFE
ENDCHAR
STARTCHAR 0395
ENCODING 917
SWIDTH 677 0
DWIDTH 16 0
BBX 13 17 2 0
BITMAP
FFF8
FFF8
C000
C000
C000
C000
C000
FFF0
FFF0
C000
C000
C000
C000
C000
C000
FFF8
FFF8
ENDCHAR
STARTCHAR 0396
ENCODING 918
SWIDTH 635 0
DWIDTH 15 0
BBX 14 17 0 0
BITMAP
7FFC
7FFC
0018
0030
0060
00E0
01C0
0180
0300
0600
0E00
1C00
1800
3000
6000
FFFC
FFFC
ENDCHAR
STARTCHAR 0397
ENCODING 919
SWIDTH 720 0
DWIDTH 17 0
BBX 13 17 2 0
BITMAP
C018
C018
C018
C018
C018
C018
C018
FFF8
FFF8
C018
C018
C018
C018
C018
C018
C018
C018
ENDCHAR
STARTCHAR 0398
ENCODING 920
SWIDTH 804 0
DWIDTH 19 0
BBX 17 17 1 0
BITMAP
07F000
1FFC00
3C1E00
700700
600300
E00380
C00180
CFF980
CFF980
C00180
C00180
E00380
600300
700700
3C1E00
1FFC00
07F000
ENDCHAR
STARTCHAR 0399
ENCODING 921
SWIDTH 254 0
DWIDTH 6 0
BBX 2 17 2 0
BITMAP
C0
C0
C0
C0
C0
C0
C0
C0
C0
C0
C0
C0
C0
C0
C0
C0
C0
ENDCHAR
STARTCHAR 039A
ENCODING 922
SWIDTH 677 0
DWIDTH 16 0
BBX 14 17 2 0
BITMAP
C038
C070
C0E0
C1C0
C380
C700
CE00
DE00
FF00
F700
E380
C1C0
C0E0
C0E0
C070
C038
C01C
ENDCHAR
STARTCHAR 039B
ENCODING 923
SWIDTH 677 0
DWIDTH 16 0
BBX 15 17 0 0
BITMAP
0380
0380
06C0
06C0
06E0
0C60
0C60
1830
1830
3838
3018
3018
600C
600C
E00E
C006
C006
ENDCHAR
STARTCHAR 039C
ENCODING 924
SWIDTH 804 0
DWIDTH 19 0
BBX 15 17 2 0
BITMAP
E00E
F01E
F01E
F01E
D836
D836
D836
C826
CC66
CC66
CC66
C6C6
C6C6
C6C6
C286
C386
C386
ENDCHAR
STARTCHAR 039D
ENCODING 925
SWIDTH 720 0
DWIDTH 17 0
BBX 13 17 2 0
BITMAP
C018
E018
F018
F018
D818
CC18
CC18
C618
C718
C318
C198
C198
C0D8
C078
C078
C038
C018
ENDCHAR
STARTCHAR 039E
ENCODING 926
SWIDTH 677 0
DWIDTH 16 0
BBX 14 17 1 0
BITMAP
FFFC
FFFC
0000
0000
0000
0000
0000
7FF8
7FF8
0000
0000
0000
0000
0000
0000
FFFC
FFFC
ENDCHAR
STARTCHAR 039F
ENCODING 927
SWIDTH 804 0
DWIDTH 19 0
BBX 17 17 1 0
BITMAP
07F000
1FFC00
3C1E00
700700
600300
E00300
C00180
C00180
C00180
C00180
C00180
E00380
600300
700700
3C1E00
1FFC00
07F000
ENDCHAR
STARTCHAR 03A0
ENCODING 928
SWIDTH 720 0
DWIDTH 17 0
BBX 13 17 2 0
BITMAP
FFF8
FFF8
C018
C018
C018
C018
C018
C018
C018
C018
C018
C018
C018
C018
C018
C018
C018
ENDCHAR
STARTCHAR 03A1
ENCODING 929
SWIDTH 677 0
DWIDTH 16 0
BBX 13 17 2 0
BITMAP
FFC0
FFF0
C030
C018
C018
C018
C018
C030
FFF0
FFC0
C000
C000
C000
C000
C000
C000
C000
ENDCHAR
STARTCHAR 03A3
ENCODING 931
SWIDTH 635 0
DWIDTH 15 0
BBX 12 17 2 0
BITMAP
FFE0
FFE0
C000
6000
3000
1800
0C00
0600
0300
0600
0C00
1800
3000
6000
C000
FFF0
FFF0
ENDCHAR
STARTCHAR 03A4
ENCODING 932
SWIDTH 592 0
DWIDTH 14 0
BBX 14 17 0 0
BITMAP
FFFC
FFFC
0300
0300
0300
0300
0300
0300
0300
0300
0300
0300
0300
0300
0300
0300
0300
ENDCHAR
STARTCHAR 03A5
ENCODING 933
SWIDTH 677 0
DWIDTH 16 0
BBX 16 17 0 0
BITMAP
E007
600E
301C
381C
1C38
0E70
0660
07E0
03C0
0180
0180
0180
0180
0180
0180
0180
0180
ENDCHAR
STARTCHAR 03A6
ENCODING 934
SWIDTH 762 0
DWIDTH 18 0
BBX 16 17 1 0
BITMAP
0180
0180
0FF0
3FFC
718E
6186
C183
C183
C183
C183
6186
718E
3FFC
0FF0
0180
0180
0180
ENDCHAR
STARTCHAR 03A7
ENCODING 935
SWIDTH 635 0
DWIDTH 15 0
BBX 15 17 0 0
BITMAP
701C
3838
1870
1C70
0EE0
06C0
07C0
0380
0380
06C0
0EC0
0EE0
1C70
3838
3818
701C
E00E
ENDCHAR
STARTCHAR 03A8
ENCODING 936
SWIDTH 804 0
DWIDTH 19 0
BBX 16 17 2 0
BITMAP
C183
C183
C183
C183
C183
C183
C183
C183
6186
799E
3FFC
0FF0
0180
0180
0180
0180
0180
ENDCHAR
STARTCHAR 03A9
ENCODING 937
SWIDTH 762 0
DWIDTH 18 0
BBX 16 17 1 0
BITMAP
07E0
1FF8
381C
700E
6006
E007
C003
C003
C003
C003
C003
6006
6006
300C
1C38
FE7F
FE7F
ENDCHAR
STARTCHAR 03AA
ENCODING 938
SWIDTH 254 0
DWIDTH 6 0
BBX 6 20 0 0
BITMAP
CC
CC
00
30
30
30
30
30
30
30
30
30
30
30
30
30
30
30
30
30
ENDCHAR
STARTCHAR 03AB
ENCODING 939
SWIDTH 677 0
DWIDTH 16 0
BBX 16 20 0 0
BITMAP
0660
0660
0000
E007
600E
301C
381C
1C38
0E70
0660
07E0
03C0
0180
0180
0180
0180
0180
0180
0180
0180
ENDCHAR
STARTCHAR 03AC
ENCODING 940
SWIDTH 592 0
DWIDTH 14 0
BBX 12 17 1 0
BITMAP
0380
0300
0600
0000
1E30
3FB0
71F0
E0E0
C060
C060
C060
C060
C060
E0E0
71F0
3FF0
1F30
ENDCHAR
STARTCHAR 03AD
ENCODING 941
SWIDTH 465 0
DWIDTH 11 0
BBX 9 17 1 0
BITMAP
0E00
0C00
1800
0000
3E00
7F80
E300
C000
E000
7C00
7C00
E000
C000
C100
E380
7F00
3E00
ENDCHAR
STARTCHAR 03AE
ENCODING 942
SWIDTH 592 0
DWIDTH 14 0
BBX 10 22 2 -5
BITMAP
0700
0600
0C00
0000
CF00
FF80
E1C0
C0C0
C0C0
C0C0
C0C0
C0C0
C0C0
C0C0
C0C0
C0C0
C0C0
00C0
00C0
00C0
00C0
00C0
ENDCHAR
STARTCHAR 03AF
ENCODING 943
SWIDTH 254 0
DWIDTH 6 0
BBX 4 17 1 0
BITMAP
70
60
C0
00
60
60
60
60
60
60
60
60
60
60
60
60
60
ENDCHAR
STARTCHAR 03B0
ENCODING 944
SWIDTH 592 0
DWIDTH 14 0
BBX 10 17 2 0
BITMAP
0600
6D80
6980
0000
C0C0
C0C0
C0C0
C0C0
C0C0
C0C0
C0C0
C0C0
C0C0
C0C0
6180
7F80
1E00
ENDCHAR
STARTCHAR 03B1
ENCODING 945
SWIDTH 592 0
DWIDTH 14 0
BBX 12 13 1 0
BITMAP
1E30
3FB0
71F0
E0E0
C060
C060
C060
C060
C060
E0E0
71F0
3FF0
1F30
ENDCHAR
STARTCHAR 03B2
ENCODING 946
SWIDTH 592 0
DWIDTH 14 0
BBX 11 22 2 -5
BITMAP
1F00
7F80
61C0
C0C0
C0C0
C180
CE00
CF80
C1C0
C0E0
C060
C060
C060
E060
F0C0
DFC0
CF00
C000
C000
C000
C000
C000
ENDCHAR
STARTCHAR 03B3
ENCODING 947
SWIDTH 465 0
DWIDTH 11 0
BBX 10 18 0 -5
BITMAP
C0C0
C0C0
C0C0
6180
6180
7180
3300
3300
3F00
1E00
1E00
1E00
0C00
0C00
0C00
0C00
0C00
0C00
ENDCHAR
STARTCHAR 03B4
ENCODING 948
SWIDTH 550 0
DWIDTH 13 0
BBX 11 17 1 0
BITMAP
7FC0
7FC0
3800
0E00
1F00
3F80
71C0
E0E0
C060
C060
C060
C060
C060
E0E0
71C0
3F80
1F00
ENDCHAR
STARTCHAR 03B5
ENCODING 949
SWIDTH 465 0
DWIDTH 11 0
BBX 9 13 1 0
BITMAP
3E00
7F80
E300
C000
E000
7C00
7C00
E000
C000
C100
E380
7F00
3E00
ENDCHAR
STARTCHAR 03B6
ENCODING 950
SWIDTH 465 0
DWIDTH 11 0
BBX 9 22 1 -5
BITMAP
3F80
3F80
0300
0E00
1C00
1800
3000
6000
6000
E000
C000
C000
C000
C000
E000
7E00
3F80
0180
0180
0380
0F00
0E00
ENDCHAR
STARTCHAR 03B7
ENCODING 951
SWIDTH 592 0
DWIDTH 14 0
BBX 10 18 2 -5
BITMAP
CF00
FF80
E1C0
C0C0
C0C0
C0C0
C0C0
C0C0
C0C0
C0C0
C0C0
C0C0
C0C0
00C0
00C0
00C0
00C0
00C0
ENDCHAR
STARTCHAR 03B8
ENCODING 952
SWIDTH 550 0
DWIDTH 13 0
BBX 11 17 1 0
BITMAP
1F00
3F80
71C0
60C0
C060
C060
C060
FFE0
FFE0
C060
C060
C060
C0E0
60C0
71C0
3F80
1F00
ENDCHAR
STARTCHAR 03B9
ENCODING 953
SWIDTH 254 0
DWIDTH 6 0
BBX 2 13 2 0
BITMAP
C0
C0
C0
C0
C0
C0
C0
C0
C0
C0
C0
C0
C0
ENDCHAR
STARTCHAR 03BA
ENCODING 954
SWIDTH 508 0
DWIDTH 12 0
BBX 9 13 2 0
BITMAP
C180
C300
C600
CC00
D800
F000
F800
D800
CC00
C600
C300
C300
C180
ENDCHAR
STARTCHAR 03BB
ENCODING 955
SWIDTH 508 0
DWIDTH 12 0
BBX 11 17 0 0
BITMAP
1800
1800
0C00
0C00
0C00
0600
0E00
0F00
1B00
1B00
3180
3180
71C0
60C0
60C0
C060
C060
ENDCHAR
STARTCHAR 03BC
ENCODING 956
SWIDTH 592 0
DWIDTH 14 0
BBX 10 18 2 -5
BITMAP
C0C0
C0C0
C0C0
C0C0
C0C0
C0C0
C0C0
C0C0
C0C0
C1C0
E1C0
FFC0
DEC0
C000
C000
C000
C000
C000
ENDCHAR
STARTCHAR 03BD
ENCODING 957
SWIDTH 465 0
DWIDTH 11 0
BBX 11 13 0 0
BITMAP
C060
C060
60C0
60C0
60C0
3180
3180
1B00
1B00
1B00
0E00
0E00
0400
ENDCHAR
STARTCHAR 03BE
ENCODING 958
SWIDTH 465 0
DWIDTH 11 0
BBX 9 22 1 -5
BITMAP
1F00
3F00
7000
6000
7000
3F00
0F00
3800
7000
6000
C000
C000
C000
C000
6000
7E00
1F00
0180
0180
0380
0F00
0E00
ENDCHAR
STARTCHAR 03BF
ENCODING 959
SWIDTH 550 0
DWIDTH 13 0
BBX 11 13 1 0
BITMAP
1F00
3F80
71C0
E0E0
C060
C060
C060
C060
C060
E0E0
71C0
3F80
1F00
ENDCHAR
STARTCHAR 03C0
ENCODING 960
SWIDTH 720 0
DWIDTH 17 0
BBX 16 13 0 0
BITMAP
FFFF
FFFF
1818
1818
1818
1818
1818
1818
1818
1818
1818
1818
1818
ENDCHAR
STARTCHAR 03C1
ENCODING 961
SWIDTH 592 0
DWIDTH 14 0
BBX 11 18 2 -5
BITMAP
1F00
3F80
71C0
E0C0
C060
C060
C060
C060
C060
E0E0
F1C0
FF80
DF00
C000
C000
C000
C000
C000
ENDCHAR
STARTCHAR 03C2
ENCODING 962
SWIDTH 508 0
DWIDTH 12 0
BBX 11 18 1 -5
BITMAP
07E0
1FE0
3800
7000
6000
C000
C000
C000
C000
E000
7000
3F00
0F80
01C0
00C0
01C0
0F80
0F00
ENDCHAR
STARTCHAR 03C3
ENCODING 963
SWIDTH 635 0
DWIDTH 15 0
BBX 13 13 1 0
BITMAP
1FF8
3FF8
70E0
E060
C030
C030
C030
C030
C030
E070
70E0
3FC0
1F80
ENDCHAR
STARTCHAR 03C4
ENCODING 964
SWIDTH 381 0
DWIDTH 9 0
BBX 6 13 1 0
BITMAP
FC
FC
30
30
30
30
30
30
30
30
30
30
30
ENDCHAR
STARTCHAR 03C5
ENCODING 965
SWIDTH 592 0
DWIDTH 14 0
BBX 10 13 2 0
BITMAP
C0C0
C0C0
C0C0
C0C0
C0C0
C0C0
C0C0
C0C0
C0C0
C0C0
6180
7F80
1E00
ENDCHAR
STARTCHAR 03C6
ENCODING 966
SWIDTH 677 0
DWIDTH 16 0
BBX 14 18 1 -5
BITMAP
19E0
3BF0
7318
E30C
C30C
C30C
C30C
C30C
E31C
6318
7B70
3FE0
0FC0
0300
0300
0300
0300
0300
ENDCHAR
STARTCHAR 03C7
ENCODING 967
SWIDTH 550 0
DWIDTH 13 0
BBX 11 18 1 -5
BITMAP
C060
C0E0
60C0
71C0
3180
3B00
1B00
0E00
0E00
0E00
0E00
1B00
1B80
3180
71C0
60C0
E060
C060
ENDCHAR
STARTCHAR 03C8
ENCODING 968
SWIDTH 762 0
DWIDTH 18 0
BBX 14 18 2 -5
BITMAP
C30C
C30C
C30C
C30C
C30C
C30C
C30C
C30C
C30C
E31C
7338
3FF0
1FE0
0300
0300
0300
0300
0300
ENDCHAR
STARTCHAR 03C9
ENCODING 969
SWIDTH 762 0
DWIDTH 18 0
BBX 16 13 1 0
BITMAP
300C
6006
6006
E187
C183
C183
C183
C183
C183
E187
63C6
7E7E
3C3C
ENDCHAR
STARTCHAR 03CA
ENCODING 970
SWIDTH 254 0
DWIDTH 6 0
BBX 6 16 0 0
BITMAP
CC
CC
00
30
30
30
30
30
30
30
30
30
30
30
30
30
ENDCHAR
STARTCHAR 03CB
ENCODING 971
SWIDTH 592 0
DWIDTH 14 0
BBX 10 16 2 0
BITMAP
3300
3300
0000
C0C0
C0C0
C0C0
C0C0
C0C0
C0C0
C0C0
C0C0
C0C0
C0C0
6180
7F80
1E00
ENDCHAR
STARTCHAR 03CC
ENCODING 972
SWIDTH 550 0
DWIDTH 13 0
BBX 11 17 1 0
BITMAP
0700
0600
0C00
0000
1F00
3F80
71C0
E0E0
C060
C060
C060
C060
C060
E0E0
71C0
3F80
1F00
ENDCHAR
STARTCHAR 03CD
ENCODING 973
SWIDTH 592 0
DWIDTH 14 0
BBX 10 17 2 0
BITMAP
0700
0600
0C00
0000
C0C0
C0C0
C0C0
C0C0
C0C0
C0C0
C0C0
C0C0
C0C0
C0C0
6180
7F80
1E00
ENDCHAR
STARTCHAR 03CE
ENCODING 974
SWIDTH 762 0
DWIDTH 18 0
BBX 16 17 1 0
BITMAP
00E0
00C0
0180
0000
300C
6006
6006
E187
C183
C183
C183
C183
C183
E187
63C6
7E7E
3C3C
ENDCHAR
STARTCHAR 0401
ENCODING 1025
SWIDTH 677 0
DWIDTH 16 0
BBX 13 20 2 0
BITMAP
1980
1980
0000
FFF8
FFF8
C000
C000
C000
C000
C000
FFF0
FFF0
C000
C000
C000
C000
C000
C000
FFF8
FFF8
ENDCHAR
STARTCHAR 0402
ENCODING 1026
SWIDTH 889 0
DWIDTH 21 0
BBX 19 17 1 0
BITMAP
FFFC00
FFFC00
030000
030000
030000
030000
033F00
03FF80
03C1C0
0300E0
030060
030060
030060
0300E0
0311C0
031F80
030F00
ENDCHAR
STARTCHAR 0403
ENCODING 1027
SWIDTH 550 0
DWIDTH 13 0
BBX 11 21 2 0
BITMAP
0700
0600
0C00
0000
FFE0
FFE0
C000
C000
C000
C000
C000
C000
C000
C000
C000
C000
C000
C000
C000
C000
C000
ENDCHAR
STARTCHAR 0404
ENCODING 1028
SWIDTH 720 0
DWIDTH 17 0
BBX 15 17 1 0
BITMAP
07E0
1FF8
383C
700C
600E
C004
C000
FF80
FF80
C000
C000
C004
600E
700C
383C
1FF8
07E0
ENDCHAR
STARTCHAR 0405
ENCODING 1029
SWIDTH 677 0
DWIDTH 16 0
BBX 14 17 1 0
BITMAP
0FC0
3FF0
3038
601C
600C
6000
3800
3FC0
0FF0
0078
001C
C00C
C00C
601C
7838
3FF0
0FC0
ENDCHAR
STARTCHAR 0406
ENCODING 1030
SWIDTH 254 0
DWIDTH 6 0
BBX 2 17 2 0
BITMAP
C0
C0
C0
C0
C0
C0
C0
C0
C0
C0
C0
C0
C0
C0
C0
C0
C0
ENDCHAR
STARTCHAR 0407
ENCODING 1031
SWIDTH 254 0
DWIDTH 6 0
BBX 6 20 0 0
BITMAP
CC
CC
00
30
30
30
30
30
30
30
30
30
30
30
30
30
30
30
30
30
ENDCHAR
STARTCHAR 0408
ENCODING 1032
SWIDTH 508 0
DWIDTH 12 0
BBX 9 17 1 0
BITMAP
0180
0180
0180
0180
0180
0180
0180
0180
0180
0180
0180
0180
C180
C180
E380
7F00
3E00
ENDCHAR
STARTCHAR 0409
ENCODING 1033
SWIDTH 1058 0
DWIDTH 25 0
BBX 24 17 0 0
BITMAP
1FFC00
1FFC00
180C00
180C00
180C00
180C00
180C00
180FF8
180FFE
180C06
180C03
180C03
180C03
180C03
380C06
F00FFE
600FF8
ENDCHAR
STARTCHAR 040A
ENCODING 1034
SWIDTH 1016 0
DWIDTH 24 0
BBX 21 17 2 0
BITMAP
C06000
C06000
C06000
C06000
C06000
C06000
C06000
FFFFC0
FFFFF0
C06030
C06018
C06018
C06018
C06018
C06030
C07FF0
C07FC0
ENDCHAR
STARTCHAR 040B
ENCODING 1035
SWIDTH 931 0
DWIDTH 22 0
BBX 19 17 1 0
BITMAP
FFFC00
FFFC00
030000
030000
030000
030000
033F00
03FFC0
03C1C0
0300E0
030060
030060
030060
030060
030060
030060
030060
ENDCHAR
STARTCHAR 040C
ENCODING 1036
SWIDTH 592 0
DWIDTH 14 0
BBX 12 21 2 0
BITMAP
0380
0300
0600
0000
C070
C0F0
C180
C380
C300
C300
C600
FE00
F800
CE00
C700
C300
C180
C0C0
C0C0
C060
C070
ENDCHAR
STARTCHAR 040E
ENCODING 1038
SWIDTH 635 0
DWIDTH 15 0
BBX 13 21 1 0
BITMAP
1040
18C0
0F80
0000
C018
C018
6030
6030
3060
3060
18C0
18C0
0D80
0D80
0700
0700
0200
0600
0600
3C00
3800
ENDCHAR
STARTCHAR 040F
ENCODING 1039
SWIDTH 720 0
DWIDTH 17 0
BBX 13 22 2 -5
BITMAP
C018
C018
C018
C018
C018
C018
C018
C018
C018
C018
C018
C018
C018
C018
C018
FFF8
FFF8
0300
0300
0300
0300
0300
ENDCHAR
STARTCHAR 0410
ENCODING 1040
SWIDTH 635 0
DWIDTH 15 0
BBX 15 17 0 0
BITMAP
0380
0380
06C0
06C0
0EE0
0C60
0C60
1830
1830
1830
3FF8
3FF8
701C
600C
600C
C006
C006
ENDCHAR
STARTCHAR 0411
ENCODING 1041
SWIDTH 677 0
DWIDTH 16 0
BBX 13 17 2 0
BITMAP
FFE0
FFE0
C000
C000
C000
C000
C000
FFC0
FFF0
C070
C018
C018
C018
C018
C030
FFF0
FFC0
ENDCHAR
STARTCHAR 0412
ENCODING 1042
SWIDTH 677 0
DWIDTH 16 0
BBX 13 17 2 0
BITMAP
FF80
FFE0
C070
C030
C030
C030
C060
FFE0
FFE0
C070
C038
C018
C018
C018
C030
FFF0
FFC0
ENDCHAR
STARTCHAR 0413
ENCODING 1043
SWIDTH 550 0
DWIDTH 13 0
BBX 11 17 2 0
BITMAP
FFE0
FFE0
C000
C000
C000
C000
C000
C000
C000
C000
C000
C000
C000
C000
C000
C000
C000
ENDCHAR
STARTCHAR 0414
ENCODING 1044
SWIDTH 677 0
DWIDTH 16 0
BBX 16 21 0 -4
BITMAP
0FFC
0FFC
0C0C
0C0C
0C0C
0C0C
0C0C
0C0C
080C
180C
180C
180C
100C
300C
600C
FFFF
FFFF
C003
C003
C003
C003
ENDCHAR
STARTCHAR 0415
ENCODING 1045
SWIDTH 677 0
DWIDTH 16 0
BBX 13 17 2 0
BITMAP
FFF8
FFF8
C000
C000
C000
C000
C000
FFF0
FFF0
C000
C000
C000
C000
C000
C000
FFF8
FFF8
ENDCHAR
STARTCHAR 0416
ENCODING 1046
SWIDTH 931 0
DWIDTH 22 0
BBX 22 17 0 0
BITMAP
E0301C
F0303C
183060
1830E0
0C30C0
0C31C0
063180
03FF00
03FF00
073380
0E31C0
1C30E0
183060
303030
303030
603018
E0301C
ENDCHAR
STARTCHAR 0417
ENCODING 1047
SWIDTH 635 0
DWIDTH 15 0
BBX 13 17 1 0
BITMAP
1F80
3FE0
7060
E030
C030
4030
0060
07C0
07E0
0070
0038
4018
E018
6038
7870
3FE0
0FC0
ENDCHAR
STARTCHAR 0418
ENCODING 1048
SWIDTH 720 0
DWIDTH 17 0
BBX 13 17 2 0
BITMAP
C018
C038
C078
C078
C0D8
C1D8
C198
C318
C718
C618
CC18
DC18
D818
F018
F018
E018
C018
ENDCHAR
STARTCHAR 0419
ENCODING 1049
SWIDTH 720 0
DWIDTH 17 0
BBX 13 21 2 0
BITMAP
1040
18C0
0F80
0000
C018
C038
C078
C078
C0D8
C1D8
C198
C318
C718
C618
CC18
DC18
D818
F018
F018
E018
C018
ENDCHAR
STARTCHAR 041A
ENCODING 1050
SWIDTH 592 0
DWIDTH 14 0
BBX 12 17 2 0
BITMAP
C070
C0F0
C180
C380
C300
C300
C600
FE00
F800
CE00
C700
C300
C180
C0C0
C0C0
C060
C070
ENDCHAR
STARTCHAR 041B
ENCODING 1051
SWIDTH 677 0
DWIDTH 16 0
BBX 14 17 0 0
BITMAP
1FFC
1FFC
180C
180C
180C
180C
180C
180C
180C
180C
180C
180C
180C
180C
380C
F00C
600C
ENDCHAR
STARTCHAR 041C
ENCODING 1052
SWIDTH 804 0
DWIDTH 19 0
BBX 15 17 2 0
BITMAP
E00E
F01E
F01E
F01E
D836
D836
D836
C826
CC66
CC66
CC66
C6C6
C6C6
C6C6
C286
C386
C386
ENDCHAR
STARTCHAR 041D
ENCODING 1053
SWIDTH 720 0
DWIDTH 17 0
BBX 13 17 2 0
BITMAP
C018
C018
C018
C018
C018
C018
C018
FFF8
FFF8
C018
C018
C018
C018
C018
C018
C018
C018
ENDCHAR
STARTCHAR 041E
ENCODING 1054
SWIDTH 804 0
DWIDTH 19 0
BBX 17 17 1 0
BITMAP
07F000
1FFC00
3C1E00
700700
600300
E00300
C00180
C00180
C00180
C00180
C00180
E00380
600300
700700
3C1E00
1FFC00
07F000
ENDCHAR
STARTCHAR 041F
ENCODING 1055
SWIDTH 720 0
DWIDTH 17 0
BBX 13 17 2 0
BITMAP
FFF8
FFF8
C018
C018
C018
C018
C018
C018
C018
C018
C018
C018
C018
C018
C018
C018
C018
ENDCHAR
STARTCHAR 0420
ENCODING 1056
SWIDTH 677 0
DWIDTH 16 0
BBX 13 17 2 0
BITMAP
FFC0
FFF0
C030
C018
C018
C018
C018
C030
FFF0
FFC0
C000
C000
C000
C000
C000
C000
C000
ENDCHAR
STARTCHAR 0421
ENCODING 1057
SWIDTH 720 0
DWIDTH 17 0
BBX 15 17 1 0
BITMAP
07E0
1FF8
381C
700C
6006
E000
C000
C000
C000
C000
C000
C006
6006
700C
381C
1FF8
07E0
ENDCHAR
STARTCHAR 0422
ENCODING 1058
SWIDTH 592 0
DWIDTH 14 0
BBX 14 17 0 0
BITMAP
FFFC
FFFC
0300
0300
0300
0300
0300
0300
0300
0300
0300
0300
0300
0300
0300
0300
0300
ENDCHAR
STARTCHAR 0423
ENCODING 1059
SWIDTH 635 0
DWIDTH 15 0
BBX 13 17 1 0
BITMAP
C018
C018
6030
6030
3060
3060
18C0
18C0
0D80
0D80
0700
0700
0200
0600
0600
3C00
3800
ENDCHAR
STARTCHAR 0424
ENCODING 1060
SWIDTH 762 0
DWIDTH 18 0
BBX 16 17 1 0
BITMAP
0180
0180
0FF0
3FFC
799E
6186
C183
C183
C183
C183
C183
6186
799E
3FFC
0FF0
0180
0180
ENDCHAR
STARTCHAR 0425
ENCODING 1061
SWIDTH 635 0
DWIDTH 15 0
BBX 15 17 0 0
BITMAP
701C
3838
1870
1C70
0EE0
06C0
07C0
0380
0380
06C0
0EC0
0EE0
1C70
3838
3818
701C
E00E
ENDCHAR
STARTCHAR 0426
ENCODING 1062
SWIDTH 762 0
DWIDTH 18 0
BBX 15 22 2 -5
BITMAP
C018
C018
C018
C018
C018
C018
C018
C018
C018
C018
C018
C018
C018
C018
C018
FFFE
FFFE
0006
0006
0006
0006
0006
ENDCHAR
STARTCHAR 0427
ENCODING 1063
SWIDTH 677 0
DWIDTH 16 0
BBX 12 17 2 0
BITMAP
C030
C030
C030
C030
C030
C030
C030
C030
6070
7FF0
1F30
0030
0030
0030
0030
0030
0030
ENDCHAR
STARTCHAR 0428
ENCODING 1064
SWIDTH 931 0
DWIDTH 22 0
BBX 20 17 1 0
BITMAP
C06030
C06030
C06030
C06030
C06030
C06030
C06030
C06030
C06030
C06030
C06030
C06030
C06030
C06030
C06030
FFFFF0
FFFFF0
ENDCHAR
STARTCHAR 0429
ENCODING 1065
SWIDTH 974 0
DWIDTH 23 0
BBX 22 22 1 -5
BITMAP
C06030
C06030
C06030
C06030
C06030
C06030
C06030
C06030
C06030
C06030
C06030
C06030
C06030
C06030
C06030
FFFFFC
FFFFFC
00000C
00000C
00000C
00000C
00000C
ENDCHAR
STARTCHAR 042A
ENCODING 1066
SWIDTH 804 0
DWIDTH 19 0
BBX 18 17 0 0
BITMAP
FE0000
FE0000
060000
060000
060000
060000
060000
07FE00
07FF80
060180
0600C0
0600C0
0600C0
0600C0
060180
07FF80
07FE00
ENDCHAR
STARTCHAR 042B
ENCODING 1067
SWIDTH 889 0
DWIDTH 21 0
BBX 17 17 2 0
BITMAP
C00180
C00180
C00180
C00180
C00180
C00180
C00180
FFC180
FFF180
C07180
C01980
C01980
C01980
C01980
C03180
FFF180
FFC180
ENDCHAR
STARTCHAR 042C
ENCODING 1068
SWIDTH 677 0
DWIDTH 16 0
BBX 13 17 2 0
BITMAP
C000
C000
C000
C000
C000
C000
C000
FFC0
FFF0
C030
C018
C018
C018
C018
C030
FFF0
FFC0
ENDCHAR
STARTCHAR 042D
ENCODING 1069
SWIDTH 720 0
DWIDTH 17 0
BBX 15 17 1 0
BITMAP
0FC0
3FF0
7838
601C
E00C
4006
0006
03FE
03FE
0006
0006
400E
E00C
601C
7838
3FF0
0FC0
ENDCHAR
STARTCHAR 042E
ENCODING 1070
SWIDTH 1016 0
DWIDTH 24 0
BBX 21 17 2 0
BITMAP
C03F00
C0FFC0
C1C0E0
C38070
C30030
C70038
C60018
C60018
FE0018
FE0018
C60018
C60038
C30030
C38070
C1C0E0
C0FFC0
C03F00
ENDCHAR
STARTCHAR 042F
ENCODING 1071
SWIDTH 720 0
DWIDTH 17 0
BBX 14 17 1 0
BITMAP
1FFC
3FFC
700C
600C
600C
600C
700C
3FFC
0FFC
070C
0E0C
1C0C
1C0C
380C
300C
700C
E00C
ENDCHAR
STARTCHAR 0430
ENCODING 1072
SWIDTH 550 0
DWIDTH 13 0
BBX 11 13 1 0
BITMAP
1F00
7F80
E1C0
C0C0
00C0
07C0
3FC0
78C0
C0C0
C1C0
E3C0
7FC0
3C60
ENDCHAR
STARTCHAR 0431
ENCODING 1073
SWIDTH 592 0
DWIDTH 14 0
BBX 12 17 1 0
BITMAP
0FF0
3FE0
6000
4000
CF80
FFC0
F0E0
E060
C030
C030
C030
C030
C030
6060
70E0
3FC0
1F80
ENDCHAR
STARTCHAR 0432
ENCODING 1074
SWIDTH 550 0
DWIDTH 13 0
BBX 10 13 2 0
BITMAP
FE00
FF00
C180
C180
C380
FF00
FF80
C1C0
C0C0
C0C0
C1C0
FF80
FF00
ENDCHAR
STARTCHAR 0433
ENCODING 1075
SWIDTH 381 0
DWIDTH 9 0
BBX 7 13 2 0
BITMAP
FE
FE
C0
C0
C0
C0
C0
C0
C0
C0
C0
C0
C0
ENDCHAR
STARTCHAR 0434
ENCODING 1076
SWIDTH 592 0
DWIDTH 14 0
BBX 13 17 0 -4
BITMAP
1FE0
1FE0
1860
1860
1860
1860
1860
3060
3060
3060
6060
FFF8
FFF8
C018
C018
C018
C018
ENDCHAR
STARTCHAR 0435
ENCODING 1077
SWIDTH 550 0
DWIDTH 13 0
BBX 11 13 1 0
BITMAP
1F00
3F80
71C0
C0E0
C060
FFE0
FFE0
C000
C000
E060
71C0
3F80
1F00
ENDCHAR
STARTCHAR 0436
ENCODING 1078
SWIDTH 677 0
DWIDTH 16 0
BBX 16 13 -1 0
BITMAP
718E
718E
1998
1998
1DB8
0DB0
07E0
0DB0
1998
318C
718E
6186
C183
ENDCHAR
STARTCHAR 0437
ENCODING 1079
SWIDTH 465 0
DWIDTH 11 0
BBX 9 13 1 0
BITMAP
3E00
7F00
6380
C180
0180
0F00
0F00
0380
0180
C180
E380
7F00
3E00
ENDCHAR
STARTCHAR 0438
ENCODING 1080
SWIDTH 550 0
DWIDTH 13 0
BBX 10 13 2 0
BITMAP
C1C0
C1C0
C3C0
C3C0
C6C0
CEC0
CCC0
DCC0
D8C0
F0C0
F0C0
E0C0
E0C0
ENDCHAR
STARTCHAR 0439
ENCODING 1081
SWIDTH 550 0
DWIDTH 13 0
BBX 10 17 2 0
BITMAP
2080
3180
1F00
0000
C1C0
C1C0
C3C0
C3C0
C6C0
CEC0
CCC0
DCC0
D8C0
F0C0
F0C0
E0C0
E0C0
ENDCHAR
STARTCHAR 043A
ENCODING 1082
SWIDTH 465 0
DWIDTH 11 0
BBX 9 13 2 0
BITMAP
C300
C700
C400
CC00
CC00
D800
F000
D800
CC00
C600
C700
C300
C180
ENDCHAR
STARTCHAR 043B
ENCODING 1083
SWIDTH 592 0
DWIDTH 14 0
BBX 12 13 0 0
BITMAP
3FF0
3FF0
3030
3030
3030
3030
3030
3030
3030
3030
3030
F030
E030
ENDCHAR
STARTCHAR 043C
ENCODING 1084
SWIDTH 720 0
DWIDTH 17 0
BBX 13 13 2 0
BITMAP
E038
F078
F078
F078
D8D8
D8D8
D8D8
CD98
CD98
CD98
CF18
C718
C718
ENDCHAR
STARTCHAR 043D
ENCODING 1085
SWIDTH 550 0
DWIDTH 13 0
BBX 11 13 1 0
BITMAP
C060
C060
C060
C060
C060
FFE0
FFE0
C060
C060
C060
C060
C060
C060
ENDCHAR
STARTCHAR 043E
ENCODING 1086
SWIDTH 550 0
DWIDTH 13 0
BBX 11 13 1 0
BITMAP
1F00
3F80
71C0
E0E0
C060
C060
C060
C060
C060
E0E0
71C0
3F80
1F00
ENDCHAR
STARTCHAR 043F
ENCODING 1087
SWIDTH 550 0
DWIDTH 13 0
BBX 10 13 2 0
BITMAP
FFC0
FFC0
C0C0
C0C0
C0C0
C0C0
C0C0
C0C0
C0C0
C0C0
C0C0
C0C0
C0C0
ENDCHAR
STARTCHAR 0440
ENCODING 1088
SWIDTH 592 0
DWIDTH 14 0
BBX 11 18 2 -5
BITMAP
CF00
DF80
F1C0
E0C0
C060
C060
C060
C060
C060
E0C0
F1C0
DF80
CF00
C000
C000
C000
C000
C000
ENDCHAR
STARTCHAR 0441
ENCODING 1089
SWIDTH 508 0
DWIDTH 12 0
BBX 10 13 1 0
BITMAP
1F00
3F80
71C0
E0C0
C000
C000
C000
C000
C000
E0C0
61C0
3F80
1F00
ENDCHAR
STARTCHAR 0442
ENCODING 1090
SWIDTH 465 0
DWIDTH 11 0
BBX 10 13 0 0
BITMAP
FFC0
FFC0
0C00
0C00
0C00
0C00
0C00
0C00
0C00
0C00
0C00
0C00
0C00
ENDCHAR
STARTCHAR 0443
ENCODING 1091
SWIDTH 508 0
DWIDTH 12 0
BBX 10 18 1 -5
BITMAP
C0C0
C0C0
C180
6180
6180
6380
3300
3300
1B00
1E00
1E00
0E00
0C00
0C00
0C00
1800
7800
7000
ENDCHAR
STARTCHAR 0444
ENCODING 1092
SWIDTH 847 0
DWIDTH 20 0
BBX 18 22 1 -5
BITMAP
00C000
00C000
00C000
00C000
1EDE00
3FFF00
71E380
E1E1C0
C0C0C0
C0C0C0
C0C0C0
C0C0C0
C0C0C0
E0C1C0
71E380
3FFF00
1EDE00
00C000
00C000
00C000
00C000
00C000
ENDCHAR
STARTCHAR 0445
ENCODING 1093
SWIDTH 465 0
DWIDTH 11 0
BBX 11 13 0 0
BITMAP
E060
60C0
31C0
3980
1B00
0E00
0E00
0E00
1B00
3B80
3180
60C0
E0E0
ENDCHAR
STARTCHAR 0446
ENCODING 1094
SWIDTH 592 0
DWIDTH 14 0
BBX 11 18 2 -5
BITMAP
C0C0
C0C0
C0C0
C0C0
C0C0
C0C0
C0C0
C0C0
C0C0
C0C0
C0C0
FFE0
FFE0
0060
0060
0060
0060
0060
ENDCHAR
STARTCHAR 0447
ENCODING 1095
SWIDTH 550 0
DWIDTH 13 0
BBX 10 13 1 0
BITMAP
C0C0
C0C0
C0C0
C0C0
C0C0
C0C0
E1C0
7FC0
3EC0
00C0
00C0
00C0
00C0
ENDCHAR
STARTCHAR 0448
ENCODING 1096
SWIDTH 804 0
DWIDTH 19 0
BBX 16 13 2 0
BITMAP
C183
C183
C183
C183
C183
C183
C183
C183
C183
C183
C183
FFFF
FFFF
ENDCHAR
STARTCHAR 0449
ENCODING 1097
SWIDTH 847 0
DWIDTH 20 0
BBX 17 18 2 -5
BITMAP
C18300
C18300
C18300
C18300
C18300
C18300
C18300
C18300
C18300
C18300
C18300
FFFF80
FFFF80
000180
000180
000180
000180
000180
ENDCHAR
STARTCHAR 044A
ENCODING 1098
SWIDTH 635 0
DWIDTH 15 0
BBX 13 13 1 0
BITMAP
F800
F800
1800
1800
1800
1FE0
1FF0
1838
1818
1818
1838
1FF0
1FE0
ENDCHAR
STARTCHAR 044B
ENCODING 1099
SWIDTH 720 0
DWIDTH 17 0
BBX 13 13 2 0
BITMAP
C018
C018
C018
C018
C018
FE18
FF98
C1D8
C0D8
C0D8
C1D8
FF98
FF18
ENDCHAR
STARTCHAR 044C
ENCODING 1100
SWIDTH 550 0
DWIDTH 13 0
BBX 10 13 2 0
BITMAP
C000
C000
C000
C000
C000
FE00
FF80
C1C0
C0C0
C0C0
C1C0
FF80
FF00
ENDCHAR
STARTCHAR 044D
ENCODING 1101
SWIDTH 508 0
DWIDTH 12 0
BBX 10 13 1 0
BITMAP
3E00
7F00
E180
C1C0
00C0
0FC0
0FC0
00C0
C0C0
C1C0
6380
7F80
1E00
ENDCHAR
STARTCHAR 044E
ENCODING 1102
SWIDTH 762 0
DWIDTH 18 0
BBX 15 13 2 0
BITMAP
C1F0
C3F8
C71C
CE0E
CC06
FC06
FC06
CC06
CC06
CE0E
C71C
C3F8
C1F0
ENDCHAR
STARTCHAR 044F
ENCODING 1103
SWIDTH 550 0
DWIDTH 13 0
BBX 10 13 1 0
BITMAP
3FC0
7FC0
E0C0
C0C0
C0C0
E0C0
7FC0
0FC0
38C0
30C0
60C0
E0C0
C0C0
ENDCHAR
STARTCHAR 0451
ENCODING 1105
SWIDTH 550 0
DWIDTH 13 0
BBX 11 16 1 0
BITMAP
1980
1980
0000
1F00
3F80
71C0
C0E0
C060
FFE0
FFE0
C000
C000
E060
71C0
3F80
1F00
ENDCHAR
STARTCHAR 0452
ENCODING 1106
SWIDTH 592 0
DWIDTH 14 0
BBX 12 22 0 -5
BITMAP
3000
FF00
FF00
3000
33C0
3FE0
3C70
3830
3030
3030
3030
3030
3030
3030
3030
3030
3030
0030
0030
0030
01F0
01E0
ENDCHAR
STARTCHAR 0453
ENCODING 1107
SWIDTH 381 0
DWIDTH 9 0
BBX 7 17 2 0
BITMAP
1C
18
30
00
FE
FE
C0
C0
C0
C0
C0
C0
C0
C0
C0
C0
C0
ENDCHAR
STARTCHAR 0454
ENCODING 1108
SWIDTH 508 0
DWIDTH 12 0
BBX 10 13 1 0
BITMAP
1F00
3F80
61C0
E0C0
C000
FC00
FC00
C000
C0C0
E0C0
6180
7F80
1E00
ENDCHAR
STARTCHAR 0455
ENCODING 1109
SWIDTH 508 0
DWIDTH 12 0
BBX 10 13 1 0
BITMAP
3F00
7F80
E1C0
C0C0
E000
7E00
3F80
07C0
00C0
C0C0
E1C0
7F80
3F00
ENDCHAR
STARTCHAR 0456
ENCODING 1110
SWIDTH 211 0
DWIDTH 5 0
BBX 2 17 2 0
BITMAP
C0
C0
00
00
C0
C0
C0
C0
C0
C0
C0
C0
C0
C0
C0
C0
C0
ENDCHAR
STARTCHAR 0457
ENCODING 1111
SWIDTH 254 0
DWIDTH 6 0
BBX 6 16 0 0
BITMAP
CC
CC
00
30
30
30
30
30
30
30
30
30
30
30
30
30
ENDCHAR
STARTCHAR 0458
ENCODING 1112
SWIDTH 254 0
DWIDTH 6 0
BBX 5 22 -1 -5
BITMAP
18
18
00
00
18
18
18
18
18
18
18
18
18
18
18
18
18
18
18
18
F8
F0
ENDCHAR
STARTCHAR 0459
ENCODING 1113
SWIDTH 931 0
DWIDTH 22 0
BBX 21 13 0 0
BITMAP
1FF800
1FF800
181800
181800
181800
181FE0
181FF0
181838
181818
181818
181838
F81FF0
F01FE0
ENDCHAR
STARTCHAR 045A
ENCODING 1114
SWIDTH 847 0
DWIDTH 20 0
BBX 17 13 2 0
BITMAP
C18000
C18000
C18000
C18000
C18000
FFFC00
FFFF00
C18380
C18180
C18180
C18380
C1FF00
C1FE00
ENDCHAR
STARTCHAR 045B
ENCODING 1115
SWIDTH 592 0
DWIDTH 14 0
BBX 12 17 0 0
BITMAP
3000
FF00
FF00
3000
33C0
3FE0
3C70
3830
3030
3030
3030
3030
3030
3030
3030
3030
3030
ENDCHAR
STARTCHAR 045C
ENCODING 1116
SWIDTH 465 0
DWIDTH 11 0
BBX 9 17 2 0
BITMAP
1C00
1800
3000
0000
C300
C700
C400
CC00
CC00
D800
F000
D800
CC00
C600
C700
C300
C180
ENDCHAR
STARTCHAR 045E
ENCODING 1118
SWIDTH 508 0
DWIDTH 12 0
BBX 10 22 1 -5
BITMAP
2080
3180
1F00
0000
C0C0
C0C0
C180
6180
6180
6380
3300
3300
1B00
1E00
1E00
0E00
0C00
0C00
0C00
1800
7800
7000
ENDCHAR
STARTCHAR 045F
ENCODING 1119
SWIDTH 550 0
DWIDTH 13 0
BBX 10 18 2 -5
BITMAP
C0C0
C0C0
C0C0
C0C0
C0C0
C0C0
C0C0
C0C0
C0C0
C0C0
C0C0
FFC0
FFC0
0C00
0C00
0C00
0C00
0C00
ENDCHAR
STARTCHAR 0490
ENCODING 1168
SWIDTH 508 0
DWIDTH 12 0
BBX 9 22 2 0
BITMAP
0180
0180
0180
0180
0180
FF80
FF80
C000
C000
C000
C000
C000
C000
C000
C000
C000
C000
C000
C000
C000
C000
C000
ENDCHAR
STARTCHAR 0491
ENCODING 1169
SWIDTH 423 0
DWIDTH 10 0
BBX 7 17 2 0
BITMAP
06
06
06
06
FE
FE
C0
C0
C0
C0
C0
C0
C0
C0
C0
C0
C0
ENDCHAR
STARTCHAR 0492
ENCODING 1170
SWIDTH 550 0
DWIDTH 13 0
BBX 13 17 0 0
BITMAP
3FF8
3FF8
3000
3000
3000
3000
3000
FF80
FF80
3000
3000
3000
3000
3000
3000
3000
3000
ENDCHAR
STARTCHAR 0493
ENCODING 1171
SWIDTH 381 0
DWIDTH 9 0
BBX 8 13 1 0
BITMAP
7F
7F
60
60
60
FC
FC
60
60
60
60
60
60
ENDCHAR
STARTCHAR 0496
ENCODING 1174
SWIDTH 931 0
DWIDTH 22 0
BBX 22 22 0 -5
BITMAP
E0301C
F0303C
183060
1830E0
0C30C0
0C30C0
063180
03FF00
03FF00
073380
0E30C0
1C3060
183060
303030
303038
60301C
E0300C
00000C
00000C
00000C
00000C
00000C
ENDCHAR
STARTCHAR 0497
ENCODING 1175
SWIDTH 677 0
DWIDTH 16 0
BBX 16 17 0 -4
BITMAP
E187
F18F
318C
399C
1998
0FF0
0FF0
1D98
199C
318C
7186
6187
C183
0003
0003
0003
0003
ENDCHAR
STARTCHAR 049A
ENCODING 1178
SWIDTH 592 0
DWIDTH 14 0
BBX 12 22 2 -5
BITMAP
C070
C0F0
C180
C380
C300
C700
CE00
FC00
FC00
CE00
C300
C380
C180
C0C0
C0C0
C070
C070
0030
0030
0030
0030
0030
ENDCHAR
STARTCHAR 049B
ENCODING 1179
SWIDTH 465 0
DWIDTH 11 0
BBX 9 17 2 -4
BITMAP
C380
C780
C600
CE00
CC00
F800
F800
CC00
C600
C600
C300
C380
C180
0180
0180
0180
0180
ENDCHAR
STARTCHAR 049C
ENCODING 1180
SWIDTH 592 0
DWIDTH 14 0
BBX 12 17 2 0
BITMAP
C0F0
C1F0
D380
D300
D600
DC00
D800
F800
F000
D800
DC00
D600
D300
D180
C0C0
C0E0
C070
ENDCHAR
STARTCHAR 049D
ENCODING 1181
SWIDTH 465 0
DWIDTH 11 0
BBX 9 13 2 0
BITMAP
C380
D780
DE00
DC00
DC00
F800
F800
DC00
DC00
D600
D600
C300
C180
ENDCHAR
STARTCHAR 04A2
ENCODING 1186
SWIDTH 720 0
DWIDTH 17 0
BBX 15 22 2 -5
BITMAP
C018
C018
C018
C018
C018
C018
C018
FFF8
FFF8
C018
C018
C018
C018
C018
C018
C01E
C01E
0006
0006
0006
0006
0006
ENDCHAR
STARTCHAR 04A3
ENCODING 1187
SWIDTH 550 0
DWIDTH 13 0
BBX 10 17 2 -4
BITMAP
C180
C180
C180
C180
C180
FF80
FF80
C180
C180
C180
C180
C1C0
C1C0
00C0
00C0
00C0
00C0
ENDCHAR
STARTCHAR 04AE
ENCODING 1198
SWIDTH 550 0
DWIDTH 13 0
BBX 14 17 0 0
BITMAP
E01C
6018
3038
3030
1860
1CE0
0CC0
07C0
0780
0300
0300
0300
0300
0300
0300
0300
0300
ENDCHAR
STARTCHAR 04AF
ENCODING 1199
SWIDTH 508 0
DWIDTH 12 0
BBX 12 18 0 -5
BITMAP
C030
6060
6060
60E0
30C0
30C0
19C0
1980
1980
0F00
0F00
0F00
0600
0600
0600
0600
0600
0600
ENDCHAR
STARTCHAR 04B0
ENCODING 1200
SWIDTH 550 0
DWIDTH 13 0
BBX 14 17 0 0
BITMAP
E01C
6018
3030
3030
1860
1CE0
0CC0
0780
7FF8
7FF8
0300
0300
0300
0300
0300
0300
0300
ENDCHAR
STARTCHAR 04B1
ENCODING 1201
SWIDTH 508 0
DWIDTH 12 0
BBX 12 18 0 -5
BITMAP
C030
6060
6060
60E0
30C0
30C0
19C0
1980
1980
0F00
0F00
0F00
0600
7FE0
7FE0
0600
0600
0600
ENDCHAR
STARTCHAR 04B2
ENCODING 1202
SWIDTH 677 0
DWIDTH 16 0
BBX 15 22 0 -5
BITMAP
700E
300C
1818
1C30
0E70
0660
03C0
0380
0380
03C0
06E0
0C60
1C30
1818
301C
600E
E006
0006
0006
0006
0006
0006
ENDCHAR
STARTCHAR 04B3
ENCODING 1203
SWIDTH 508 0
DWIDTH 12 0
BBX 11 17 1 -4
BITMAP
E0E0
60C0
3180
3B80
1B00
0E00
0E00
0F00
1B00
3980
31C0
60E0
E060
0060
0060
0060
0060
ENDCHAR
STARTCHAR 04B8
ENCODING 1208
SWIDTH 677 0
DWIDTH 16 0
BBX 12 17 2 0
BITMAP
C030
C030
C030
C030
C430
C430
C430
C430
64F0
7FF0
3F30
0430
0430
0430
0030
0030
0030
ENDCHAR
STARTCHAR 04B9
ENCODING 1209
SWIDTH 550 0
DWIDTH 13 0
BBX 10 13 1 0
BITMAP
C0C0
C0C0
C0C0
C8C0
C8C0
E8C0
7FC0
3FC0
08C0
08C0
08C0
00C0
00C0
ENDCHAR
STARTCHAR 04BA
ENCODING 1210
SWIDTH 677 0
DWIDTH 16 0
BBX 13 17 2 0
BITMAP
C000
C000
C000
C000
C000
C000
CFC0
FFF0
F070
C038
C018
C018
C018
C018
C018
C018
C018
ENDCHAR
STARTCHAR 04BB
ENCODING 1211
SWIDTH 592 0
DWIDTH 14 0
BBX 10 17 2 0
BITMAP
C000
C000
C000
C000
CF00
DF80
F1C0
E0C0
C0C0
C0C0
C0C0
C0C0
C0C0
C0C0
C0C0
C0C0
C0C0
ENDCHAR
STARTCHAR 04D8
ENCODING 1240
SWIDTH 762 0
DWIDTH 18 0
BBX 16 17 1 0
BITMAP
07E0
1FF8
381C
700E
6006
0003
0003
FFFF
FFFF
C003
C003
E007
6006
700E
381C
1FF8
07E0
ENDCHAR
STARTCHAR 04D9
ENCODING 1241
SWIDTH 550 0
DWIDTH 13 0
BBX 11 13 1 0
BITMAP
1F00
7F80
E1C0
C0E0
0060
0060
FFE0
FFE0
C060
C0C0
61C0
3F80
1F00
ENDCHAR
STARTCHAR 04E8
ENCODING 1256
SWIDTH 804 0
DWIDTH 19 0
BBX 17 17 1 0
BITMAP
07F000
1FFC00
3C1E00
700700
600300
C00180
C00180
FFFF80
FFFF80
C00180
C00180
E00380
600300
700700
3C1E00
1FFC00
07F000
ENDCHAR
STARTCHAR 04E9
ENCODING 1257
SWIDTH 550 0
DWIDTH 13 0
BBX 11 13 1 0
BITMAP
1F00
3F80
71C0
E0E0
C060
FFE0
FFE0
C060
C060
E0E0
71C0
3F80
1F00
ENDCHAR
STARTCHAR 05B0
ENCODING 1456
SWIDTH 338 0
DWIDTH 8 0
BBX 1 3 3 -5
BITMAP
80
00
80
ENDCHAR
STARTCHAR 05B1
ENCODING 1457
SWIDTH 338 0
DWIDTH 8 0
BBX 5 3 1 -5
BITMAP
A8
00
48
ENDCHAR
STARTCHAR 05B2
ENCODING 1458
SWIDTH 338 0
DWIDTH 8 0
BBX 6 3 1 -5
BITMAP
F4
00
04
ENDCHAR
STARTCHAR 05B3
ENCODING 1459
SWIDTH 338 0
DWIDTH 8 0
BBX 5 3 2 -5
BITMAP
E8
40
08
ENDCHAR
STARTCHAR 05B4
ENCODING 1460
SWIDTH 338 0
DWIDTH 8 0
BBX 1 1 3 -4
BITMAP
80
ENDCHAR
STARTCHAR 05B5
ENCODING 1461
SWIDTH 338 0
DWIDTH 8 0
BBX 3 1 2 -4
BITMAP
A0
ENDCHAR
STARTCHAR 05B6
ENCODING 1462
SWIDTH 338 0
DWIDTH 8 0
BBX 3 3 2 -5
BITMAP
A0
00
40
ENDCHAR
STARTCHAR 05B7
ENCODING 1463
SWIDTH 338 0
DWIDTH 8 0
BBX 5 1 2 -4
BITMAP
F8
ENDCHAR
STARTCHAR 05B8
ENCODING 1464
SWIDTH 338 0
DWIDTH 8 0
BBX 5 3 1 -5
BITMAP
F8
20
20
ENDCHAR
STARTCHAR 05B9
ENCODING 1465
SWIDTH 338 0
DWIDTH 8 0
BBX 1 1 3 14
BITMAP
80
ENDCHAR
STARTCHAR 05BA
ENCODING 1466
SWIDTH 338 0
DWIDTH 8 0
BBX 1 1 3 14
BITMAP
80
ENDCHAR
STARTCHAR 05BB
ENCODING 1467
SWIDTH 338 0
DWIDTH 8 0
BBX 5 3 1 -5
BITMAP
80
20
08
ENDCHAR
STARTCHAR 05BC
ENCODING 1468
SWIDTH 338 0
DWIDTH 8 0
BBX 1 1 3 7
BITMAP
80
ENDCHAR
STARTCHAR 05BD
ENCODING 1469
SWIDTH 338 0
DWIDTH 8 0
BBX 1 4 3 -5
BITMAP
80
80
80
80
ENDCHAR
STARTCHAR 05BE
ENCODING 1470
SWIDTH 381 0
DWIDTH 9 0
BBX 6 2 1 10
BITMAP
FC
FC
ENDCHAR
STARTCHAR 05BF
ENCODING 1471
SWIDTH 338 0
DWIDTH 8 0
BBX 5 1 2 15
BITMAP
F8
ENDCHAR
STARTCHAR 05C0
ENCODING 1472
SWIDTH 254 0
DWIDTH 6 0
BBX 2 15 2 0
BITMAP
C0
C0
C0
C0
C0
C0
C0
C0
C0
C0
C0
C0
C0
C0
C0
ENDCHAR
STARTCHAR 05C1
ENCODING 1473
SWIDTH 338 0
DWIDTH 8 0
BBX 1 1 9 15
BITMAP
80
ENDCHAR
STARTCHAR 05C2
ENCODING 1474
SWIDTH 338 0
DWIDTH 8 0
BBX 1 1 -2 15
BITMAP
80
ENDCHAR
STARTCHAR 05C3
ENCODING 1475
SWIDTH 296 0
DWIDTH 7 0
BBX 2 12 2 0
BITMAP
C0
C0
00
00
00
00
00
00
00
00
C0
C0
ENDCHAR
STARTCHAR 05D0
ENCODING 1488
SWIDTH 592 0
DWIDTH 14 0
BBX 13 13 1 0
BITMAP
E030
7030
3030
1870
1C60
3EE0
77C0
6380
E180
C0C0
C060
C070
C038
ENDCHAR
STARTCHAR 05D1
ENCODING 1489
SWIDTH 550 0
DWIDTH 13 0
BBX 11 13 1 0
BITMAP
FC00
FF00
0700
0380
0180
0180
0180
0180
0180
0180
0180
FFE0
FFE0
ENDCHAR
STARTCHAR 05D2
ENCODING 1490
SWIDTH 423 0
DWIDTH 10 0
BBX 8 13 1 0
BITMAP
78
7C
0E
06
06
06
06
1E
3E
76
67
C3
C3
ENDCHAR
STARTCHAR 05D3
ENCODING 1491
SWIDTH 508 0
DWIDTH 12 0
BBX 10 13 1 0
BITMAP
FFC0
FFC0
0300
0300
0300
0300
0300
0300
0300
0300
0300
0300
0300
ENDCHAR
STARTCHAR 05D4
ENCODING 1492
SWIDTH 592 0
DWIDTH 14 0
BBX 10 13 2 0
BITMAP
FE00
FF80
0380
01C0
00C0
00C0
C0C0
C0C0
C0C0
C0C0
C0C0
C0C0
C0C0
ENDCHAR
STARTCHAR 05D5
ENCODING 1493
SWIDTH 254 0
DWIDTH 6 0
BBX 2 13 2 0
BITMAP
C0
C0
C0
C0
C0
C0
C0
C0
C0
C0
C0
C0
C0
ENDCHAR
STARTCHAR 05D6
ENCODING 1494
SWIDTH 381 0
DWIDTH 9 0
BBX 7 13 1 0
BITMAP
FE
FE
38
30
60
60
60
60
60
60
60
60
60
ENDCHAR
STARTCHAR 05D7
ENCODING 1495
SWIDTH 592 0
DWIDTH 14 0
BBX 10 13 2 0
BITMAP
FE00
FF80
C180
C0C0
C0C0
C0C0
C0C0
C0C0
C0C0
C0C0
C0C0
C0C0
C0C0
ENDCHAR
STARTCHAR 05D8
ENCODING 1496
SWIDTH 592 0
DWIDTH 14 0
BBX 10 13 2 0
BITMAP
C700
CF80
C8C0
C0C0
C0C0
C0C0
C0C0
C0C0
C0C0
C0C0
6180
7F80
1E00
ENDCHAR
STARTCHAR 05D9
ENCODING 1497
SWIDTH 254 0
DWIDTH 6 0
BBX 2 6 2 7
BITMAP
C0
C0
C0
C0
C0
C0
ENDCHAR
STARTCHAR 05DA
ENCODING 1498
SWIDTH 508 0
DWIDTH 12 0
BBX 10 18 0 -5
BITMAP
FC00
FF00
0380
01C0
00C0
00C0
00C0
00C0
00C0
00C0
00C0
00C0
00C0
00C0
00C0
00C0
00C0
00C0
ENDCHAR
STARTCHAR 05DB
ENCODING 1499
SWIDTH 465 0
DWIDTH 11 0
BBX 9 13 1 0
BITMAP
F800
FE00
0700
0300
0180
0180
0180
0180
0180
0300
0700
FE00
F800
ENDCHAR
STARTCHAR 05DC
ENCODING 1500
SWIDTH 465 0
DWIDTH 11 0
BBX 9 17 1 0
BITMAP
C000
C000
C000
C000
FF80
FF80
0180
0180
0180
0180
0300
0700
0E00
0C00
0C00
0C00
0C00
ENDCHAR
STARTCHAR 05DD
ENCODING 1501
SWIDTH 592 0
DWIDTH 14 0
BBX 10 13 2 0
BITMAP
FE00
FF80
C180
C0C0
C0C0
C0C0
C0C0
C0C0
C0C0
C0C0
C0C0
FFC0
FFC0
ENDCHAR
STARTCHAR 05DE
ENCODING 1502
SWIDTH 592 0
DWIDTH 14 0
BBX 11 13 1 0
BITMAP
C780
CFC0
D8C0
7060
7060
3060
6060
6060
6060
6060
C060
C7E0
C7E0
ENDCHAR
STARTCHAR 05DF
ENCODING 1503
SWIDTH 254 0
DWIDTH 6 0
BBX 2 18 2 -5
BITMAP
C0
C0
C0
C0
C0
C0
C0
C0
C0
C0
C0
C0
C0
C0
C0
C0
C0
C0
ENDCHAR
STARTCHAR 05E0
ENCODING 1504
SWIDTH 338 0
DWIDTH 8 0
BBX 6 13 0 0
BITMAP
F0
F8
1C
0C
0C
0C
0C
0C
0C
0C
0C
FC
FC
ENDCHAR
STARTCHAR 05E1
ENCODING 1505
SWIDTH 592 0
DWIDTH 14 0
BBX 12 13 1 0
BITMAP
1F00
3FC0
70E0
6060
C030
C030
C030
C030
C030
6060
70E0
3FC0
1F80
ENDCHAR
STARTCHAR 05E2
ENCODING 1506
SWIDTH 550 0
DWIDTH 13 0
BBX 11 14 0 -1
BITMAP
6060
6060
3060
3060
3060
3060
1860
18E0
18C0
19C0
1B80
3F00
FC00
E000
ENDCHAR
STARTCHAR 05E3
ENCODING 1507
SWIDTH 592 0
DWIDTH 14 0
BBX 11 18 1 -5
BITMAP
7E00
FF80
C1C0
C0E0
C060
C060
C060
F860
7860
0060
0060
0060
0060
0060
0060
0060
0060
0060
ENDCHAR
STARTCHAR 05E4
ENCODING 1508
SWIDTH 550 0
DWIDTH 13 0
BBX 11 13 1 0
BITMAP
7E00
FF80
C1C0
C0C0
C060
C060
F860
7860
0060
00C0
43C0
FF80
7E00
ENDCHAR
STARTCHAR 05E5
ENCODING 1509
SWIDTH 465 0
DWIDTH 11 0
BBX 10 18 0 -5
BITMAP
E0C0
60C0
70C0
31C0
3980
1B80
1F00
0E00
0C00
0C00
0C00
0C00
0C00
0C00
0C00
0C00
0C00
0C00
ENDCHAR
STARTCHAR 05E6
ENCODING 1510
SWIDTH 465 0
DWIDTH 11 0
BBX 10 13 0 0
BITMAP
C0C0
60C0
70C0
30C0
3980
1B80
0E00
0C00
0600
0300
0300
FF80
FF80
ENDCHAR
STARTCHAR 05E7
ENCODING 1511
SWIDTH 550 0
DWIDTH 13 0
BBX 10 18 2 -5
BITMAP
FFC0
FFC0
00C0
00C0
00C0
00C0
C180
C380
C700
C600
C600
C600
C600
C000
C000
C000
C000
C000
ENDCHAR
STARTCHAR 05E8
ENCODING 1512
SWIDTH 508 0
DWIDTH 12 0
BBX 10 13 0 0
BITMAP
FE00
FF00
0380
01C0
00C0
00C0
00C0
00C0
00C0
00C0
00C0
00C0
00C0
ENDCHAR
STARTCHAR 05E9
ENCODING 1513
SWIDTH 720 0
DWIDTH 17 0
BBX 15 13 1 0
BITMAP
C306
C306
C306
C306
C706
CE0C
FE0C
700C
600C
6018
3838
1FF0
0FC0
ENDCHAR
STARTCHAR 05EA
ENCODING 1514
SWIDTH 635 0
DWIDTH 15 0
BBX 13 13 0 0
BITMAP
FFC0
FFF0
1870
1838
1818
1818
1818
1818
1818
1818
1818
F818
F018
ENDCHAR
STARTCHAR 05F0
ENCODING 1520
SWIDTH 508 0
DWIDTH 12 0
BBX 8 13 2 0
BITMAP
C3
C3
C3
C3
C3
C3
C3
C3
C3
C3
C3
C3
C3
ENDCHAR
STARTCHAR 05F1
ENCODING 1521
SWIDTH 508 0
DWIDTH 12 0
BBX 8 13 2 0
BITMAP
C3
C3
C3
C3
C3
C3
C3
03
03
03
03
03
03
ENDCHAR
STARTCHAR 05F2
ENCODING 1522
SWIDTH 508 0
DWIDTH 12 0
BBX 8 7 2 6
BITMAP
C3
C3
C3
C3
C3
C3
C3
ENDCHAR
STARTCHAR 05F3
ENCODING 1523
SWIDTH 254 0
DWIDTH 6 0
BBX 3 5 1 8
BITMAP
60
40
C0
C0
80
ENDCHAR
STARTCHAR 05F4
ENCODING 1524
SWIDTH 423 0
DWIDTH 10 0
BBX 7 5 1 8
BITMAP
66
44
CC
CC
88
ENDCHAR
STARTCHAR 060C
ENCODING 1548
SWIDTH 338 0
DWIDTH 8 0
BBX 4 7 2 3
BITMAP
20
40
80
80
F0
F0
70
ENDCHAR
STARTCHAR 061B
ENCODING 1563
SWIDTH 338 0
DWIDTH 8 0
BBX 4 11 2 3
BITMAP
20
40
80
80
F0
F0
70
00
70
70
70
ENDCHAR
STARTCHAR 061F
ENCODING 1567
SWIDTH 381 0
DWIDTH 9 0
BBX 7 14 1 3
BITMAP
3C
46
CE
CE
E0
E0
70
30
10
10
00
38
38
38
ENDCHAR
STARTCHAR 0621
ENCODING 1569
SWIDTH 423 0
DWIDTH 10 0
BBX 8 9 1 1
BITMAP
18
3C
48
C0
E3
FE
3C
30
40
ENDCHAR
STARTCHAR 0622
ENCODING 1570
SWIDTH 211 0
DWIDTH 5 0
BBX 5 18 1 3
BITMAP
C8
B0
00
20
20
20
20
20
20
20
20
20
20
20
20
20
20
20
ENDCHAR
STARTCHAR 0623
ENCODING 1571
SWIDTH 211 0
DWIDTH 5 0
BBX 3 18 2 3
BITMAP
60
80
60
80
00
40
40
40
40
40
40
40
40
40
40
40
40
40
ENDCHAR
STARTCHAR 0624
ENCODING 1572
SWIDTH 423 0
DWIDTH 10 0
BBX 9 17 1 -2
BITMAP
0C00
1000
0C00
1000
0000
0000
0300
0780
0580
0480
0780
0380
0080
0100
0300
8600
7C00
ENDCHAR
STARTCHAR 0625
ENCODING 1573
SWIDTH 211 0
DWIDTH 5 0
BBX 3 20 1 -2
BITMAP
20
20
20
20
20
20
20
20
20
20
20
20
20
20
20
00
60
80
60
80
ENDCHAR
STARTCHAR 0626
ENCODING 1574
SWIDTH 635 0
DWIDTH 15 0
BBX 14 14 1 -1
BITMAP
6000
8000
6018
807C
0044
2080
4100
4100
81F8
81F8
8008
C0F0
FFE0
3F80
ENDCHAR
STARTCHAR 0627
ENCODING 1575
SWIDTH 211 0
DWIDTH 5 0
BBX 1 15 3 3
BITMAP
80
80
80
80
80
80
80
80
80
80
80
80
80
80
80
ENDCHAR
STARTCHAR 0628
ENCODING 1576
SWIDTH 720 0
DWIDTH 17 0
BBX 16 13 1 -2
BITMAP
4002
8002
8003
8001
8001
E001
7FFF
3FFF
0000
0000
0080
01C0
0080
ENDCHAR
STARTCHAR 0629
ENCODING 1577
SWIDTH 296 0
DWIDTH 7 0
BBX 7 12 0 3
BITMAP
08
5C
E8
40
00
30
3C
3E
46
46
7E
7C
ENDCHAR
STARTCHAR 062A
ENCODING 1578
SWIDTH 720 0
DWIDTH 17 0
BBX 16 12 1 3
BITMAP
0040
02E0
0740
0200
4002
8002
8003
8001
8001
E001
7FFF
3FFF
ENDCHAR
STARTCHAR 062B
ENCODING 1579
SWIDTH 720 0
DWIDTH 17 0
BBX 16 14 1 3
BITMAP
0200
0700
0240
02E0
0740
0200
4002
8002
8003
8001
8001
E001
7FFF
3FFF
ENDCHAR
STARTCHAR 062C
ENCODING 1580
SWIDTH 592 0
DWIDTH 14 0
BBX 11 15 1 -5
BITMAP
7FE0
FFE0
0F00
1800
2000
4000
8200
8700
8200
8000
C000
E000
7800
3FE0
0FC0
ENDCHAR
STARTCHAR 062D
ENCODING 1581
SWIDTH 592 0
DWIDTH 14 0
BBX 11 15 1 -5
BITMAP
7FE0
FFE0
0F00
1800
2000
4000
8000
8000
8000
8000
C000
E000
7800
3FE0
0FC0
ENDCHAR
STARTCHAR 062E
ENCODING 1582
SWIDTH 592 0
DWIDTH 14 0
BBX 11 20 1 -5
BITMAP
0400
0E00
0400
0000
0000
7FE0
FFE0
0F00
1800
2000
4000
8000
8000
8000
8000
C000
E000
7800
3FE0
0FC0
ENDCHAR
STARTCHAR 062F
ENCODING 1583
SWIDTH 338 0
DWIDTH 8 0
BBX 7 10 1 3
BITMAP
10
18
0C
04
06
02
02
82
FE
FE
ENDCHAR
STARTCHAR 0630
ENCODING 1584
SWIDTH 338 0
DWIDTH 8 0
BBX 7 15 1 3
BITMAP
20
70
20
00
00
10
18
0C
04
06
02
02
82
FE
FE
ENDCHAR
STARTCHAR 0631
ENCODING 1585
SWIDTH 508 0
DWIDTH 12 0
BBX 11 12 1 -2
BITMAP
0080
00C0
00E0
0060
0020
0020
0020
0060
00C0
01C0
8300
7E00
ENDCHAR
STARTCHAR 0632
ENCODING 1586
SWIDTH 508 0
DWIDTH 12 0
BBX 11 17 1 -2
BITMAP
0100
0380
0100
0000
0000
0080
00C0
00E0
0060
0020
0020
0020
0060
00C0
01C0
8300
7E00
ENDCHAR
STARTCHAR 0633
ENCODING 1587
SWIDTH 847 0
DWIDTH 20 0
BBX 19 12 1 -2
BITMAP
002040
002160
403160
401120
801120
801FE0
801EE0
801000
803000
C0E000
7FC000
3F0000
ENDCHAR
STARTCHAR 0634
ENCODING 1588
SWIDTH 847 0
DWIDTH 20 0
BBX 19 19 1 -2
BITMAP
000400
000E00
000480
0005C0
000E80
000400
000000
002040
002160
403160
401120
801120
801FE0
801EE0
801000
803000
C0E000
7FC000
3F0000
ENDCHAR
STARTCHAR 0635
ENCODING 1589
SWIDTH 1101 0
DWIDTH 26 0
BBX 25 12 1 -2
BITMAP
00400F00
00403F80
40606380
40218180
80230180
803FFF80
803FFF80
80200000
80600000
C1C00000
7F800000
3F000000
ENDCHAR
STARTCHAR 0636
ENCODING 1590
SWIDTH 1101 0
DWIDTH 26 0
BBX 25 16 1 -2
BITMAP
00010000
00038000
00010000
00000000
00400F00
00403F80
40606380
40218180
80230180
803FFF80
803FFF80
80200000
80600000
C1C00000
7F800000
3F000000
ENDCHAR
STARTCHAR 0637
ENCODING 1591
SWIDTH 592 0
DWIDTH 14 0
BBX 15 16 -1 3
BITMAP
0800
0E00
0600
0400
0400
0200
0200
0200
0200
0200
023C
02FE
0306
0C06
FFFE
FFFE
ENDCHAR
STARTCHAR 0638
ENCODING 1592
SWIDTH 592 0
DWIDTH 14 0
BBX 15 16 -1 3
BITMAP
0800
0E00
0600
0400
0420
0270
0220
0200
0200
0200
023C
02FE
0306
0C06
FFFE
FFFE
ENDCHAR
STARTCHAR 0639
ENCODING 1593
SWIDTH 550 0
DWIDTH 13 0
BBX 10 19 1 -5
BITMAP
3800
7E00
E000
8000
8080
E780
7E00
3800
3000
6000
4000
8000
8000
8000
8000
C000
7000
3FC0
0F80
ENDCHAR
STARTCHAR 063A
ENCODING 1594
SWIDTH 550 0
DWIDTH 13 0
BBX 10 24 1 -5
BITMAP
1000
3800
1000
0000
0000
3800
7E00
E000
8000
8080
E780
7E00
3800
3000
6000
4000
8000
8000
8000
8000
C000
7000
3FC0
0F80
ENDCHAR
STARTCHAR 0640
ENCODING 1600
SWIDTH 211 0
DWIDTH 5 0
BBX 6 2 -1 3
BITMAP
FC
FC
ENDCHAR
STARTCHAR 0641
ENCODING 1601
SWIDTH 804 0
DWIDTH 19 0
BBX 19 13 0 3
BITMAP
000100
000380
000100
000000
000000
4000C0
8001E0
800320
800320
C003E0
E000E0
7FFFE0
1FFFE0
ENDCHAR
STARTCHAR 0642
ENCODING 1602
SWIDTH 592 0
DWIDTH 14 0
BBX 13 19 1 -2
BITMAP
0020
0170
03A0
0100
0000
0000
0060
0070
0098
4098
40F8
8078
8008
8008
8008
8018
E070
7FE0
3F80
ENDCHAR
STARTCHAR 0643
ENCODING 1603
SWIDTH 592 0
DWIDTH 14 0
BBX 13 17 1 3
BITMAP
0020
0030
0038
0018
0010
0110
0210
0410
0790
0088
4088
8188
9F08
8008
C008
FFF8
3FF8
ENDCHAR
STARTCHAR 0644
ENCODING 1604
SWIDTH 508 0
DWIDTH 12 0
BBX 11 20 1 0
BITMAP
0080
00C0
00E0
0060
0040
0040
0040
0040
0040
0020
2020
4020
4020
8020
8020
8020
8060
C0C0
7FC0
3F00
ENDCHAR
STARTCHAR 0645
ENCODING 1605
SWIDTH 338 0
DWIDTH 8 0
BBX 8 13 0 -5
BITMAP
1C
3E
07
1F
7F
C0
80
80
80
40
40
40
40
ENDCHAR
STARTCHAR 0646
ENCODING 1606
SWIDTH 550 0
DWIDTH 13 0
BBX 12 16 1 -2
BITMAP
0200
0700
0200
0000
0020
0020
4030
4010
8010
8010
8010
8010
8030
C0E0
7FE0
3F80
ENDCHAR
STARTCHAR 0647
ENCODING 1607
SWIDTH 296 0
DWIDTH 7 0
BBX 6 7 1 3
BITMAP
60
78
7C
8C
8C
FC
F8
ENDCHAR
STARTCHAR 0648
ENCODING 1608
SWIDTH 423 0
DWIDTH 10 0
BBX 9 11 1 -2
BITMAP
0300
0780
0580
0480
0780
0380
0080
0100
0300
8600
7C00
ENDCHAR
STARTCHAR 0649
ENCODING 1609
SWIDTH 635 0
DWIDTH 15 0
BBX 14 12 1 -1
BITMAP
0018
007C
0044
2080
4100
4100
81F8
81F8
8008
C0F0
FFE0
3F80
ENDCHAR
STARTCHAR 064A
ENCODING 1610
SWIDTH 635 0
DWIDTH 15 0
BBX 14 16 1 -5
BITMAP
0018
007C
0044
2080
4100
4100
81F8
81F8
8008
C0F0
FFE0
3F80
0100
0B80
1D00
0800
ENDCHAR
STARTCHAR 064B
ENCODING 1611
SWIDTH 211 0
DWIDTH 5 0
BBX 4 4 1 15
BITMAP
30
C0
30
C0
ENDCHAR
STARTCHAR 064C
ENCODING 1612
SWIDTH 254 0
DWIDTH 6 0
BBX 6 5 0 15
BITMAP
0C
14
DC
54
60
ENDCHAR
STARTCHAR 064D
ENCODING 1613
SWIDTH 211 0
DWIDTH 5 0
BBX 4 4 1 -3
BITMAP
30
C0
30
C0
ENDCHAR
STARTCHAR 064E
ENCODING 1614
SWIDTH 211 0
DWIDTH 5 0
BBX 4 2 1 15
BITMAP
30
C0
ENDCHAR
STARTCHAR 064F
ENCODING 1615
SWIDTH 211 0
DWIDTH 5 0
BBX 4 5 1 15
BITMAP
30
50
70
30
C0
ENDCHAR
STARTCHAR 0650
ENCODING 1616
SWIDTH 211 0
DWIDTH 5 0
BBX 4 2 1 -1
BITMAP
30
C0
ENDCHAR
STARTCHAR 0651
ENCODING 1617
SWIDTH 211 0
DWIDTH 5 0
BBX 7 3 0 15
BITMAP
12
BE
E0
ENDCHAR
STARTCHAR 0652
ENCODING 1618
SWIDTH 169 0
DWIDTH 4 0
BBX 4 4 0 15
BITMAP
60
B0
90
E0
ENDCHAR
STARTCHAR 0653
ENCODING 1619
SWIDTH 211 0
DWIDTH 5 0
BBX 5 2 0 17
BITMAP
C0
38
ENDCHAR
STARTCHAR 0654
ENCODING 1620
SWIDTH 211 0
DWIDTH 5 0
BBX 3 4 1 17
BITMAP
60
80
60
80
ENDCHAR
STARTCHAR 0655
ENCODING 1621
SWIDTH 211 0
DWIDTH 5 0
BBX 3 4 1 -2
BITMAP
60
80
60
80
ENDCHAR
STARTCHAR 0660
ENCODING 1632
SWIDTH 550 0
DWIDTH 13 0
BBX 4 6 4 5
BITMAP
40
60
F0
F0
60
20
ENDCHAR
STARTCHAR 0661
ENCODING 1633
SWIDTH 550 0
DWIDTH 13 0
BBX 3 14 5 3
BITMAP
80
C0
C0
E0
60
60
60
20
20
20
20
20
20
20
ENDCHAR
STARTCHAR 0662
ENCODING 1634
SWIDTH 550 0
DWIDTH 13 0
BBX 7 14 3 3
BITMAP
82
82
C6
7E
3C
30
10
18
08
08
08
08
08
08
ENDCHAR
STARTCHAR 0663
ENCODING 1635
SWIDTH 550 0
DWIDTH 13 0
BBX 10 14 2 3
BITMAP
8440
CCC0
FFC0
FB80
6000
6000
3000
3000
3000
1000
1000
1000
1000
1000
ENDCHAR
STARTCHAR 0664
ENCODING 1636
SWIDTH 550 0
DWIDTH 13 0
BBX 6 14 4 3
BITMAP
08
18
30
40
E0
F0
F8
30
20
40
40
E0
FC
38
ENDCHAR
STARTCHAR 0665
ENCODING 1637
SWIDTH 550 0
DWIDTH 13 0
BBX 8 9 2 6
BITMAP
18
3E
4E
83
81
81
C2
FE
78
ENDCHAR
STARTCHAR 0666
ENCODING 1638
SWIDTH 550 0
DWIDTH 13 0
BBX 8 14 2 3
BITMAP
80
FC
FC
FC
04
04
04
04
06
06
07
03
03
01
ENDCHAR
STARTCHAR 0667
ENCODING 1639
SWIDTH 550 0
DWIDTH 13 0
BBX 10 14 1 3
BITMAP
8000
C040
C040
E0C0
60C0
3180
3100
1900
0A00
0A00
0C00
0400
0400
0400
ENDCHAR
STARTCHAR 0668
ENCODING 1640
SWIDTH 550 0
DWIDTH 13 0
BBX 10 14 2 3
BITMAP
0800
0800
0800
1800
1C00
1400
2600
2700
6300
C380
C1C0
81C0
80C0
0040
ENDCHAR
STARTCHAR 0669
ENCODING 1641
SWIDTH 550 0
DWIDTH 13 0
BBX 7 14 3 3
BITMAP
38
7C
4C
84
84
FC
7C
04
04
04
06
06
06
02
ENDCHAR
STARTCHAR 066A
ENCODING 1642
SWIDTH 550 0
DWIDTH 13 0
BBX 9 17 2 2
BITMAP
E080
E100
E100
0200
0200
0400
0400
0800
0800
0800
1000
1000
2000
2000
4380
4380
8380
ENDCHAR
STARTCHAR 066B
ENCODING 1643
SWIDTH 338 0
DWIDTH 8 0
BBX 3 6 2 0
BITMAP
E0
E0
E0
60
C0
80
ENDCHAR
STARTCHAR 066C
ENCODING 1644
SWIDTH 338 0
DWIDTH 8 0
BBX 4 7 2 3
BITMAP
20
40
80
80
F0
F0
70
ENDCHAR
STARTCHAR 066D
ENCODING 1645
SWIDTH 550 0
DWIDTH 13 0
BBX 9 9 2 8
BITMAP
0800
6B00
6B00
1C00
F780
1C00
6B00
6B00
0800
ENDCHAR
STARTCHAR 066E
ENCODING 1646
SWIDTH 720 0
DWIDTH 17 0
BBX 16 8 1 3
BITMAP
4002
8002
8003
8001
8001
E001
7FFF
3FFF
ENDCHAR
STARTCHAR 066F
ENCODING 1647
SWIDTH 592 0
DWIDTH 14 0
BBX 13 13 1 -2
BITMAP
0060
0070
0098
4098
40F8
8078
8008
8008
8008
8018
E070
7FE0
3F80
ENDCHAR
STARTCHAR 0670
ENCODING 1648
SWIDTH 0 0
DWIDTH 0 0
BBX 2 7 -1 12
BITMAP
80
80
C0
40
40
40
40
ENDCHAR
STARTCHAR 0671
ENCODING 1649
SWIDTH 211 0
DWIDTH 5 0
BBX 5 18 0 3
BITMAP
38
68
F0
80
10
10
10
10
10
10
10
10
10
10
10
10
10
10
ENDCHAR
STARTCHAR 0672
ENCODING 1650
SWIDTH 211 0
DWIDTH 5 0
BBX 4 18 1 3
BITMAP
30
40
F0
00
20
20
20
20
20
20
20
20
20
20
20
20
20
20
ENDCHAR
STARTCHAR 0673
ENCODING 1651
SWIDTH 211 0
DWIDTH 5 0
BBX 4 20 1 -2
BITMAP
20
20
20
20
20
20
20
20
20
20
20
20
20
20
20
00
00
30
40
F0
ENDCHAR
STARTCHAR 0674
ENCODING 1652
SWIDTH 211 0
DWIDTH 5 0
BBX 3 4 1 17
BITMAP
60
80
60
80
ENDCHAR
STARTCHAR 0675
ENCODING 1653
SWIDTH 211 0
DWIDTH 5 0
BBX 5 15 2 3
BITMAP
80
98
A0
98
A0
80
80
80
80
80
80
80
80
80
80
ENDCHAR
STARTCHAR 0676
ENCODING 1654
SWIDTH 423 0
DWIDTH 10 0
BBX 10 16 1 -2
BITMAP
00C0
0100
00C0
0100
0000
0300
0780
0580
0480
0780
0380
0080
0100
0300
8600
7C00
ENDCHAR
STARTCHAR 0677
ENCODING 1655
SWIDTH 423 0
DWIDTH 10 0
BBX 10 17 1 -2
BITMAP
0C00
14C0
1D00
0CC0
3100
0000
0300
0780
0580
0480
0780
0380
0080
0100
0300
8600
7C00
ENDCHAR
STARTCHAR 0678
ENCODING 1656
SWIDTH 635 0
DWIDTH 15 0
BBX 15 17 1 -1
BITMAP
0006
0008
0006
0008
0000
0018
007C
0044
2080
4100
4100
81F8
81F8
8008
C0F0
FFE0
3F80
ENDCHAR
STARTCHAR 0679
ENCODING 1657
SWIDTH 720 0
DWIDTH 17 0
BBX 16 16 1 3
BITMAP
0200
0300
0200
0100
0170
0190
07F0
0000
4002
8002
8003
8001
8001
E001
7FFF
3FFF
ENDCHAR
STARTCHAR 067A
ENCODING 1658
SWIDTH 720 0
DWIDTH 17 0
BBX 16 15 1 3
BITMAP
0100
0380
0100
0080
01C0
0080
0000
4002
8002
8003
8001
8001
E001
7FFF
3FFF
ENDCHAR
STARTCHAR 067B
ENCODING 1659
SWIDTH 720 0
DWIDTH 17 0
BBX 16 15 1 -4
BITMAP
4002
8002
8003
8001
8001
E001
7FFF
3FFF
0000
0080
01C0
0080
0040
00E0
0040
ENDCHAR
STARTCHAR 067C
ENCODING 1660
SWIDTH 720 0
DWIDTH 17 0
BBX 16 15 1 0
BITMAP
0040
02E0
0740
0200
4002
8002
8003
8001
8001
E001
7FFF
3FFF
02C0
0240
0380
ENDCHAR
STARTCHAR 067D
ENCODING 1661
SWIDTH 720 0
DWIDTH 17 0
BBX 16 15 1 3
BITMAP
0080
05C0
0E80
0480
01C0
0080
0000
4002
8002
8003
8001
8001
E001
7FFF
3FFF
ENDCHAR
STARTCHAR 067E
ENCODING 1662
SWIDTH 720 0
DWIDTH 17 0
BBX 16 16 1 -5
BITMAP
4002
8002
8003
8001
8001
E001
7FFF
3FFF
0000
0000
0040
02E0
0740
0280
01C0
0080
ENDCHAR
STARTCHAR 067F
ENCODING 1663
SWIDTH 720 0
DWIDTH 17 0
BBX 16 15 1 3
BITMAP
0080
05C0
0E80
0440
02E0
0740
0200
4002
8002
8003
8001
8001
E001
7FFF
3FFF
ENDCHAR
STARTCHAR 0680
ENCODING 1664
SWIDTH 720 0
DWIDTH 17 0
BBX 16 16 1 -5
BITMAP
4002
8002
8003
8001
8001
E001
7FFF
3FFF
0000
0080
05C0
0E80
0440
02E0
0740
0200
ENDCHAR
STARTCHAR 0681
ENCODING 1665
SWIDTH 592 0
DWIDTH 14 0
BBX 11 21 1 -5
BITMAP
0600
0800
0600
0800
0000
0000
7FE0
FFE0
0F00
1800
2000
4000
8000
8000
8000
8000
C000
E000
7800
3FE0
0FC0
ENDCHAR
STARTCHAR 0682
ENCODING 1666
SWIDTH 592 0
DWIDTH 14 0
BBX 11 23 1 -5
BITMAP
0800
1C00
0800
0400
0E00
0400
0000
0000
7FE0
FFE0
0F00
1800
2000
4000
8000
8000
8000
8000
C000
E000
7800
3FE0
0FC0
ENDCHAR
STARTCHAR 0683
ENCODING 1667
SWIDTH 592 0
DWIDTH 14 0
BBX 11 15 1 -5
BITMAP
7FE0
FFE0
0F00
1800
2000
4000
8080
85C0
8E80
8400
C000
E000
7800
3FE0
0FC0
ENDCHAR
STARTCHAR 0684
ENCODING 1668
SWIDTH 592 0
DWIDTH 14 0
BBX 11 15 1 -5
BITMAP
7FE0
FFE0
0F00
1800
2000
4400
8E00
8400
8200
8700
C200
E000
7800
3FE0
0FC0
ENDCHAR
STARTCHAR 0685
ENCODING 1669
SWIDTH 592 0
DWIDTH 14 0
BBX 11 23 1 -5
BITMAP
0800
1C00
0900
0B80
1D00
0800
0000
0000
7FE0
FFE0
0F00
1800
2000
4000
8000
8000
8000
8000
C000
E000
7800
3FE0
0FC0
ENDCHAR
STARTCHAR 0686
ENCODING 1670
SWIDTH 592 0
DWIDTH 14 0
BBX 11 15 1 -5
BITMAP
7FE0
FFE0
0F00
1800
2000
4080
85C0
8E80
8480
81C0
C080
E000
7800
3FE0
0FC0
ENDCHAR
STARTCHAR 0687
ENCODING 1671
SWIDTH 592 0
DWIDTH 14 0
BBX 11 15 1 -5
BITMAP
7FE0
FFE0
0F00
1800
2100
4B80
9D00
8880
85C0
8E80
C400
E000
7800
3FE0
0FC0
ENDCHAR
STARTCHAR 0688
ENCODING 1672
SWIDTH 338 0
DWIDTH 8 0
BBX 7 18 1 3
BITMAP
40
60
40
20
2E
32
FE
00
10
18
0C
04
06
02
02
82
FE
FE
ENDCHAR
STARTCHAR 0689
ENCODING 1673
SWIDTH 338 0
DWIDTH 8 0
BBX 7 13 1 0
BITMAP
10
18
0C
04
06
02
02
82
FE
FE
2C
24
38
ENDCHAR
STARTCHAR 068A
ENCODING 1674
SWIDTH 338 0
DWIDTH 8 0
BBX 7 14 1 -1
BITMAP
10
18
0C
04
06
02
02
82
FE
FE
00
10
38
10
ENDCHAR
STARTCHAR 068B
ENCODING 1675
SWIDTH 338 0
DWIDTH 8 0
BBX 7 22 1 -1
BITMAP
40
60
40
20
2E
32
FE
00
10
18
0C
04
06
02
02
82
FE
FE
00
10
38
10
ENDCHAR
STARTCHAR 068C
ENCODING 1676
SWIDTH 338 0
DWIDTH 8 0
BBX 7 15 1 3
BITMAP
04
2E
74
20
00
10
18
0C
04
06
02
02
82
FE
FE
ENDCHAR
STARTCHAR 068D
ENCODING 1677
SWIDTH 338 0
DWIDTH 8 0
BBX 7 15 1 -2
BITMAP
10
18
0C
04
06
02
02
82
FE
FE
00
04
2E
74
20
ENDCHAR
STARTCHAR 068E
ENCODING 1678
SWIDTH 338 0
DWIDTH 8 0
BBX 7 18 1 3
BITMAP
40
E0
48
5C
E8
40
00
00
10
18
0C
04
06
02
02
82
FE
FE
ENDCHAR
STARTCHAR 068F
ENCODING 1679
SWIDTH 338 0
DWIDTH 8 0
BBX 8 18 0 3
BITMAP
08
5C
E8
48
1C
08
00
00
08
0C
06
02
03
01
01
41
7F
7F
ENDCHAR
STARTCHAR 0690
ENCODING 1680
SWIDTH 338 0
DWIDTH 8 0
BBX 8 18 0 3
BITMAP
08
5C
E8
44
2E
74
20
00
08
0C
06
02
03
01
01
41
7F
7F
ENDCHAR
STARTCHAR 0691
ENCODING 1681
SWIDTH 508 0
DWIDTH 12 0
BBX 11 21 1 -2
BITMAP
0400
0600
0400
0200
02E0
0320
0FE0
0000
0000
0080
00C0
00E0
0060
0020
0020
0020
0060
00C0
01C0
8300
7E00
ENDCHAR
STARTCHAR 0692
ENCODING 1682
SWIDTH 508 0
DWIDTH 12 0
BBX 11 17 1 -2
BITMAP
0280
0100
0000
0000
0000
0080
00C0
00E0
0060
0020
0020
0020
0060
00C0
01C0
8300
7E00
ENDCHAR
STARTCHAR 0693
ENCODING 1683
SWIDTH 508 0
DWIDTH 12 0
BBX 11 13 1 -3
BITMAP
0080
00C0
00E0
0060
0020
0020
0020
0060
00C0
01C0
8360
7F20
01C0
ENDCHAR
STARTCHAR 0694
ENCODING 1684
SWIDTH 508 0
DWIDTH 12 0
BBX 12 13 1 -3
BITMAP
0080
00C0
00E0
0060
0020
0020
0020
0060
00C0
01C0
8320
7E70
0020
ENDCHAR
STARTCHAR 0695
ENCODING 1685
SWIDTH 508 0
DWIDTH 12 0
BBX 11 14 1 -4
BITMAP
0080
00C0
00E0
0060
0020
0020
0020
0060
00C0
01C0
8300
7E00
00A0
0040
ENDCHAR
STARTCHAR 0696
ENCODING 1686
SWIDTH 508 0
DWIDTH 12 0
BBX 12 13 1 -3
BITMAP
0080
00C0
00E0
0060
1020
3820
1020
0060
00C0
01C0
8320
7E70
0020
ENDCHAR
STARTCHAR 0697
ENCODING 1687
SWIDTH 508 0
DWIDTH 12 0
BBX 11 18 1 -2
BITMAP
0080
05C0
0E80
0400
0000
0000
0080
00C0
00E0
0060
0020
0020
0020
0060
00C0
01C0
8300
7E00
ENDCHAR
STARTCHAR 0698
ENCODING 1688
SWIDTH 508 0
DWIDTH 12 0
BBX 11 19 1 -2
BITMAP
0200
0700
0280
05C0
0E80
0400
0000
0080
00C0
00E0
0060
0020
0020
0020
0060
00C0
01C0
8300
7E00
ENDCHAR
STARTCHAR 0699
ENCODING 1689
SWIDTH 508 0
DWIDTH 12 0
BBX 11 21 1 -2
BITMAP
0100
0B80
1D00
0880
05C0
0E80
0400
0000
0000
0080
00C0
00E0
0060
0020
0020
0020
0060
00C0
01C0
8300
7E00
ENDCHAR
STARTCHAR 069A
ENCODING 1690
SWIDTH 847 0
DWIDTH 20 0
BBX 19 17 1 -2
BITMAP
000100
000380
000100
000000
000000
002040
002160
403160
401120
801120
801FE0
801EE0
801000
803100
C0E380
7FC100
3F0000
ENDCHAR
STARTCHAR 069B
ENCODING 1691
SWIDTH 847 0
DWIDTH 20 0
BBX 19 14 1 -4
BITMAP
002040
002160
403160
401120
801120
801FE0
801EE0
801000
803040
C0E2E0
7FC740
3F0240
0000E0
000040
ENDCHAR
STARTCHAR 069C
ENCODING 1692
SWIDTH 847 0
DWIDTH 20 0
BBX 19 22 1 -4
BITMAP
000400
000E00
000480
0005C0
000E80
000400
000000
000000
002040
002160
403160
401120
801120
801FE0
801EE0
801000
803040
C0E2E0
7FC740
3F0240
0000E0
000040
ENDCHAR
STARTCHAR 069D
ENCODING 1693
SWIDTH 1101 0
DWIDTH 26 0
BBX 25 12 1 -2
BITMAP
00400F00
00403F80
40606380
40218180
80230180
803FFF80
803FFF80
80200000
80601000
C1C0B800
7F81D000
3F008000
ENDCHAR
STARTCHAR 069E
ENCODING 1694
SWIDTH 1101 0
DWIDTH 26 0
BBX 25 20 1 -2
BITMAP
00008000
0001C000
00009000
0000B800
0001D000
00008000
00000000
00000000
00400F00
00403F80
40606380
40218180
80230180
803FFF80
803FFF80
80200000
80600000
C1C00000
7F800000
3F000000
ENDCHAR
STARTCHAR 069F
ENCODING 1695
SWIDTH 592 0
DWIDTH 14 0
BBX 15 16 -1 3
BITMAP
0800
0E20
0670
0424
042E
0274
0220
0200
0200
0200
023C
02FE
0306
0C06
FFFE
FFFE
ENDCHAR
STARTCHAR 06A0
ENCODING 1696
SWIDTH 550 0
DWIDTH 13 0
BBX 10 26 1 -5
BITMAP
2000
7000
2400
2E00
7400
2000
0000
3800
7E00
E000
8000
8080
E780
7E00
3800
3000
6000
4000
8000
8000
8000
8000
C000
7000
3FC0
0F80
ENDCHAR
STARTCHAR 06A1
ENCODING 1697
SWIDTH 804 0
DWIDTH 19 0
BBX 19 8 0 3
BITMAP
4000C0
8001E0
800320
800320
C003E0
E000E0
7FFFE0
1FFFE0
ENDCHAR
STARTCHAR 06A2
ENCODING 1698
SWIDTH 804 0
DWIDTH 19 0
BBX 19 12 0 -1
BITMAP
4000C0
8001E0
800320
800320
C003E0
E000E0
7FFFE0
1FFFE0
000000
000080
0001C0
000080
ENDCHAR
STARTCHAR 06A3
ENCODING 1699
SWIDTH 804 0
DWIDTH 19 0
BBX 19 17 0 -1
BITMAP
000080
0001C0
000080
000000
000000
4000C0
8001E0
800320
800320
C003E0
E000E0
7FFFE0
1FFFE0
000000
004000
00E000
004000
ENDCHAR
STARTCHAR 06A4
ENCODING 1700
SWIDTH 804 0
DWIDTH 19 0
BBX 19 16 0 3
BITMAP
000200
000700
000240
0002E0
000740
000200
000000
000000
4000C0
8001E0
800320
800320
C003E0
E000E0
7FFFE0
1FFFE0
ENDCHAR
STARTCHAR 06A5
ENCODING 1701
SWIDTH 804 0
DWIDTH 19 0
BBX 20 15 0 -4
BITMAP
4000C0
8001E0
800320
800320
C003E0
E000E0
7FFFE0
1FFFE0
000000
000020
000170
0003A0
000120
000070
000020
ENDCHAR
STARTCHAR 06A6
ENCODING 1702
SWIDTH 804 0
DWIDTH 19 0
BBX 20 17 0 3
BITMAP
000040
0002E0
000740
000220
000170
0003A0
000100
000000
000000
4000C0
8001E0
800320
800320
C003E0
E000E0
7FFFE0
1FFFE0
ENDCHAR
STARTCHAR 06A7
ENCODING 1703
SWIDTH 592 0
DWIDTH 14 0
BBX 13 17 1 -2
BITMAP
0040
00E0
0040
0000
0060
0070
0098
4098
40F8
8078
8008
8008
8008
8018
E070
7FE0
3F80
ENDCHAR
STARTCHAR 06A8
ENCODING 1704
SWIDTH 592 0
DWIDTH 14 0
BBX 13 20 1 -2
BITMAP
0100
0380
0120
0170
03A0
0100
0000
0060
0070
0098
4098
40F8
8078
8008
8008
8008
8018
E070
7FE0
3F80
ENDCHAR
STARTCHAR 06A9
ENCODING 1705
SWIDTH 804 0
DWIDTH 19 0
BBX 19 15 0 3
BITMAP
000040
0003C0
000F80
001C00
003000
003800
003C00
001E00
400F00
800380
8000C0
8000C0
C00060
FFFFE0
3FFFE0
ENDCHAR
STARTCHAR 06AA
ENCODING 1706
SWIDTH 804 0
DWIDTH 19 0
BBX 19 13 0 3
BITMAP
001000
00F000
01E000
070000
040000
0C0000
0FC000
07FC00
807F80
8001C0
C00060
FFFFE0
3FFFE0
ENDCHAR
STARTCHAR 06AB
ENCODING 1707
SWIDTH 804 0
DWIDTH 19 0
BBX 19 15 0 3
BITMAP
000040
0003C0
000FC0
001E40
003380
003800
003C00
001E00
400F00
800380
8000C0
8000C0
C00060
FFFFE0
3FFFE0
ENDCHAR
STARTCHAR 06AC
ENCODING 1708
SWIDTH 592 0
DWIDTH 14 0
BBX 13 17 1 3
BITMAP
0020
0230
0738
0218
0010
0110
0210
0410
0790
0088
4088
8188
9F08
8008
C008
FFF8
3FF8
ENDCHAR
STARTCHAR 06AD
ENCODING 1709
SWIDTH 592 0
DWIDTH 14 0
BBX 13 17 1 3
BITMAP
0820
1C30
0938
0B98
1D10
0810
0110
0210
0410
0788
4088
8088
8188
9F08
C008
FFF8
3FF8
ENDCHAR
STARTCHAR 06AE
ENCODING 1710
SWIDTH 592 0
DWIDTH 14 0
BBX 13 24 1 -4
BITMAP
0020
0030
0038
0018
0010
0110
0210
0410
0790
0088
4088
8188
9F08
8008
C008
FFF8
3FF8
0000
0080
05C0
0E80
0480
01C0
0080
ENDCHAR
STARTCHAR 06AF
ENCODING 1711
SWIDTH 804 0
DWIDTH 19 0
BBX 19 18 0 3
BITMAP
000040
0003C0
000780
001C40
0033C0
000F80
001C00
003000
003800
003C00
001E00
400F00
800380
8000C0
8000C0
C00060
FFFFE0
3FFFE0
ENDCHAR
STARTCHAR 06B0
ENCODING 1712
SWIDTH 804 0
DWIDTH 19 0
BBX 19 18 0 3
BITMAP
000040
0003C0
000780
001C40
0033C0
000FC0
001E40
003380
003800
003C00
001E00
400F00
800380
8000C0
8000C0
C00060
FFFFE0
3FFFE0
ENDCHAR
STARTCHAR 06B1
ENCODING 1713
SWIDTH 804 0
DWIDTH 19 0
BBX 19 18 0 3
BITMAP
000C40
003DC0
003780
001C40
0033C0
000F80
001C00
003000
003800
003C00
001E00
400F00
800380
8000C0
8000C0
C00060
FFFFE0
3FFFE0
ENDCHAR
STARTCHAR 06B2
ENCODING 1714
SWIDTH 804 0
DWIDTH 19 0
BBX 19 23 0 -2
BITMAP
000040
0003C0
000780
001C40
0033C0
000F80
001C00
003000
003800
003C00
001E00
400F00
800380
8000C0
8000C0
C00060
FFFFE0
3FFFE0
000000
001000
00B800
01D000
008000
ENDCHAR
STARTCHAR 06B3
ENCODING 1715
SWIDTH 804 0
DWIDTH 19 0
BBX 19 25 0 -4
BITMAP
000040
0003C0
000780
001C40
0033C0
000F80
001C00
003000
003800
003C00
001E00
400F00
800380
8000C0
8000C0
C00060
FFFFE0
3FFFE0
000000
004000
00E000
004000
002000
007000
002000
ENDCHAR
STARTCHAR 06B4
ENCODING 1716
SWIDTH 804 0
DWIDTH 19 0
BBX 19 18 0 3
BITMAP
001840
001FC0
003780
003C40
0033C0
000F80
001C00
003000
003800
003C00
001E00
400F00
800380
8000C0
8000C0
C00060
FFFFE0
3FFFE0
ENDCHAR
STARTCHAR 06B5
ENCODING 1717
SWIDTH 508 0
DWIDTH 12 0
BBX 11 21 1 0
BITMAP
0140
0080
0000
00E0
0060
0040
0040
0040
0040
0040
0020
2020
4020
4020
8020
8020
8020
8060
C0C0
7FC0
3F00
ENDCHAR
STARTCHAR 06B6
ENCODING 1718
SWIDTH 508 0
DWIDTH 12 0
BBX 11 21 1 0
BITMAP
0040
00E0
0040
00E0
0060
0040
0040
0040
0040
0040
0020
2020
4020
4020
8020
8020
8020
8060
C0C0
7FC0
3F00
ENDCHAR
STARTCHAR 06B7
ENCODING 1719
SWIDTH 508 0
DWIDTH 12 0
BBX 11 21 1 0
BITMAP
01E0
03E0
0300
00E0
0060
0040
0040
0040
0040
0040
0020
2020
4020
4020
8020
8020
8020
8060
C0C0
7FC0
3F00
ENDCHAR
STARTCHAR 06B8
ENCODING 1720
SWIDTH 508 0
DWIDTH 12 0
BBX 11 25 1 -5
BITMAP
0080
00C0
00E0
0060
0040
0040
0040
0040
0040
0020
2020
4020
4020
8020
8020
8020
8060
C0C0
7FC0
3F00
0000
0600
1400
1A00
0600
ENDCHAR
STARTCHAR 06B9
ENCODING 1721
SWIDTH 550 0
DWIDTH 13 0
BBX 12 19 1 -5
BITMAP
0200
0700
0200
0000
0020
0020
4030
4010
8010
8010
8010
8010
8030
C0E0
7FE0
3F80
0200
0700
0200
ENDCHAR
STARTCHAR 06BA
ENCODING 1722
SWIDTH 550 0
DWIDTH 13 0
BBX 12 12 1 -2
BITMAP
0020
0020
4030
4010
8010
8010
8010
8010
8030
C0E0
7FE0
3F80
ENDCHAR
STARTCHAR 06BB
ENCODING 1723
SWIDTH 550 0
DWIDTH 13 0
BBX 12 20 1 -2
BITMAP
0800
0C00
0800
0400
05C0
0640
1FC0
0000
0020
0020
4030
4010
8010
8010
8010
8010
8030
C0E0
7FE0
3F80
ENDCHAR
STARTCHAR 06BC
ENCODING 1724
SWIDTH 550 0
DWIDTH 13 0
BBX 12 19 1 -5
BITMAP
0200
0700
0200
0000
0020
0020
4030
4010
8010
8010
8010
8010
8030
C0E0
7FE0
3F80
0B00
0900
0E00
ENDCHAR
STARTCHAR 06BD
ENCODING 1725
SWIDTH 550 0
DWIDTH 13 0
BBX 12 20 1 -2
BITMAP
0800
1C00
0900
0B80
1D00
0800
0000
0000
0020
0020
4030
4010
8010
8010
8010
8010
8030
C0E0
7FE0
3F80
ENDCHAR
STARTCHAR 06BE
ENCODING 1726
SWIDTH 465 0
DWIDTH 11 0
BBX 10 9 -1 3
BITMAP
0400
0600
0700
0F00
1380
12C0
0C40
FFC0
F180
ENDCHAR
STARTCHAR 06BF
ENCODING 1727
SWIDTH 592 0
DWIDTH 14 0
BBX 11 21 1 -5
BITMAP
0400
0E00
0400
0000
0000
0000
7FE0
FFE0
0F00
1800
2000
4080
85C0
8E80
8480
81C0
C080
E000
7800
3FE0
0FC0
ENDCHAR
STARTCHAR 06C0
ENCODING 1728
SWIDTH 296 0
DWIDTH 7 0
BBX 6 12 1 3
BITMAP
30
40
30
40
00
60
78
7C
8C
8C
FC
F8
ENDCHAR
STARTCHAR 06C1
ENCODING 1729
SWIDTH 381 0
DWIDTH 9 0
BBX 9 6 0 1
BITMAP
1C00
3E00
2780
6180
C000
8000
ENDCHAR
STARTCHAR 06C2
ENCODING 1730
SWIDTH 381 0
DWIDTH 9 0
BBX 9 12 0 1
BITMAP
0C00
1000
0C00
1000
0000
0000
1C00
3E00
2780
6180
C000
8000
ENDCHAR
STARTCHAR 06C3
ENCODING 1731
SWIDTH 381 0
DWIDTH 9 0
BBX 9 13 0 1
BITMAP
0400
2E00
7400
2000
0000
0000
0000
1C00
3E00
2780
6180
C000
8000
ENDCHAR
STARTCHAR 06C4
ENCODING 1732
SWIDTH 423 0
DWIDTH 10 0
BBX 9 11 1 -2
BITMAP
0300
0780
0580
0480
0780
0380
0080
0D00
1700
9600
7C00
ENDCHAR
STARTCHAR 06C5
ENCODING 1733
SWIDTH 423 0
DWIDTH 10 0
BBX 9 11 1 -2
BITMAP
0300
0780
0480
0480
0780
0380
1880
0700
0300
8600
7C00
ENDCHAR
STARTCHAR 06C6
ENCODING 1734
SWIDTH 423 0
DWIDTH 10 0
BBX 9 16 1 -2
BITMAP
0500
0200
0000
0000
0000
0300
0780
0580
0480
0780
0380
0080
0100
0300
8600
7C00
ENDCHAR
STARTCHAR 06C7
ENCODING 1735
SWIDTH 423 0
DWIDTH 10 0
BBX 9 18 1 -2
BITMAP
0180
0280
0380
0180
0600
0000
0000
0300
0780
0580
0480
0780
0380
0080
0100
0300
8600
7C00
ENDCHAR
STARTCHAR 06C8
ENCODING 1736
SWIDTH 423 0
DWIDTH 10 0
BBX 9 19 1 -2
BITMAP
0400
0400
0600
0200
0200
0200
0200
0000
0300
0780
0580
0480
0780
0380
0080
0100
0300
8600
7C00
ENDCHAR
STARTCHAR 06C9
ENCODING 1737
SWIDTH 423 0
DWIDTH 10 0
BBX 9 16 1 -2
BITMAP
0200
0500
0000
0000
0000
0300
0780
0580
0480
0780
0380
0080
0100
0300
8600
7C00
ENDCHAR
STARTCHAR 06CA
ENCODING 1738
SWIDTH 423 0
DWIDTH 10 0
BBX 9 17 1 -2
BITMAP
0100
0B80
1D00
0800
0000
0000
0300
0780
0580
0480
0780
0380
0080
0100
0300
8600
7C00
ENDCHAR
STARTCHAR 06CB
ENCODING 1739
SWIDTH 423 0
DWIDTH 10 0
BBX 9 19 1 -2
BITMAP
0800
1C00
0900
0B80
1D00
0800
0000
0000
0300
0780
0580
0480
0780
0380
0080
0100
0300
8600
7C00
ENDCHAR
STARTCHAR 06CC
ENCODING 1740
SWIDTH 635 0
DWIDTH 15 0
BBX 14 12 1 -1
BITMAP
0018
007C
0044
2080
4100
4100
81F8
81F8
8008
C0F0
FFE0
3F80
ENDCHAR
STARTCHAR 06CD
ENCODING 1741
SWIDTH 635 0
DWIDTH 15 0
BBX 15 12 0 -1
BITMAP
000E
003E
0022
3040
E080
2080
40FC
40FC
4004
6078
7FF0
1FC0
ENDCHAR
STARTCHAR 06CE
ENCODING 1742
SWIDTH 635 0
DWIDTH 15 0
BBX 14 13 1 -1
BITMAP
1400
0818
007C
0044
2080
4100
4100
81F8
81F8
8008
C0F0
FFE0
3F80
ENDCHAR
STARTCHAR 06CF
ENCODING 1743
SWIDTH 423 0
DWIDTH 10 0
BBX 9 16 1 -2
BITMAP
0200
0700
0200
0000
0000
0300
0780
0580
0480
0780
0380
0080
0100
0300
8600
7C00
ENDCHAR
STARTCHAR 06D0
ENCODING 1744
SWIDTH 635 0
DWIDTH 15 0
BBX 14 15 1 -4
BITMAP
0018
007C
0044
2080
4100
4100
81F8
81F8
8008
C0F0
FFE0
3F80
0000
0600
0600
ENDCHAR
STARTCHAR 06D1
ENCODING 1745
SWIDTH 635 0
DWIDTH 15 0
BBX 14 15 1 -4
BITMAP
0018
007C
0044
2080
4100
4100
81F8
81F8
8008
C0F0
FFE0
3F80
0000
0A00
0400
ENDCHAR
STARTCHAR 06D2
ENCODING 1746
SWIDTH 804 0
DWIDTH 19 0
BBX 17 10 1 -1
BITMAP
00C000
01E000
032000
0E0000
1C0000
780000
600000
800000
FFFF80
FFFF00
ENDCHAR
STARTCHAR 06D3
ENCODING 1747
SWIDTH 804 0
DWIDTH 19 0
BBX 17 13 1 -1
BITMAP
060000
080000
060000
08C000
01E000
032000
0E0000
1C0000
780000
600000
800000
FFFF80
FFFF00
ENDCHAR
STARTCHAR 06D4
ENCODING 1748
SWIDTH 211 0
DWIDTH 5 0
BBX 4 2 0 3
BITMAP
F0
F0
ENDCHAR
STARTCHAR 06D5
ENCODING 1749
SWIDTH 296 0
DWIDTH 7 0
BBX 6 7 1 3
BITMAP
60
78
7C
8C
8C
FC
F8
ENDCHAR
STARTCHAR 06D6
ENCODING 1750
SWIDTH 0 0
DWIDTH 0 0
BBX 11 9 -5 12
BITMAP
4000
7000
2000
2000
1460
15A0
7FE0
8000
FF80
ENDCHAR
STARTCHAR 06D7
ENCODING 1751
SWIDTH 0 0
DWIDTH 0 0
BBX 9 9 -4 12
BITMAP
4200
7400
2200
2500
1700
1100
7F00
8000
FF80
ENDCHAR
STARTCHAR 06D8
ENCODING 1752
SWIDTH 0 0
DWIDTH 0 0
BBX 5 3 -2 12
BITMAP
10
28
D8
ENDCHAR
STARTCHAR 06D9
ENCODING 1753
SWIDTH 0 0
DWIDTH 0 0
BBX 5 7 -3 12
BITMAP
90
D8
50
50
20
50
70
ENDCHAR
STARTCHAR 06DA
ENCODING 1754
SWIDTH 0 0
DWIDTH 0 0
BBX 5 7 -3 12
BITMAP
F8
20
40
90
80
40
38
ENDCHAR
STARTCHAR 06DB
ENCODING 1755
SWIDTH 0 0
DWIDTH 0 0
BBX 2 2 -1 12
BITMAP
80
C0
ENDCHAR
STARTCHAR 06DC
ENCODING 1756
SWIDTH 0 0
DWIDTH 0 0
BBX 10 5 -5 12
BITMAP
4940
8940
8FC0
8800
7000
ENDCHAR
STARTCHAR 06DD
ENCODING 1757
SWIDTH 1143 0
DWIDTH 27 0
BBX 25 26 1 -5
BITMAP
007F0000
0F80F800
0BFFE800
1C001C00
10000400
20000200
60000300
40000100
40000100
80000080
80000080
80000080
80000080
80000080
80000080
80000080
80000080
40000100
40000100
60000300
20000200
10000400
1C001C00
0BFFE800
0F80F800
007F0000
ENDCHAR
STARTCHAR 06DE
ENCODING 1758
SWIDTH 1101 0
DWIDTH 26 0
BBX 25 25 0 -4
BITMAP
00080000
00140000
00220000
00630000
0FFFF800
08808800
09004800
0A002800
0C001800
18000C00
381C0E00
48220900
88220880
48220900
381C0E00
18000C00
0C001800
0A002800
09004800
08808800
0FFFF800
00630000
00220000
00140000
00080000
ENDCHAR
STARTCHAR 06DF
ENCODING 1759
SWIDTH 0 0
DWIDTH 0 0
BBX 2 2 -1 12
BITMAP
C0
C0
ENDCHAR
STARTCHAR 06E0
ENCODING 1760
SWIDTH 0 0
DWIDTH 0 0
BBX 2 2 -1 12
BITMAP
C0
C0
ENDCHAR
STARTCHAR 06E1
ENCODING 1761
SWIDTH 0 0
DWIDTH 0 0
BBX 6 3 -3 12
BITMAP
70
08
FC
ENDCHAR
STARTCHAR 06E2
ENCODING 1762
SWIDTH 0 0
DWIDTH 0 0
BBX 4 7 -2 12
BITMAP
60
50
70
80
80
40
40
ENDCHAR
STARTCHAR 06E3
ENCODING 1763
SWIDTH 0 0
DWIDTH 0 0
BBX 10 5 -5 -5
BITMAP
4940
8940
8FC0
8800
7000
ENDCHAR
STARTCHAR 06E4
ENCODING 1764
SWIDTH 0 0
DWIDTH 0 0
BBX 2 1 -1 12
BITMAP
C0
ENDCHAR
STARTCHAR 06E5
ENCODING 1765
SWIDTH 211 0
DWIDTH 5 0
BBX 4 6 1 12
BITMAP
30
50
70
10
20
C0
ENDCHAR
STARTCHAR 06E6
ENCODING 1766
SWIDTH 381 0
DWIDTH 9 0
BBX 8 5 0 12
BITMAP
10
28
60
80
FF
ENDCHAR
STARTCHAR 06E7
ENCODING 1767
SWIDTH 0 0
DWIDTH 0 0
BBX 8 5 -4 12
BITMAP
10
28
60
80
FF
ENDCHAR
STARTCHAR 06E8
ENCODING 1768
SWIDTH 0 0
DWIDTH 0 0
BBX 6 6 -3 12
BITMAP
20
08
44
84
84
78
ENDCHAR
STARTCHAR 06E9
ENCODING 1769
SWIDTH 592 0
DWIDTH 14 0
BBX 17 20 -1 0
BITMAP
008000
036000
049000
0B6800
349600
5B6D00
AC1A80
522500
4A2B00
2A2A00
2A2A00
2A2A00
2A2A00
2A2A00
2A2A00
2BEA00
280A00
4FF900
400100
FFFF80
ENDCHAR
STARTCHAR 06EA
ENCODING 1770
SWIDTH 0 0
DWIDTH 0 0
BBX 3 4 -2 -4
BITMAP
40
A0
A0
40
ENDCHAR
STARTCHAR 06EB
ENCODING 1771
SWIDTH 0 0
DWIDTH 0 0
BBX 3 4 -2 12
BITMAP
40
A0
A0
40
ENDCHAR
STARTCHAR 06EC
ENCODING 1772
SWIDTH 0 0
DWIDTH 0 0
BBX 2 2 -1 12
BITMAP
C0
C0
ENDCHAR
STARTCHAR 06ED
ENCODING 1773
SWIDTH 0 0
DWIDTH 0 0
BBX 4 7 -2 -5
BITMAP
60
50
70
80
80
40
40
ENDCHAR
STARTCHAR 06F0
ENCODING 1776
SWIDTH 550 0
DWIDTH 13 0
BBX 4 6 4 5
BITMAP
40
60
F0
F0
60
20
ENDCHAR
STARTCHAR 06F1
ENCODING 1777
SWIDTH 550 0
DWIDTH 13 0
BBX 3 14 5 3
BITMAP
80
C0
C0
E0
60
60
60
20
20
20
20
20
20
20
ENDCHAR
STARTCHAR 06F2
ENCODING 1778
SWIDTH 550 0
DWIDTH 13 0
BBX 7 14 3 3
BITMAP
82
82
C6
7E
3C
30
10
18
08
08
08
08
08
08
ENDCHAR
STARTCHAR 06F3
ENCODING 1779
SWIDTH 550 0
DWIDTH 13 0
BBX 10 14 2 3
BITMAP
8440
CCC0
FFC0
FB80
6000
6000
3000
3000
3000
1000
1000
1000
1000
1000
ENDCHAR
STARTCHAR 06F4
ENCODING 1780
SWIDTH 550 0
DWIDTH 13 0
BBX 8 14 3 3
BITMAP
8C
9A
D1
F3
7E
7C
60
60
30
30
20
20
20
20
ENDCHAR
STARTCHAR 06F5
ENCODING 1781
SWIDTH 550 0
DWIDTH 13 0
BBX 9 14 2 3
BITMAP
0800
0C00
0C00
0E00
0F00
1300
2300
2180
4080
C080
C480
FF80
FF00
7E00
ENDCHAR
STARTCHAR 06F6
ENCODING 1782
SWIDTH 550 0
DWIDTH 13 0
BBX 9 14 2 3
BITMAP
0C00
3E00
6100
4000
E080
FF80
7E00
0C00
1800
1800
3000
3000
2000
2000
ENDCHAR
STARTCHAR 06F7
ENCODING 1783
SWIDTH 550 0
DWIDTH 13 0
BBX 10 14 1 3
BITMAP
8000
C040
C040
E0C0
60C0
3180
3100
1900
0A00
0A00
0C00
0400
0400
0400
ENDCHAR
STARTCHAR 06F8
ENCODING 1784
SWIDTH 550 0
DWIDTH 13 0
BBX 10 14 2 3
BITMAP
0800
0800
0800
1800
1C00
1400
2600
2700
6300
C380
C1C0
81C0
80C0
0040
ENDCHAR
STARTCHAR 06F9
ENCODING 1785
SWIDTH 550 0
DWIDTH 13 0
BBX 7 14 3 3
BITMAP
38
7C
4C
84
84
FC
7C
04
04
04
06
06
06
02
ENDCHAR
STARTCHAR 06FA
ENCODING 1786
SWIDTH 847 0
DWIDTH 20 0
BBX 19 20 1 -2
BITMAP
000400
000E00
000480
0005C0
000E80
000400
000000
000000
002040
002160
403160
401120
801120
801FE0
801EE0
801000
803100
C0E380
7FC100
3F0000
ENDCHAR
STARTCHAR 06FB
ENCODING 1787
SWIDTH 1101 0
DWIDTH 26 0
BBX 25 16 1 -2
BITMAP
00010000
00038000
00010000
00000000
00400F00
00403F80
40606380
40218180
80230180
803FFF80
803FFF80
80200000
80602000
C1C07000
7F802000
3F000000
ENDCHAR
STARTCHAR 06FC
ENCODING 1788
SWIDTH 550 0
DWIDTH 13 0
BBX 10 24 1 -5
BITMAP
1000
3800
1000
0000
0000
3800
7E00
E000
8000
8080
E780
7E00
3800
3000
6000
4000
8200
8700
8200
8000
C000
7000
3FC0
0F80
ENDCHAR
STARTCHAR 06FD
ENCODING 1789
SWIDTH 423 0
DWIDTH 10 0
BBX 8 14 1 -4
BITMAP
18
3C
48
C0
E3
FE
3C
30
40
14
14
14
14
14
ENDCHAR
STARTCHAR 06FE
ENCODING 1790
SWIDTH 338 0
DWIDTH 8 0
BBX 8 13 0 -5
BITMAP
1C
3E
07
1F
7F
C0
80
8A
8A
4A
4A
4A
40
ENDCHAR
STARTCHAR 1E80
ENCODING 7808
SWIDTH 974 0
DWIDTH 23 0
BBX 23 21 0 0
BITMAP
007000
003000
001800
000000
C03806
C03806
606C0C
606C0C
606C0C
60C60C
30C618
30C618
31C318
318318
398338
1B83B0
1B01B0
1B01B0
1B01B0
0E00E0
0E00E0
ENDCHAR
STARTCHAR 1E81
ENCODING 7809
SWIDTH 720 0
DWIDTH 17 0
BBX 17 17 0 0
BITMAP
038000
018000
00C000
000000
C08180
C1C180
C1C180
614300
636300
636300
363600
363600
363600
141400
1C1C00
1C1C00
080800
ENDCHAR
STARTCHAR 1E82
ENCODING 7810
SWIDTH 974 0
DWIDTH 23 0
BBX 23 21 0 0
BITMAP
001C00
001800
003000
000000
C03806
C03806
606C0C
606C0C
606C0C
60C60C
30C618
30C618
31C318
318318
398338
1B83B0
1B01B0
1B01B0
1B01B0
0E00E0
0E00E0
ENDCHAR
STARTCHAR 1E83
ENCODING 7811
SWIDTH 720 0
DWIDTH 17 0
BBX 17 17 0 0
BITMAP
007000
006000
00C000
000000
C08180
C1C180
C1C180
614300
636300
636300
363600
363600
363600
141400
1C1C00
1C1C00
080800
ENDCHAR
STARTCHAR 1E84
ENCODING 7812
SWIDTH 974 0
DWIDTH 23 0
BBX 23 20 0 0
BITMAP
006600
006600
000000
C03806
C03806
606C0C
606C0C
606C0C
60C60C
30C618
30C618
31C318
318318
398338
1B83B0
1B01B0
1B01B0
1B01B0
0E00E0
0E00E0
ENDCHAR
STARTCHAR 1E85
ENCODING 7813
SWIDTH 720 0
DWIDTH 17 0
BBX 17 16 0 0
BITMAP
033000
033000
000000
C08180
C1C180
C1C180
614300
636300
636300
363600
363600
363600
141400
1C1C00
1C1C00
080800
ENDCHAR
STARTCHAR 1EA0
ENCODING 7840
SWIDTH 635 0
DWIDTH 15 0
BBX 15 20 0 -3
BITMAP
0380
0380
06C0
06C0
0EE0
0C60
0C60
1830
1830
1830
3FF8
3FF8
701C
600C
600C
C006
C006
0000
0300
0300
ENDCHAR
STARTCHAR 1EA1
ENCODING 7841
SWIDTH 550 0
DWIDTH 13 0
BBX 11 16 1 -3
BITMAP
1F00
7F80
E1C0
C0C0
00C0
07C0
3FC0
78C0
C0C0
C1C0
E3C0
7FC0
3C60
0000
0C00
0C00
ENDCHAR
STARTCHAR 1EA2
ENCODING 7842
SWIDTH 635 0
DWIDTH 15 0
BBX 15 21 0 0
BITMAP
0780
00C0
0180
0000
0380
0380
06C0
06C0
0EE0
0C60
0C60
1830
1830
1830
3FF8
3FF8
701C
600C
600C
C006
C006
ENDCHAR
STARTCHAR 1EA3
ENCODING 7843
SWIDTH 550 0
DWIDTH 13 0
BBX 11 19 1 0
BITMAP
3C00
0600
0600
0C00
0000
0000
1F00
7F80
E1C0
C0C0
00C0
07C0
3FC0
78C0
C0C0
C1C0
E3C0
7FC0
3C60
ENDCHAR
STARTCHAR 1EA4
ENCODING 7844
SWIDTH 635 0
DWIDTH 15 0
BBX 15 21 0 0
BITMAP
00E0
01C0
0180
0240
0380
0380
06C0
06C0
0EE0
0C60
0C60
1830
1830
1830
3FF8
3FF8
701C
600C
600C
C006
C006
ENDCHAR
STARTCHAR 1EA5
ENCODING 7845
SWIDTH 550 0
DWIDTH 13 0
BBX 11 21 1 0
BITMAP
0700
0E00
1C00
0000
0C00
1E00
3300
0000
1F00
7F80
E1C0
C0C0
00C0
07C0
3FC0
78C0
C0C0
C1C0
E3C0
7FC0
3C60
ENDCHAR
STARTCHAR 1EA6
ENCODING 7846
SWIDTH 635 0
DWIDTH 15 0
BBX 15 21 0 0
BITMAP
0700
0380
0180
0240
0380
0380
06C0
06C0
0EE0
0C60
0C60
1830
1830
1830
3FF8
3FF8
701C
600C
600C
C006
C006
ENDCHAR
STARTCHAR 1EA7
ENCODING 7847
SWIDTH 550 0
DWIDTH 13 0
BBX 11 21 1 0
BITMAP
3800
1C00
0E00
0000
0C00
1E00
3300
0000
1F00
7F80
E1C0
C0C0
00C0
07C0
3FC0
78C0
C0C0
C1C0
E3C0
7FC0
3C60
ENDCHAR
STARTCHAR 1EA8
ENCODING 7848
SWIDTH 635 0
DWIDTH 15 0
BBX 15 21 0 0
BITMAP
03C0
0080
0180
0240
0380
0380
06C0
06C0
0EE0
0C60
0C60
1830
1830
1830
3FF8
3FF8
701C
600C
600C
C006
C006
ENDCHAR
STARTCHAR 1EA9
ENCODING 7849
SWIDTH 550 0
DWIDTH 13 0
BBX 11 21 1 0
BITMAP
3C00
0600
0C00
0000
0C00
1E00
3300
0000
1F00
7F80
E1C0
C0C0
00C0
07C0
3FC0
78C0
C0C0
C1C0
E3C0
7FC0
3C60
ENDCHAR
STARTCHAR 1EAA
ENCODING 7850
SWIDTH 635 0
DWIDTH 15 0
BBX 15 21 0 0
BITMAP
0710
08E0
0180
0240
0380
0380
06C0
06C0
0EE0
0C60
0C60
1830
1830
1830
3FF8
3FF8
701C
600C
600C
C006
C006
ENDCHAR
STARTCHAR 1EAB
ENCODING 7851
SWIDTH 550 0
DWIDTH 13 0
BBX 11 21 1 0
BITMAP
38C0
7FC0
6380
0000
0C00
1E00
3300
0000
1F00
7F80
E1C0
C0C0
00C0
07C0
3FC0
78C0
C0C0
C1C0
E3C0
7FC0
3C60
ENDCHAR
STARTCHAR 1EAC
ENCODING 7852
SWIDTH 635 0
DWIDTH 15 0
BBX 15 23 0 -3
BITMAP
0180
0240
0000
0380
0380
06C0
06C0
0EE0
0C60
0C60
1830
1830
1830
3FF8
3FF8
701C
600C
600C
C006
C006
0000
0300
0300
ENDCHAR
STARTCHAR 1EAD
ENCODING 7853
SWIDTH 550 0
DWIDTH 13 0
BBX 11 20 1 -3
BITMAP
0C00
1E00
3300
0000
1F00
7F80
E1C0
C0C0
00C0
07C0
3FC0
78C0
C0C0
C1C0
E3C0
7FC0
3C60
0000
0C00
0C00
ENDCHAR
STARTCHAR 1EAE
ENCODING 7854
SWIDTH 635 0
DWIDTH 15 0
BBX 15 21 0 0
BITMAP
01C0
0380
0820
07C0
0380
0380
06C0
06C0
0EE0
0C60
0C60
1830
1830
1830
3FF8
3FF8
701C
600C
600C
C006
C006
ENDCHAR
STARTCHAR 1EAF
ENCODING 7855
SWIDTH 550 0
DWIDTH 13 0
BBX 11 21 1 0
BITMAP
0380
0700
0E00
0000
2080
3180
1F00
0000
1F00
7F80
E1C0
C0C0
00C0
07C0
3FC0
78C0
C0C0
C1C0
E3C0
7FC0
3C60
ENDCHAR
STARTCHAR 1EB0
ENCODING 7856
SWIDTH 635 0
DWIDTH 15 0
BBX 15 21 0 0
BITMAP
0700
0380
0820
07C0
0380
0380
06C0
06C0
0EE0
0C60
0C60
1830
1830
1830
3FF8
3FF8
701C
600C
600C
C006
C006
ENDCHAR
STARTCHAR 1EB1
ENCODING 7857
SWIDTH 550 0
DWIDTH 13 0
BBX 11 21 1 0
BITMAP
3800
1C00
0E00
0000
2080
3180
1F00
0000
1F00
7F80
E1C0
C0C0
00C0
07C0
3FC0
78C0
C0C0
C1C0
E3C0
7FC0
3C60
ENDCHAR
STARTCHAR 1EB2
ENCODING 7858
SWIDTH 635 0
DWIDTH 15 0
BBX 15 21 0 0
BITMAP
0780
0100
0820
07C0
0380
0380
06C0
06C0
0EE0
0C60
0C60
1830
1830
1830
3FF8
3FF8
701C
600C
600C
C006
C006
ENDCHAR
STARTCHAR 1EB3
ENCODING 7859
SWIDTH 550 0
DWIDTH 13 0
BBX 11 21 1 0
BITMAP
1E00
0300
0600
0000
2080
3180
1F00
0000
1F00
7F80
E1C0
C0C0
00C0
07C0
3FC0
78C0
C0C0
C1C0
E3C0
7FC0
3C60
ENDCHAR
STARTCHAR 1EB4
ENCODING 7860
SWIDTH 635 0
DWIDTH 15 0
BBX 15 21 0 0
BITMAP
0710
08E0
0820
07C0
0380
0380
06C0
06C0
0EE0
0C60
0C60
1830
1830
1830
3FF8
3FF8
701C
600C
600C
C006
C006
ENDCHAR
STARTCHAR 1EB5
ENCODING 7861
SWIDTH 550 0
DWIDTH 13 0
BBX 11 21 1 0
BITMAP
38C0
7FC0
6380
0000
2080
3180
1F00
0000
1F00
7F80
E1C0
C0C0
00C0
07C0
3FC0
78C0
C0C0
C1C0
E3C0
7FC0
3C60
ENDCHAR
STARTCHAR 1EB6
ENCODING 7862
SWIDTH 635 0
DWIDTH 15 0
BBX 15 23 0 -3
BITMAP
0820
07C0
0000
0380
0380
06C0
06C0
0EE0
0C60
0C60
1830
1830
1830
3FF8
3FF8
701C
600C
600C
C006
C006
0000
0300
0300
ENDCHAR
STARTCHAR 1EB7
ENCODING 7863
SWIDTH 550 0
DWIDTH 13 0
BBX 11 20 1 -3
BITMAP
2080
3180
1F00
0000
1F00
7F80
E1C0
C0C0
00C0
07C0
3FC0
78C0
C0C0
C1C0
E3C0
7FC0
3C60
0000
0C00
0C00
ENDCHAR
STARTCHAR 1EB8
ENCODING 7864
SWIDTH 677 0
DWIDTH 16 0
BBX 13 20 2 -3
BITMAP
FFF8
FFF8
C000
C000
C000
C000
C000
FFF0
FFF0
C000
C000
C000
C000
C000
C000
FFF8
FFF8
0000
0300
0300
ENDCHAR
STARTCHAR 1EB9
ENCODING 7865
SWIDTH 550 0
DWIDTH 13 0
BBX 11 16 1 -3
BITMAP
1F00
3F80
71C0
C0E0
C060
FFE0
FFE0
C000
C000
E060
71C0
3F80
1F00
0000
0C00
0C00
ENDCHAR
STARTCHAR 1EBA
ENCODING 7866
SWIDTH 677 0
DWIDTH 16 0
BBX 13 21 2 0
BITMAP
0F00
0180
0300
0000
FFF8
FFF8
C000
C000
C000
C000
C000
FFF0
FFF0
C000
C000
C000
C000
C000
C000
FFF8
FFF8
ENDCHAR
STARTCHAR 1EBB
ENCODING 7867
SWIDTH 550 0
DWIDTH 13 0
BBX 11 19 1 0
BITMAP
1E00
0300
0300
0600
0000
0000
1F00
3F80
71C0
C0E0
C060
FFE0
FFE0
C000
C000
E060
71C0
3F80
1F00
ENDCHAR
STARTCHAR 1EBC
ENCODING 7868
SWIDTH 677 0
DWIDTH 16 0
BBX 13 21 2 0
BITMAP
0E60
1FE0
19C0
0000
FFF8
FFF8
C000
C000
C000
C000
C000
FFF0
FFF0
C000
C000
C000
C000
C000
C000
FFF8
FFF8
ENDCHAR
STARTCHAR 1EBD
ENCODING 7869
SWIDTH 550 0
DWIDTH 13 0
BBX 11 18 1 0
BITMAP
1CC0
3FC0
3380
0000
0000
1F00
3F80
71C0
C0E0
C060
FFE0
FFE0
C000
C000
E060
71C0
3F80
1F00
ENDCHAR
STARTCHAR 1EBE
ENCODING 7870
SWIDTH 677 0
DWIDTH 16 0
BBX 13 21 2 0
BITMAP
01C0
0380
0300
0480
FFF8
FFF8
C000
C000
C000
C000
C000
FFF0
FFF0
C000
C000
C000
C000
C000
C000
FFF8
FFF8
ENDCHAR
STARTCHAR 1EBF
ENCODING 7871
SWIDTH 550 0
DWIDTH 13 0
BBX 11 21 1 0
BITMAP
0380
0700
0E00
0000
0600
0F00
1980
0000
1F00
3F80
71C0
C0E0
C060
FFE0
FFE0
C000
C000
E060
71C0
3F80
1F00
ENDCHAR
STARTCHAR 1EC0
ENCODING 7872
SWIDTH 677 0
DWIDTH 16 0
BBX 13 21 2 0
BITMAP
0E00
0700
0300
0480
FFF8
FFF8
C000
C000
C000
C000
C000
FFF0
FFF0
C000
C000
C000
C000
C000
C000
FFF8
FFF8
ENDCHAR
STARTCHAR 1EC1
ENCODING 7873
SWIDTH 550 0
DWIDTH 13 0
BBX 11 21 1 0
BITMAP
1C00
0E00
0700
0000
0600
0F00
1980
0000
1F00
3F80
71C0
C0E0
C060
FFE0
FFE0
C000
C000
E060
71C0
3F80
1F00
ENDCHAR
STARTCHAR 1EC2
ENCODING 7874
SWIDTH 677 0
DWIDTH 16 0
BBX 13 21 2 0
BITMAP
0780
0100
0300
0480
FFF8
FFF8
C000
C000
C000
C000
C000
FFF0
FFF0
C000
C000
C000
C000
C000
C000
FFF8
FFF8
ENDCHAR
STARTCHAR 1EC3
ENCODING 7875
SWIDTH 550 0
DWIDTH 13 0
BBX 11 21 1 0
BITMAP
1E00
0300
0600
0000
0600
0F00
1980
0000
1F00
3F80
71C0
C0E0
C060
FFE0
FFE0
C000
C000
E060
71C0
3F80
1F00
ENDCHAR
STARTCHAR 1EC4
ENCODING 7876
SWIDTH 677 0
DWIDTH 16 0
BBX 13 21 2 0
BITMAP
0E20
11C0
0300
0480
FFF8
FFF8
C000
C000
C000
C000
C000
FFF0
FFF0
C000
C000
C000
C000
C000
C000
FFF8
FFF8
ENDCHAR
STARTCHAR 1EC5
ENCODING 7877
SWIDTH 550 0
DWIDTH 13 0
BBX 11 21 1 0
BITMAP
1C60
3FE0
31C0
0000
0600
0F00
1980
0000
1F00
3F80
71C0
C0E0
C060
FFE0
FFE0
C000
C000
E060
71C0
3F80
1F00
ENDCHAR
STARTCHAR 1EC6
ENCODING 7878
SWIDTH 677 0
DWIDTH 16 0
BBX 13 23 2 -3
BITMAP
0300
0480
0000
FFF8
FFF8
C000
C000
C000
C000
C000
FFF0
FFF0
C000
C000
C000
C000
C000
C000
FFF8
FFF8
0000
0300
0300
ENDCHAR
STARTCHAR 1EC7
ENCODING 7879
SWIDTH 550 0
DWIDTH 13 0
BBX 11 20 1 -3
BITMAP
0600
0F00
1980
0000
1F00
3F80
71C0
C0E0
C060
FFE0
FFE0
C000
C000
E060
71C0
3F80
1F00
0000
0C00
0C00
ENDCHAR
STARTCHAR 1EC8
ENCODING 7880
SWIDTH 254 0
DWIDTH 6 0
BBX 5 21 1 0
BITMAP
F0
18
30
00
60
60
60
60
60
60
60
60
60
60
60
60
60
60
60
60
60
ENDCHAR
STARTCHAR 1EC9
ENCODING 7881
SWIDTH 211 0
DWIDTH 5 0
BBX 5 19 0 0
BITMAP
F0
18
18
30
00
00
30
30
30
30
30
30
30
30
30
30
30
30
30
ENDCHAR
STARTCHAR 1ECA
ENCODING 7882
SWIDTH 254 0
DWIDTH 6 0
BBX 2 20 2 -3
BITMAP
C0
C0
C0
C0
C0
C0
C0
C0
C0
C0
C0
C0
C0
C0
C0
C0
C0
00
C0
C0
ENDCHAR
STARTCHAR 1ECB
ENCODING 7883
SWIDTH 211 0
DWIDTH 5 0
BBX 2 20 2 -3
BITMAP
C0
C0
00
00
C0
C0
C0
C0
C0
C0
C0
C0
C0
C0
C0
C0
C0
00
C0
C0
ENDCHAR
STARTCHAR 1ECC
ENCODING 7884
SWIDTH 804 0
DWIDTH 19 0
BBX 17 20 1 -3
BITMAP
07F000
1FFC00
3C1E00
700700
600300
E00300
C00180
C00180
C00180
C00180
C00180
E00380
600300
700700
3C1E00
1FFC00
07F000
000000
00C000
00C000
ENDCHAR
STARTCHAR 1ECD
ENCODING 7885
SWIDTH 550 0
DWIDTH 13 0
BBX 11 16 1 -3
BITMAP
1F00
3F80
71C0
E0E0
C060
C060
C060
C060
C060
E0E0
71C0
3F80
1F00
0000
0600
0600
ENDCHAR
STARTCHAR 1ECE
ENCODING 7886
SWIDTH 804 0
DWIDTH 19 0
BBX 17 21 1 0
BITMAP
03C000
006000
00C000
000000
07F000
1FFC00
3C1E00
700700
600300
E00300
C00180
C00180
C00180
C00180
C00180
E00380
600300
700700
3C1E00
1FFC00
07F000
ENDCHAR
STARTCHAR 1ECF
ENCODING 7887
SWIDTH 550 0
DWIDTH 13 0
BBX 11 19 1 0
BITMAP
1E00
0300
0300
0600
0000
0000
1F00
3F80
71C0
E0E0
C060
C060
C060
C060
C060
E0E0
71C0
3F80
1F00
ENDCHAR
STARTCHAR 1ED0
ENCODING 7888
SWIDTH 804 0
DWIDTH 19 0
BBX 17 21 1 0
BITMAP
007000
00E000
00C000
012000
07F000
1FFC00
3C1E00
700700
600300
E00300
C00180
C00180
C00180
C00180
C00180
E00380
600300
700700
3C1E00
1FFC00
07F000
ENDCHAR
STARTCHAR 1ED1
ENCODING 7889
SWIDTH 550 0
DWIDTH 13 0
BBX 11 21 1 0
BITMAP
0380
0700
0E00
0000
0600
0F00
1980
0000
1F00
3F80
71C0
E0E0
C060
C060
C060
C060
C060
E0E0
71C0
3F80
1F00
ENDCHAR
STARTCHAR 1ED2
ENCODING 7890
SWIDTH 804 0
DWIDTH 19 0
BBX 17 21 1 0
BITMAP
038000
01C000
00C000
012000
07F000
1FFC00
3C1E00
700700
600300
E00300
C00180
C00180
C00180
C00180
C00180
E00380
600300
700700
3C1E00
1FFC00
07F000
ENDCHAR
STARTCHAR 1ED3
ENCODING 7891
SWIDTH 550 0
DWIDTH 13 0
BBX 11 21 1 0
BITMAP
1C00
0E00
0700
0000
0600
0F00
1980
0000
1F00
3F80
71C0
E0E0
C060
C060
C060
C060
C060
E0E0
71C0
3F80
1F00
ENDCHAR
STARTCHAR 1ED4
ENCODING 7892
SWIDTH 804 0
DWIDTH 19 0
BBX 17 21 1 0
BITMAP
01E000
004000
00C000
012000
07F000
1FFC00
3C1E00
700700
600300
E00300
C00180
C00180
C00180
C00180
C00180
E00380
600300
700700
3C1E00
1FFC00
07F000
ENDCHAR
STARTCHAR 1ED5
ENCODING 7893
SWIDTH 550 0
DWIDTH 13 0
BBX 11 21 1 0
BITMAP
1E00
0300
0600
0000
0600
0F00
1980
0000
1F00
3F80
71C0
E0E0
C060
C060
C060
C060
C060
E0E0
71C0
3F80
1F00
ENDCHAR
STARTCHAR 1ED6
ENCODING 7894
SWIDTH 804 0
DWIDTH 19 0
BBX 17 21 1 0
BITMAP
038800
047000
00C000
012000
07F000
1FFC00
3C1E00
700700
600300
E00300
C00180
C00180
C00180
C00180
C00180
E00380
600300
700700
3C1E00
1FFC00
07F000
ENDCHAR
STARTCHAR 1ED7
ENCODING 7895
SWIDTH 550 0
DWIDTH 13 0
BBX 11 21 1 0
BITMAP
1C60
3FE0
31C0
0000
0600
0F00
1980
0000
1F00
3F80
71C0
E0E0
C060
C060
C060
C060
C060
E0E0
71C0
3F80
1F00
ENDCHAR
STARTCHAR 1ED8
ENCODING 7896
SWIDTH 804 0
DWIDTH 19 0
BBX 17 23 1 -3
BITMAP
00C000
012000
000000
07F000
1FFC00
3C1E00
700700
600300
E00300
C00180
C00180
C00180
C00180
C00180
E00380
600300
700700
3C1E00
1FFC00
07F000
000000
00C000
00C000
ENDCHAR
STARTCHAR 1ED9
ENCODING 7897
SWIDTH 550 0
DWIDTH 13 0
BBX 11 20 1 -3
BITMAP
0600
0F00
1980
0000
1F00
3F80
71C0
E0E0
C060
C060
C060
C060
C060
E0E0
71C0
3F80
1F00
0000
0600
0600
ENDCHAR
STARTCHAR 1EDA
ENCODING 7898
SWIDTH 889 0
DWIDTH 21 0
BBX 19 21 1 0
BITMAP
00E000
00C000
018000
000000
07F060
1FFC60
3C1E20
700720
600340
E00380
C00180
C00180
C00180
C00180
C00180
E00380
600300
700700
3C1E00
1FFC00
07F000
ENDCHAR
STARTCHAR 1EDB
ENCODING 7899
SWIDTH 677 0
DWIDTH 16 0
BBX 13 17 1 0
BITMAP
0380
0300
0600
0000
1F18
3F98
71C8
E0E8
C070
C070
C060
C060
C060
E0E0
71C0
3F80
1F00
ENDCHAR
STARTCHAR 1EDC
ENCODING 7900
SWIDTH 889 0
DWIDTH 21 0
BBX 19 21 1 0
BITMAP
038000
018000
00C000
000000
07F060
1FFC60
3C1E20
700720
600340
E00380
C00180
C00180
C00180
C00180
C00180
E00380
600300
700700
3C1E00
1FFC00
07F000
ENDCHAR
STARTCHAR 1EDD
ENCODING 7901
SWIDTH 677 0
DWIDTH 16 0
BBX 13 17 1 0
BITMAP
1C00
0C00
0600
0000
1F18
3F98
71C8
E0E8
C070
C070
C060
C060
C060
E0E0
71C0
3F80
1F00
ENDCHAR
STARTCHAR 1EDE
ENCODING 7902
SWIDTH 889 0
DWIDTH 21 0
BBX 19 21 1 0
BITMAP
03C000
006000
00C000
000000
07F060
1FFC60
3C1E20
700720
600340
E00380
C00180
C00180
C00180
C00180
C00180
E00380
600300
700700
3C1E00
1FFC00
07F000
ENDCHAR
STARTCHAR 1EDF
ENCODING 7903
SWIDTH 677 0
DWIDTH 16 0
BBX 13 19 1 0
BITMAP
1E00
0300
0300
0600
0000
0000
1F18
3F98
71C8
E0E8
C070
C070
C060
C060
C060
E0E0
71C0
3F80
1F00
ENDCHAR
STARTCHAR 1EE0
ENCODING 7904
SWIDTH 889 0
DWIDTH 21 0
BBX 19 21 1 0
BITMAP
039800
07F800
067000
000000
07F060
1FFC60
3C1E20
700720
600340
E00380
C00180
C00180
C00180
C00180
C00180
E00380
600300
700700
3C1E00
1FFC00
07F000
ENDCHAR
STARTCHAR 1EE1
ENCODING 7905
SWIDTH 677 0
DWIDTH 16 0
BBX 13 17 1 0
BITMAP
1CC0
3FC0
3380
0000
1F18
3F98
71C8
E0E8
C070
C070
C060
C060
C060
E0E0
71C0
3F80
1F00
ENDCHAR
STARTCHAR 1EE2
ENCODING 7906
SWIDTH 889 0
DWIDTH 21 0
BBX 19 20 1 -3
BITMAP
07F060
1FFC60
3C1E20
700720
600340
E00380
C00180
C00180
C00180
C00180
C00180
E00380
600300
700700
3C1E00
1FFC00
07F000
000000
00C000
00C000
ENDCHAR
STARTCHAR 1EE3
ENCODING 7907
SWIDTH 677 0
DWIDTH 16 0
BBX 13 16 1 -3
BITMAP
1F18
3F98
71C8
E0E8
C070
C070
C060
C060
C060
E0E0
71C0
3F80
1F00
0000
0600
0600
ENDCHAR
STARTCHAR 1EE4
ENCODING 7908
SWIDTH 720 0
DWIDTH 17 0
BBX 13 20 2 -3
BITMAP
C018
C018
C018
C018
C018
C018
C018
C018
C018
C018
C018
C018
C018
6038
7070
3FE0
1FC0
0000
0300
0300
ENDCHAR
STARTCHAR 1EE5
ENCODING 7909
SWIDTH 592 0
DWIDTH 14 0
BBX 10 16 2 -3
BITMAP
C0C0
C0C0
C0C0
C0C0
C0C0
C0C0
C0C0
C0C0
C0C0
C1C0
E3C0
7EC0
3CC0
0000
0C00
0C00
ENDCHAR
STARTCHAR 1EE6
ENCODING 7910
SWIDTH 720 0
DWIDTH 17 0
BBX 13 21 2 0
BITMAP
0F00
0180
0300
0000
C018
C018
C018
C018
C018
C018
C018
C018
C018
C018
C018
C018
C018
6038
7070
3FE0
1FC0
ENDCHAR
STARTCHAR 1EE7
ENCODING 7911
SWIDTH 592 0
DWIDTH 14 0
BBX 10 19 2 0
BITMAP
3C00
0600
0600
0C00
0000
0000
C0C0
C0C0
C0C0
C0C0
C0C0
C0C0
C0C0
C0C0
C0C0
C1C0
E3C0
7EC0
3CC0
ENDCHAR
STARTCHAR 1EE8
ENCODING 7912
SWIDTH 889 0
DWIDTH 21 0
BBX 17 21 2 0
BITMAP
018000
030000
020000
000000
C01980
C01980
C01880
C01880
C01900
C01E00
C01800
C01800
C01800
C01800
C01800
C01800
C01800
603000
707000
3FE000
1F8000
ENDCHAR
STARTCHAR 1EE9
ENCODING 7913
SWIDTH 677 0
DWIDTH 16 0
BBX 13 17 2 0
BITMAP
0700
0600
0C00
0000
C0D8
C0D8
C0C8
C0C8
C0D0
C0E0
C0C0
C0C0
C0C0
C1C0
E3C0
7EC0
3CC0
ENDCHAR
STARTCHAR 1EEA
ENCODING 7914
SWIDTH 889 0
DWIDTH 21 0
BBX 17 21 2 0
BITMAP
0C0000
060000
020000
000000
C01980
C01980
C01880
C01880
C01900
C01E00
C01800
C01800
C01800
C01800
C01800
C01800
C01800
603000
707000
3FE000
1F8000
ENDCHAR
STARTCHAR 1EEB
ENCODING 7915
SWIDTH 677 0
DWIDTH 16 0
BBX 13 17 2 0
BITMAP
3800
1800
0C00
0000
C0D8
C0D8
C0C8
C0C8
C0D0
C0E0
C0C0
C0C0
C0C0
C1C0
E3C0
7EC0
3CC0
ENDCHAR
STARTCHAR 1EEC
ENCODING 7916
SWIDTH 889 0
DWIDTH 21 0
BBX 17 21 2 0
BITMAP
0F0000
018000
030000
000000
C01980
C01980
C01880
C01880
C01900
C01E00
C01800
C01800
C01800
C01800
C01800
C01800
C01800
603000
707000
3FE000
1F8000
ENDCHAR
STARTCHAR 1EED
ENCODING 7917
SWIDTH 677 0
DWIDTH 16 0
BBX 13 19 2 0
BITMAP
3C00
0600
0600
0C00
0000
0000
C0D8
C0D8
C0C8
C0C8
C0D0
C0E0
C0C0
C0C0
C0C0
C1C0
E3C0
7EC0
3CC0
ENDCHAR
STARTCHAR 1EEE
ENCODING 7918
SWIDTH 889 0
DWIDTH 21 0
BBX 17 21 2 0
BITMAP
0E6000
1FE000
19C000
000000
C01980
C01980
C01880
C01880
C01900
C01E00
C01800
C01800
C01800
C01800
C01800
C01800
C01800
603000
707000
3FE000
1F8000
ENDCHAR
STARTCHAR 1EEF
ENCODING 7919
SWIDTH 677 0
DWIDTH 16 0
BBX 13 17 2 0
BITMAP
3980
7F80
6700
0000
C0D8
C0D8
C0C8
C0C8
C0D0
C0E0
C0C0
C0C0
C0C0
C1C0
E3C0
7EC0
3CC0
ENDCHAR
STARTCHAR 1EF0
ENCODING 7920
SWIDTH 889 0
DWIDTH 21 0
BBX 17 20 2 -3
BITMAP
C01980
C01980
C01880
C01880
C01900
C01E00
C01800
C01800
C01800
C01800
C01800
C01800
C01800
603000
707000
3FE000
1FC000
000000
030000
030000
ENDCHAR
STARTCHAR 1EF1
ENCODING 7921
SWIDTH 677 0
DWIDTH 16 0
BBX 13 16 2 -3
BITMAP
C0D8
C0D8
C0C8
C0C8
C0D0
C0E0
C0C0
C0C0
C0C0
C1C0
E3C0
7EC0
3CC0
0000
0C00
0C00
ENDCHAR
STARTCHAR 1EF2
ENCODING 7922
SWIDTH 677 0
DWIDTH 16 0
BBX 16 21 0 0
BITMAP
0700
0300
0180
0000
E007
600E
301C
381C
1C38
0E70
0660
07E0
03C0
0180
0180
0180
0180
0180
0180
0180
0180
ENDCHAR
STARTCHAR 1EF3
ENCODING 7923
SWIDTH 508 0
DWIDTH 12 0
BBX 10 22 1 -5
BITMAP
3800
1800
0C00
0000
C0C0
C0C0
C180
6180
6180
6380
3300
3300
1B00
1E00
1E00
0E00
0C00
0C00
0C00
1800
7800
7000
ENDCHAR
STARTCHAR 1EF4
ENCODING 7924
SWIDTH 677 0
DWIDTH 16 0
BBX 16 20 0 -3
BITMAP
E007
600E
301C
381C
1C38
0E70
0660
07E0
03C0
0180
0180
0180
0180
0180
0180
0180
0180
0000
0180
0180
ENDCHAR
STARTCHAR 1EF5
ENCODING 7925
SWIDTH 508 0
DWIDTH 12 0
BBX 10 18 1 -5
BITMAP
C0C0
C0C0
C180
6180
6180
6380
3300
3300
1B00
1E00
1E00
0E00
0C00
0C00
0CC0
18C0
7800
7000
ENDCHAR
STARTCHAR 1EF6
ENCODING 7926
SWIDTH 677 0
DWIDTH 16 0
BBX 16 21 0 0
BITMAP
0780
00C0
0180
0000
E007
600E
301C
381C
1C38
0E70
0660
07E0
03C0
0180
0180
0180
0180
0180
0180
0180
0180
ENDCHAR
STARTCHAR 1EF7
ENCODING 7927
SWIDTH 508 0
DWIDTH 12 0
BBX 10 24 1 -5
BITMAP
3C00
0600
0600
0C00
0000
0000
C0C0
C0C0
C180
6180
6180
6380
3300
3300
1B00
1E00
1E00
0E00
0C00
0C00
0C00
1800
7800
7000
ENDCHAR
STARTCHAR 1EF8
ENCODING 7928
SWIDTH 677 0
DWIDTH 16 0
BBX 16 21 0 0
BITMAP
0730
0FF0
0CE0
0000
E007
600E
301C
381C
1C38
0E70
0660
07E0
03C0
0180
0180
0180
0180
0180
0180
0180
0180
ENDCHAR
STARTCHAR 1EF9
ENCODING 7929
SWIDTH 508 0
DWIDTH 12 0
BBX 10 22 1 -5
BITMAP
3980
7F80
6700
0000
C0C0
C0C0
C180
6180
6180
6380
3300
3300
1B00
1E00
1E00
0E00
0C00
0C00
0C00
1800
7800
7000
ENDCHAR
STARTCHAR 200C
ENCODING 8204
SWIDTH 0 0
DWIDTH 0 0
BBX 1 18 0 -3
BITMAP
80
80
80
80
80
80
80
80
80
80
80
80
80
80
80
80
80
80
ENDCHAR
STARTCHAR 200D
ENCODING 8205
SWIDTH 0 0
DWIDTH 0 0
BBX 5 20 -2 -3
BITMAP
88
D8
70
70
F8
A8
20
20
20
20
20
20
20
20
20
20
20
20
20
20
ENDCHAR
STARTCHAR 200E
ENCODING 8206
SWIDTH 0 0
DWIDTH 0 0
BBX 6 20 0 -3
BITMAP
20
30
18
FC
98
B0
A0
80
80
80
80
80
80
80
80
80
80
80
80
80
ENDCHAR
STARTCHAR 200F
ENCODING 8207
SWIDTH 0 0
DWIDTH 0 0
BBX 6 20 -3 -3
BITMAP
10
30
60
FC
64
34
14
04
04
04
04
04
04
04
04
04
04
04
04
04
ENDCHAR
STARTCHAR 2013
ENCODING 8211
SWIDTH 550 0
DWIDTH 13 0
BBX 13 2 0 5
BITMAP
FFF8
FFF8
ENDCHAR
STARTCHAR 2014
ENCODING 8212
SWIDTH 1016 0
DWIDTH 24 0
BBX 24 2 0 5
BITMAP
FFFFFF
FFFFFF
ENDCHAR
STARTCHAR 2015
ENCODING 8213
SWIDTH 1016 0
DWIDTH 24 0
BBX 22 2 1 5
BITMAP
FFFFFC
FFFFFC
ENDCHAR
STARTCHAR 2017
ENCODING 8215
SWIDTH 550 0
DWIDTH 13 0
BBX 13 5 0 -8
BITMAP
FFF8
FFF8
0000
FFF8
FFF8
ENDCHAR
STARTCHAR 2018
ENCODING 8216
SWIDTH 211 0
DWIDTH 5 0
BBX 2 6 1 11
BITMAP
40
C0
80
80
C0
C0
ENDCHAR
STARTCHAR 2019
ENCODING 8217
SWIDTH 211 0
DWIDTH 5 0
BBX 2 6 1 11
BITMAP
C0
C0
40
40
C0
80
ENDCHAR
STARTCHAR 201A
ENCODING 8218
SWIDTH 211 0
DWIDTH 5 0
BBX 2 6 1 -4
BITMAP
C0
C0
40
40
C0
80
ENDCHAR
STARTCHAR 201B
ENCODING 8219
SWIDTH 211 0
DWIDTH 5 0
BBX 2 6 2 11
BITMAP
C0
C0
80
80
C0
40
ENDCHAR
STARTCHAR 201C
ENCODING 8220
SWIDTH 338 0
DWIDTH 8 0
BBX 6 6 1 11
BITMAP
44
CC
88
88
CC
CC
ENDCHAR
STARTCHAR 201D
ENCODING 8221
SWIDTH 338 0
DWIDTH 8 0
BBX 6 6 1 11
BITMAP
CC
CC
44
44
CC
88
ENDCHAR
STARTCHAR 201E
ENCODING 8222
SWIDTH 338 0
DWIDTH 8 0
BBX 6 6 1 -4
BITMAP
CC
CC
44
44
CC
88
ENDCHAR
STARTCHAR 2020
ENCODING 8224
SWIDTH 550 0
DWIDTH 13 0
BBX 12 21 1 -4
BITMAP
0600
0600
0600
0600
0600
FFF0
FFF0
0600
0600
0600
0600
0600
0600
0600
0600
0600
0600
0600
0600
0600
0600
ENDCHAR
STARTCHAR 2021
ENCODING 8225
SWIDTH 550 0
DWIDTH 13 0
BBX 12 21 1 -4
BITMAP
0600
0600
0600
0600
FFF0
FFF0
0600
0600
0600
0600
0600
0600
0600
0600
0600
FFF0
FFF0
0600
0600
0600
0600
ENDCHAR
STARTCHAR 2022
ENCODING 8226
SWIDTH 338 0
DWIDTH 8 0
BBX 6 6 1 5
BITMAP
78
FC
FC
FC
FC
78
ENDCHAR
STARTCHAR 2026
ENCODING 8230
SWIDTH 1016 0
DWIDTH 24 0
BBX 16 2 3 0
BITMAP
C183
C183
ENDCHAR
STARTCHAR 202A
ENCODING 8234
SWIDTH 0 0
DWIDTH 0 0
BBX 6 17 0 -3
BITMAP
FC
80
80
80
80
80
80
80
80
80
80
80
80
80
80
80
80
ENDCHAR
STARTCHAR 202B
ENCODING 8235
SWIDTH 0 0
DWIDTH 0 0
BBX 6 17 -5 -3
BITMAP
FC
04
04
04
04
04
04
04
04
04
04
04
04
04
04
04
04
ENDCHAR
STARTCHAR 202C
ENCODING 8236
SWIDTH 0 0
DWIDTH 0 0
BBX 5 20 -2 -3
BITMAP
F8
F8
F8
F8
F8
20
20
20
20
20
20
20
20
20
20
20
20
20
20
20
ENDCHAR
STARTCHAR 202D
ENCODING 8237
SWIDTH 0 0
DWIDTH 0 0
BBX 5 19 -2 -3
BITMAP
F8
80
80
80
F8
20
20
20
20
20
20
20
20
20
20
20
20
20
20
ENDCHAR
STARTCHAR 202E
ENCODING 8238
SWIDTH 0 0
DWIDTH 0 0
BBX 5 19 -2 -3
BITMAP
F8
08
08
08
F8
20
20
20
20
20
20
20
20
20
20
20
20
20
20
ENDCHAR
STARTCHAR 2030
ENCODING 8240
SWIDTH 1101 0
DWIDTH 26 0
BBX 24 17 1 0
BITMAP
383000
6C3000
C67000
C66000
C66000
C6C000
C6C000
6D8000
399C1C
03B636
036363
036363
066363
066363
0E6363
0C3636
0C1C1C
ENDCHAR
STARTCHAR 2032
ENCODING 8242
SWIDTH 211 0
DWIDTH 5 0
BBX 2 6 2 11
BITMAP
C0
C0
C0
C0
80
80
ENDCHAR
STARTCHAR 2033
ENCODING 8243
SWIDTH 381 0
DWIDTH 9 0
BBX 5 6 1 11
BITMAP
D8
D8
D8
D8
90
90
ENDCHAR
STARTCHAR 2039
ENCODING 8249
SWIDTH 338 0
DWIDTH 8 0
BBX 5 11 1 1
BITMAP
18
30
30
60
60
C0
60
60
30
30
18
ENDCHAR
STARTCHAR 203A
ENCODING 8250
SWIDTH 338 0
DWIDTH 8 0
BBX 5 11 2 1
BITMAP
C0
60
60
30
38
18
30
30
60
60
C0
ENDCHAR
STARTCHAR 203C
ENCODING 8252
SWIDTH 508 0
DWIDTH 12 0
BBX 7 17 3 0
BITMAP
C6
C6
C6
C6
C6
C6
C6
C6
C6
C6
C6
C6
C6
00
00
C6
C6
ENDCHAR
STARTCHAR 203E
ENCODING 8254
SWIDTH 338 0
DWIDTH 8 0
BBX 8 2 0 14
BITMAP
FF
FF
ENDCHAR
STARTCHAR 2044
ENCODING 8260
SWIDTH 169 0
DWIDTH 4 0
BBX 14 18 -5 -1
BITMAP
000C
0018
0038
0030
0060
00E0
00C0
0180
0300
0700
0600
0C00
1800
3800
3000
6000
E000
C000
ENDCHAR
STARTCHAR 206A
ENCODING 8298
SWIDTH 0 0
DWIDTH 0 0
BBX 5 20 -2 -3
BITMAP
F8
20
20
20
F8
20
20
20
20
20
20
20
20
20
20
20
20
20
20
20
ENDCHAR
STARTCHAR 206B
ENCODING 8299
SWIDTH 0 0
DWIDTH 0 0
BBX 5 19 -2 -3
BITMAP
F8
88
88
88
F8
20
20
20
20
20
20
20
20
20
20
20
20
20
20
ENDCHAR
STARTCHAR 206C
ENCODING 8300
SWIDTH 0 0
DWIDTH 0 0
BBX 5 19 -2 -3
BITMAP
F8
70
70
20
20
20
20
20
20
20
20
20
20
20
20
20
20
20
20
ENDCHAR
STARTCHAR 206D
ENCODING 8301
SWIDTH 0 0
DWIDTH 0 0
BBX 5 20 -2 -3
BITMAP
20
20
70
70
F8
20
20
20
20
20
20
20
20
20
20
20
20
20
20
20
ENDCHAR
STARTCHAR 206E
ENCODING 8302
SWIDTH 0 0
DWIDTH 0 0
BBX 5 20 -2 -3
BITMAP
20
50
88
50
20
20
20
20
20
20
20
20
20
20
20
20
20
20
20
20
ENDCHAR
STARTCHAR 206F
ENCODING 8303
SWIDTH 0 0
DWIDTH 0 0
BBX 5 20 -2 -3
BITMAP
E0
20
20
20
F8
20
20
20
20
20
20
20
20
20
20
20
20
20
20
20
ENDCHAR
STARTCHAR 207F
ENCODING 8319
SWIDTH 381 0
DWIDTH 9 0
BBX 7 8 1 7
BITMAP
DC
FE
C6
C6
C6
C6
C6
C6
ENDCHAR
STARTCHAR 20A3
ENCODING 8355
SWIDTH 550 0
DWIDTH 13 0
BBX 12 17 0 0
BITMAP
3FF0
3FF0
3000
3000
3000
3000
3000
3FE0
3FE0
3000
3000
3000
FF00
FF00
3000
3000
3000
ENDCHAR
STARTCHAR 20A4
ENCODING 8356
SWIDTH 550 0
DWIDTH 13 0
BBX 12 17 0 0
BITMAP
0F80
1FC0
38E0
3060
3000
3000
3000
FF00
FF00
1800
FF00
FF00
1800
3000
7E20
FFF0
C1E0
ENDCHAR
STARTCHAR 20A7
ENCODING 8359
SWIDTH 1101 0
DWIDTH 26 0
BBX 25 17 1 0
BITMAP
FF000000
FF980000
C1D80000
C0D80000
C0FFFC00
C0FFFE00
C0DB8700
C19B0300
FF9B8000
FE19F800
C018FF00
C0180F80
C0180180
C01B0180
C0198380
C01FFF00
C00E7C00
ENDCHAR
STARTCHAR 20AA
ENCODING 8362
SWIDTH 889 0
DWIDTH 21 0
BBX 17 13 2 0
BITMAP
FFE180
FFF180
C03180
C03180
C03180
C63180
C63180
C63180
C63180
C60180
C60180
C7FF80
C7FF00
ENDCHAR
STARTCHAR 20AB
ENCODING 8363
SWIDTH 508 0
DWIDTH 12 0
BBX 8 14 2 3
BITMAP
06
0F
06
3E
6E
C6
C6
C6
C6
C6
6E
36
00
FF
ENDCHAR
STARTCHAR 20AC
ENCODING 8364
SWIDTH 550 0
DWIDTH 13 0
BBX 13 17 -1 0
BITMAP
01F0
07F8
1E08
1800
3000
FFF0
FFF0
3000
3000
FFE0
FFE0
3000
1800
1C00
0E08
07F8
01F0
ENDCHAR
STARTCHAR 2105
ENCODING 8453
SWIDTH 889 0
DWIDTH 21 0
BBX 19 18 1 -1
BITMAP
3C0600
660600
C30C00
C00C00
C01800
C03800
C33000
667000
3C6780
00CCC0
00D860
019860
019860
031860
071860
060CC0
0E0780
0C0000
ENDCHAR
STARTCHAR 2113
ENCODING 8467
SWIDTH 338 0
DWIDTH 8 0
BBX 8 17 0 0
BITMAP
1E
3F
33
33
33
36
34
38
38
30
70
F0
30
30
31
3F
1E
ENDCHAR
STARTCHAR 2116
ENCODING 8470
SWIDTH 1101 0
DWIDTH 26 0
BBX 23 17 2 0
BITMAP
C01800
E01800
E01800
F01800
F81878
DC18FC
CC19CE
C61986
C71986
C31986
C199CE
C1D8FC
C0F878
C07800
C039FE
C039FE
C01800
ENDCHAR
STARTCHAR 2122
ENCODING 8482
SWIDTH 1016 0
DWIDTH 24 0
BBX 20 10 3 7
BITMAP
FF7070
FF7070
1878F0
1868B0
1868B0
186DB0
186530
186530
186730
186230
ENDCHAR
STARTCHAR 2126
ENCODING 8486
SWIDTH 762 0
DWIDTH 18 0
BBX 16 17 1 0
BITMAP
07E0
1FF8
381C
700E
6006
C007
C003
C003
C003
C003
C003
6006
700E
381C
1C38
FE7F
FE7F
ENDCHAR
STARTCHAR 212E
ENCODING 8494
SWIDTH 592 0
DWIDTH 14 0
BBX 12 13 1 0
BITMAP
1F00
30C0
6060
6060
E070
E070
FFF0
E000
E000
6000
6020
30C0
1F80
ENDCHAR
STARTCHAR 2153
ENCODING 8531
SWIDTH 847 0
DWIDTH 20 0
BBX 19 17 1 0
BITMAP
180180
780300
F80600
980E00
181C00
181800
183000
186000
18E7C0
00CE60
018C60
030060
060180
0E0060
0C0060
180C60
3007C0
ENDCHAR
STARTCHAR 2154
ENCODING 8532
SWIDTH 847 0
DWIDTH 20 0
BBX 20 17 0 0
BITMAP
7C00C0
C60180
060380
060700
1C0E00
380C00
701800
603000
FE73E0
00E730
00C630
018030
0300C0
060030
0E0030
1C0630
1803E0
ENDCHAR
STARTCHAR 215B
ENCODING 8539
SWIDTH 847 0
DWIDTH 20 0
BBX 18 18 1 0
BITMAP
180300
780700
D80600
180C00
181C00
181800
183000
186000
18E000
00CF80
0198C0
0398C0
0318C0
060700
0C18C0
1C18C0
1818C0
300F80
ENDCHAR
STARTCHAR 215C
ENCODING 8540
SWIDTH 847 0
DWIDTH 20 0
BBX 19 18 0 0
BITMAP
7C0180
C60380
060300
060600
180E00
060C00
061800
C63000
7C7000
0067C0
00CC60
01CC60
018C60
030380
060C60
0E0C60
0C0C60
1807C0
ENDCHAR
STARTCHAR 215D
ENCODING 8541
SWIDTH 847 0
DWIDTH 20 0
BBX 18 18 1 0
BITMAP
7E0300
600700
C00600
FC0C00
CE1C00
061800
063000
CE6000
78E000
00CF80
0198C0
0398C0
0318C0
060700
0C18C0
1C18C0
1818C0
300F80
ENDCHAR
STARTCHAR 215E
ENCODING 8542
SWIDTH 847 0
DWIDTH 20 0
BBX 18 18 1 0
BITMAP
FC0300
0C0600
180E00
300C00
301800
603800
603000
606000
00C000
01CF80
0198C0
0318C0
0718C0
060700
0C18C0
1818C0
3818C0
300F80
ENDCHAR
STARTCHAR 2190
ENCODING 8592
SWIDTH 1016 0
DWIDTH 24 0
BBX 22 8 1 2
BITMAP
080000
180000
300000
FFFFFC
7FFFFC
300000
180000
080000
ENDCHAR
STARTCHAR 2191
ENCODING 8593
SWIDTH 508 0
DWIDTH 12 0
BBX 8 20 2 -4
BITMAP
18
3C
7C
DE
99
18
18
18
18
18
18
18
18
18
18
18
18
18
18
18
ENDCHAR
STARTCHAR 2192
ENCODING 8594
SWIDTH 1016 0
DWIDTH 24 0
BBX 22 8 1 2
BITMAP
000040
000060
000030
FFFFFC
FFFFF8
000030
000060
000040
ENDCHAR
STARTCHAR 2193
ENCODING 8595
SWIDTH 508 0
DWIDTH 12 0
BBX 8 21 2 -5
BITMAP
18
18
18
18
18
18
18
18
18
18
18
18
18
18
18
18
DB
7E
3C
18
18
ENDCHAR
STARTCHAR 2194
ENCODING 8596
SWIDTH 1016 0
DWIDTH 24 0
BBX 22 8 1 2
BITMAP
080040
180060
300030
FFFFFC
600018
300030
180060
080040
ENDCHAR
STARTCHAR 2195
ENCODING 8597
SWIDTH 508 0
DWIDTH 12 0
BBX 8 22 2 -5
BITMAP
18
18
3C
7E
DB
18
18
18
18
18
18
18
18
18
18
18
18
DB
7E
3C
18
18
ENDCHAR
STARTCHAR 21A8
ENCODING 8616
SWIDTH 508 0
DWIDTH 12 0
BBX 8 24 2 -7
BITMAP
18
18
3C
7E
DB
18
18
18
18
18
18
18
18
18
18
18
18
DB
7E
3C
18
18
00
FF
ENDCHAR
STARTCHAR 2202
ENCODING 8706
SWIDTH 508 0
DWIDTH 12 0
BBX 11 17 1 0
BITMAP
0380
07C0
0CC0
1860
0060
0060
01E0
1FE0
3860
7060
60C0
C0C0
C0C0
C180
E380
7F00
3C00
ENDCHAR
STARTCHAR 2206
ENCODING 8710
SWIDTH 635 0
DWIDTH 15 0
BBX 14 16 0 1
BITMAP
0100
0300
0300
0580
0580
09C0
08C0
08C0
1060
1060
2070
2030
2030
4018
4018
FFFC
ENDCHAR
STARTCHAR 220F
ENCODING 8719
SWIDTH 847 0
DWIDTH 20 0
BBX 16 22 2 -5
BITMAP
FFFF
FFFF
C003
C003
C003
C003
C003
C003
C003
C003
C003
C003
C003
C003
C003
C003
C003
C003
C003
C003
C003
C003
ENDCHAR
STARTCHAR 2211
ENCODING 8721
SWIDTH 720 0
DWIDTH 17 0
BBX 15 22 1 -5
BITMAP
FFFE
FFFE
E000
7000
3000
1800
0C00
0E00
0700
0300
0180
0380
0300
0600
0C00
1C00
1800
3000
6000
E000
FFFE
FFFE
ENDCHAR
STARTCHAR 2212
ENCODING 8722
SWIDTH 592 0
DWIDTH 14 0
BBX 11 2 1 7
BITMAP
FFE0
FFE0
ENDCHAR
STARTCHAR 2215
ENCODING 8725
SWIDTH 169 0
DWIDTH 4 0
BBX 14 18 -5 -1
BITMAP
000C
0018
0038
0030
0060
00E0
00C0
0180
0300
0700
0600
0C00
1800
3800
3000
6000
E000
C000
ENDCHAR
STARTCHAR 2219
ENCODING 8729
SWIDTH 296 0
DWIDTH 7 0
BBX 2 2 2 7
BITMAP
C0
C0
ENDCHAR
STARTCHAR 221A
ENCODING 8730
SWIDTH 550 0
DWIDTH 13 0
BBX 12 22 1 -1
BITMAP
0010
0010
0010
0020
0020
0020
0020
0020
0020
2040
7040
B040
3840
1840
0C40
0E80
0680
0780
0380
0380
0180
0100
ENDCHAR
STARTCHAR 221E
ENCODING 8734
SWIDTH 720 0
DWIDTH 17 0
BBX 13 8 2 5
BITMAP
00E0
79F0
FF18
CF18
CE18
FF18
79F0
00E0
ENDCHAR
STARTCHAR 221F
ENCODING 8735
SWIDTH 1016 0
DWIDTH 24 0
BBX 15 15 4 0
BITMAP
8000
8000
8000
8000
8000
8000
8000
8000
8000
8000
8000
8000
8000
8000
FFFE
ENDCHAR
STARTCHAR 2229
ENCODING 8745
SWIDTH 720 0
DWIDTH 17 0
BBX 13 17 2 0
BITMAP
0F80
3FE0
78F0
6030
E038
C018
C018
C018
C018
C018
C018
C018
C018
C018
C018
C018
C018
ENDCHAR
STARTCHAR 222B
ENCODING 8747
SWIDTH 254 0
DWIDTH 6 0
BBX 6 24 0 -3
BITMAP
0C
1C
10
10
10
10
10
10
10
10
10
10
10
10
10
10
10
10
10
10
10
D0
E0
E0
ENDCHAR
STARTCHAR 2248
ENCODING 8776
SWIDTH 550 0
DWIDTH 13 0
BBX 11 7 1 6
BITMAP
7C20
FFE0
87C0
0000
7C20
FFE0
87C0
ENDCHAR
STARTCHAR 2260
ENCODING 8800
SWIDTH 550 0
DWIDTH 13 0
BBX 11 17 1 0
BITMAP
00C0
0180
0180
0380
0300
FFE0
FFE0
0600
0E00
0C00
FFE0
FFE0
1800
3800
3000
3000
6000
ENDCHAR
STARTCHAR 2261
ENCODING 8801
SWIDTH 592 0
DWIDTH 14 0
BBX 11 12 1 2
BITMAP
FFE0
FFE0
0000
0000
0000
FFE0
FFE0
0000
0000
0000
FFE0
FFE0
ENDCHAR
STARTCHAR 2264
ENCODING 8804
SWIDTH 550 0
DWIDTH 13 0
BBX 11 14 1 1
BITMAP
0020
00E0
07C0
1E00
7800
C000
7800
1E00
03C0
00E0
0020
0000
FFE0
FFE0
ENDCHAR
STARTCHAR 2265
ENCODING 8805
SWIDTH 550 0
DWIDTH 13 0
BBX 11 14 1 1
BITMAP
8000
E000
7800
0F00
03C0
0060
03C0
0F00
7C00
E000
8000
0000
FFE0
FFE0
ENDCHAR
STARTCHAR 2302
ENCODING 8962
SWIDTH 635 0
DWIDTH 15 0
BBX 11 13 2 1
BITMAP
0C00
1A00
1100
2180
40C0
8060
8020
8020
8020
8020
8020
8020
FFE0
ENDCHAR
STARTCHAR 2310
ENCODING 8976
SWIDTH 592 0
DWIDTH 14 0
BBX 11 7 1 5
BITMAP
FFE0
FFE0
C000
C000
C000
C000
C000
ENDCHAR
STARTCHAR 2320
ENCODING 8992
SWIDTH 635 0
DWIDTH 15 0
BBX 5 26 6 -6
BITMAP
38
58
40
C0
C0
C0
C0
C0
C0
C0
C0
C0
C0
C0
C0
C0
C0
C0
C0
C0
C0
C0
C0
C0
C0
C0
ENDCHAR
STARTCHAR 2321
ENCODING 8993
SWIDTH 635 0
DWIDTH 15 0
BBX 5 26 3 -6
BITMAP
18
18
18
18
18
18
18
18
18
18
18
18
18
18
18
18
18
18
18
18
18
18
18
18
D0
E0
ENDCHAR
STARTCHAR 2500
ENCODING 9472
SWIDTH 720 0
DWIDTH 17 0
BBX 17 2 0 6
BITMAP
FFFF80
FFFF80
ENDCHAR
STARTCHAR 2502
ENCODING 9474
SWIDTH 635 0
DWIDTH 15 0
BBX 2 29 5 -7
BITMAP
C0
C0
C0
C0
C0
C0
C0
C0
C0
C0
C0
C0
C0
C0
C0
C0
C0
C0
C0
C0
C0
C0
C0
C0
C0
C0
C0
C0
C0
ENDCHAR
STARTCHAR 250C
ENCODING 9484
SWIDTH 720 0
DWIDTH 17 0
BBX 10 15 7 -7
BITMAP
FFC0
FFC0
E000
E000
E000
E000
E000
E000
E000
E000
E000
E000
E000
E000
E000
ENDCHAR
STARTCHAR 2510
ENCODING 9488
SWIDTH 720 0
DWIDTH 17 0
BBX 10 15 0 -7
BITMAP
FFC0
FFC0
01C0
01C0
01C0
01C0
01C0
01C0
01C0
01C0
01C0
01C0
01C0
01C0
01C0
ENDCHAR
STARTCHAR 2514
ENCODING 9492
SWIDTH 720 0
DWIDTH 17 0
BBX 10 16 7 6
BITMAP
E000
E000
E000
E000
E000
E000
E000
E000
E000
E000
E000
E000
E000
E000
FFC0
FFC0
ENDCHAR
STARTCHAR 2518
ENCODING 9496
SWIDTH 720 0
DWIDTH 17 0
BBX 10 16 0 6
BITMAP
01C0
01C0
01C0
01C0
01C0
01C0
01C0
01C0
01C0
01C0
01C0
01C0
01C0
01C0
FFC0
FFC0
ENDCHAR
STARTCHAR 251C
ENCODING 9500
SWIDTH 720 0
DWIDTH 17 0
BBX 10 29 7 -7
BITMAP
E000
E000
E000
E000
E000
E000
E000
E000
E000
E000
E000
E000
E000
E000
FFC0
FFC0
E000
E000
E000
E000
E000
E000
E000
E000
E000
E000
E000
E000
E000
ENDCHAR
STARTCHAR 2524
ENCODING 9508
SWIDTH 720 0
DWIDTH 17 0
BBX 10 29 0 -7
BITMAP
01C0
01C0
01C0
01C0
01C0
01C0
01C0
01C0
01C0
01C0
01C0
01C0
01C0
01C0
FFC0
FFC0
01C0
01C0
01C0
01C0
01C0
01C0
01C0
01C0
01C0
01C0
01C0
01C0
01C0
ENDCHAR
STARTCHAR 252C
ENCODING 9516
SWIDTH 720 0
DWIDTH 17 0
BBX 17 15 0 -7
BITMAP
FFFF80
FFFF80
01C000
01C000
01C000
01C000
01C000
01C000
01C000
01C000
01C000
01C000
01C000
01C000
01C000
ENDCHAR
STARTCHAR 2534
ENCODING 9524
SWIDTH 720 0
DWIDTH 17 0
BBX 17 16 0 6
BITMAP
01C000
01C000
01C000
01C000
01C000
01C000
01C000
01C000
01C000
01C000
01C000
01C000
01C000
01C000
FFFF80
FFFF80
ENDCHAR
STARTCHAR 253C
ENCODING 9532
SWIDTH 720 0
DWIDTH 17 0
BBX 17 29 0 -7
BITMAP
01C000
01C000
01C000
01C000
01C000
01C000
01C000
01C000
01C000
01C000
01C000
01C000
01C000
01C000
FFFF80
FFFF80
01C000
01C000
01C000
01C000
01C000
01C000
01C000
01C000
01C000
01C000
01C000
01C000
01C000
ENDCHAR
STARTCHAR 2550
ENCODING 9552
SWIDTH 720 0
DWIDTH 17 0
BBX 17 7 0 4
BITMAP
FFFF80
FFFF80
FFFF80
000000
000000
FFFF80
FFFF80
ENDCHAR
STARTCHAR 2551
ENCODING 9553
SWIDTH 720 0
DWIDTH 17 0
BBX 7 29 5 -7
BITMAP
C6
C6
C6
C6
C6
C6
C6
C6
C6
C6
C6
C6
C6
C6
C6
C6
C6
C6
C6
C6
C6
C6
C6
C6
C6
C6
C6
C6
C6
ENDCHAR
STARTCHAR 2552
ENCODING 9554
SWIDTH 720 0
DWIDTH 17 0
BBX 10 18 7 -7
BITMAP
FFC0
FFC0
FFC0
E000
E000
FFC0
FFC0
E000
E000
E000
E000
E000
E000
E000
E000
E000
E000
E000
ENDCHAR
STARTCHAR 2553
ENCODING 9555
SWIDTH 720 0
DWIDTH 17 0
BBX 12 15 5 -7
BITMAP
FFF0
FFF0
C600
C600
C600
C600
C600
C600
C600
C600
C600
C600
C600
C600
C600
ENDCHAR
STARTCHAR 2554
ENCODING 9556
SWIDTH 720 0
DWIDTH 17 0
BBX 12 18 5 -7
BITMAP
FFF0
FFF0
FFF0
C000
C000
C7F0
C7F0
C600
C600
C600
C600
C600
C600
C600
C600
C600
C600
C600
ENDCHAR
STARTCHAR 2555
ENCODING 9557
SWIDTH 720 0
DWIDTH 17 0
BBX 10 18 0 -7
BITMAP
FFC0
FFC0
FFC0
01C0
01C0
FFC0
FFC0
01C0
01C0
01C0
01C0
01C0
01C0
01C0
01C0
01C0
01C0
01C0
ENDCHAR
STARTCHAR 2556
ENCODING 9558
SWIDTH 720 0
DWIDTH 17 0
BBX 12 15 0 -7
BITMAP
FFF0
FFF0
0630
0630
0630
0630
0630
0630
0630
0630
0630
0630
0630
0630
0630
ENDCHAR
STARTCHAR 2557
ENCODING 9559
SWIDTH 720 0
DWIDTH 17 0
BBX 12 18 0 -7
BITMAP
FFF0
FFF0
FFF0
0030
0030
FE30
FE30
0630
0630
0630
0630
0630
0630
0630
0630
0630
0630
0630
ENDCHAR
STARTCHAR 2558
ENCODING 9560
SWIDTH 720 0
DWIDTH 17 0
BBX 10 18 7 4
BITMAP
E000
E000
E000
E000
E000
E000
E000
E000
E000
E000
E000
FFC0
FFC0
FFC0
E000
E000
FFC0
FFC0
ENDCHAR
STARTCHAR 2559
ENCODING 9561
SWIDTH 720 0
DWIDTH 17 0
BBX 12 16 5 6
BITMAP
C600
C600
C600
C600
C600
C600
C600
C600
C600
C600
C600
C600
C600
C600
FFF0
FFF0
ENDCHAR
STARTCHAR 255A
ENCODING 9562
SWIDTH 720 0
DWIDTH 17 0
BBX 12 18 5 4
BITMAP
C600
C600
C600
C600
C600
C600
C600
C600
C600
C600
C600
C7F0
C7F0
C7F0
C000
C000
FFF0
FFF0
ENDCHAR
STARTCHAR 255B
ENCODING 9563
SWIDTH 720 0
DWIDTH 17 0
BBX 10 18 0 4
BITMAP
01C0
01C0
01C0
01C0
01C0
01C0
01C0
01C0
01C0
01C0
01C0
FFC0
FFC0
FFC0
01C0
01C0
FFC0
FFC0
ENDCHAR
STARTCHAR 255C
ENCODING 9564
SWIDTH 720 0
DWIDTH 17 0
BBX 12 16 0 6
BITMAP
0630
0630
0630
0630
0630
0630
0630
0630
0630
0630
0630
0630
0630
0630
FFF0
FFF0
ENDCHAR
STARTCHAR 255D
ENCODING 9565
SWIDTH 720 0
DWIDTH 17 0
BBX 12 18 0 4
BITMAP
0630
0630
0630
0630
0630
0630
0630
0630
0630
0630
0630
FE30
FE30
FE30
0030
0030
FFF0
FFF0
ENDCHAR
STARTCHAR 255E
ENCODING 9566
SWIDTH 720 0
DWIDTH 17 0
BBX 10 29 7 -7
BITMAP
E000
E000
E000
E000
E000
E000
E000
E000
E000
E000
E000
FFC0
FFC0
FFC0
E000
E000
FFC0
FFC0
E000
E000
E000
E000
E000
E000
E000
E000
E000
E000
E000
ENDCHAR
STARTCHAR 255F
ENCODING 9567
SWIDTH 720 0
DWIDTH 17 0
BBX 12 29 5 -7
BITMAP
C600
C600
C600
C600
C600
C600
C600
C600
C600
C600
C600
C600
C600
C600
C7F0
C7F0
C600
C600
C600
C600
C600
C600
C600
C600
C600
C600
C600
C600
C600
ENDCHAR
STARTCHAR 2560
ENCODING 9568
SWIDTH 720 0
DWIDTH 17 0
BBX 12 29 5 -7
BITMAP
C600
C600
C600
C600
C600
C600
C600
C600
C600
C600
C600
C7F0
C7F0
C7F0
C000
C000
C7F0
C7F0
C600
C600
C600
C600
C600
C600
C600
C600
C600
C600
C600
ENDCHAR
STARTCHAR 2561
ENCODING 9569
SWIDTH 720 0
DWIDTH 17 0
BBX 10 29 0 -7
BITMAP
01C0
01C0
01C0
01C0
01C0
01C0
01C0
01C0
01C0
01C0
01C0
FFC0
FFC0
FFC0
01C0
01C0
FFC0
FFC0
01C0
01C0
01C0
01C0
01C0
01C0
01C0
01C0
01C0
01C0
01C0
ENDCHAR
STARTCHAR 2562
ENCODING 9570
SWIDTH 720 0
DWIDTH 17 0
BBX 12 29 0 -7
BITMAP
0630
0630
0630
0630
0630
0630
0630
0630
0630
0630
0630
0630
0630
0630
FE30
FE30
0630
0630
0630
0630
0630
0630
0630
0630
0630
0630
0630
0630
0630
ENDCHAR
STARTCHAR 2563
ENCODING 9571
SWIDTH 720 0
DWIDTH 17 0
BBX 12 29 0 -7
BITMAP
0630
0630
0630
0630
0630
0630
0630
0630
0630
0630
0630
FE30
FE30
FE30
0030
0030
FE30
FE30
0630
0630
0630
0630
0630
0630
0630
0630
0630
0630
0630
ENDCHAR
STARTCHAR 2564
ENCODING 9572
SWIDTH 720 0
DWIDTH 17 0
BBX 17 18 0 -7
BITMAP
FFFF80
FFFF80
FFFF80
000000
000000
FFFF80
FFFF80
01C000
01C000
01C000
01C000
01C000
01C000
01C000
01C000
01C000
01C000
01C000
ENDCHAR
STARTCHAR 2565
ENCODING 9573
SWIDTH 720 0
DWIDTH 17 0
BBX 17 15 0 -7
BITMAP
FFFF80
FFFF80
063000
063000
063000
063000
063000
063000
063000
063000
063000
063000
063000
063000
063000
ENDCHAR
STARTCHAR 2566
ENCODING 9574
SWIDTH 720 0
DWIDTH 17 0
BBX 17 18 0 -7
BITMAP
FFFF80
FFFF80
FFFF80
000000
000000
FE3F80
FE3F80
063000
063000
063000
063000
063000
063000
063000
063000
063000
063000
063000
ENDCHAR
STARTCHAR 2567
ENCODING 9575
SWIDTH 720 0
DWIDTH 17 0
BBX 17 18 0 4
BITMAP
01C000
01C000
01C000
01C000
01C000
01C000
01C000
01C000
01C000
01C000
01C000
FFFF80
FFFF80
FFFF80
000000
000000
FFFF80
FFFF80
ENDCHAR
STARTCHAR 2568
ENCODING 9576
SWIDTH 720 0
DWIDTH 17 0
BBX 17 16 0 6
BITMAP
063000
063000
063000
063000
063000
063000
063000
063000
063000
063000
063000
063000
063000
063000
FFFF80
FFFF80
ENDCHAR
STARTCHAR 2569
ENCODING 9577
SWIDTH 720 0
DWIDTH 17 0
BBX 17 18 0 4
BITMAP
063000
063000
063000
063000
063000
063000
063000
063000
063000
063000
063000
FE3F80
FE3F80
FE3F80
000000
000000
FFFF80
FFFF80
ENDCHAR
STARTCHAR 256A
ENCODING 9578
SWIDTH 720 0
DWIDTH 17 0
BBX 17 29 0 -7
BITMAP
01C000
01C000
01C000
01C000
01C000
01C000
01C000
01C000
01C000
01C000
01C000
FFFF80
FFFF80
FFFF80
01C000
01C000
FFFF80
FFFF80
01C000
01C000
01C000
01C000
01C000
01C000
01C000
01C000
01C000
01C000
01C000
ENDCHAR
STARTCHAR 256B
ENCODING 9579
SWIDTH 720 0
DWIDTH 17 0
BBX 17 29 0 -7
BITMAP
063000
063000
063000
063000
063000
063000
063000
063000
063000
063000
063000
063000
063000
063000
FFFF80
FFFF80
063000
063000
063000
063000
063000
063000
063000
063000
063000
063000
063000
063000
063000
ENDCHAR
STARTCHAR 256C
ENCODING 9580
SWIDTH 720 0
DWIDTH 17 0
BBX 17 29 0 -7
BITMAP
063000
063000
063000
063000
063000
063000
063000
063000
063000
063000
063000
FE3F80
FE3F80
FE3F80
000000
000000
FE3F80
FE3F80
063000
063000
063000
063000
063000
063000
063000
063000
063000
063000
063000
ENDCHAR
STARTCHAR 2580
ENCODING 9600
SWIDTH 720 0
DWIDTH 17 0
BBX 17 15 0 7
BITMAP
FFFF80
FFFF80
FFFF80
FFFF80
FFFF80
FFFF80
FFFF80
FFFF80
FFFF80
FFFF80
FFFF80
FFFF80
FFFF80
FFFF80
FFFF80
ENDCHAR
STARTCHAR 2584
ENCODING 9604
SWIDTH 720 0
DWIDTH 17 0
BBX 17 14 0 -7
BITMAP
FFFF80
FFFF80
FFFF80
FFFF80
FFFF80
FFFF80
FFFF80
FFFF80
FFFF80
FFFF80
FFFF80
FFFF80
FFFF80
FFFF80
ENDCHAR
STARTCHAR 2588
ENCODING 9608
SWIDTH 720 0
DWIDTH 17 0
BBX 17 29 0 -7
BITMAP
FFFF80
FFFF80
FFFF80
FFFF80
FFFF80
FFFF80
FFFF80
FFFF80
FFFF80
FFFF80
FFFF80
FFFF80
FFFF80
FFFF80
FFFF80
FFFF80
FFFF80
FFFF80
FFFF80
FFFF80
FFFF80
FFFF80
FFFF80
FFFF80
FFFF80
FFFF80
FFFF80
FFFF80
FFFF80
ENDCHAR
STARTCHAR 258C
ENCODING 9612
SWIDTH 720 0
DWIDTH 17 0
BBX 9 29 0 -7
BITMAP
FF80
FF80
FF80
FF80
FF80
FF80
FF80
FF80
FF80
FF80
FF80
FF80
FF80
FF80
FF80
FF80
FF80
FF80
FF80
FF80
FF80
FF80
FF80
FF80
FF80
FF80
FF80
FF80
FF80
ENDCHAR
STARTCHAR 2590
ENCODING 9616
SWIDTH 720 0
DWIDTH 17 0
BBX 8 29 9 -7
BITMAP
FF
FF
FF
FF
FF
FF
FF
FF
FF
FF
FF
FF
FF
FF
FF
FF
FF
FF
FF
FF
FF
FF
FF
FF
FF
FF
FF
FF
FF
ENDCHAR
STARTCHAR 2591
ENCODING 9617
SWIDTH 720 0
DWIDTH 17 0
BBX 16 28 1 -6
BITMAP
C308
C308
0000
1841
1841
0000
C308
0000
0000
1841
0000
0000
C308
0000
0000
1841
0000
0000
C308
0000
0000
1841
0000
0000
C308
0000
1841
1841
ENDCHAR
STARTCHAR 2592
ENCODING 9618
SWIDTH 720 0
DWIDTH 17 0
BBX 17 28 0 -6
BITMAP
6DA480
6DA480
000000
925B00
925B00
000000
6DA480
000000
000000
925B00
000000
000000
6DA480
000000
000000
925B00
000000
000000
6DA480
000000
000000
925B00
000000
000000
6DA480
000000
925B00
925B00
ENDCHAR
STARTCHAR 2593
ENCODING 9619
SWIDTH 762 0
DWIDTH 18 0
BBX 18 29 0 -7
BITMAP
6DB6C0
6DB6C0
FFFFC0
924900
924900
FFFFC0
6DB6C0
FFFFC0
FFFFC0
924900
FFFFC0
FFFFC0
6DB6C0
FFFFC0
FFFFC0
924900
FFFFC0
FFFFC0
6DB6C0
FFFFC0
FFFFC0
924900
FFFFC0
FFFFC0
6DB6C0
FFFFC0
924900
924900
FFFFC0
ENDCHAR
STARTCHAR 25A0
ENCODING 9632
SWIDTH 635 0
DWIDTH 15 0
BBX 11 11 2 0
BITMAP
FFE0
FFE0
FFE0
FFE0
FFE0
FFE0
FFE0
FFE0
FFE0
FFE0
FFE0
ENDCHAR
STARTCHAR 25A1
ENCODING 9633
SWIDTH 635 0
DWIDTH 15 0
BBX 11 11 2 0
BITMAP
FFE0
8020
8020
8020
8020
8020
8020
8020
8020
8020
FFE0
ENDCHAR
STARTCHAR 25AA
ENCODING 9642
SWIDTH 381 0
DWIDTH 9 0
BBX 5 6 2 5
BITMAP
F8
F8
F8
F8
F8
F8
ENDCHAR
STARTCHAR 25AB
ENCODING 9643
SWIDTH 381 0
DWIDTH 9 0
BBX 5 6 2 5
BITMAP
F8
08
08
08
08
F8
ENDCHAR
STARTCHAR 25AC
ENCODING 9644
SWIDTH 1016 0
DWIDTH 24 0
BBX 24 4 0 4
BITMAP
FFFFFF
FFFFFF
FFFFFF
FFFFFF
ENDCHAR
STARTCHAR 25B2
ENCODING 9650
SWIDTH 1016 0
DWIDTH 24 0
BBX 16 16 4 1
BITMAP
0100
0180
0380
03C0
07C0
07E0
0FE0
0FF0
1FF0
1FF8
3FF8
3FFC
7FFC
7FFE
FFFE
FFFF
ENDCHAR
STARTCHAR 25BA
ENCODING 9658
SWIDTH 1016 0
DWIDTH 24 0
BBX 17 17 3 0
BITMAP
800000
E00000
F80000
FE0000
FF8000
FFE000
FFF800
FFFE00
FFFF80
FFFF00
FFFC00
FFF000
FFC000
FF0000
FC0000
F00000
C00000
ENDCHAR
STARTCHAR 25BC
ENCODING 9660
SWIDTH 1016 0
DWIDTH 24 0
BBX 16 16 4 0
BITMAP
FFFF
FFFE
7FFE
7FFC
3FFC
3FF8
1FF8
1FF0
0FF0
0FE0
07E0
07C0
03C0
0380
0180
0100
ENDCHAR
STARTCHAR 25C4
ENCODING 9668
SWIDTH 1016 0
DWIDTH 24 0
BBX 16 16 4 1
BITMAP
0003
000F
003F
00FF
03FF
0FFF
3FFF
FFFF
7FFF
1FFF
07FF
01FF
007F
001F
0007
0001
ENDCHAR
STARTCHAR 25CA
ENCODING 9674
SWIDTH 508 0
DWIDTH 12 0
BBX 10 17 1 0
BITMAP
0C00
1400
1200
2200
2100
4100
4080
8080
8040
8080
4080
4100
2100
2200
1200
1400
0C00
ENDCHAR
STARTCHAR 25CB
ENCODING 9675
SWIDTH 635 0
DWIDTH 15 0
BBX 10 10 2 2
BITMAP
1E00
2180
4040
8040
8040
8040
8040
4040
4080
3F00
ENDCHAR
STARTCHAR 25CF
ENCODING 9679
SWIDTH 635 0
DWIDTH 15 0
BBX 10 10 2 2
BITMAP
1E00
3F80
7FC0
FFC0
FFC0
FFC0
FFC0
7FC0
7F80
3F00
ENDCHAR
STARTCHAR 25D8
ENCODING 9688
SWIDTH 635 0
DWIDTH 15 0
BBX 11 11 2 0
BITMAP
FFE0
FFE0
FFE0
F1E0
E1E0
E0E0
E1E0
FBE0
FFE0
FFE0
FFE0
ENDCHAR
STARTCHAR 25D9
ENCODING 9689
SWIDTH 635 0
DWIDTH 15 0
BBX 13 14 1 0
BITMAP
FFF8
FFF8
F0F8
EF38
DFD8
BFD8
BFD8
BFF8
BFD8
DFD8
DFB8
E078
FFF8
FFF8
ENDCHAR
STARTCHAR 25E6
ENCODING 9702
SWIDTH 381 0
DWIDTH 9 0
BBX 6 6 1 5
BITMAP
38
44
84
84
44
38
ENDCHAR
STARTCHAR 263A
ENCODING 9786
SWIDTH 1058 0
DWIDTH 25 0
BBX 15 15 5 -1
BITMAP
0100
1FE0
3010
6008
4004
8804
9866
8002
8002
8006
8824
46C4
6308
3030
0FE0
ENDCHAR
STARTCHAR 263B
ENCODING 9787
SWIDTH 1058 0
DWIDTH 25 0
BBX 15 15 5 -1
BITMAP
0100
0FE0
3FF8
3FFC
7FFC
7FDE
F3DE
FFFE
FFFE
FFFE
77DE
793C
3EFC
1FF8
0FE0
ENDCHAR
STARTCHAR 263C
ENCODING 9788
SWIDTH 931 0
DWIDTH 22 0
BBX 22 16 0 0
BITMAP
100020
08FC40
050280
020100
040080
080040
080040
F8007C
080040
080040
040080
040080
020100
058680
083040
100020
ENDCHAR
STARTCHAR 2640
ENCODING 9792
SWIDTH 762 0
DWIDTH 18 0
BBX 12 18 3 -5
BITMAP
0600
30C0
4020
0000
8010
8010
8010
8010
8010
0000
4020
30C0
0600
0000
0000
0000
0000
FFF0
ENDCHAR
STARTCHAR 2642
ENCODING 9794
SWIDTH 762 0
DWIDTH 18 0
BBX 15 22 1 -3
BITMAP
000C
003C
00C8
0310
0012
0002
0020
0000
0040
0000
0D80
2020
4010
4010
8000
8008
8008
0000
4010
4000
2020
0F80
ENDCHAR
STARTCHAR 2660
ENCODING 9824
SWIDTH 550 0
DWIDTH 13 0
BBX 11 14 1 0
BITMAP
0400
0400
0E00
1F00
3F80
7FC0
FFE0
FFE0
FFE0
FFE0
65C0
0400
0E00
7FC0
ENDCHAR
STARTCHAR 2663
ENCODING 9827
SWIDTH 677 0
DWIDTH 16 0
BBX 14 14 1 0
BITMAP
0780
0FC0
0FC0
0FC0
2FF0
FFF8
FFFC
FFFC
FDFC
FCF8
3230
0300
0780
3FE0
ENDCHAR
STARTCHAR 2665
ENCODING 9829
SWIDTH 592 0
DWIDTH 14 0
BBX 13 13 1 0
BITMAP
79F0
FDF0
FFF8
FFF0
FFF0
7FF0
7FE0
3FC0
1F80
0F80
0F00
0600
0600
ENDCHAR
STARTCHAR 2666
ENCODING 9830
SWIDTH 508 0
DWIDTH 12 0
BBX 10 14 1 0
BITMAP
0400
0C00
1E00
3F00
3F80
7F80
FFC0
FFC0
7F80
3F00
1F00
1E00
0C00
0400
ENDCHAR
STARTCHAR 266A
ENCODING 9834
SWIDTH 508 0
DWIDTH 12 0
BBX 12 16 0 0
BITMAP
03C0
03E0
03E0
0220
0230
0230
0200
0200
0200
0200
0200
3E00
7E00
FE00
7E00
7C00
ENDCHAR
STARTCHAR 266B
ENCODING 9835
SWIDTH 762 0
DWIDTH 18 0
BBX 15 19 1 -1
BITMAP
0002
003E
01FE
07FE
07C6
0606
0406
0406
0406
0406
0406
0406
047E
04FE
7CFE
FCFC
FC78
FC00
7C00
ENDCHAR
STARTCHAR E801
ENCODING 59393
SWIDTH 254 0
DWIDTH 6 0
BBX 4 15 0 0
BITMAP
80
00
30
30
30
30
30
30
30
30
30
30
30
30
30
ENDCHAR
STARTCHAR E802
ENCODING 59394
SWIDTH 508 0
DWIDTH 12 0
BBX 10 18 0 -5
BITMAP
FC00
FF00
0380
01C0
00C0
00C0
00C0
00C0
00C0
10C0
00C0
10C0
00C0
00C0
00C0
00C0
00C0
00C0
ENDCHAR
STARTCHAR E803
ENCODING 59395
SWIDTH 508 0
DWIDTH 12 0
BBX 10 18 0 -5
BITMAP
FC00
FF00
0380
01C0
00C0
00C0
00C0
00C0
00C0
3EC0
08C0
08C0
00C0
00C0
00C0
00C0
00C0
00C0
ENDCHAR
STARTCHAR E804
ENCODING 59396
SWIDTH 465 0
DWIDTH 11 0
BBX 11 17 -1 0
BITMAP
3000
B000
3000
3000
3FE0
3FE0
0060
0060
0060
0060
00C0
01C0
0380
0300
0300
0300
0300
ENDCHAR
STARTCHAR E805
ENCODING 59397
SWIDTH 465 0
DWIDTH 11 0
BBX 11 17 -1 0
BITMAP
3000
B000
3000
3000
3FE0
3FE0
0060
0060
0060
0460
00C0
01C0
0380
0300
0300
0300
0300
ENDCHAR
STARTCHAR E818
ENCODING 59416
SWIDTH 211 0
DWIDTH 5 0
BBX 7 7 0 15
BITMAP
18
60
18
62
12
BC
E0
ENDCHAR
STARTCHAR E83A
ENCODING 59450
SWIDTH 635 0
DWIDTH 15 0
BBX 16 2 -1 3
BITMAP
FFFF
FFFF
ENDCHAR
STARTCHAR F001
ENCODING 61441
SWIDTH 508 0
DWIDTH 12 0
BBX 10 17 0 0
BITMAP
1EC0
3EC0
3000
3000
FCC0
FCC0
30C0
30C0
30C0
30C0
30C0
30C0
30C0
30C0
30C0
30C0
30C0
ENDCHAR
STARTCHAR F002
ENCODING 61442
SWIDTH 508 0
DWIDTH 12 0
BBX 10 17 0 0
BITMAP
1EC0
3EC0
30C0
30C0
FCC0
FCC0
30C0
30C0
30C0
30C0
30C0
30C0
30C0
30C0
30C0
30C0
30C0
ENDCHAR
STARTCHAR F004
ENCODING 61444
SWIDTH 338 0
DWIDTH 8 0
BBX 2 5 3 -7
BITMAP
C0
C0
40
C0
80
ENDCHAR
STARTCHAR F005
ENCODING 61445
SWIDTH 338 0
DWIDTH 8 0
BBX 5 4 1 -5
BITMAP
70
18
18
F0
ENDCHAR
STARTCHAR F006
ENCODING 61446
SWIDTH 0 0
DWIDTH 0 0
BBX 4 2 -6 19
BITMAP
70
E0
ENDCHAR
STARTCHAR F007
ENCODING 61447
SWIDTH 0 0
DWIDTH 0 0
BBX 4 2 -10 19
BITMAP
70
E0
ENDCHAR
STARTCHAR F008
ENCODING 61448
SWIDTH 0 0
DWIDTH 0 0
BBX 5 3 -4 14
BITMAP
38
70
E0
ENDCHAR
STARTCHAR F009
ENCODING 61449
SWIDTH 0 0
DWIDTH 0 0
BBX 5 3 -8 18
BITMAP
38
70
E0
ENDCHAR
STARTCHAR F00A
ENCODING 61450
SWIDTH 0 0
DWIDTH 0 0
BBX 1 26 0 -5
BITMAP
80
80
80
80
80
80
80
80
80
80
80
00
00
00
00
80
80
80
80
80
80
80
80
80
80
80
ENDCHAR
STARTCHAR F00B
ENCODING 61451
SWIDTH 0 0
DWIDTH 0 0
BBX 5 26 -2 -5
BITMAP
F8
20
20
20
20
20
20
20
20
20
20
20
20
20
20
20
20
20
20
20
20
20
20
20
20
F8
ENDCHAR
STARTCHAR F00C
ENCODING 61452
SWIDTH 0 0
DWIDTH 0 0
BBX 3 26 0 -5
BITMAP
80
C0
E0
C0
80
80
80
80
80
80
80
80
80
80
80
80
80
80
80
80
80
80
80
80
80
80
ENDCHAR
STARTCHAR F00D
ENCODING 61453
SWIDTH 0 0
DWIDTH 0 0
BBX 3 26 -2 -5
BITMAP
20
60
E0
60
20
20
20
20
20
20
20
20
20
20
20
20
20
20
20
20
20
20
20
20
20
20
ENDCHAR
STARTCHAR F00E
ENCODING 61454
SWIDTH 0 0
DWIDTH 0 0
BBX 3 26 0 -5
BITMAP
80
80
80
80
80
80
80
80
80
80
80
80
80
80
80
80
80
80
80
80
80
80
80
80
80
E0
ENDCHAR
STARTCHAR F00F
ENCODING 61455
SWIDTH 0 0
DWIDTH 0 0
BBX 5 3 -10 14
BITMAP
E0
70
38
ENDCHAR
STARTCHAR F010
ENCODING 61456
SWIDTH 0 0
DWIDTH 0 0
BBX 4 2 -6 19
BITMAP
F0
20
ENDCHAR
STARTCHAR F011
ENCODING 61457
SWIDTH 0 0
DWIDTH 0 0
BBX 4 2 -11 19
BITMAP
F0
20
ENDCHAR
STARTCHAR F012
ENCODING 61458
SWIDTH 0 0
DWIDTH 0 0
BBX 5 4 -5 15
BITMAP
F0
18
18
30
ENDCHAR
STARTCHAR F013
ENCODING 61459
SWIDTH 0 0
DWIDTH 0 0
BBX 5 3 -9 18
BITMAP
F0
18
30
ENDCHAR
STARTCHAR F014
ENCODING 61460
SWIDTH 0 0
DWIDTH 0 0
BBX 5 4 -9 15
BITMAP
F0
18
18
30
ENDCHAR
STARTCHAR F015
ENCODING 61461
SWIDTH 0 0
DWIDTH 0 0
BBX 8 2 -12 19
BITMAP
71
8E
ENDCHAR
STARTCHAR F016
ENCODING 61462
SWIDTH 0 0
DWIDTH 0 0
BBX 9 3 -13 19
BITMAP
7180
FF80
C700
ENDCHAR
STARTCHAR F017
ENCODING 61463
SWIDTH 0 0
DWIDTH 0 0
BBX 9 3 -16 19
BITMAP
7180
FF80
C700
ENDCHAR
STARTCHAR F018
ENCODING 61464
SWIDTH 0 0
DWIDTH 0 0
BBX 9 3 -16 19
BITMAP
7180
FF80
C700
ENDCHAR
STARTCHAR F019
ENCODING 61465
SWIDTH 0 0
DWIDTH 0 0
BBX 9 3 -11 14
BITMAP
7180
FF80
C700
ENDCHAR
STARTCHAR F01A
ENCODING 61466
SWIDTH 0 0
DWIDTH 0 0
BBX 9 3 -13 14
BITMAP
7180
FF80
C700
ENDCHAR
STARTCHAR F01B
ENCODING 61467
SWIDTH 0 0
DWIDTH 0 0
BBX 9 3 -14 14
BITMAP
7180
FF80
C700
ENDCHAR
STARTCHAR F01C
ENCODING 61468
SWIDTH 0 0
DWIDTH 0 0
BBX 9 3 -8 19
BITMAP
7180
FF80
C700
ENDCHAR
STARTCHAR F01D
ENCODING 61469
SWIDTH 0 0
DWIDTH 0 0
BBX 9 3 -7 14
BITMAP
7180
FF80
C700
ENDCHAR
STARTCHAR F01E
ENCODING 61470
SWIDTH 0 0
DWIDTH 0 0
BBX 2 2 -9 -3
BITMAP
C0
C0
ENDCHAR
STARTCHAR F01F
ENCODING 61471
SWIDTH 0 0
DWIDTH 0 0
BBX 2 2 -11 -3
BITMAP
C0
C0
ENDCHAR
STARTCHAR F020
ENCODING 61472
SWIDTH 0 0
DWIDTH 0 0
BBX 2 2 -12 -3
BITMAP
C0
C0
ENDCHAR
STARTCHAR F021
ENCODING 61473
SWIDTH 0 0
DWIDTH 0 0
BBX 2 2 -10 -3
BITMAP
C0
C0
ENDCHAR
STARTCHAR F022
ENCODING 61474
SWIDTH 0 0
DWIDTH 0 0
BBX 2 2 -13 -3
BITMAP
C0
C0
ENDCHAR
STARTCHAR F023
ENCODING 61475
SWIDTH 0 0
DWIDTH 0 0
BBX 2 2 -8 -3
BITMAP
C0
C0
ENDCHAR
STARTCHAR F024
ENCODING 61476
SWIDTH 0 0
DWIDTH 0 0
BBX 2 2 -8 -3
BITMAP
C0
C0
ENDCHAR
STARTCHAR F025
ENCODING 61477
SWIDTH 0 0
DWIDTH 0 0
BBX 2 2 -8 -3
BITMAP
C0
C0
ENDCHAR
STARTCHAR F026
ENCODING 61478
SWIDTH 0 0
DWIDTH 0 0
BBX 2 2 -10 -3
BITMAP
C0
C0
ENDCHAR
STARTCHAR F027
ENCODING 61479
SWIDTH 0 0
DWIDTH 0 0
BBX 2 2 -9 -3
BITMAP
C0
C0
ENDCHAR
STARTCHAR F028
ENCODING 61480
SWIDTH 0 0
DWIDTH 0 0
BBX 2 2 -12 -3
BITMAP
C0
C0
ENDCHAR
STARTCHAR F029
ENCODING 61481
SWIDTH 0 0
DWIDTH 0 0
BBX 2 2 -5 -3
BITMAP
C0
C0
ENDCHAR
STARTCHAR F02A
ENCODING 61482
SWIDTH 0 0
DWIDTH 0 0
BBX 2 2 -4 -3
BITMAP
C0
C0
ENDCHAR
STARTCHAR F02B
ENCODING 61483
SWIDTH 0 0
DWIDTH 0 0
BBX 2 2 -9 -3
BITMAP
C0
C0
ENDCHAR
STARTCHAR F02C
ENCODING 61484
SWIDTH 0 0
DWIDTH 0 0
BBX 2 2 -3 -3
BITMAP
C0
C0
ENDCHAR
STARTCHAR F02D
ENCODING 61485
SWIDTH 0 0
DWIDTH 0 0
BBX 8 2 -12 19
BITMAP
71
8E
ENDCHAR
STARTCHAR F02E
ENCODING 61486
SWIDTH 0 0
DWIDTH 0 0
BBX 9 3 -12 19
BITMAP
7180
FF80
C700
ENDCHAR
STARTCHAR F02F
ENCODING 61487
SWIDTH 0 0
DWIDTH 0 0
BBX 8 2 -13 19
BITMAP
71
8E
ENDCHAR
STARTCHAR F030
ENCODING 61488
SWIDTH 0 0
DWIDTH 0 0
BBX 9 3 -14 19
BITMAP
7180
FF80
C700
ENDCHAR
STARTCHAR F031
ENCODING 61489
SWIDTH 211 0
DWIDTH 5 0
BBX 2 13 2 0
BITMAP
C0
C0
C0
C0
C0
C0
C0
C0
C0
C0
C0
C0
C0
ENDCHAR
STARTCHAR FB01
ENCODING 64257
SWIDTH 508 0
DWIDTH 12 0
BBX 10 17 0 0
BITMAP
1EC0
3EC0
3000
3000
FCC0
FCC0
30C0
30C0
30C0
30C0
30C0
30C0
30C0
30C0
30C0
30C0
30C0
ENDCHAR
STARTCHAR FB02
ENCODING 64258
SWIDTH 508 0
DWIDTH 12 0
BBX 10 17 0 0
BITMAP
1EC0
3EC0
30C0
30C0
FCC0
FCC0
30C0
30C0
30C0
30C0
30C0
30C0
30C0
30C0
30C0
30C0
30C0
ENDCHAR
STARTCHAR FB1D
ENCODING 64285
SWIDTH 254 0
DWIDTH 6 0
BBX 2 9 2 4
BITMAP
C0
C0
C0
C0
C0
C0
00
00
40
ENDCHAR
STARTCHAR FB1E
ENCODING 64286
SWIDTH 0 0
DWIDTH 0 0
BBX 6 3 -3 15
BITMAP
84
CC
78
ENDCHAR
STARTCHAR FB1F
ENCODING 64287
SWIDTH 508 0
DWIDTH 12 0
BBX 8 10 2 3
BITMAP
C3
C3
C3
C3
C3
C3
C3
00
00
FF
ENDCHAR
STARTCHAR FB20
ENCODING 64288
SWIDTH 550 0
DWIDTH 13 0
BBX 11 13 0 0
BITMAP
6060
6060
3060
3060
3060
3060
3860
18C0
18C0
18C0
19C0
FF80
FE00
ENDCHAR
STARTCHAR FB2A
ENCODING 64298
SWIDTH 720 0
DWIDTH 17 0
BBX 15 16 1 0
BITMAP
0004
0000
0000
C306
C306
C306
C306
C706
CE0C
FE0C
700C
600C
6018
3838
1FF0
0FC0
ENDCHAR
STARTCHAR FB2B
ENCODING 64299
SWIDTH 720 0
DWIDTH 17 0
BBX 15 16 1 0
BITMAP
8000
0000
0000
C306
C306
C306
C306
C706
CE0C
FE0C
700C
600C
6018
3838
1FF0
0FC0
ENDCHAR
STARTCHAR FB2C
ENCODING 64300
SWIDTH 720 0
DWIDTH 17 0
BBX 15 16 1 0
BITMAP
0004
0000
0000
C306
C306
C306
C306
C706
CE0C
FE0C
708C
600C
6018
3838
1FF0
0FC0
ENDCHAR
STARTCHAR FB2D
ENCODING 64301
SWIDTH 720 0
DWIDTH 17 0
BBX 15 16 1 0
BITMAP
8000
0000
0000
C306
C306
C306
C306
C706
CE0C
FE0C
708C
600C
6018
3838
1FF0
0FC0
ENDCHAR
STARTCHAR FB2E
ENCODING 64302
SWIDTH 592 0
DWIDTH 14 0
BBX 13 16 1 -3
BITMAP
E030
7030
3030
1870
1C60
3EE0
77C0
6380
E180
C0C0
C060
C070
C038
0000
0000
0F80
ENDCHAR
STARTCHAR FB2F
ENCODING 64303
SWIDTH 592 0
DWIDTH 14 0
BBX 13 18 1 -5
BITMAP
E030
7030
3030
1870
1C60
3EE0
77C0
6380
E180
C0C0
C060
C070
C038
0000
0000
0F80
0200
0200
ENDCHAR
STARTCHAR FB30
ENCODING 64304
SWIDTH 592 0
DWIDTH 14 0
BBX 13 13 1 0
BITMAP
E030
7030
3030
1830
1C60
3EE0
77C0
6380
E180
C0C0
C860
C070
C038
ENDCHAR
STARTCHAR FB31
ENCODING 64305
SWIDTH 550 0
DWIDTH 13 0
BBX 11 13 1 0
BITMAP
FC00
FF00
0700
0380
0180
1180
0180
0180
0180
0180
0180
FFE0
FFE0
ENDCHAR
STARTCHAR FB32
ENCODING 64306
SWIDTH 423 0
DWIDTH 10 0
BBX 8 13 1 0
BITMAP
78
7C
0E
06
26
06
06
1E
3E
76
67
C3
C3
ENDCHAR
STARTCHAR FB33
ENCODING 64307
SWIDTH 508 0
DWIDTH 12 0
BBX 10 13 1 0
BITMAP
FFC0
FFC0
0300
0300
0300
1300
0300
0300
0300
0300
0300
0300
0300
ENDCHAR
STARTCHAR FB34
ENCODING 64308
SWIDTH 592 0
DWIDTH 14 0
BBX 10 13 2 0
BITMAP
FE00
FF80
0380
01C0
00C0
00C0
C4C0
C0C0
C0C0
C0C0
C0C0
C0C0
C0C0
ENDCHAR
STARTCHAR FB35
ENCODING 64309
SWIDTH 296 0
DWIDTH 7 0
BBX 5 13 0 0
BITMAP
18
18
18
18
18
98
18
18
18
18
18
18
18
ENDCHAR
STARTCHAR FB36
ENCODING 64310
SWIDTH 423 0
DWIDTH 10 0
BBX 9 13 0 0
BITMAP
7F80
7F80
0600
0E00
0C00
8C00
0C00
0C00
0C00
0C00
0C00
0C00
0C00
ENDCHAR
STARTCHAR FB38
ENCODING 64312
SWIDTH 592 0
DWIDTH 14 0
BBX 10 13 2 0
BITMAP
C700
CF80
C8C0
C0C0
C0C0
C4C0
C0C0
C0C0
C0C0
C0C0
6180
7F80
1E00
ENDCHAR
STARTCHAR FB39
ENCODING 64313
SWIDTH 296 0
DWIDTH 7 0
BBX 5 6 0 7
BITMAP
18
18
18
98
18
18
ENDCHAR
STARTCHAR FB3A
ENCODING 64314
SWIDTH 508 0
DWIDTH 12 0
BBX 10 18 0 -5
BITMAP
FC00
FF00
0380
01C0
00C0
00C0
08C0
00C0
00C0
00C0
00C0
00C0
00C0
00C0
00C0
00C0
00C0
00C0
ENDCHAR
STARTCHAR FB3B
ENCODING 64315
SWIDTH 465 0
DWIDTH 11 0
BBX 9 13 1 0
BITMAP
F800
FE00
0700
0300
0180
1180
0180
0180
0180
0300
0700
FE00
F800
ENDCHAR
STARTCHAR FB3C
ENCODING 64316
SWIDTH 465 0
DWIDTH 11 0
BBX 9 17 1 0
BITMAP
C000
C000
C000
C000
FF80
FF80
0180
0180
0180
1180
0300
0700
0E00
0C00
0C00
0C00
0C00
ENDCHAR
STARTCHAR FB3E
ENCODING 64318
SWIDTH 592 0
DWIDTH 14 0
BBX 11 13 1 0
BITMAP
C780
CFC0
D8C0
7060
7060
3260
6060
6060
6060
6060
C060
C7E0
C7E0
ENDCHAR
STARTCHAR FB40
ENCODING 64320
SWIDTH 338 0
DWIDTH 8 0
BBX 6 13 0 0
BITMAP
F0
F8
1C
0C
0C
4C
0C
0C
0C
0C
0C
FC
FC
ENDCHAR
STARTCHAR FB41
ENCODING 64321
SWIDTH 592 0
DWIDTH 14 0
BBX 12 13 1 0
BITMAP
1F00
3FC0
70E0
6060
C030
C030
C430
C030
C030
6060
70E0
3FC0
1F80
ENDCHAR
STARTCHAR FB43
ENCODING 64323
SWIDTH 592 0
DWIDTH 14 0
BBX 11 18 1 -5
BITMAP
7E00
FF80
C1C0
C0E0
C060
C060
C060
F460
7060
0060
0060
0060
0060
0060
0060
0060
0060
0060
ENDCHAR
STARTCHAR FB44
ENCODING 64324
SWIDTH 550 0
DWIDTH 13 0
BBX 11 13 1 0
BITMAP
7E00
FF80
C1C0
C0C0
C060
C060
F060
7460
0060
00C0
43C0
FF80
7E00
ENDCHAR
STARTCHAR FB46
ENCODING 64326
SWIDTH 465 0
DWIDTH 11 0
BBX 10 13 0 0
BITMAP
C0C0
60C0
70C0
30C0
3980
1B80
8E00
0C00
0600
0300
0300
FF80
FF80
ENDCHAR
STARTCHAR FB47
ENCODING 64327
SWIDTH 550 0
DWIDTH 13 0
BBX 10 18 2 -5
BITMAP
FFC0
FFC0
00C0
00C0
00C0
08C0
C180
C380
C700
C600
C600
C600
C600
C000
C000
C000
C000
C000
ENDCHAR
STARTCHAR FB48
ENCODING 64328
SWIDTH 508 0
DWIDTH 12 0
BBX 10 13 0 0
BITMAP
FE00
FF00
0380
01C0
00C0
00C0
08C0
00C0
00C0
00C0
00C0
00C0
00C0
ENDCHAR
STARTCHAR FB49
ENCODING 64329
SWIDTH 720 0
DWIDTH 17 0
BBX 15 13 1 0
BITMAP
C306
C306
C306
C306
C706
CE0C
FE0C
708C
600C
6018
3838
1FF0
0FC0
ENDCHAR
STARTCHAR FB4A
ENCODING 64330
SWIDTH 635 0
DWIDTH 15 0
BBX 13 13 0 0
BITMAP
FFC0
FFF0
1870
1838
1818
1818
1898
1818
1818
1818
1818
F818
F018
ENDCHAR
STARTCHAR FB4B
ENCODING 64331
SWIDTH 254 0
DWIDTH 6 0
BBX 2 16 2 0
BITMAP
80
00
00
C0
C0
C0
C0
C0
C0
C0
C0
C0
C0
C0
C0
C0
ENDCHAR
STARTCHAR FB4C
ENCODING 64332
SWIDTH 550 0
DWIDTH 13 0
BBX 11 16 1 0
BITMAP
3E00
0000
0000
FC00
FF00
0700
0380
0180
0180
0180
0180
0180
0180
0180
FFE0
FFE0
ENDCHAR
STARTCHAR FB4D
ENCODING 64333
SWIDTH 465 0
DWIDTH 11 0
BBX 9 16 1 0
BITMAP
7C00
0000
0000
F800
FE00
0700
0300
0180
0180
0180
0180
0180
0300
0700
FE00
F800
ENDCHAR
STARTCHAR FB4E
ENCODING 64334
SWIDTH 550 0
DWIDTH 13 0
BBX 11 16 1 0
BITMAP
3E00
0000
0000
7E00
FF80
C1C0
C0C0
C060
C060
F860
7860
0060
00C0
43C0
FF80
7E00
ENDCHAR
STARTCHAR FB4F
ENCODING 64335
SWIDTH 592 0
DWIDTH 14 0
BBX 14 17 0 0
BITMAP
C000
C000
C000
C000
E018
F018
1818
0C38
0E30
1F70
3BE0
31C0
30C0
6060
6030
6038
601C
ENDCHAR
STARTCHAR FB50
ENCODING 64336
SWIDTH 211 0
DWIDTH 5 0
BBX 5 18 0 3
BITMAP
38
68
F0
80
10
10
10
10
10
10
10
10
10
10
10
10
10
10
ENDCHAR
STARTCHAR FB51
ENCODING 64337
SWIDTH 254 0
DWIDTH 6 0
BBX 6 18 0 3
BITMAP
38
68
F0
80
20
60
20
20
20
20
20
20
20
20
20
30
1C
1C
ENDCHAR
STARTCHAR FB52
ENCODING 64338
SWIDTH 720 0
DWIDTH 17 0
BBX 16 15 1 -4
BITMAP
4002
8002
8003
8001
8001
E001
7FFF
3FFF
0000
0080
01C0
0080
0040
00E0
0040
ENDCHAR
STARTCHAR FB53
ENCODING 64339
SWIDTH 720 0
DWIDTH 17 0
BBX 16 15 1 -4
BITMAP
4002
8002
8003
8001
8001
E001
7FFF
3FFF
0000
0080
01C0
0080
0040
00E0
0040
ENDCHAR
STARTCHAR FB54
ENCODING 64340
SWIDTH 254 0
DWIDTH 6 0
BBX 7 15 -1 -4
BITMAP
04
06
06
02
02
02
FE
FE
00
10
38
10
08
1C
08
ENDCHAR
STARTCHAR FB55
ENCODING 64341
SWIDTH 254 0
DWIDTH 6 0
BBX 7 15 -1 -4
BITMAP
04
06
06
02
02
02
FE
FE
00
10
38
10
08
1C
08
ENDCHAR
STARTCHAR FB56
ENCODING 64342
SWIDTH 720 0
DWIDTH 17 0
BBX 16 16 1 -5
BITMAP
4002
8002
8003
8001
8001
E001
7FFF
3FFF
0000
0000
0040
02E0
0740
0280
01C0
0080
ENDCHAR
STARTCHAR FB57
ENCODING 64343
SWIDTH 720 0
DWIDTH 17 0
BBX 16 16 1 -5
BITMAP
4002
8002
8003
8001
8001
E001
7FFF
3FFF
0000
0000
0040
02E0
0740
0280
01C0
0080
ENDCHAR
STARTCHAR FB58
ENCODING 64344
SWIDTH 254 0
DWIDTH 6 0
BBX 7 16 -1 -5
BITMAP
04
06
06
02
02
02
FE
FE
00
00
04
2E
74
24
0E
04
ENDCHAR
STARTCHAR FB59
ENCODING 64345
SWIDTH 254 0
DWIDTH 6 0
BBX 7 16 -1 -5
BITMAP
04
06
06
02
02
02
FE
FE
00
00
04
2E
74
24
0E
04
ENDCHAR
STARTCHAR FB5A
ENCODING 64346
SWIDTH 720 0
DWIDTH 17 0
BBX 16 16 1 -5
BITMAP
4002
8002
8003
8001
8001
E001
7FFF
3FFF
0000
0080
05C0
0E80
0440
02E0
0740
0200
ENDCHAR
STARTCHAR FB5B
ENCODING 64347
SWIDTH 720 0
DWIDTH 17 0
BBX 16 16 1 -5
BITMAP
4002
8002
8003
8001
8001
E001
7FFF
3FFF
0000
0080
05C0
0E80
0440
02E0
0740
0200
ENDCHAR
STARTCHAR FB5C
ENCODING 64348
SWIDTH 254 0
DWIDTH 6 0
BBX 7 16 -1 -5
BITMAP
04
06
06
02
02
02
FE
FE
00
08
5C
E8
44
2E
74
20
ENDCHAR
STARTCHAR FB5D
ENCODING 64349
SWIDTH 254 0
DWIDTH 6 0
BBX 7 16 -1 -5
BITMAP
04
06
06
02
02
02
FE
FE
00
08
5C
E8
44
2E
74
20
ENDCHAR
STARTCHAR FB5E
ENCODING 64350
SWIDTH 720 0
DWIDTH 17 0
BBX 16 15 1 3
BITMAP
0100
0380
0100
0080
01C0
0080
0000
4002
8002
8003
8001
8001
E001
7FFF
3FFF
ENDCHAR
STARTCHAR FB5F
ENCODING 64351
SWIDTH 720 0
DWIDTH 17 0
BBX 16 15 1 3
BITMAP
0100
0380
0100
0080
01C0
0080
0000
4002
8002
8003
8001
8001
E001
7FFF
3FFF
ENDCHAR
STARTCHAR FB60
ENCODING 64352
SWIDTH 254 0
DWIDTH 6 0
BBX 7 15 -1 3
BITMAP
10
38
10
08
1C
08
00
04
06
06
02
02
02
FE
FE
ENDCHAR
STARTCHAR FB61
ENCODING 64353
SWIDTH 254 0
DWIDTH 6 0
BBX 7 15 -1 3
BITMAP
10
38
10
08
1C
08
00
04
06
06
02
02
02
FE
FE
ENDCHAR
STARTCHAR FB62
ENCODING 64354
SWIDTH 720 0
DWIDTH 17 0
BBX 16 15 1 3
BITMAP
0080
05C0
0E80
0440
02E0
0740
0200
4002
8002
8003
8001
8001
E001
7FFF
3FFF
ENDCHAR
STARTCHAR FB63
ENCODING 64355
SWIDTH 720 0
DWIDTH 17 0
BBX 16 15 1 3
BITMAP
0080
05C0
0E80
0440
02E0
0740
0200
4002
8002
8003
8001
8001
E001
7FFF
3FFF
ENDCHAR
STARTCHAR FB64
ENCODING 64356
SWIDTH 254 0
DWIDTH 6 0
BBX 7 15 -1 3
BITMAP
08
5C
E8
44
2E
74
20
04
06
06
02
02
02
FE
FE
ENDCHAR
STARTCHAR FB65
ENCODING 64357
SWIDTH 254 0
DWIDTH 6 0
BBX 7 15 -1 3
BITMAP
08
5C
E8
44
2E
74
20
04
06
06
02
02
02
FE
FE
ENDCHAR
STARTCHAR FB66
ENCODING 64358
SWIDTH 720 0
DWIDTH 17 0
BBX 16 16 1 3
BITMAP
0200
0300
0200
0100
0170
0190
07F0
0000
4002
8002
8003
8001
8001
E001
7FFF
3FFF
ENDCHAR
STARTCHAR FB67
ENCODING 64359
SWIDTH 720 0
DWIDTH 17 0
BBX 16 16 1 3
BITMAP
0200
0300
0200
0100
0170
0190
07F0
0000
4002
8002
8003
8001
8001
E001
7FFF
3FFF
ENDCHAR
STARTCHAR FB68
ENCODING 64360
SWIDTH 254 0
DWIDTH 6 0
BBX 8 16 -1 3
BITMAP
20
30
20
10
17
19
7F
00
04
06
06
02
02
02
FE
FE
ENDCHAR
STARTCHAR FB69
ENCODING 64361
SWIDTH 254 0
DWIDTH 6 0
BBX 8 16 -1 3
BITMAP
20
30
20
10
17
19
7F
00
04
06
06
02
02
02
FE
FE
ENDCHAR
STARTCHAR FB6A
ENCODING 64362
SWIDTH 804 0
DWIDTH 19 0
BBX 19 16 0 3
BITMAP
000200
000700
000240
0002E0
000740
000200
000000
000000
4000C0
8001E0
800320
800320
C003E0
E000E0
7FFFE0
1FFFE0
ENDCHAR
STARTCHAR FB6B
ENCODING 64363
SWIDTH 804 0
DWIDTH 19 0
BBX 19 16 0 3
BITMAP
000200
000700
000240
0002E0
000740
000200
000000
000000
4000C0
8001E0
800320
800320
C003E0
E000E0
7FFFE0
1FFFE0
ENDCHAR
STARTCHAR FB6C
ENCODING 64364
SWIDTH 254 0
DWIDTH 6 0
BBX 7 17 -1 3
BITMAP
20
70
24
2E
74
20
00
18
3C
2C
26
3E
1E
02
02
FE
FE
ENDCHAR
STARTCHAR FB6D
ENCODING 64365
SWIDTH 254 0
DWIDTH 6 0
BBX 7 16 -1 3
BITMAP
20
70
24
2E
74
20
00
00
0C
1E
16
12
1E
06
FE
FE
ENDCHAR
STARTCHAR FB6E
ENCODING 64366
SWIDTH 804 0
DWIDTH 19 0
BBX 20 17 0 3
BITMAP
000040
0002E0
000740
000220
000170
0003A0
000100
000000
000000
4000C0
8001E0
800320
800320
C003E0
E000E0
7FFFE0
1FFFE0
ENDCHAR
STARTCHAR FB6F
ENCODING 64367
SWIDTH 804 0
DWIDTH 19 0
BBX 20 17 0 3
BITMAP
000040
0002E0
000740
000220
000170
0003A0
000100
000000
000000
4000C0
8001E0
800320
800320
C003E0
E000E0
7FFFE0
1FFFE0
ENDCHAR
STARTCHAR FB70
ENCODING 64368
SWIDTH 254 0
DWIDTH 6 0
BBX 7 18 -1 3
BITMAP
08
5C
E8
44
2E
74
20
00
18
3C
2C
26
3E
1E
02
02
FE
FE
ENDCHAR
STARTCHAR FB71
ENCODING 64369
SWIDTH 254 0
DWIDTH 6 0
BBX 7 17 -1 3
BITMAP
08
5C
E8
44
2E
74
20
00
00
0C
1E
16
12
1E
06
FE
FE
ENDCHAR
STARTCHAR FB72
ENCODING 64370
SWIDTH 592 0
DWIDTH 14 0
BBX 11 15 1 -5
BITMAP
7FE0
FFE0
0F00
1800
2000
4400
8E00
8400
8200
8700
C200
E000
7800
3FE0
0FC0
ENDCHAR
STARTCHAR FB73
ENCODING 64371
SWIDTH 550 0
DWIDTH 13 0
BBX 12 15 1 -5
BITMAP
7FE0
FFE0
0700
1900
2100
49F0
9CF0
8800
8400
8E00
C400
E000
7800
3FE0
0FC0
ENDCHAR
STARTCHAR FB74
ENCODING 64372
SWIDTH 550 0
DWIDTH 13 0
BBX 14 14 -1 -4
BITMAP
0F00
1F80
03C0
00E0
0070
FFFC
FFFC
0000
0200
0700
0200
0100
0380
0100
ENDCHAR
STARTCHAR FB75
ENCODING 64373
SWIDTH 550 0
DWIDTH 13 0
BBX 14 14 -1 -4
BITMAP
0F00
1F80
03C0
00E0
0070
FFFC
FFFC
0000
0200
0700
0200
0100
0380
0100
ENDCHAR
STARTCHAR FB76
ENCODING 64374
SWIDTH 592 0
DWIDTH 14 0
BBX 11 15 1 -5
BITMAP
7FE0
FFE0
0F00
1800
2000
4000
8080
85C0
8E80
8400
C000
E000
7800
3FE0
0FC0
ENDCHAR
STARTCHAR FB77
ENCODING 64375
SWIDTH 550 0
DWIDTH 13 0
BBX 12 15 1 -5
BITMAP
7FE0
FFE0
0700
1900
2100
41F0
84F0
AE00
F400
A000
C000
E000
7800
3FE0
0FC0
ENDCHAR
STARTCHAR FB78
ENCODING 64376
SWIDTH 550 0
DWIDTH 13 0
BBX 14 12 -1 -2
BITMAP
0F00
1F80
03C0
00E0
0070
FFFC
FFFC
0000
0080
05C0
0E80
0400
ENDCHAR
STARTCHAR FB79
ENCODING 64377
SWIDTH 550 0
DWIDTH 13 0
BBX 14 12 -1 -2
BITMAP
0F00
1F80
03C0
00E0
0070
FFFC
FFFC
0000
0080
05C0
0E80
0400
ENDCHAR
STARTCHAR FB7A
ENCODING 64378
SWIDTH 592 0
DWIDTH 14 0
BBX 11 15 1 -5
BITMAP
7FE0
FFE0
0F00
1800
2000
4080
85C0
8E80
8480
81C0
C080
E000
7800
3FE0
0FC0
ENDCHAR
STARTCHAR FB7B
ENCODING 64379
SWIDTH 550 0
DWIDTH 13 0
BBX 12 15 1 -5
BITMAP
7FE0
FFE0
0700
1900
2100
41F0
82F0
9700
BA00
9200
C700
E200
7800
3FE0
0FC0
ENDCHAR
STARTCHAR FB7C
ENCODING 64380
SWIDTH 550 0
DWIDTH 13 0
BBX 14 15 -1 -5
BITMAP
0F00
1F80
03C0
00E0
0070
FFFC
FFFC
0000
0000
0080
05C0
0E80
0480
01C0
0080
ENDCHAR
STARTCHAR FB7D
ENCODING 64381
SWIDTH 550 0
DWIDTH 13 0
BBX 14 15 -1 -5
BITMAP
0F00
1F80
03C0
00E0
0070
FFFC
FFFC
0000
0000
0080
05C0
0E80
0480
01C0
0080
ENDCHAR
STARTCHAR FB7E
ENCODING 64382
SWIDTH 592 0
DWIDTH 14 0
BBX 11 15 1 -5
BITMAP
7FE0
FFE0
0F00
1800
2100
4B80
9D00
8880
85C0
8E80
C400
E000
7800
3FE0
0FC0
ENDCHAR
STARTCHAR FB7F
ENCODING 64383
SWIDTH 550 0
DWIDTH 13 0
BBX 12 15 1 -5
BITMAP
7FE0
FFE0
0700
1900
2500
6FF0
F4F0
A200
9700
BA00
D000
E000
7800
3FE0
0FC0
ENDCHAR
STARTCHAR FB80
ENCODING 64384
SWIDTH 550 0
DWIDTH 13 0
BBX 14 15 -1 -5
BITMAP
0F00
1F80
03C0
00E0
0070
FFFC
FFFC
0000
0080
05C0
0E80
0440
02E0
0740
0200
ENDCHAR
STARTCHAR FB81
ENCODING 64385
SWIDTH 550 0
DWIDTH 13 0
BBX 14 15 -1 -5
BITMAP
0F00
1F80
03C0
00E0
0070
FFFC
FFFC
0000
0080
05C0
0E80
0440
02E0
0740
0200
ENDCHAR
STARTCHAR FB82
ENCODING 64386
SWIDTH 338 0
DWIDTH 8 0
BBX 7 15 1 -2
BITMAP
10
18
0C
04
06
02
02
82
FE
FE
00
04
2E
74
20
ENDCHAR
STARTCHAR FB83
ENCODING 64387
SWIDTH 338 0
DWIDTH 8 0
BBX 7 15 1 -2
BITMAP
10
18
0C
04
06
02
02
82
FE
FE
00
04
2E
74
20
ENDCHAR
STARTCHAR FB84
ENCODING 64388
SWIDTH 338 0
DWIDTH 8 0
BBX 7 15 1 3
BITMAP
04
2E
74
20
00
10
18
0C
04
06
02
02
82
FE
FE
ENDCHAR
STARTCHAR FB85
ENCODING 64389
SWIDTH 338 0
DWIDTH 8 0
BBX 7 15 1 3
BITMAP
04
2E
74
20
00
10
18
0C
04
06
02
02
82
FE
FE
ENDCHAR
STARTCHAR FB86
ENCODING 64390
SWIDTH 338 0
DWIDTH 8 0
BBX 7 18 1 3
BITMAP
40
E0
48
5C
E8
40
00
00
10
18
0C
04
06
02
02
82
FE
FE
ENDCHAR
STARTCHAR FB87
ENCODING 64391
SWIDTH 338 0
DWIDTH 8 0
BBX 7 18 1 3
BITMAP
40
E0
48
5C
E8
40
00
00
10
18
0C
04
06
02
02
82
FE
FE
ENDCHAR
STARTCHAR FB88
ENCODING 64392
SWIDTH 338 0
DWIDTH 8 0
BBX 7 18 1 3
BITMAP
40
60
40
20
2E
32
FE
00
10
18
0C
04
06
02
02
82
FE
FE
ENDCHAR
STARTCHAR FB89
ENCODING 64393
SWIDTH 338 0
DWIDTH 8 0
BBX 7 18 1 3
BITMAP
40
60
40
20
2E
32
FE
00
10
18
0C
04
06
02
02
82
FE
FE
ENDCHAR
STARTCHAR FB8A
ENCODING 64394
SWIDTH 508 0
DWIDTH 12 0
BBX 11 19 1 -2
BITMAP
0200
0700
0280
05C0
0E80
0400
0000
0080
00C0
00E0
0060
0020
0020
0020
0060
00C0
01C0
8300
7E00
ENDCHAR
STARTCHAR FB8B
ENCODING 64395
SWIDTH 508 0
DWIDTH 12 0
BBX 11 19 1 -2
BITMAP
0200
0700
0280
05C0
0E80
0400
0000
0080
00C0
00E0
0060
0020
0020
0020
0060
00C0
01C0
8300
7E00
ENDCHAR
STARTCHAR FB8C
ENCODING 64396
SWIDTH 508 0
DWIDTH 12 0
BBX 11 21 1 -2
BITMAP
0400
0600
0400
0200
02E0
0320
0FE0
0000
0000
0080
00C0
00E0
0060
0020
0020
0020
0060
00C0
01C0
8300
7E00
ENDCHAR
STARTCHAR FB8D
ENCODING 64397
SWIDTH 508 0
DWIDTH 12 0
BBX 11 21 1 -2
BITMAP
0400
0600
0400
0200
02E0
0320
0FE0
0000
0000
0080
00C0
00E0
0060
0020
0020
0020
0060
00C0
01C0
8300
7E00
ENDCHAR
STARTCHAR FB8E
ENCODING 64398
SWIDTH 804 0
DWIDTH 19 0
BBX 19 15 0 3
BITMAP
000040
0003C0
000F80
001C00
003000
003800
003C00
001E00
400F00
800380
8000C0
8000C0
C00060
FFFFE0
3FFFE0
ENDCHAR
STARTCHAR FB8F
ENCODING 64399
SWIDTH 931 0
DWIDTH 22 0
BBX 22 15 0 3
BITMAP
000040
0003C0
000F80
001C00
003000
003800
003C00
001E00
400F00
800180
8001C0
800140
C00720
FFFE3C
3FF81C
ENDCHAR
STARTCHAR FB90
ENCODING 64400
SWIDTH 381 0
DWIDTH 9 0
BBX 10 15 -1 3
BITMAP
0080
0780
1F00
3800
6000
7000
7800
3C00
1E00
0700
0180
0180
00C0
FFC0
FFC0
ENDCHAR
STARTCHAR FB91
ENCODING 64401
SWIDTH 508 0
DWIDTH 12 0
BBX 13 15 -1 3
BITMAP
0080
0780
1F00
3800
6000
7000
7800
3C00
1E00
0300
0380
0280
0E40
FC78
F038
ENDCHAR
STARTCHAR FB92
ENCODING 64402
SWIDTH 804 0
DWIDTH 19 0
BBX 19 18 0 3
BITMAP
000040
0003C0
000780
001C40
0033C0
000F80
001C00
003000
003800
003C00
001E00
400F00
800380
8000C0
8000C0
C00060
FFFFE0
3FFFE0
ENDCHAR
STARTCHAR FB93
ENCODING 64403
SWIDTH 931 0
DWIDTH 22 0
BBX 22 18 0 3
BITMAP
000040
0003C0
000780
001C40
0033C0
000F80
001C00
003000
003800
003C00
001E00
400F00
800180
8001C0
800140
C00720
FFFE3C
3FF81C
ENDCHAR
STARTCHAR FB94
ENCODING 64404
SWIDTH 381 0
DWIDTH 9 0
BBX 10 18 -1 3
BITMAP
0080
0780
1E00
3880
4780
1F00
3800
6000
7000
7800
3C00
1E00
0700
0180
0180
00C0
FFC0
FFC0
ENDCHAR
STARTCHAR FB95
ENCODING 64405
SWIDTH 508 0
DWIDTH 12 0
BBX 13 18 -1 3
BITMAP
0080
0780
1E00
3880
4780
1F00
3800
6000
7000
7800
3C00
1E00
0300
0380
0280
0E40
FC78
F038
ENDCHAR
STARTCHAR FB96
ENCODING 64406
SWIDTH 804 0
DWIDTH 19 0
BBX 19 25 0 -4
BITMAP
000040
0003C0
000780
001C40
0033C0
000F80
001C00
003000
003800
003C00
001E00
400F00
800380
8000C0
8000C0
C00060
FFFFE0
3FFFE0
000000
004000
00E000
004000
002000
007000
002000
ENDCHAR
STARTCHAR FB97
ENCODING 64407
SWIDTH 931 0
DWIDTH 22 0
BBX 22 25 0 -4
BITMAP
000040
0003C0
000780
001C40
0033C0
000F80
001C00
003000
003800
003C00
001E00
400F00
800180
8001C0
800140
C00720
FFFE3C
3FF81C
000000
010000
038000
010000
008000
01C000
008000
ENDCHAR
STARTCHAR FB98
ENCODING 64408
SWIDTH 381 0
DWIDTH 9 0
BBX 10 25 -1 -4
BITMAP
0080
0780
1E00
3880
4780
1F00
3800
6000
7000
7800
3C00
1E00
0700
0180
0180
00C0
FFC0
FFC0
0000
0800
1C00
0800
0400
0E00
0400
ENDCHAR
STARTCHAR FB99
ENCODING 64409
SWIDTH 508 0
DWIDTH 12 0
BBX 13 25 -1 -4
BITMAP
0080
0780
1E00
3880
4780
1F00
3800
6000
7000
7800
3C00
1E00
0300
0380
0280
0E40
FC78
F038
0000
1000
3800
1000
0800
1C00
0800
ENDCHAR
STARTCHAR FB9A
ENCODING 64410
SWIDTH 804 0
DWIDTH 19 0
BBX 19 18 0 3
BITMAP
000C40
003DC0
003780
001C40
0033C0
000F80
001C00
003000
003800
003C00
001E00
400F00
800380
8000C0
8000C0
C00060
FFFFE0
3FFFE0
ENDCHAR
STARTCHAR FB9B
ENCODING 64411
SWIDTH 931 0
DWIDTH 22 0
BBX 22 18 0 3
BITMAP
000C40
003DC0
003780
001C40
0033C0
000F80
001C00
003000
003800
003C00
001E00
400F00
800180
8001C0
800140
C00720
FFFE3C
3FF81C
ENDCHAR
STARTCHAR FB9C
ENCODING 64412
SWIDTH 381 0
DWIDTH 9 0
BBX 10 18 -1 3
BITMAP
1880
7B80
6E00
3880
4780
1F00
3800
6000
7000
7800
3C00
1E00
0700
0180
0180
00C0
FFC0
FFC0
ENDCHAR
STARTCHAR FB9D
ENCODING 64413
SWIDTH 508 0
DWIDTH 12 0
BBX 13 18 -1 3
BITMAP
1880
7B80
6E00
3880
4780
1F00
3800
6000
7000
7800
3C00
1E00
0300
0380
0280
0E40
FC78
F038
ENDCHAR
STARTCHAR FB9E
ENCODING 64414
SWIDTH 550 0
DWIDTH 13 0
BBX 12 12 1 -2
BITMAP
0020
0020
4030
4010
8010
8010
8010
8010
8030
C0E0
7FE0
3F80
ENDCHAR
STARTCHAR FB9F
ENCODING 64415
SWIDTH 550 0
DWIDTH 13 0
BBX 12 12 1 -2
BITMAP
0020
0020
4030
4010
8010
8010
8010
8010
8030
C0E0
7FE0
3F80
ENDCHAR
STARTCHAR FBA0
ENCODING 64416
SWIDTH 550 0
DWIDTH 13 0
BBX 12 20 1 -2
BITMAP
0800
0C00
0800
0400
05C0
0640
1FC0
0000
0020
0020
4030
4010
8010
8010
8010
8010
8030
C0E0
7FE0
3F80
ENDCHAR
STARTCHAR FBA1
ENCODING 64417
SWIDTH 550 0
DWIDTH 13 0
BBX 12 20 1 -2
BITMAP
0800
0C00
0800
0400
05C0
0640
1FC0
0000
0020
0020
4030
4010
8010
8010
8010
8010
8030
C0E0
7FE0
3F80
ENDCHAR
STARTCHAR FBA2
ENCODING 64418
SWIDTH 254 0
DWIDTH 6 0
BBX 8 16 -1 3
BITMAP
20
30
20
10
17
19
7F
00
04
06
06
02
02
02
FE
FE
ENDCHAR
STARTCHAR FBA3
ENCODING 64419
SWIDTH 254 0
DWIDTH 6 0
BBX 8 16 -1 3
BITMAP
20
30
20
10
17
19
7F
00
04
06
06
02
02
02
FE
FE
ENDCHAR
STARTCHAR FBA4
ENCODING 64420
SWIDTH 296 0
DWIDTH 7 0
BBX 6 12 1 3
BITMAP
30
40
30
40
00
60
78
7C
8C
8C
FC
F8
ENDCHAR
STARTCHAR FBA5
ENCODING 64421
SWIDTH 381 0
DWIDTH 9 0
BBX 9 15 0 3
BITMAP
0C00
1000
0C00
1000
0400
0400
0400
0C00
3400
4400
FE00
FA00
0200
0380
0180
ENDCHAR
STARTCHAR FBA6
ENCODING 64422
SWIDTH 296 0
DWIDTH 7 0
BBX 6 7 1 3
BITMAP
60
78
7C
8C
8C
FC
F8
ENDCHAR
STARTCHAR FBA7
ENCODING 64423
SWIDTH 381 0
DWIDTH 9 0
BBX 9 6 0 1
BITMAP
1C00
3E00
2780
6180
C000
8000
ENDCHAR
STARTCHAR FBA8
ENCODING 64424
SWIDTH 254 0
DWIDTH 6 0
BBX 7 15 -1 -4
BITMAP
04
06
06
02
02
02
FE
FE
00
00
08
10
10
1C
0C
ENDCHAR
STARTCHAR FBA9
ENCODING 64425
SWIDTH 338 0
DWIDTH 8 0
BBX 9 13 -1 -5
BITMAP
0400
0800
1800
F980
EB80
0E00
0C00
0400
0000
0400
0800
0E00
0600
ENDCHAR
STARTCHAR FBAA
ENCODING 64426
SWIDTH 465 0
DWIDTH 11 0
BBX 10 9 -1 3
BITMAP
0400
0600
0700
0F00
1380
12C0
0C40
FFC0
F180
ENDCHAR
STARTCHAR FBAB
ENCODING 64427
SWIDTH 381 0
DWIDTH 9 0
BBX 9 11 0 3
BITMAP
0400
0400
0400
0C00
3400
4400
FE00
FA00
0200
0380
0180
ENDCHAR
STARTCHAR FBAC
ENCODING 64428
SWIDTH 465 0
DWIDTH 11 0
BBX 10 9 -1 3
BITMAP
0400
0600
0700
0F00
1380
12C0
0C40
FFC0
F180
ENDCHAR
STARTCHAR FBAD
ENCODING 64429
SWIDTH 381 0
DWIDTH 9 0
BBX 10 12 -1 -2
BITMAP
0300
0700
0D00
0900
1600
FFC0
FFC0
1600
1100
1900
0F00
0700
ENDCHAR
STARTCHAR FBAE
ENCODING 64430
SWIDTH 804 0
DWIDTH 19 0
BBX 17 10 1 -1
BITMAP
00C000
01E000
032000
0E0000
1C0000
780000
600000
800000
FFFF80
FFFF00
ENDCHAR
STARTCHAR FBAF
ENCODING 64431
SWIDTH 804 0
DWIDTH 19 0
BBX 18 10 1 -5
BITMAP
003FC0
01FFC0
07C000
1E0000
380000
600000
400000
800000
FFFF80
FFFF00
ENDCHAR
STARTCHAR FBB0
ENCODING 64432
SWIDTH 804 0
DWIDTH 19 0
BBX 17 13 1 -1
BITMAP
060000
080000
060000
08C000
01E000
032000
0E0000
1C0000
780000
600000
800000
FFFF80
FFFF00
ENDCHAR
STARTCHAR FBB1
ENCODING 64433
SWIDTH 804 0
DWIDTH 19 0
BBX 18 16 1 -5
BITMAP
000C00
001000
000C00
001000
000000
000000
003FC0
01FFC0
07C000
1E0000
380000
600000
400000
800000
FFFF80
FFFF00
ENDCHAR
STARTCHAR FBD3
ENCODING 64467
SWIDTH 592 0
DWIDTH 14 0
BBX 13 17 1 3
BITMAP
0820
1C30
0938
0B98
1D10
0810
0110
0210
0410
0788
4088
8088
8188
9F08
C008
FFF8
3FF8
ENDCHAR
STARTCHAR FBD4
ENCODING 64468
SWIDTH 592 0
DWIDTH 14 0
BBX 13 17 1 3
BITMAP
0820
1C30
0938
0B98
1D10
0810
0110
0210
0410
0788
4088
8088
8188
9F08
C008
FFF8
3FF8
ENDCHAR
STARTCHAR FBD5
ENCODING 64469
SWIDTH 381 0
DWIDTH 9 0
BBX 10 18 -1 3
BITMAP
3000
3C00
6C00
6080
0780
1F00
3800
6000
7000
7800
3C00
1E00
0700
0180
0180
00C0
FFC0
FFC0
ENDCHAR
STARTCHAR FBD6
ENCODING 64470
SWIDTH 381 0
DWIDTH 9 0
BBX 10 18 -1 3
BITMAP
3000
3C00
6C00
6080
0780
1F00
3800
6000
7000
7800
3C00
1E00
0700
0180
0180
00C0
FFC0
FFC0
ENDCHAR
STARTCHAR FBD7
ENCODING 64471
SWIDTH 423 0
DWIDTH 10 0
BBX 9 18 1 -2
BITMAP
0180
0280
0380
0180
0600
0000
0000
0300
0780
0580
0480
0780
0380
0080
0100
0300
8600
7C00
ENDCHAR
STARTCHAR FBD8
ENCODING 64472
SWIDTH 423 0
DWIDTH 10 0
BBX 9 18 1 -2
BITMAP
0180
0280
0380
0180
0600
0000
0000
0300
0780
0580
0480
0780
0380
0080
0100
0300
8600
7C00
ENDCHAR
STARTCHAR FBD9
ENCODING 64473
SWIDTH 423 0
DWIDTH 10 0
BBX 9 16 1 -2
BITMAP
0500
0200
0000
0000
0000
0300
0780
0580
0480
0780
0380
0080
0100
0300
8600
7C00
ENDCHAR
STARTCHAR FBDA
ENCODING 64474
SWIDTH 423 0
DWIDTH 10 0
BBX 9 16 1 -2
BITMAP
0500
0200
0000
0000
0000
0300
0780
0580
0480
0780
0380
0080
0100
0300
8600
7C00
ENDCHAR
STARTCHAR FBDB
ENCODING 64475
SWIDTH 423 0
DWIDTH 10 0
BBX 9 19 1 -2
BITMAP
0400
0400
0600
0200
0200
0200
0200
0000
0300
0780
0580
0480
0780
0380
0080
0100
0300
8600
7C00
ENDCHAR
STARTCHAR FBDC
ENCODING 64476
SWIDTH 423 0
DWIDTH 10 0
BBX 9 19 1 -2
BITMAP
0400
0400
0600
0200
0200
0200
0200
0000
0300
0780
0580
0480
0780
0380
0080
0100
0300
8600
7C00
ENDCHAR
STARTCHAR FBDD
ENCODING 64477
SWIDTH 423 0
DWIDTH 10 0
BBX 10 17 1 -2
BITMAP
0C00
14C0
1D00
0CC0
3100
0000
0300
0780
0580
0480
0780
0380
0080
0100
0300
8600
7C00
ENDCHAR
STARTCHAR FBDE
ENCODING 64478
SWIDTH 423 0
DWIDTH 10 0
BBX 9 19 1 -2
BITMAP
0800
1C00
0900
0B80
1D00
0800
0000
0000
0300
0780
0580
0480
0780
0380
0080
0100
0300
8600
7C00
ENDCHAR
STARTCHAR FBDF
ENCODING 64479
SWIDTH 423 0
DWIDTH 10 0
BBX 9 19 1 -2
BITMAP
0800
1C00
0900
0B80
1D00
0800
0000
0000
0300
0780
0580
0480
0780
0380
0080
0100
0300
8600
7C00
ENDCHAR
STARTCHAR FBE0
ENCODING 64480
SWIDTH 423 0
DWIDTH 10 0
BBX 9 11 1 -2
BITMAP
0300
0780
0480
0480
0780
0380
1880
0700
0300
8600
7C00
ENDCHAR
STARTCHAR FBE1
ENCODING 64481
SWIDTH 423 0
DWIDTH 10 0
BBX 9 11 1 -2
BITMAP
0300
0780
0480
0480
0780
0380
1880
0700
0300
8600
7C00
ENDCHAR
STARTCHAR FBE2
ENCODING 64482
SWIDTH 423 0
DWIDTH 10 0
BBX 9 16 1 -2
BITMAP
0200
0500
0000
0000
0000
0300
0780
0580
0480
0780
0380
0080
0100
0300
8600
7C00
ENDCHAR
STARTCHAR FBE3
ENCODING 64483
SWIDTH 423 0
DWIDTH 10 0
BBX 9 16 1 -2
BITMAP
0200
0500
0000
0000
0000
0300
0780
0580
0480
0780
0380
0080
0100
0300
8600
7C00
ENDCHAR
STARTCHAR FBE4
ENCODING 64484
SWIDTH 635 0
DWIDTH 15 0
BBX 14 15 1 -4
BITMAP
0018
007C
0044
2080
4100
4100
81F8
81F8
8008
C0F0
FFE0
3F80
0000
0600
0600
ENDCHAR
STARTCHAR FBE5
ENCODING 64485
SWIDTH 592 0
DWIDTH 14 0
BBX 14 11 0 -5
BITMAP
2000
407C
40FC
8100
81F0
8010
E030
7FE0
3F80
0600
0600
ENDCHAR
STARTCHAR FBE6
ENCODING 64486
SWIDTH 254 0
DWIDTH 6 0
BBX 7 15 -1 -4
BITMAP
04
06
06
02
02
02
FE
FE
00
10
38
10
08
1C
08
ENDCHAR
STARTCHAR FBE7
ENCODING 64487
SWIDTH 254 0
DWIDTH 6 0
BBX 7 15 -1 -4
BITMAP
04
06
06
02
02
02
FE
FE
00
10
38
10
08
1C
08
ENDCHAR
STARTCHAR FBFC
ENCODING 64508
SWIDTH 635 0
DWIDTH 15 0
BBX 14 12 1 -1
BITMAP
0018
007C
0044
2080
4100
4100
81F8
81F8
8008
C0F0
FFE0
3F80
ENDCHAR
STARTCHAR FBFD
ENCODING 64509
SWIDTH 592 0
DWIDTH 14 0
BBX 14 9 0 -3
BITMAP
2000
407C
40FC
8100
81F0
8010
E030
7FE0
3F80
ENDCHAR
STARTCHAR FBFE
ENCODING 64510
SWIDTH 254 0
DWIDTH 6 0
BBX 7 13 -1 -2
BITMAP
04
06
06
02
02
02
FE
FE
00
04
2E
74
20
ENDCHAR
STARTCHAR FBFF
ENCODING 64511
SWIDTH 254 0
DWIDTH 6 0
BBX 7 13 -1 -2
BITMAP
04
06
06
02
02
02
FE
FE
00
04
2E
74
20
ENDCHAR
STARTCHAR FC5E
ENCODING 64606
SWIDTH 211 0
DWIDTH 5 0
BBX 7 8 0 15
BITMAP
0C
14
DC
54
62
12
BC
E0
ENDCHAR
STARTCHAR FC5F
ENCODING 64607
SWIDTH 211 0
DWIDTH 5 0
BBX 7 8 0 15
BITMAP
02
12
BC
E0
18
60
18
60
ENDCHAR
STARTCHAR FC60
ENCODING 64608
SWIDTH 211 0
DWIDTH 5 0
BBX 7 6 0 15
BITMAP
18
60
02
12
BC
E0
ENDCHAR
STARTCHAR FC61
ENCODING 64609
SWIDTH 211 0
DWIDTH 5 0
BBX 7 7 0 15
BITMAP
18
28
38
62
12
BC
E0
ENDCHAR
STARTCHAR FC62
ENCODING 64610
SWIDTH 211 0
DWIDTH 5 0
BBX 7 6 0 15
BITMAP
02
12
BC
E0
18
60
ENDCHAR
STARTCHAR FD3E
ENCODING 64830
SWIDTH 338 0
DWIDTH 8 0
BBX 6 24 1 -5
BITMAP
04
08
18
38
30
70
70
60
E0
E0
E0
E0
E0
E0
E0
E0
60
70
70
30
38
18
08
04
ENDCHAR
STARTCHAR FD3F
ENCODING 64831
SWIDTH 338 0
DWIDTH 8 0
BBX 6 24 1 -5
BITMAP
80
C0
60
70
30
38
38
18
1C
1C
1C
1C
1C
1C
1C
1C
18
38
38
30
70
60
40
80
ENDCHAR
STARTCHAR FDF2
ENCODING 65010
SWIDTH 635 0
DWIDTH 15 0
BBX 15 16 0 3
BITMAP
0300
0180
0080
0000
0048
02F8
0380
0024
0224
0224
0224
0626
1A22
6232
FDFE
F9CE
ENDCHAR
STARTCHAR FE80
ENCODING 65152
SWIDTH 423 0
DWIDTH 10 0
BBX 8 9 1 1
BITMAP
18
3C
48
C0
E3
FE
3C
30
40
ENDCHAR
STARTCHAR FE81
ENCODING 65153
SWIDTH 211 0
DWIDTH 5 0
BBX 5 18 1 3
BITMAP
C8
B0
00
20
20
20
20
20
20
20
20
20
20
20
20
20
20
20
ENDCHAR
STARTCHAR FE82
ENCODING 65154
SWIDTH 254 0
DWIDTH 6 0
BBX 6 18 0 3
BITMAP
C8
B0
00
20
60
60
20
20
20
20
20
20
20
20
20
30
1C
1C
ENDCHAR
STARTCHAR FE83
ENCODING 65155
SWIDTH 211 0
DWIDTH 5 0
BBX 3 18 2 3
BITMAP
60
80
60
80
00
40
40
40
40
40
40
40
40
40
40
40
40
40
ENDCHAR
STARTCHAR FE84
ENCODING 65156
SWIDTH 254 0
DWIDTH 6 0
BBX 5 18 1 3
BITMAP
60
80
60
80
00
40
C0
C0
40
40
40
40
40
40
40
60
38
38
ENDCHAR
STARTCHAR FE85
ENCODING 65157
SWIDTH 423 0
DWIDTH 10 0
BBX 9 17 1 -2
BITMAP
0C00
1000
0C00
1000
0000
0000
0300
0780
0580
0480
0780
0380
0080
0100
0300
8600
7C00
ENDCHAR
STARTCHAR FE86
ENCODING 65158
SWIDTH 423 0
DWIDTH 10 0
BBX 9 17 1 -2
BITMAP
0C00
1000
0C00
1000
0000
0000
0300
0780
0580
0480
0780
0380
0080
0100
0300
8600
7C00
ENDCHAR
STARTCHAR FE87
ENCODING 65159
SWIDTH 211 0
DWIDTH 5 0
BBX 3 20 1 -2
BITMAP
20
20
20
20
20
20
20
20
20
20
20
20
20
20
20
00
60
80
60
80
ENDCHAR
STARTCHAR FE88
ENCODING 65160
SWIDTH 254 0
DWIDTH 6 0
BBX 5 21 1 -3
BITMAP
40
C0
C0
40
40
40
40
40
40
40
40
40
60
38
38
00
00
60
80
60
80
ENDCHAR
STARTCHAR FE89
ENCODING 65161
SWIDTH 635 0
DWIDTH 15 0
BBX 14 14 1 -1
BITMAP
6000
8000
6018
807C
0044
2080
4100
4100
81F8
81F8
8008
C0F0
FFE0
3F80
ENDCHAR
STARTCHAR FE8A
ENCODING 65162
SWIDTH 592 0
DWIDTH 14 0
BBX 14 15 0 -3
BITMAP
6000
8000
6000
8000
0000
0000
2000
407C
40FC
8100
81F0
8010
E030
7FE0
3F80
ENDCHAR
STARTCHAR FE8B
ENCODING 65163
SWIDTH 254 0
DWIDTH 6 0
BBX 7 14 -1 3
BITMAP
18
20
18
20
00
00
04
06
06
02
02
02
FE
FE
ENDCHAR
STARTCHAR FE8C
ENCODING 65164
SWIDTH 254 0
DWIDTH 6 0
BBX 7 14 -1 3
BITMAP
18
20
18
20
00
00
04
06
06
02
02
02
FE
FE
ENDCHAR
STARTCHAR FE8D
ENCODING 65165
SWIDTH 211 0
DWIDTH 5 0
BBX 1 15 3 3
BITMAP
80
80
80
80
80
80
80
80
80
80
80
80
80
80
80
ENDCHAR
STARTCHAR FE8E
ENCODING 65166
SWIDTH 254 0
DWIDTH 6 0
BBX 5 15 1 3
BITMAP
40
C0
C0
40
40
40
40
40
40
40
40
40
60
38
38
ENDCHAR
STARTCHAR FE8F
ENCODING 65167
SWIDTH 720 0
DWIDTH 17 0
BBX 16 13 1 -2
BITMAP
4002
8002
8003
8001
8001
E001
7FFF
3FFF
0000
0000
0080
01C0
0080
ENDCHAR
STARTCHAR FE90
ENCODING 65168
SWIDTH 720 0
DWIDTH 17 0
BBX 16 13 1 -2
BITMAP
4002
8002
8003
8001
8001
E001
7FFF
3FFF
0000
0000
0080
01C0
0080
ENDCHAR
STARTCHAR FE91
ENCODING 65169
SWIDTH 254 0
DWIDTH 6 0
BBX 7 13 -1 -2
BITMAP
04
06
06
02
02
02
FE
FE
00
00
08
1C
08
ENDCHAR
STARTCHAR FE92
ENCODING 65170
SWIDTH 254 0
DWIDTH 6 0
BBX 7 13 -1 -2
BITMAP
04
06
06
02
02
02
FE
FE
00
00
08
1C
08
ENDCHAR
STARTCHAR FE93
ENCODING 65171
SWIDTH 296 0
DWIDTH 7 0
BBX 7 12 0 3
BITMAP
08
5C
E8
40
00
30
3C
3E
46
46
7E
7C
ENDCHAR
STARTCHAR FE94
ENCODING 65172
SWIDTH 381 0
DWIDTH 9 0
BBX 9 16 0 3
BITMAP
0800
5C00
E800
4000
0000
0400
0400
0400
0C00
3400
4400
FE00
FA00
0200
0380
0180
ENDCHAR
STARTCHAR FE95
ENCODING 65173
SWIDTH 720 0
DWIDTH 17 0
BBX 16 12 1 3
BITMAP
0040
02E0
0740
0200
4002
8002
8003
8001
8001
E001
7FFF
3FFF
ENDCHAR
STARTCHAR FE96
ENCODING 65174
SWIDTH 720 0
DWIDTH 17 0
BBX 16 12 1 3
BITMAP
0040
02E0
0740
0200
4002
8002
8003
8001
8001
E001
7FFF
3FFF
ENDCHAR
STARTCHAR FE97
ENCODING 65175
SWIDTH 254 0
DWIDTH 6 0
BBX 7 13 -1 3
BITMAP
04
2E
74
20
00
04
06
06
02
02
02
FE
FE
ENDCHAR
STARTCHAR FE98
ENCODING 65176
SWIDTH 254 0
DWIDTH 6 0
BBX 7 13 -1 3
BITMAP
04
2E
74
20
00
04
06
06
02
02
02
FE
FE
ENDCHAR
STARTCHAR FE99
ENCODING 65177
SWIDTH 720 0
DWIDTH 17 0
BBX 16 14 1 3
BITMAP
0200
0700
0240
02E0
0740
0200
4002
8002
8003
8001
8001
E001
7FFF
3FFF
ENDCHAR
STARTCHAR FE9A
ENCODING 65178
SWIDTH 720 0
DWIDTH 17 0
BBX 16 14 1 3
BITMAP
0200
0700
0240
02E0
0740
0200
4002
8002
8003
8001
8001
E001
7FFF
3FFF
ENDCHAR
STARTCHAR FE9B
ENCODING 65179
SWIDTH 254 0
DWIDTH 6 0
BBX 7 15 -1 3
BITMAP
20
70
24
2E
74
20
00
04
06
06
02
02
02
FE
FE
ENDCHAR
STARTCHAR FE9C
ENCODING 65180
SWIDTH 254 0
DWIDTH 6 0
BBX 7 15 -1 3
BITMAP
20
70
24
2E
74
20
00
04
06
06
02
02
02
FE
FE
ENDCHAR
STARTCHAR FE9D
ENCODING 65181
SWIDTH 592 0
DWIDTH 14 0
BBX 11 15 1 -5
BITMAP
7FE0
FFE0
0F00
1800
2000
4000
8200
8700
8200
8000
C000
E000
7800
3FE0
0FC0
ENDCHAR
STARTCHAR FE9E
ENCODING 65182
SWIDTH 550 0
DWIDTH 13 0
BBX 12 15 1 -5
BITMAP
7FE0
FFE0
0700
1900
2100
41F0
80F0
8400
8E00
8400
C000
E000
7800
3FE0
0FC0
ENDCHAR
STARTCHAR FE9F
ENCODING 65183
SWIDTH 550 0
DWIDTH 13 0
BBX 14 12 -1 -2
BITMAP
0F00
1F80
03C0
00E0
0070
FFFC
FFFC
0000
0000
0200
0700
0200
ENDCHAR
STARTCHAR FEA0
ENCODING 65184
SWIDTH 550 0
DWIDTH 13 0
BBX 14 12 -1 -2
BITMAP
0F00
1F80
03C0
00E0
0070
FFFC
FFFC
0000
0000
0200
0700
0200
ENDCHAR
STARTCHAR FEA1
ENCODING 65185
SWIDTH 592 0
DWIDTH 14 0
BBX 11 15 1 -5
BITMAP
7FE0
FFE0
0F00
1800
2000
4000
8000
8000
8000
8000
C000
E000
7800
3FE0
0FC0
ENDCHAR
STARTCHAR FEA2
ENCODING 65186
SWIDTH 550 0
DWIDTH 13 0
BBX 12 15 1 -5
BITMAP
7FE0
FFE0
0700
1900
2100
41F0
80F0
8000
8000
8000
C000
E000
7800
3FE0
0FC0
ENDCHAR
STARTCHAR FEA3
ENCODING 65187
SWIDTH 550 0
DWIDTH 13 0
BBX 14 7 -1 3
BITMAP
0F00
1F80
03C0
00E0
0070
FFFC
FFFC
ENDCHAR
STARTCHAR FEA4
ENCODING 65188
SWIDTH 550 0
DWIDTH 13 0
BBX 14 7 -1 3
BITMAP
0F00
1F80
03C0
00E0
0070
FFFC
FFFC
ENDCHAR
STARTCHAR FEA5
ENCODING 65189
SWIDTH 592 0
DWIDTH 14 0
BBX 11 20 1 -5
BITMAP
0400
0E00
0400
0000
0000
7FE0
FFE0
0F00
1800
2000
4000
8000
8000
8000
8000
C000
E000
7800
3FE0
0FC0
ENDCHAR
STARTCHAR FEA6
ENCODING 65190
SWIDTH 550 0
DWIDTH 13 0
BBX 12 20 1 -5
BITMAP
0400
0E00
0400
0000
0000
7FE0
FFE0
0700
1900
2100
41F0
80F0
8000
8000
8000
C000
E000
7800
3FE0
0FC0
ENDCHAR
STARTCHAR FEA7
ENCODING 65191
SWIDTH 550 0
DWIDTH 13 0
BBX 14 12 -1 3
BITMAP
0200
0700
0200
0000
0000
0F00
1F80
03C0
00E0
0070
FFFC
FFFC
ENDCHAR
STARTCHAR FEA8
ENCODING 65192
SWIDTH 550 0
DWIDTH 13 0
BBX 14 12 -1 3
BITMAP
0200
0700
0200
0000
0000
0F00
1F80
03C0
00E0
0070
FFFC
FFFC
ENDCHAR
STARTCHAR FEA9
ENCODING 65193
SWIDTH 338 0
DWIDTH 8 0
BBX 7 10 1 3
BITMAP
10
18
0C
04
06
02
02
82
FE
FE
ENDCHAR
STARTCHAR FEAA
ENCODING 65194
SWIDTH 338 0
DWIDTH 8 0
BBX 7 10 1 3
BITMAP
10
18
0C
04
06
02
02
82
FE
FE
ENDCHAR
STARTCHAR FEAB
ENCODING 65195
SWIDTH 338 0
DWIDTH 8 0
BBX 7 15 1 3
BITMAP
20
70
20
00
00
10
18
0C
04
06
02
02
82
FE
FE
ENDCHAR
STARTCHAR FEAC
ENCODING 65196
SWIDTH 338 0
DWIDTH 8 0
BBX 7 15 1 3
BITMAP
20
70
20
00
00
10
18
0C
04
06
02
02
82
FE
FE
ENDCHAR
STARTCHAR FEAD
ENCODING 65197
SWIDTH 508 0
DWIDTH 12 0
BBX 11 12 1 -2
BITMAP
0080
00C0
00E0
0060
0020
0020
0020
0060
00C0
01C0
8300
7E00
ENDCHAR
STARTCHAR FEAE
ENCODING 65198
SWIDTH 508 0
DWIDTH 12 0
BBX 11 12 1 -2
BITMAP
0080
00C0
00E0
0060
0020
0020
0020
0060
00C0
01C0
8300
7E00
ENDCHAR
STARTCHAR FEAF
ENCODING 65199
SWIDTH 508 0
DWIDTH 12 0
BBX 11 17 1 -2
BITMAP
0100
0380
0100
0000
0000
0080
00C0
00E0
0060
0020
0020
0020
0060
00C0
01C0
8300
7E00
ENDCHAR
STARTCHAR FEB0
ENCODING 65200
SWIDTH 508 0
DWIDTH 12 0
BBX 11 17 1 -2
BITMAP
0100
0380
0100
0000
0000
0080
00C0
00E0
0060
0020
0020
0020
0060
00C0
01C0
8300
7E00
ENDCHAR
STARTCHAR FEB1
ENCODING 65201
SWIDTH 847 0
DWIDTH 20 0
BBX 19 12 1 -2
BITMAP
002040
002160
403160
401120
801120
801FE0
801EE0
801000
803000
C0E000
7FC000
3F0000
ENDCHAR
STARTCHAR FEB2
ENCODING 65202
SWIDTH 847 0
DWIDTH 20 0
BBX 19 12 1 -2
BITMAP
002040
002160
403160
401120
801120
801FE0
801EE0
801000
803000
C0E000
7FC000
3F0000
ENDCHAR
STARTCHAR FEB3
ENCODING 65203
SWIDTH 550 0
DWIDTH 13 0
BBX 14 7 -1 3
BITMAP
0008
082C
082C
0824
0C24
FFFC
F7DC
ENDCHAR
STARTCHAR FEB4
ENCODING 65204
SWIDTH 550 0
DWIDTH 13 0
BBX 14 7 -1 3
BITMAP
0008
082C
082C
0824
0C24
FFFC
F7DC
ENDCHAR
STARTCHAR FEB5
ENCODING 65205
SWIDTH 847 0
DWIDTH 20 0
BBX 19 19 1 -2
BITMAP
000400
000E00
000480
0005C0
000E80
000400
000000
002040
002160
403160
401120
801120
801FE0
801EE0
801000
803000
C0E000
7FC000
3F0000
ENDCHAR
STARTCHAR FEB6
ENCODING 65206
SWIDTH 847 0
DWIDTH 20 0
BBX 19 19 1 -2
BITMAP
000400
000E00
000480
0005C0
000E80
000400
000000
002040
002160
403160
401120
801120
801FE0
801EE0
801000
803000
C0E000
7FC000
3F0000
ENDCHAR
STARTCHAR FEB7
ENCODING 65207
SWIDTH 550 0
DWIDTH 13 0
BBX 14 15 -1 3
BITMAP
0080
01C0
0090
00B8
01D0
0080
0000
0000
0008
082C
082C
0824
0C24
FFFC
F7DC
ENDCHAR
STARTCHAR FEB8
ENCODING 65208
SWIDTH 550 0
DWIDTH 13 0
BBX 14 15 -1 3
BITMAP
0080
01C0
0090
00B8
01D0
0080
0000
0000
0008
082C
082C
0824
0C24
FFFC
F7DC
ENDCHAR
STARTCHAR FEB9
ENCODING 65209
SWIDTH 1101 0
DWIDTH 26 0
BBX 25 12 1 -2
BITMAP
00400F00
00403F80
40606380
40218180
80230180
803FFF80
803FFF80
80200000
80600000
C1C00000
7F800000
3F000000
ENDCHAR
STARTCHAR FEBA
ENCODING 65210
SWIDTH 1101 0
DWIDTH 26 0
BBX 25 12 1 -2
BITMAP
00400F00
00403F80
40606380
40218180
80230180
803FFF80
803FFF80
80200000
80600000
C1C00000
7F800000
3F000000
ENDCHAR
STARTCHAR FEBB
ENCODING 65211
SWIDTH 847 0
DWIDTH 20 0
BBX 21 6 -1 3
BITMAP
0001F0
0803F8
080C18
0C3018
FFFFF8
F7FFF8
ENDCHAR
STARTCHAR FEBC
ENCODING 65212
SWIDTH 847 0
DWIDTH 20 0
BBX 21 6 -1 3
BITMAP
0001F0
0803F8
080C18
0C3018
FFFFF8
F7FFF8
ENDCHAR
STARTCHAR FEBD
ENCODING 65213
SWIDTH 1101 0
DWIDTH 26 0
BBX 25 16 1 -2
BITMAP
00010000
00038000
00010000
00000000
00400F00
00403F80
40606380
40218180
80230180
803FFF80
803FFF80
80200000
80600000
C1C00000
7F800000
3F000000
ENDCHAR
STARTCHAR FEBE
ENCODING 65214
SWIDTH 1101 0
DWIDTH 26 0
BBX 25 16 1 -2
BITMAP
00010000
00038000
00010000
00000000
00400F00
00403F80
40606380
40218180
80230180
803FFF80
803FFF80
80200000
80600000
C1C00000
7F800000
3F000000
ENDCHAR
STARTCHAR FEBF
ENCODING 65215
SWIDTH 847 0
DWIDTH 20 0
BBX 21 11 -1 3
BITMAP
000800
001C00
000800
000000
000000
0001F0
0803F8
080C18
0C3018
FFFFF8
F7FFF8
ENDCHAR
STARTCHAR FEC0
ENCODING 65216
SWIDTH 847 0
DWIDTH 20 0
BBX 21 11 -1 3
BITMAP
000800
001C00
000800
000000
000000
0001F0
0803F8
080C18
0C3018
FFFFF8
F7FFF8
ENDCHAR
STARTCHAR FEC1
ENCODING 65217
SWIDTH 592 0
DWIDTH 14 0
BBX 15 16 -1 3
BITMAP
0800
0E00
0600
0400
0400
0200
0200
0200
0200
0200
023C
02FE
0306
0C06
FFFE
FFFE
ENDCHAR
STARTCHAR FEC2
ENCODING 65218
SWIDTH 592 0
DWIDTH 14 0
BBX 15 16 -1 3
BITMAP
0800
0E00
0600
0400
0400
0200
0200
0200
0200
0200
023C
02FE
0306
0C06
FFFE
FFFE
ENDCHAR
STARTCHAR FEC3
ENCODING 65219
SWIDTH 592 0
DWIDTH 14 0
BBX 15 16 -1 3
BITMAP
0800
0E00
0600
0400
0400
0200
0200
0200
0200
0200
023C
02FE
0306
0C06
FFFE
FFFE
ENDCHAR
STARTCHAR FEC4
ENCODING 65220
SWIDTH 592 0
DWIDTH 14 0
BBX 15 16 -1 3
BITMAP
0800
0E00
0600
0400
0400
0200
0200
0200
0200
0200
023C
02FE
0306
0C06
FFFE
FFFE
ENDCHAR
STARTCHAR FEC5
ENCODING 65221
SWIDTH 592 0
DWIDTH 14 0
BBX 15 16 -1 3
BITMAP
0800
0E00
0600
0400
0420
0270
0220
0200
0200
0200
023C
02FE
0306
0C06
FFFE
FFFE
ENDCHAR
STARTCHAR FEC6
ENCODING 65222
SWIDTH 592 0
DWIDTH 14 0
BBX 15 16 -1 3
BITMAP
0800
0E00
0600
0400
0420
0270
0220
0200
0200
0200
023C
02FE
0306
0C06
FFFE
FFFE
ENDCHAR
STARTCHAR FEC7
ENCODING 65223
SWIDTH 592 0
DWIDTH 14 0
BBX 15 16 -1 3
BITMAP
0800
0E00
0600
0400
0420
0270
0220
0200
0200
0200
023C
02FE
0306
0C06
FFFE
FFFE
ENDCHAR
STARTCHAR FEC8
ENCODING 65224
SWIDTH 592 0
DWIDTH 14 0
BBX 15 16 -1 3
BITMAP
0800
0E00
0600
0400
0420
0270
0220
0200
0200
0200
023C
02FE
0306
0C06
FFFE
FFFE
ENDCHAR
STARTCHAR FEC9
ENCODING 65225
SWIDTH 550 0
DWIDTH 13 0
BBX 10 19 1 -5
BITMAP
3800
7E00
E000
8000
8080
E780
7E00
3800
3000
6000
4000
8000
8000
8000
8000
C000
7000
3FC0
0F80
ENDCHAR
STARTCHAR FECA
ENCODING 65226
SWIDTH 465 0
DWIDTH 11 0
BBX 11 15 1 -5
BITMAP
1E00
3F00
3F00
0E00
1F00
33C0
41C0
C000
8000
8000
8000
C000
7800
3FE0
0F80
ENDCHAR
STARTCHAR FECB
ENCODING 65227
SWIDTH 550 0
DWIDTH 13 0
BBX 13 8 -1 3
BITMAP
0F80
1FC0
3000
2000
3008
38F0
FFE0
FE00
ENDCHAR
STARTCHAR FECC
ENCODING 65228
SWIDTH 381 0
DWIDTH 9 0
BBX 10 7 -1 3
BITMAP
1E00
3F00
3F00
0600
0E00
FFC0
F1C0
ENDCHAR
STARTCHAR FECD
ENCODING 65229
SWIDTH 550 0
DWIDTH 13 0
BBX 10 24 1 -5
BITMAP
1000
3800
1000
0000
0000
3800
7E00
E000
8000
8080
E780
7E00
3800
3000
6000
4000
8000
8000
8000
8000
C000
7000
3FC0
0F80
ENDCHAR
STARTCHAR FECE
ENCODING 65230
SWIDTH 465 0
DWIDTH 11 0
BBX 11 20 1 -5
BITMAP
0400
0E00
0400
0000
0000
1E00
3F00
3F00
0E00
1F00
33C0
41C0
C000
8000
8000
8000
C000
7800
3FE0
0F80
ENDCHAR
STARTCHAR FECF
ENCODING 65231
SWIDTH 550 0
DWIDTH 13 0
BBX 13 12 -1 3
BITMAP
0200
0700
0200
0000
0F80
1FC0
3000
2000
3008
38F0
FFE0
FE00
ENDCHAR
STARTCHAR FED0
ENCODING 65232
SWIDTH 381 0
DWIDTH 9 0
BBX 10 13 -1 3
BITMAP
0800
1C00
0800
0000
0000
0000
1E00
3F00
3F00
0600
0E00
FFC0
F1C0
ENDCHAR
STARTCHAR FED1
ENCODING 65233
SWIDTH 804 0
DWIDTH 19 0
BBX 19 13 0 3
BITMAP
000100
000380
000100
000000
000000
4000C0
8001E0
800320
800320
C003E0
E000E0
7FFFE0
1FFFE0
ENDCHAR
STARTCHAR FED2
ENCODING 65234
SWIDTH 804 0
DWIDTH 19 0
BBX 19 13 0 3
BITMAP
000100
000380
000100
000000
000000
4000C0
8001E0
800320
800320
C003E0
E000E0
7FFFE0
1FFFE0
ENDCHAR
STARTCHAR FED3
ENCODING 65235
SWIDTH 254 0
DWIDTH 6 0
BBX 7 15 -1 3
BITMAP
10
38
10
00
00
18
3C
2C
26
3E
1E
02
02
FE
FE
ENDCHAR
STARTCHAR FED4
ENCODING 65236
SWIDTH 254 0
DWIDTH 6 0
BBX 7 13 -1 3
BITMAP
08
1C
08
00
00
0C
1E
16
12
1E
06
FE
FE
ENDCHAR
STARTCHAR FED5
ENCODING 65237
SWIDTH 592 0
DWIDTH 14 0
BBX 13 19 1 -2
BITMAP
0020
0170
03A0
0100
0000
0000
0060
0070
0098
4098
40F8
8078
8008
8008
8008
8018
E070
7FE0
3F80
ENDCHAR
STARTCHAR FED6
ENCODING 65238
SWIDTH 592 0
DWIDTH 14 0
BBX 13 19 1 -2
BITMAP
0020
0170
03A0
0100
0000
0000
0060
0070
0098
4098
40F8
8078
8008
8008
8008
8018
E070
7FE0
3F80
ENDCHAR
STARTCHAR FED7
ENCODING 65239
SWIDTH 254 0
DWIDTH 6 0
BBX 7 15 -1 3
BITMAP
04
2E
74
20
00
18
3C
2C
26
3E
1E
02
02
FE
FE
ENDCHAR
STARTCHAR FED8
ENCODING 65240
SWIDTH 254 0
DWIDTH 6 0
BBX 7 14 -1 3
BITMAP
04
2E
74
20
00
00
0C
1E
16
12
1E
06
FE
FE
ENDCHAR
STARTCHAR FED9
ENCODING 65241
SWIDTH 592 0
DWIDTH 14 0
BBX 13 17 1 3
BITMAP
0020
0030
0038
0018
0010
0110
0210
0410
0790
0088
4088
8188
9F08
8008
C008
FFF8
3FF8
ENDCHAR
STARTCHAR FEDA
ENCODING 65242
SWIDTH 592 0
DWIDTH 14 0
BBX 13 17 1 3
BITMAP
0020
0030
0038
0018
0010
0110
0210
0410
0790
0088
4088
8188
9F08
8008
C008
FFF8
3FF8
ENDCHAR
STARTCHAR FEDB
ENCODING 65243
SWIDTH 381 0
DWIDTH 9 0
BBX 10 15 -1 3
BITMAP
0080
0780
1F00
3800
6000
7000
7800
3C00
1E00
0700
0180
0180
00C0
FFC0
FFC0
ENDCHAR
STARTCHAR FEDC
ENCODING 65244
SWIDTH 381 0
DWIDTH 9 0
BBX 10 15 -1 3
BITMAP
0080
0780
1F00
3800
6000
7000
7800
3C00
1E00
0700
0180
0180
00C0
FFC0
FFC0
ENDCHAR
STARTCHAR FEDD
ENCODING 65245
SWIDTH 508 0
DWIDTH 12 0
BBX 11 20 1 0
BITMAP
0080
00C0
00E0
0060
0040
0040
0040
0040
0040
0020
2020
4020
4020
8020
8020
8020
8060
C0C0
7FC0
3F00
ENDCHAR
STARTCHAR FEDE
ENCODING 65246
SWIDTH 508 0
DWIDTH 12 0
BBX 11 20 1 0
BITMAP
0080
00C0
00E0
0060
0040
0040
0040
0040
0040
0020
2020
4020
4020
8020
8020
8020
8060
C0C0
7FC0
3F00
ENDCHAR
STARTCHAR FEDF
ENCODING 65247
SWIDTH 211 0
DWIDTH 5 0
BBX 6 17 -1 3
BITMAP
10
18
1C
0C
08
08
08
08
08
04
04
04
04
04
04
FC
FC
ENDCHAR
STARTCHAR FEE0
ENCODING 65248
SWIDTH 211 0
DWIDTH 5 0
BBX 6 17 -1 3
BITMAP
10
18
1C
0C
08
08
08
08
08
04
04
04
04
04
04
FC
FC
ENDCHAR
STARTCHAR FEE1
ENCODING 65249
SWIDTH 338 0
DWIDTH 8 0
BBX 8 13 0 -5
BITMAP
1C
3E
07
1F
7F
C0
80
80
80
40
40
40
40
ENDCHAR
STARTCHAR FEE2
ENCODING 65250
SWIDTH 338 0
DWIDTH 8 0
BBX 8 13 0 -5
BITMAP
1C
3E
07
1F
7F
C0
80
80
80
40
40
40
40
ENDCHAR
STARTCHAR FEE3
ENCODING 65251
SWIDTH 381 0
DWIDTH 9 0
BBX 10 5 -1 3
BITMAP
0180
0680
0E40
FFC0
F3C0
ENDCHAR
STARTCHAR FEE4
ENCODING 65252
SWIDTH 381 0
DWIDTH 9 0
BBX 10 5 -1 3
BITMAP
0180
0680
0E40
FFC0
F3C0
ENDCHAR
STARTCHAR FEE5
ENCODING 65253
SWIDTH 550 0
DWIDTH 13 0
BBX 12 16 1 -2
BITMAP
0200
0700
0200
0000
0020
0020
4030
4010
8010
8010
8010
8010
8030
C0E0
7FE0
3F80
ENDCHAR
STARTCHAR FEE6
ENCODING 65254
SWIDTH 550 0
DWIDTH 13 0
BBX 12 16 1 -2
BITMAP
0200
0700
0200
0000
0020
0020
4030
4010
8010
8010
8010
8010
8030
C0E0
7FE0
3F80
ENDCHAR
STARTCHAR FEE7
ENCODING 65255
SWIDTH 254 0
DWIDTH 6 0
BBX 7 13 -1 3
BITMAP
08
1C
08
00
00
04
06
06
02
02
02
FE
FE
ENDCHAR
STARTCHAR FEE8
ENCODING 65256
SWIDTH 254 0
DWIDTH 6 0
BBX 7 13 -1 3
BITMAP
08
1C
08
00
00
04
06
06
02
02
02
FE
FE
ENDCHAR
STARTCHAR FEE9
ENCODING 65257
SWIDTH 296 0
DWIDTH 7 0
BBX 6 7 1 3
BITMAP
60
78
7C
8C
8C
FC
F8
ENDCHAR
STARTCHAR FEEA
ENCODING 65258
SWIDTH 381 0
DWIDTH 9 0
BBX 9 11 0 3
BITMAP
0400
0400
0400
0C00
3400
4400
FE00
FA00
0200
0380
0180
ENDCHAR
STARTCHAR FEEB
ENCODING 65259
SWIDTH 465 0
DWIDTH 11 0
BBX 10 9 -1 3
BITMAP
0400
0600
0700
0F00
1380
12C0
0C40
FFC0
F180
ENDCHAR
STARTCHAR FEEC
ENCODING 65260
SWIDTH 381 0
DWIDTH 9 0
BBX 10 12 -1 -2
BITMAP
0300
0700
0D00
0900
1600
FFC0
FFC0
1600
1100
1900
0F00
0700
ENDCHAR
STARTCHAR FEED
ENCODING 65261
SWIDTH 423 0
DWIDTH 10 0
BBX 9 11 1 -2
BITMAP
0300
0780
0580
0480
0780
0380
0080
0100
0300
8600
7C00
ENDCHAR
STARTCHAR FEEE
ENCODING 65262
SWIDTH 423 0
DWIDTH 10 0
BBX 9 11 1 -2
BITMAP
0300
0780
0580
0480
0780
0380
0080
0100
0300
8600
7C00
ENDCHAR
STARTCHAR FEEF
ENCODING 65263
SWIDTH 635 0
DWIDTH 15 0
BBX 14 12 1 -1
BITMAP
0018
007C
0044
2080
4100
4100
81F8
81F8
8008
C0F0
FFE0
3F80
ENDCHAR
STARTCHAR FEF0
ENCODING 65264
SWIDTH 592 0
DWIDTH 14 0
BBX 14 9 0 -3
BITMAP
2000
407C
40FC
8100
81F0
8010
E030
7FE0
3F80
ENDCHAR
STARTCHAR FEF1
ENCODING 65265
SWIDTH 635 0
DWIDTH 15 0
BBX 14 16 1 -5
BITMAP
0018
007C
0044
2080
4100
4100
81F8
81F8
8008
C0F0
FFE0
3F80
0100
0B80
1D00
0800
ENDCHAR
STARTCHAR FEF2
ENCODING 65266
SWIDTH 592 0
DWIDTH 14 0
BBX 14 11 0 -5
BITMAP
2000
407C
80FC
8100
81F0
C010
7FE0
3FC0
0000
0900
1F80
ENDCHAR
STARTCHAR FEF3
ENCODING 65267
SWIDTH 254 0
DWIDTH 6 0
BBX 7 13 -1 -2
BITMAP
04
06
06
02
02
02
FE
FE
00
04
2E
74
20
ENDCHAR
STARTCHAR FEF4
ENCODING 65268
SWIDTH 254 0
DWIDTH 6 0
BBX 7 13 -1 -2
BITMAP
04
06
06
02
02
02
FE
FE
00
04
2E
74
20
ENDCHAR
STARTCHAR FEF5
ENCODING 65269
SWIDTH 550 0
DWIDTH 13 0
BBX 11 19 1 1
BITMAP
C800
B000
0000
8080
C0C0
E0E0
7060
3840
0840
0440
0440
0280
0280
0100
0300
0680
0C80
1F80
1F00
ENDCHAR
STARTCHAR FEF6
ENCODING 65270
SWIDTH 592 0
DWIDTH 14 0
BBX 14 18 0 2
BITMAP
C800
B000
0000
6010
7810
3C10
1E10
0310
0110
0090
0090
0030
0030
0050
01C8
078C
3F0C
FC00
ENDCHAR
STARTCHAR FEF7
ENCODING 65271
SWIDTH 550 0
DWIDTH 13 0
BBX 12 20 0 1
BITMAP
6000
8000
6000
8000
0040
4060
6070
7030
3820
1C20
0420
0220
0340
0140
0080
0080
0140
0640
0FC0
0F80
ENDCHAR
STARTCHAR FEF8
ENCODING 65272
SWIDTH 592 0
DWIDTH 14 0
BBX 14 19 0 2
BITMAP
6000
8000
6000
8000
0010
6010
7810
3C10
1E10
0310
0190
0090
0030
0030
0050
01C8
078C
3F0C
FC00
ENDCHAR
STARTCHAR FEF9
ENCODING 65273
SWIDTH 550 0
DWIDTH 13 0
BBX 11 21 1 -4
BITMAP
8080
C0C0
E0E0
7060
3840
0840
0440
0440
0280
0280
0100
0300
0680
0C80
1F80
1F00
0000
1800
2000
1800
2000
ENDCHAR
STARTCHAR FEFA
ENCODING 65274
SWIDTH 592 0
DWIDTH 14 0
BBX 14 21 0 -4
BITMAP
6010
7810
3C10
1E10
0310
0110
0090
0090
0030
0030
0050
01C8
078C
3F0C
FC00
0000
0000
1800
2000
1800
2000
ENDCHAR
STARTCHAR FEFB
ENCODING 65275
SWIDTH 550 0
DWIDTH 13 0
BBX 11 16 1 1
BITMAP
8080
C0C0
E0E0
7060
3840
0840
0440
0440
0280
0280
0100
0300
0680
0C80
1F80
1F00
ENDCHAR
STARTCHAR FEFC
ENCODING 65276
SWIDTH 592 0
DWIDTH 14 0
BBX 14 15 0 2
BITMAP
6010
7810
3C10
1E10
0310
0110
0090
0090
0030
0030
0050
01C8
078C
3F0C
FC00
ENDCHAR
STARTCHAR FFFC
ENCODING 65532
SWIDTH 1016 0
DWIDTH 24 0
BBX 24 17 0 0
BITMAP
F1E78F
800001
800001
800001
071F08
089188
105088
905089
905F09
905089
105088
089088
071F70
800001
800001
800001
F1E78F
ENDCHAR
ENDFONT
