STARTFONT 2.1
FONT -FontForge-Arial-Book-R-Normal--32-310-75-75-P-171-ISO10646-1
SIZE 31 75 75
FONTBOUNDINGBOX 85 41 -21 -10
COMMENT "Generated by fontforge, http://fontforge.sourceforge.net"
COMMENT "Typeface (c) The Monotype Corporation plc. Data (c) The Monotype Corporation plc/Type Solutions Inc. 1990-1992. All Rights Reserved"
STARTPROPERTIES 40
FOUNDRY "FontForge"
FAMILY_NAME "Arial"
WEIGHT_NAME "Book"
SLANT "R"
SETWIDTH_NAME "Normal"
ADD_STYLE_NAME ""
PIXEL_SIZE 32
POINT_SIZE 310
RESOLUTION_X 75
RESOLUTION_Y 75
SPACING "P"
AVERAGE_WIDTH 171
CHARSET_REGISTRY "ISO10646"
CHARSET_ENCODING "1"
FONTNAME_REGISTRY ""
CHARSET_COLLECTIONS "ASCII ISOLatin1Encoding ISO8859-2 ISO8859-5 ISO8859-7 ISO8859-9 ISO8859-8 ISO8859-6 ISO8859-4 Symbol ISO10646-1"
FONT_NAME "ArialMT"
FACE_NAME "Arial"
COPYRIGHT "Typeface (c) The Monotype Corporation plc. Data (c) The Monotype Corporation plc/Type Solutions Inc. 1990-1992. All Rights Reserved"
FONT_VERSION "3.00"
FONT_ASCENT 26
FONT_DESCENT 6
UNDERLINE_POSITION -5
UNDERLINE_THICKNESS 3
X_HEIGHT 16
CAP_HEIGHT 22
RAW_ASCENT 799
RAW_DESCENT 200
NORM_SPACE 9
RELATIVE_WEIGHT 40
RELATIVE_SETWIDTH 50
SUPERSCRIPT_X 0
SUPERSCRIPT_Y 15
SUPERSCRIPT_SIZE 20
SUBSCRIPT_X 0
SUBSCRIPT_Y 4
SUBSCRIPT_SIZE 20
FIGURE_WIDTH 18
AVG_LOWERCASE_WIDTH 164
AVG_UPPERCASE_WIDTH 219
ENDPROPERTIES
CHARS 1777
STARTCHAR space
ENCODING 32
SWIDTH 277 0
DWIDTH 9 0
BBX 1 1 0 0
BITMAP
00
ENDCHAR
STARTCHAR exclam
ENCODING 33
SWIDTH 277 0
DWIDTH 11 0
BBX 3 23 4 0
BITMAP
E0
E0
E0
E0
E0
E0
E0
E0
E0
E0
E0
E0
40
40
40
40
40
40
00
00
E0
E0
E0
ENDCHAR
STARTCHAR quotedbl
ENCODING 34
SWIDTH 354 0
DWIDTH 11 0
BBX 9 8 1 15
BITMAP
E380
E380
E380
E380
E380
E380
E380
4100
ENDCHAR
STARTCHAR numbersign
ENCODING 35
SWIDTH 556 0
DWIDTH 18 0
BBX 17 23 0 0
BITMAP
038700
038700
070E00
070E00
070E00
070E00
FFFF80
FFFF80
FFFF80
0E1C00
0E1C00
1E3C00
1C3800
1C3800
FFFF80
FFFF80
FFFF80
387000
387000
387000
387000
70E000
70E000
ENDCHAR
STARTCHAR dollar
ENCODING 36
SWIDTH 556 0
DWIDTH 18 0
BBX 16 27 1 -3
BITMAP
0180
07E0
1FF8
3FFC
799C
718E
718E
7180
7180
3D80
3F80
1FF0
07FC
01FE
019E
018F
0187
E187
E187
F18F
799E
3FFC
1FF8
07F0
0180
0180
0180
ENDCHAR
STARTCHAR percent
ENCODING 37
SWIDTH 889 0
DWIDTH 28 0
BBX 24 23 2 0
BITMAP
1E0070
7F80E0
7380E0
E1C1C0
E1C1C0
E1C380
E1C380
E1C700
E1C700
738E00
7F0E00
1E1C78
001DFE
0039CE
007B87
007387
00E387
00E387
01C387
01C387
0381CE
0381FE
070078
ENDCHAR
STARTCHAR ampersand
ENCODING 38
SWIDTH 666 0
DWIDTH 21 0
BBX 19 23 1 0
BITMAP
03E000
07F800
0FF800
1E3C00
1C1C00
1C1C00
1C1C00
0E3800
07F000
07E000
0FC000
1FC000
3CE000
7071C0
E03B80
E03B80
E01F00
E00E00
F00F00
783F80
3FFDC0
1FF9E0
07E080
ENDCHAR
STARTCHAR quotesingle
ENCODING 39
SWIDTH 190 0
DWIDTH 6 0
BBX 3 8 1 15
BITMAP
E0
E0
E0
E0
E0
E0
E0
40
ENDCHAR
STARTCHAR parenleft
ENCODING 40
SWIDTH 333 0
DWIDTH 11 0
BBX 8 29 2 -6
BITMAP
03
06
0C
1C
18
38
30
70
70
70
E0
E0
E0
E0
E0
E0
E0
E0
E0
70
70
70
38
38
18
1C
0C
06
03
ENDCHAR
STARTCHAR parenright
ENCODING 41
SWIDTH 333 0
DWIDTH 11 0
BBX 8 29 1 -6
BITMAP
C0
60
30
38
18
1C
0C
0E
0E
0E
07
07
07
07
07
07
07
07
07
0E
0E
0E
1C
1C
18
38
30
60
C0
ENDCHAR
STARTCHAR asterisk
ENCODING 42
SWIDTH 389 0
DWIDTH 12 0
BBX 10 10 1 13
BITMAP
0C00
0C00
0C00
EDC0
FFC0
3F00
1E00
3F00
7380
2100
ENDCHAR
STARTCHAR plus
ENCODING 43
SWIDTH 583 0
DWIDTH 19 0
BBX 15 15 2 4
BITMAP
0380
0380
0380
0380
0380
0380
FFFE
FFFE
FFFE
0380
0380
0380
0380
0380
0380
ENDCHAR
STARTCHAR comma
ENCODING 44
SWIDTH 277 0
DWIDTH 9 0
BBX 3 8 3 -5
BITMAP
E0
E0
E0
60
60
60
40
C0
ENDCHAR
STARTCHAR hyphen
ENCODING 45
SWIDTH 333 0
DWIDTH 11 0
BBX 9 3 1 7
BITMAP
FF80
FF80
FF80
ENDCHAR
STARTCHAR period
ENCODING 46
SWIDTH 277 0
DWIDTH 9 0
BBX 3 3 3 0
BITMAP
E0
E0
E0
ENDCHAR
STARTCHAR slash
ENCODING 47
SWIDTH 277 0
DWIDTH 9 0
BBX 9 23 0 0
BITMAP
0180
0180
0300
0300
0300
0600
0600
0600
0C00
0C00
0C00
1C00
1800
1800
1800
3000
3000
3000
6000
6000
6000
E000
C000
ENDCHAR
STARTCHAR zero
ENCODING 48
SWIDTH 556 0
DWIDTH 18 0
BBX 16 23 1 0
BITMAP
07E0
1FF8
3FFC
7C3C
701E
700E
E00F
E007
E007
E007
E007
E007
E007
E007
E007
E007
E007
700E
700E
7C3E
3FFC
1FF8
07E0
ENDCHAR
STARTCHAR one
ENCODING 49
SWIDTH 556 0
DWIDTH 18 0
BBX 9 23 3 0
BITMAP
0180
0380
0780
0F80
3F80
7F80
F380
C380
0380
0380
0380
0380
0380
0380
0380
0380
0380
0380
0380
0380
0380
0380
0380
ENDCHAR
STARTCHAR two
ENCODING 50
SWIDTH 556 0
DWIDTH 18 0
BBX 15 23 1 0
BITMAP
0FE0
3FF8
7FFC
783C
E01E
E00E
000E
000E
000E
001C
001C
0038
0070
00E0
01C0
0780
0F00
1C00
3800
7000
7FFE
FFFE
FFFE
ENDCHAR
STARTCHAR three
ENCODING 51
SWIDTH 556 0
DWIDTH 18 0
BBX 16 23 1 0
BITMAP
07E0
1FF8
3FFC
783C
F01E
E00E
000E
001E
003C
03F8
03F8
03FC
001E
000F
0007
0007
0007
E007
F00E
781E
3FFC
1FF8
0FE0
ENDCHAR
STARTCHAR four
ENCODING 52
SWIDTH 556 0
DWIDTH 18 0
BBX 16 23 1 0
BITMAP
0018
0038
0078
00F8
00F8
01F8
03B8
07B8
0738
0E38
1C38
1C38
3838
7038
E038
FFFF
FFFF
FFFF
0038
0038
0038
0038
0038
ENDCHAR
STARTCHAR five
ENCODING 53
SWIDTH 556 0
DWIDTH 18 0
BBX 16 23 1 0
BITMAP
3FFE
3FFE
3FFE
7000
7000
7000
7000
73E0
6FF8
FFFC
F81E
E00E
0007
0007
0007
0007
0007
E00F
F00E
781E
7FFC
1FF8
0FE0
ENDCHAR
STARTCHAR six
ENCODING 54
SWIDTH 556 0
DWIDTH 18 0
BBX 16 23 1 0
BITMAP
03F0
0FFC
1FFE
3C1E
780F
7007
7000
E000
E3F0
EFF8
FFFC
FC1E
F00F
E007
E007
E007
E007
7007
700E
3C1E
3FFC
1FF8
07E0
ENDCHAR
STARTCHAR seven
ENCODING 55
SWIDTH 556 0
DWIDTH 18 0
BBX 15 23 2 0
BITMAP
FFFE
FFFE
FFFE
000C
0018
0038
0070
00E0
00E0
01C0
01C0
0380
0380
0700
0700
0E00
0E00
0E00
0E00
1C00
1C00
1C00
1C00
ENDCHAR
STARTCHAR eight
ENCODING 56
SWIDTH 556 0
DWIDTH 18 0
BBX 16 23 1 0
BITMAP
07E0
1FF8
3FFC
781C
700E
700E
700E
700E
381C
1FF8
0FF0
3FFC
781E
700E
E007
E007
E007
E007
F00F
781E
3FFC
1FF8
07E0
ENDCHAR
STARTCHAR nine
ENCODING 57
SWIDTH 556 0
DWIDTH 18 0
BBX 16 23 1 0
BITMAP
07E0
1FF0
3FFC
7C1C
700E
F006
E007
E007
E007
E007
F00F
781F
3FFF
1FF7
0FC7
0007
000E
E00E
F01E
783C
7FF8
3FF0
0FC0
ENDCHAR
STARTCHAR colon
ENCODING 58
SWIDTH 277 0
DWIDTH 9 0
BBX 3 17 3 0
BITMAP
E0
E0
E0
00
00
00
00
00
00
00
00
00
00
00
E0
E0
E0
ENDCHAR
STARTCHAR semicolon
ENCODING 59
SWIDTH 277 0
DWIDTH 9 0
BBX 3 22 3 -5
BITMAP
E0
E0
E0
00
00
00
00
00
00
00
00
00
00
00
E0
E0
E0
60
60
60
40
C0
ENDCHAR
STARTCHAR less
ENCODING 60
SWIDTH 583 0
DWIDTH 19 0
BBX 15 15 2 4
BITMAP
0002
001E
007E
03FC
0FE0
7F00
FC00
E000
FC00
7F00
0FE0
03FC
007E
001E
0002
ENDCHAR
STARTCHAR equal
ENCODING 61
SWIDTH 583 0
DWIDTH 19 0
BBX 15 10 2 7
BITMAP
FFFE
FFFE
FFFE
0000
0000
0000
0000
FFFE
FFFE
FFFE
ENDCHAR
STARTCHAR greater
ENCODING 62
SWIDTH 583 0
DWIDTH 19 0
BBX 15 15 2 4
BITMAP
8000
F000
FC00
7F80
0FE0
01FC
007E
000E
007E
01FC
0FE0
7F80
FC00
F000
8000
ENDCHAR
STARTCHAR question
ENCODING 63
SWIDTH 556 0
DWIDTH 18 0
BBX 16 23 1 0
BITMAP
07E0
1FF8
3FFC
7C3E
700F
E007
E007
0007
000F
001E
003C
0078
00F0
00E0
01E0
01C0
01C0
01C0
0000
0000
01C0
01C0
01C0
ENDCHAR
STARTCHAR at
ENCODING 64
SWIDTH 1015 0
DWIDTH 32 0
BBX 30 30 2 -7
BITMAP
001FF000
00FFFC00
01FFFF00
07F01F80
0F8007C0
1F0001E0
1E1F1CF0
3C3FBC70
387FF870
70F1F838
71E0F838
71C07838
E1C07038
E3807038
E3807038
E3807070
E380F070
E380E0E0
E3C1E1E0
F1E3E3C0
71FFFF80
70FEFF00
78787C00
3C00001C
1E000078
1F8000F0
07F007E0
03FFFFC0
00FFFF00
001FF800
ENDCHAR
STARTCHAR A
ENCODING 65
SWIDTH 666 0
DWIDTH 21 0
BBX 21 23 0 0
BITMAP
00F800
00F800
00F800
01DC00
01DC00
01DC00
038E00
038E00
070700
070700
070700
0E0380
0E0380
0FFF80
1FFFC0
1FFFC0
3800E0
3800E0
3800E0
700070
700070
700070
E00038
ENDCHAR
STARTCHAR B
ENCODING 66
SWIDTH 666 0
DWIDTH 21 0
BBX 17 23 3 0
BITMAP
FFF000
FFFC00
FFFE00
E01F00
E00700
E00700
E00700
E00700
E01E00
FFFC00
FFFC00
FFFE00
E00F00
E00780
E00380
E00380
E00380
E00380
E00780
E00F00
FFFF00
FFFE00
FFF800
ENDCHAR
STARTCHAR C
ENCODING 67
SWIDTH 722 0
DWIDTH 23 0
BBX 21 23 1 0
BITMAP
01FC00
07FF00
0FFFC0
1F03C0
3C01E0
7800F0
700070
F00000
E00000
E00000
E00000
E00000
E00000
E00000
E00000
700038
700078
780070
3C00F0
1F03E0
0FFFC0
07FF80
01FE00
ENDCHAR
STARTCHAR D
ENCODING 68
SWIDTH 722 0
DWIDTH 23 0
BBX 19 23 3 0
BITMAP
FFF800
FFFE00
FFFF00
E00F80
E00380
E003C0
E001C0
E001E0
E000E0
E000E0
E000E0
E000E0
E000E0
E000E0
E000E0
E001E0
E001C0
E003C0
E00380
E00F80
FFFF00
FFFE00
FFF000
ENDCHAR
STARTCHAR E
ENCODING 69
SWIDTH 666 0
DWIDTH 21 0
BBX 16 23 3 0
BITMAP
FFFE
FFFE
FFFE
E000
E000
E000
E000
E000
E000
FFFC
FFFC
FFFC
E000
E000
E000
E000
E000
E000
E000
E000
FFFF
FFFF
FFFF
ENDCHAR
STARTCHAR F
ENCODING 70
SWIDTH 610 0
DWIDTH 20 0
BBX 16 23 3 0
BITMAP
FFFF
FFFF
FFFF
E000
E000
E000
E000
E000
E000
E000
FFFC
FFFC
FFFC
E000
E000
E000
E000
E000
E000
E000
E000
E000
E000
ENDCHAR
STARTCHAR G
ENCODING 71
SWIDTH 777 0
DWIDTH 25 0
BBX 22 23 1 0
BITMAP
00FF00
07FFC0
0FFFE0
1F01F0
3C0078
780038
70003C
700000
E00000
E00000
E00000
E00FFC
E00FFC
E00FFC
E0001C
70001C
70001C
78001C
3C003C
1F81FC
0FFFF8
03FFE0
00FF00
ENDCHAR
STARTCHAR H
ENCODING 72
SWIDTH 722 0
DWIDTH 23 0
BBX 17 23 3 0
BITMAP
E00380
E00380
E00380
E00380
E00380
E00380
E00380
E00380
E00380
FFFF80
FFFF80
FFFF80
E00380
E00380
E00380
E00380
E00380
E00380
E00380
E00380
E00380
E00380
E00380
ENDCHAR
STARTCHAR I
ENCODING 73
SWIDTH 277 0
DWIDTH 9 0
BBX 3 23 3 0
BITMAP
E0
E0
E0
E0
E0
E0
E0
E0
E0
E0
E0
E0
E0
E0
E0
E0
E0
E0
E0
E0
E0
E0
E0
ENDCHAR
STARTCHAR J
ENCODING 74
SWIDTH 500 0
DWIDTH 16 0
BBX 12 23 1 0
BITMAP
0070
0070
0070
0070
0070
0070
0070
0070
0070
0070
0070
0070
0070
0070
0070
0070
E070
E070
E070
F0E0
7FE0
3FC0
1F80
ENDCHAR
STARTCHAR K
ENCODING 75
SWIDTH 666 0
DWIDTH 21 0
BBX 19 23 3 0
BITMAP
E003C0
E00780
E00F00
E01E00
E03C00
E07800
E0F000
E1E000
E3C000
E78000
EF8000
FFC000
FDE000
F8F000
F0F000
E07800
E03C00
E01E00
E00E00
E00700
E00780
E003C0
E001E0
ENDCHAR
STARTCHAR L
ENCODING 76
SWIDTH 556 0
DWIDTH 18 0
BBX 14 23 3 0
BITMAP
E000
E000
E000
E000
E000
E000
E000
E000
E000
E000
E000
E000
E000
E000
E000
E000
E000
E000
E000
E000
FFFC
FFFC
FFFC
ENDCHAR
STARTCHAR M
ENCODING 77
SWIDTH 833 0
DWIDTH 27 0
BBX 21 23 3 0
BITMAP
F800F8
F800F8
FC01F8
FC01F8
FC01F8
EE03B8
EE03B8
EE03B8
E60338
E70738
E70738
E70738
E38E38
E38E38
E38E38
E18C38
E1DC38
E1DC38
E1DC38
E0D838
E0F838
E0F838
E07038
ENDCHAR
STARTCHAR N
ENCODING 78
SWIDTH 722 0
DWIDTH 23 0
BBX 17 23 3 0
BITMAP
E00380
F00380
F80380
F80380
FC0380
FC0380
EE0380
E70380
E70380
E38380
E38380
E1C380
E0E380
E0E380
E07380
E07380
E03B80
E01F80
E01F80
E00F80
E00F80
E00780
E00380
ENDCHAR
STARTCHAR O
ENCODING 79
SWIDTH 777 0
DWIDTH 25 0
BBX 23 23 1 0
BITMAP
00FE00
07FFC0
0FFFE0
1F01F0
3C0078
78003C
70001C
70001C
E0000E
E0000E
E0000E
E0000E
E0000E
E0000E
E0000E
70001C
70001C
78003C
3C0078
1F01F0
0FFFE0
07FFC0
00FE00
ENDCHAR
STARTCHAR P
ENCODING 80
SWIDTH 666 0
DWIDTH 21 0
BBX 17 23 3 0
BITMAP
FFF800
FFFE00
FFFF00
E00F00
E00780
E00380
E00380
E00380
E00380
E00780
E00F00
FFFF00
FFFE00
FFF800
E00000
E00000
E00000
E00000
E00000
E00000
E00000
E00000
E00000
ENDCHAR
STARTCHAR Q
ENCODING 81
SWIDTH 777 0
DWIDTH 25 0
BBX 23 24 1 -1
BITMAP
00FE00
07FF80
0FFFC0
1F03E0
3C00F0
780078
700038
700038
E0001C
E0001C
E0001C
E0001C
E0001C
E0001C
E0001C
700038
700838
781E78
3C0FF0
1F03E0
0FFFF0
07FFF8
00FE3E
00001C
ENDCHAR
STARTCHAR R
ENCODING 82
SWIDTH 722 0
DWIDTH 23 0
BBX 18 23 3 0
BITMAP
FFF800
FFFE00
FFFF00
E00F00
E00780
E00380
E00380
E00380
E00780
E00F00
FFFF00
FFFE00
FFF800
E0F000
E07800
E03C00
E01C00
E01E00
E00F00
E00700
E00780
E00380
E003C0
ENDCHAR
STARTCHAR S
ENCODING 83
SWIDTH 666 0
DWIDTH 21 0
BBX 18 23 1 0
BITMAP
07F000
1FFC00
3FFE00
3C0F00
780780
700380
700380
700000
380000
3F8000
1FF800
07FE00
007F00
000F80
0003C0
E001C0
E001C0
F001C0
7003C0
7C0F80
3FFF00
1FFE00
03F800
ENDCHAR
STARTCHAR T
ENCODING 84
SWIDTH 610 0
DWIDTH 19 0
BBX 19 23 0 0
BITMAP
FFFFE0
FFFFE0
FFFFE0
00E000
00E000
00E000
00E000
00E000
00E000
00E000
00E000
00E000
00E000
00E000
00E000
00E000
00E000
00E000
00E000
00E000
00E000
00E000
00E000
ENDCHAR
STARTCHAR U
ENCODING 85
SWIDTH 722 0
DWIDTH 23 0
BBX 17 23 3 0
BITMAP
E00380
E00380
E00380
E00380
E00380
E00380
E00380
E00380
E00380
E00380
E00380
E00380
E00380
E00380
E00380
E00380
E00380
F00780
700700
7C1F00
3FFE00
1FFC00
07F000
ENDCHAR
STARTCHAR V
ENCODING 86
SWIDTH 666 0
DWIDTH 21 0
BBX 21 23 0 0
BITMAP
E00038
F00078
700070
700070
3800E0
3800E0
3800E0
1C01C0
1C01C0
1E03C0
0E0380
0E0380
070700
070700
070700
038E00
038E00
03DE00
01DC00
01DC00
01FC00
00F800
00F800
ENDCHAR
STARTCHAR W
ENCODING 87
SWIDTH 943 0
DWIDTH 32 0
BBX 31 23 0 0
BITMAP
E007C00E
E007C00E
7007C01C
700EE01C
700EE01C
700EE01C
701C703C
381C7038
381C7038
381C7038
38383838
1C383870
1C383870
1C701C70
1C701C70
0E701CF0
0EE00EE0
0EE00EE0
0EE00EE0
0EE00EE0
07C007C0
07C007C0
07C007C0
ENDCHAR
STARTCHAR X
ENCODING 88
SWIDTH 666 0
DWIDTH 21 0
BBX 21 23 0 0
BITMAP
7800F0
3C01E0
1C01C0
0E0380
0F0780
078F00
038E00
01DC00
01DC00
00F800
007000
00F800
00F800
01DC00
03DE00
038E00
070700
0F0780
1E03C0
1C01C0
3800E0
7800F0
F00078
ENDCHAR
STARTCHAR Y
ENCODING 89
SWIDTH 666 0
DWIDTH 21 0
BBX 21 23 0 0
BITMAP
E00078
7000F0
3800E0
3C01E0
1C03C0
0E0380
0F0780
078F00
038E00
03DE00
01DC00
00F800
00F800
007000
007000
007000
007000
007000
007000
007000
007000
007000
007000
ENDCHAR
STARTCHAR Z
ENCODING 90
SWIDTH 610 0
DWIDTH 20 0
BBX 19 23 0 0
BITMAP
7FFFC0
7FFFC0
7FFFC0
0003C0
000780
000F00
001E00
001C00
003800
007000
00F000
01E000
03C000
078000
070000
0E0000
1E0000
3C0000
780000
F00000
FFFFE0
FFFFE0
FFFFE0
ENDCHAR
STARTCHAR bracketleft
ENCODING 91
SWIDTH 277 0
DWIDTH 9 0
BBX 6 29 2 -6
BITMAP
FC
FC
FC
E0
E0
E0
E0
E0
E0
E0
E0
E0
E0
E0
E0
E0
E0
E0
E0
E0
E0
E0
E0
E0
E0
E0
FC
FC
FC
ENDCHAR
STARTCHAR backslash
ENCODING 92
SWIDTH 277 0
DWIDTH 9 0
BBX 9 23 1 0
BITMAP
C000
C000
6000
6000
6000
3000
3000
3000
1800
1800
1800
1C00
0C00
0C00
0C00
0600
0600
0600
0300
0300
0300
0380
0180
ENDCHAR
STARTCHAR bracketright
ENCODING 93
SWIDTH 277 0
DWIDTH 9 0
BBX 6 29 1 -6
BITMAP
FC
FC
FC
1C
1C
1C
1C
1C
1C
1C
1C
1C
1C
1C
1C
1C
1C
1C
1C
1C
1C
1C
1C
1C
1C
1C
FC
FC
FC
ENDCHAR
STARTCHAR asciicircum
ENCODING 94
SWIDTH 469 0
DWIDTH 14 0
BBX 12 12 1 11
BITMAP
0600
0F00
0F00
0F00
1F80
1980
39C0
39C0
70E0
70E0
70E0
E070
ENDCHAR
STARTCHAR underscore
ENCODING 95
SWIDTH 556 0
DWIDTH 18 0
BBX 19 3 -1 -6
BITMAP
FFFFE0
FFFFE0
FFFFE0
ENDCHAR
STARTCHAR grave
ENCODING 96
SWIDTH 333 0
DWIDTH 11 0
BBX 6 4 1 19
BITMAP
F0
78
38
1C
ENDCHAR
STARTCHAR a
ENCODING 97
SWIDTH 556 0
DWIDTH 17 0
BBX 15 17 1 0
BITMAP
0FE0
3FF8
7FF8
F03C
E01C
001C
007C
0FFC
3FFC
7F9C
F01C
E01C
E03C
F0FC
7FFC
7FDC
1F8E
ENDCHAR
STARTCHAR b
ENCODING 98
SWIDTH 556 0
DWIDTH 17 0
BBX 14 23 2 0
BITMAP
E000
E000
E000
E000
E000
E000
E7C0
EFE0
FFF0
F878
F038
F01C
E01C
E01C
E01C
E01C
E01C
E03C
F038
F878
FFF0
EFE0
E7C0
ENDCHAR
STARTCHAR c
ENCODING 99
SWIDTH 500 0
DWIDTH 16 0
BBX 14 17 1 0
BITMAP
0780
1FE0
3FF0
7878
7038
E01C
E000
E000
E000
E000
E000
E01C
703C
7878
3FF8
1FF0
0FC0
ENDCHAR
STARTCHAR d
ENCODING 100
SWIDTH 556 0
DWIDTH 17 0
BBX 14 23 1 0
BITMAP
001C
001C
001C
001C
001C
001C
0F9C
1FDC
3FFC
787C
703C
E03C
E01C
E01C
E01C
E01C
E01C
F01C
703C
787C
3FFC
1FDC
0F9C
ENDCHAR
STARTCHAR e
ENCODING 101
SWIDTH 556 0
DWIDTH 17 0
BBX 15 17 1 0
BITMAP
07C0
1FF0
3FF8
783C
701C
E00E
E00E
FFFE
FFFE
E000
E000
F000
700E
7C3C
3FFC
1FF8
07E0
ENDCHAR
STARTCHAR f
ENCODING 102
SWIDTH 277 0
DWIDTH 10 0
BBX 9 23 1 0
BITMAP
0F80
1F80
3F80
3800
3800
3800
FF00
FF00
FF00
3800
3800
3800
3800
3800
3800
3800
3800
3800
3800
3800
3800
3800
3800
ENDCHAR
STARTCHAR g
ENCODING 103
SWIDTH 556 0
DWIDTH 17 0
BBX 14 23 1 -6
BITMAP
0F9C
1FFC
3FFC
787C
703C
E03C
E01C
E01C
E01C
E01C
E01C
E03C
703C
787C
3FFC
1FFC
0F9C
001C
E03C
F078
7FF8
7FF0
1FC0
ENDCHAR
STARTCHAR h
ENCODING 104
SWIDTH 556 0
DWIDTH 18 0
BBX 14 23 2 0
BITMAP
E000
E000
E000
E000
E000
E000
E3E0
EFF8
FFF8
F87C
F03C
E01C
E01C
E01C
E01C
E01C
E01C
E01C
E01C
E01C
E01C
E01C
E01C
ENDCHAR
STARTCHAR i
ENCODING 105
SWIDTH 222 0
DWIDTH 7 0
BBX 3 23 2 0
BITMAP
E0
E0
E0
00
00
00
E0
E0
E0
E0
E0
E0
E0
E0
E0
E0
E0
E0
E0
E0
E0
E0
E0
ENDCHAR
STARTCHAR j
ENCODING 106
SWIDTH 222 0
DWIDTH 7 0
BBX 6 29 -1 -6
BITMAP
1C
1C
1C
00
00
00
1C
1C
1C
1C
1C
1C
1C
1C
1C
1C
1C
1C
1C
1C
1C
1C
1C
1C
1C
1C
FC
F8
F0
ENDCHAR
STARTCHAR k
ENCODING 107
SWIDTH 500 0
DWIDTH 16 0
BBX 14 23 2 0
BITMAP
E000
E000
E000
E000
E000
E000
E03C
E078
E0F0
E1E0
E3C0
E780
EF00
FF00
FF80
F380
E3C0
E1E0
E0E0
E0F0
E070
E038
E03C
ENDCHAR
STARTCHAR l
ENCODING 108
SWIDTH 222 0
DWIDTH 7 0
BBX 3 23 2 0
BITMAP
E0
E0
E0
E0
E0
E0
E0
E0
E0
E0
E0
E0
E0
E0
E0
E0
E0
E0
E0
E0
E0
E0
E0
ENDCHAR
STARTCHAR m
ENCODING 109
SWIDTH 833 0
DWIDTH 27 0
BBX 23 17 2 0
BITMAP
E3C0F0
EFF3FC
FFF7FC
F87E1E
F03C0E
E0380E
E0380E
E0380E
E0380E
E0380E
E0380E
E0380E
E0380E
E0380E
E0380E
E0380E
E0380E
ENDCHAR
STARTCHAR n
ENCODING 110
SWIDTH 556 0
DWIDTH 18 0
BBX 14 17 2 0
BITMAP
E7E0
EFF8
FFF8
F83C
F01C
E01C
E01C
E01C
E01C
E01C
E01C
E01C
E01C
E01C
E01C
E01C
E01C
ENDCHAR
STARTCHAR o
ENCODING 111
SWIDTH 556 0
DWIDTH 17 0
BBX 15 17 1 0
BITMAP
07C0
1FF0
3FF8
783C
701C
F01E
E00E
E00E
E00E
E00E
E00E
F01E
701C
783C
3FF8
1FF0
07C0
ENDCHAR
STARTCHAR p
ENCODING 112
SWIDTH 556 0
DWIDTH 17 0
BBX 14 23 2 -6
BITMAP
E7C0
EFE0
FFF0
F878
F038
F03C
E01C
E01C
E01C
E01C
E01C
E03C
F038
F878
FFF0
EFE0
E7C0
E000
E000
E000
E000
E000
E000
ENDCHAR
STARTCHAR q
ENCODING 113
SWIDTH 556 0
DWIDTH 17 0
BBX 14 23 1 -6
BITMAP
0F9C
3FDC
3FFC
787C
703C
E03C
E01C
E01C
E01C
E01C
E01C
F01C
703C
787C
3FFC
1FDC
0F9C
001C
001C
001C
001C
001C
001C
ENDCHAR
STARTCHAR r
ENCODING 114
SWIDTH 333 0
DWIDTH 11 0
BBX 9 17 2 0
BITMAP
E780
EF80
FF00
F800
F000
E000
E000
E000
E000
E000
E000
E000
E000
E000
E000
E000
E000
ENDCHAR
STARTCHAR s
ENCODING 115
SWIDTH 500 0
DWIDTH 16 0
BBX 14 17 1 0
BITMAP
1F80
3FE0
7FF0
F078
E038
F000
FE00
7FC0
3FF0
07F8
007C
E01C
F01C
783C
7FF8
3FF0
0FC0
ENDCHAR
STARTCHAR t
ENCODING 116
SWIDTH 277 0
DWIDTH 9 0
BBX 8 23 0 0
BITMAP
08
18
38
38
38
38
FF
FF
FF
38
38
38
38
38
38
38
38
38
38
38
3F
3F
1F
ENDCHAR
STARTCHAR u
ENCODING 117
SWIDTH 556 0
DWIDTH 18 0
BBX 14 17 2 0
BITMAP
E01C
E01C
E01C
E01C
E01C
E01C
E01C
E01C
E01C
E01C
E01C
E01C
F03C
F87C
7FDC
7FDC
1F1C
ENDCHAR
STARTCHAR v
ENCODING 118
SWIDTH 500 0
DWIDTH 15 0
BBX 15 17 0 0
BITMAP
E00E
701C
701C
701C
3838
3838
3838
1C70
1C70
1C70
0EE0
0EE0
06C0
06C0
07C0
0380
0380
ENDCHAR
STARTCHAR w
ENCODING 119
SWIDTH 722 0
DWIDTH 23 0
BBX 23 17 0 0
BITMAP
E0380E
E0380E
E07C0E
707C1C
706C1C
706C1C
38EE38
38C638
38C638
18C670
1DC770
1D8370
0D8360
0F83E0
0F83E0
0701C0
0701C0
ENDCHAR
STARTCHAR x
ENCODING 120
SWIDTH 500 0
DWIDTH 14 0
BBX 14 17 0 0
BITMAP
E01C
7038
3870
3870
1CE0
0FC0
0FC0
0780
0780
0780
0FC0
0FC0
1CE0
3870
3870
7038
E01C
ENDCHAR
STARTCHAR y
ENCODING 121
SWIDTH 500 0
DWIDTH 15 0
BBX 15 23 0 -6
BITMAP
E00E
701E
701C
701C
3838
3838
3838
1C70
1C70
0C70
0EE0
0EE0
06E0
07C0
07C0
03C0
0380
0380
0700
0700
3F00
3E00
3C00
ENDCHAR
STARTCHAR z
ENCODING 122
SWIDTH 500 0
DWIDTH 15 0
BBX 14 17 0 0
BITMAP
7FFC
7FFC
7FFC
003C
0078
00F0
01E0
03C0
0780
0F00
1E00
3C00
7800
F000
FFFC
FFFC
FFFC
ENDCHAR
STARTCHAR braceleft
ENCODING 123
SWIDTH 333 0
DWIDTH 11 0
BBX 9 29 1 -6
BITMAP
0780
0F80
1F80
1E00
1C00
1C00
1C00
1C00
1C00
1C00
1C00
3C00
3800
F000
C000
F000
3800
3C00
1C00
1C00
1C00
1C00
1C00
1C00
1C00
1C00
1F80
0F80
0780
ENDCHAR
STARTCHAR bar
ENCODING 124
SWIDTH 259 0
DWIDTH 8 0
BBX 2 30 3 -7
BITMAP
C0
C0
C0
C0
C0
C0
C0
C0
C0
C0
C0
C0
C0
C0
C0
C0
C0
C0
C0
C0
C0
C0
C0
C0
C0
C0
C0
C0
C0
C0
ENDCHAR
STARTCHAR braceright
ENCODING 125
SWIDTH 333 0
DWIDTH 11 0
BBX 9 29 1 -6
BITMAP
F000
F800
FC00
3C00
1C00
1C00
1C00
1C00
1C00
1C00
1C00
1C00
0E00
0780
0380
0780
0E00
1E00
1C00
1C00
1C00
1C00
1C00
1C00
1C00
3C00
FC00
F800
F000
ENDCHAR
STARTCHAR asciitilde
ENCODING 126
SWIDTH 583 0
DWIDTH 19 0
BBX 16 6 1 8
BITMAP
3E00
7F81
FFC3
C3FF
80FE
007C
ENDCHAR
STARTCHAR space.dup1
ENCODING 160
SWIDTH 277 0
DWIDTH 9 0
BBX 1 1 0 0
BITMAP
00
ENDCHAR
STARTCHAR exclamdown
ENCODING 161
SWIDTH 333 0
DWIDTH 11 0
BBX 3 23 4 -6
BITMAP
E0
E0
E0
00
00
40
40
40
40
40
40
E0
E0
E0
E0
E0
E0
E0
E0
E0
E0
E0
E0
ENDCHAR
STARTCHAR cent
ENCODING 162
SWIDTH 556 0
DWIDTH 18 0
BBX 15 29 1 -6
BITMAP
0018
0030
0030
0030
0030
0060
07E0
1FF0
3FF8
78FC
70DC
F1CE
E180
E180
E180
E300
E300
F30E
761E
7E3C
3FF8
1FF0
0FE0
0C00
0C00
1800
1800
1800
3800
ENDCHAR
STARTCHAR sterling
ENCODING 163
SWIDTH 556 0
DWIDTH 18 0
BBX 17 23 0 0
BITMAP
03F000
0FFC00
1FFE00
1E1E00
3C0F00
380700
380000
380000
380000
1C0000
FFE000
FFE000
FFE000
0E0000
0E0000
0E0000
0C0000
1C0000
380000
7FC100
FFFF80
7FFF80
603F00
ENDCHAR
STARTCHAR currency
ENCODING 164
SWIDTH 556 0
DWIDTH 18 0
BBX 15 15 1 3
BITMAP
4004
E7CE
7FFC
3FF8
3C78
783C
701C
701C
701C
783C
3C78
3FF8
7FFC
E7CE
4004
ENDCHAR
STARTCHAR yen
ENCODING 165
SWIDTH 556 0
DWIDTH 18 0
BBX 17 23 0 0
BITMAP
E00380
700700
700700
380E00
380E00
1C1C00
1C1C00
0E3800
0E7800
077000
07F000
7FFF00
7FFF00
7FFF00
01C000
01C000
7FFF00
7FFF00
7FFF00
01C000
01C000
01C000
01C000
ENDCHAR
STARTCHAR brokenbar
ENCODING 166
SWIDTH 259 0
DWIDTH 8 0
BBX 2 30 3 -7
BITMAP
C0
C0
C0
C0
C0
C0
C0
C0
C0
C0
C0
C0
C0
00
00
00
00
00
C0
C0
C0
C0
C0
C0
C0
C0
C0
C0
C0
C0
ENDCHAR
STARTCHAR section
ENCODING 167
SWIDTH 556 0
DWIDTH 18 0
BBX 15 30 1 -7
BITMAP
0FC0
3FF0
3FF8
783C
701C
7000
3800
1E00
3F80
77C0
E1F0
E0F8
E03C
E01E
700E
780E
3E0E
0F1C
07F8
01E0
00F0
0078
003C
701C
701C
381C
3C3C
1FF8
1FF0
07E0
ENDCHAR
STARTCHAR dieresis
ENCODING 168
SWIDTH 333 0
DWIDTH 11 0
BBX 9 3 1 20
BITMAP
E380
E380
E380
ENDCHAR
STARTCHAR copyright
ENCODING 169
SWIDTH 736 0
DWIDTH 24 0
BBX 24 23 0 0
BITMAP
007E00
03FFC0
0F81F0
1E0078
38001C
303E0C
70FF8E
61C386
E180C7
C30003
C30003
C30003
C30003
C30003
E180C7
61C386
60FF0E
303E0C
38001C
1E0078
0F81F0
03FFC0
00FF00
ENDCHAR
STARTCHAR ordfeminine
ENCODING 170
SWIDTH 370 0
DWIDTH 12 0
BBX 10 12 1 11
BITMAP
3E00
7F00
E380
0380
0380
3F80
7B80
E380
E380
E780
FF80
79C0
ENDCHAR
STARTCHAR guillemotleft
ENCODING 171
SWIDTH 556 0
DWIDTH 18 0
BBX 14 14 2 1
BITMAP
071C
0E38
1C70
3CF0
38E0
71C0
E380
E380
71C0
38E0
3CF0
1C70
0E38
071C
ENDCHAR
STARTCHAR logicalnot
ENCODING 172
SWIDTH 583 0
DWIDTH 19 0
BBX 15 9 2 7
BITMAP
FFFE
FFFE
FFFE
000E
000E
000E
000E
000E
000E
ENDCHAR
STARTCHAR hyphen.dup2
ENCODING 173
SWIDTH 333 0
DWIDTH 11 0
BBX 9 3 1 7
BITMAP
FF80
FF80
FF80
ENDCHAR
STARTCHAR registered
ENCODING 174
SWIDTH 736 0
DWIDTH 24 0
BBX 24 23 0 0
BITMAP
007E00
03FFC0
0F81F0
1E0078
38001C
31FE0C
71FF0E
618386
E18187
C18183
C18383
C1FF03
C1FE03
C18C03
E18607
618706
61838E
3181CC
38001C
1E0078
0F81F0
03FFC0
00FF00
ENDCHAR
STARTCHAR overscore
ENCODING 175
SWIDTH 552 0
DWIDTH 18 0
BBX 19 3 -1 24
BITMAP
FFFFE0
FFFFE0
FFFFE0
ENDCHAR
STARTCHAR degree
ENCODING 176
SWIDTH 399 0
DWIDTH 13 0
BBX 9 9 2 14
BITMAP
3E00
7F00
E380
C180
C180
C180
E380
7F00
3E00
ENDCHAR
STARTCHAR plusminus
ENCODING 177
SWIDTH 548 0
DWIDTH 18 0
BBX 15 19 1 0
BITMAP
0380
0380
0380
0380
0380
0380
FFFE
FFFE
FFFE
0380
0380
0380
0380
0380
0380
0000
FFFE
FFFE
FFFE
ENDCHAR
STARTCHAR twosuperior
ENCODING 178
SWIDTH 333 0
DWIDTH 11 0
BBX 10 12 0 11
BITMAP
3F00
7F80
E3C0
01C0
01C0
0380
0700
1E00
3800
7000
7FC0
FFC0
ENDCHAR
STARTCHAR threesuperior
ENCODING 179
SWIDTH 333 0
DWIDTH 11 0
BBX 10 12 0 11
BITMAP
3F00
7FC0
E1C0
01C0
0F00
0F80
01C0
01C0
01C0
E3C0
7F80
3F00
ENDCHAR
STARTCHAR acute
ENCODING 180
SWIDTH 333 0
DWIDTH 11 0
BBX 6 4 4 19
BITMAP
3C
78
70
E0
ENDCHAR
STARTCHAR mu1
ENCODING 181
SWIDTH 576 0
DWIDTH 18 0
BBX 14 23 2 -6
BITMAP
E01C
E01C
E01C
E01C
E01C
E01C
E01C
E01C
E01C
E01C
E01C
E01C
F03C
F87C
FFFC
EFDC
E79C
E000
E000
E000
E000
E000
E000
ENDCHAR
STARTCHAR paragraph
ENCODING 182
SWIDTH 537 0
DWIDTH 17 0
BBX 17 29 0 -6
BITMAP
0FFF80
3FFF80
7FFF80
7F8E00
FF8E00
FF8E00
FF8E00
FF8E00
FF8E00
7F8E00
7F8E00
3F8E00
0F8E00
038E00
038E00
038E00
038E00
038E00
038E00
038E00
038E00
038E00
038E00
038E00
038E00
038E00
038E00
038E00
038E00
ENDCHAR
STARTCHAR periodcentered
ENCODING 183
SWIDTH 277 0
DWIDTH 9 0
BBX 3 3 3 10
BITMAP
E0
E0
E0
ENDCHAR
STARTCHAR cedilla
ENCODING 184
SWIDTH 333 0
DWIDTH 11 0
BBX 6 7 2 -7
BITMAP
30
30
78
0C
0C
FC
F0
ENDCHAR
STARTCHAR onesuperior
ENCODING 185
SWIDTH 333 0
DWIDTH 11 0
BBX 7 12 2 11
BITMAP
0E
1E
7E
FE
EE
8E
0E
0E
0E
0E
0E
0E
ENDCHAR
STARTCHAR ordmasculine
ENCODING 186
SWIDTH 365 0
DWIDTH 12 0
BBX 10 12 1 11
BITMAP
1E00
7F00
7380
E1C0
E1C0
E1C0
E1C0
E1C0
E1C0
7380
7F80
1E00
ENDCHAR
STARTCHAR guillemotright
ENCODING 187
SWIDTH 556 0
DWIDTH 18 0
BBX 14 14 2 1
BITMAP
E380
71C0
38E0
3CF0
1C70
0E38
071C
071C
0E38
1C70
3CF0
38E0
71C0
E380
ENDCHAR
STARTCHAR onequarter
ENCODING 188
SWIDTH 833 0
DWIDTH 27 0
BBX 26 23 1 0
BITMAP
0E001E00
1E001C00
7E003800
FE007000
EE00E000
8E00E000
0E01C000
0E038000
0E070000
0E070000
0E0E0000
0E1C0700
00380F00
00380F00
00701F00
00E03700
01C03700
01C06700
0380C700
0700FFC0
0E00FFC0
0E000700
1C000700
ENDCHAR
STARTCHAR onehalf
ENCODING 189
SWIDTH 833 0
DWIDTH 27 0
BBX 25 23 1 0
BITMAP
0E000E00
1E001C00
7E003800
FE007000
EE007000
8E00E000
0E01C000
0E038000
0E038000
0E070000
0E0E0000
0E1C3E00
001C7F00
0038E380
0070C380
00E00380
00E00700
01C00E00
03801C00
07003800
0F007000
0E00FF80
1C00FF80
ENDCHAR
STARTCHAR threequarters
ENCODING 190
SWIDTH 833 0
DWIDTH 27 0
BBX 26 23 1 0
BITMAP
3F000E00
7FC01C00
E1C03C00
01C03800
0F007000
0F80E000
01C1E000
01C1C000
E1C38000
F3C70000
7F8E0000
3F0E0700
001C0F00
00380F00
00701F00
00703F00
00E03700
01C07700
0380E700
0380FFC0
0700FFC0
0E000700
1C000700
ENDCHAR
STARTCHAR questiondown
ENCODING 191
SWIDTH 610 0
DWIDTH 20 0
BBX 16 23 2 -6
BITMAP
0380
0380
0380
0000
0000
0380
0380
0380
0780
0700
0F00
1E00
3C00
7000
F000
E000
E007
E00F
F00E
783E
7FFC
1FF8
0FE0
ENDCHAR
STARTCHAR Agrave
ENCODING 192
SWIDTH 666 0
DWIDTH 21 0
BBX 21 29 0 0
BITMAP
01E000
00F000
007000
003800
000000
000000
00F800
00F800
00F800
01DC00
01DC00
01DC00
038E00
038E00
070700
070700
070700
0E0380
0E0380
0FFF80
1FFFC0
1FFFC0
3800E0
3800E0
3800E0
700070
700070
700070
E00038
ENDCHAR
STARTCHAR Aacute
ENCODING 193
SWIDTH 666 0
DWIDTH 21 0
BBX 21 29 0 0
BITMAP
001E00
003C00
003800
007000
000000
000000
00F800
00F800
00F800
01DC00
01DC00
01DC00
038E00
038E00
070700
070700
070700
0E0380
0E0380
0FFF80
1FFFC0
1FFFC0
3800E0
3800E0
3800E0
700070
700070
700070
E00038
ENDCHAR
STARTCHAR Acircumflex
ENCODING 194
SWIDTH 666 0
DWIDTH 21 0
BBX 21 29 0 0
BITMAP
007800
00FC00
01CE00
038700
000000
000000
00F800
00F800
00F800
01DC00
01DC00
01DC00
038E00
038E00
070700
070700
070700
0E0380
0E0380
0FFF80
1FFFC0
1FFFC0
3800E0
3800E0
3800E0
700070
700070
700070
E00038
ENDCHAR
STARTCHAR Atilde
ENCODING 195
SWIDTH 666 0
DWIDTH 21 0
BBX 21 29 0 0
BITMAP
01E600
01FE00
03FE00
033C00
000000
000000
00F800
00F800
00F800
01DC00
01DC00
01DC00
038E00
038E00
070700
070700
070700
0E0380
0E0380
0FFF80
1FFFC0
1FFFC0
3800E0
3800E0
3800E0
700070
700070
700070
E00038
ENDCHAR
STARTCHAR Adieresis
ENCODING 196
SWIDTH 666 0
DWIDTH 21 0
BBX 21 28 0 0
BITMAP
038E00
038E00
038E00
000000
000000
00F800
00F800
00F800
01DC00
01DC00
01DC00
038E00
038E00
070700
070700
070700
0E0380
0E0380
0FFF80
1FFFC0
1FFFC0
3800E0
3800E0
3800E0
700070
700070
700070
E00038
ENDCHAR
STARTCHAR Aring
ENCODING 197
SWIDTH 666 0
DWIDTH 21 0
BBX 21 27 0 0
BITMAP
007000
008800
008800
008800
00F800
00F800
00F800
01DC00
01DC00
01DC00
038E00
038E00
070700
070700
070700
0E0380
0E0380
0FFF80
1FFFC0
1FFFC0
3800E0
3800E0
3800E0
700070
700070
700070
E00038
ENDCHAR
STARTCHAR AE
ENCODING 198
SWIDTH 1000 0
DWIDTH 32 0
BBX 30 23 0 0
BITMAP
003FFFF8
003FFFF8
007FFFF8
0071C000
0071C000
00E1C000
00E1C000
01C1C000
01C1C000
0381FFF0
0381FFF0
0701FFF0
0701C000
0E01C000
0FFFC000
1FFFC000
1FFFC000
3801C000
3801C000
7001C000
7001FFFC
E001FFFC
E001FFFC
ENDCHAR
STARTCHAR Ccedilla
ENCODING 199
SWIDTH 722 0
DWIDTH 23 0
BBX 21 30 1 -7
BITMAP
01FC00
07FF00
0FFFC0
1F03C0
3C01E0
7800F0
700070
F00000
E00000
E00000
E00000
E00000
E00000
E00000
E00000
700038
700078
780070
3C00F0
1F03E0
0FFFC0
07FF80
01FE00
006000
006000
00F000
001800
001800
01F800
01E000
ENDCHAR
STARTCHAR Egrave
ENCODING 200
SWIDTH 666 0
DWIDTH 21 0
BBX 16 29 3 0
BITMAP
0F00
0780
0380
01C0
0000
0000
FFFE
FFFE
FFFE
E000
E000
E000
E000
E000
E000
FFFC
FFFC
FFFC
E000
E000
E000
E000
E000
E000
E000
E000
FFFF
FFFF
FFFF
ENDCHAR
STARTCHAR Eacute
ENCODING 201
SWIDTH 666 0
DWIDTH 21 0
BBX 16 29 3 0
BITMAP
01E0
03C0
0380
0700
0000
0000
FFFE
FFFE
FFFE
E000
E000
E000
E000
E000
E000
FFFC
FFFC
FFFC
E000
E000
E000
E000
E000
E000
E000
E000
FFFF
FFFF
FFFF
ENDCHAR
STARTCHAR Ecircumflex
ENCODING 202
SWIDTH 666 0
DWIDTH 21 0
BBX 16 29 3 0
BITMAP
03C0
07E0
0E70
1C38
0000
0000
FFFE
FFFE
FFFE
E000
E000
E000
E000
E000
E000
FFFC
FFFC
FFFC
E000
E000
E000
E000
E000
E000
E000
E000
FFFF
FFFF
FFFF
ENDCHAR
STARTCHAR Edieresis
ENCODING 203
SWIDTH 666 0
DWIDTH 21 0
BBX 16 28 3 0
BITMAP
1C70
1C70
1C70
0000
0000
FFFE
FFFE
FFFE
E000
E000
E000
E000
E000
E000
FFFC
FFFC
FFFC
E000
E000
E000
E000
E000
E000
E000
E000
FFFF
FFFF
FFFF
ENDCHAR
STARTCHAR Igrave
ENCODING 204
SWIDTH 277 0
DWIDTH 9 0
BBX 6 29 1 0
BITMAP
F0
78
38
1C
00
00
38
38
38
38
38
38
38
38
38
38
38
38
38
38
38
38
38
38
38
38
38
38
38
ENDCHAR
STARTCHAR Iacute
ENCODING 205
SWIDTH 277 0
DWIDTH 9 0
BBX 6 29 2 0
BITMAP
3C
78
70
E0
00
00
70
70
70
70
70
70
70
70
70
70
70
70
70
70
70
70
70
70
70
70
70
70
70
ENDCHAR
STARTCHAR Icircumflex
ENCODING 206
SWIDTH 277 0
DWIDTH 9 0
BBX 10 29 0 0
BITMAP
1E00
3F00
7380
E1C0
0000
0000
1C00
1C00
1C00
1C00
1C00
1C00
1C00
1C00
1C00
1C00
1C00
1C00
1C00
1C00
1C00
1C00
1C00
1C00
1C00
1C00
1C00
1C00
1C00
ENDCHAR
STARTCHAR Idieresis
ENCODING 207
SWIDTH 277 0
DWIDTH 9 0
BBX 9 28 0 0
BITMAP
E380
E380
E380
0000
0000
1C00
1C00
1C00
1C00
1C00
1C00
1C00
1C00
1C00
1C00
1C00
1C00
1C00
1C00
1C00
1C00
1C00
1C00
1C00
1C00
1C00
1C00
1C00
ENDCHAR
STARTCHAR Eth
ENCODING 208
SWIDTH 722 0
DWIDTH 23 0
BBX 21 23 0 0
BITMAP
1FFE00
1FFF80
1FFFC0
1C03E0
1C00F0
1C0070
1C0070
1C0038
1C0038
1C0038
FFF038
FFF038
FFF038
1C0038
1C0038
1C0078
1C0070
1C0070
1C00E0
1C03E0
1FFFC0
1FFF80
1FFE00
ENDCHAR
STARTCHAR Ntilde
ENCODING 209
SWIDTH 722 0
DWIDTH 23 0
BBX 17 29 3 0
BITMAP
079800
07F800
0FF800
0CF000
000000
000000
E00380
F00380
F80380
F80380
FC0380
FC0380
EE0380
E70380
E70380
E38380
E38380
E1C380
E0E380
E0E380
E07380
E07380
E03B80
E01F80
E01F80
E00F80
E00F80
E00780
E00380
ENDCHAR
STARTCHAR Ograve
ENCODING 210
SWIDTH 777 0
DWIDTH 25 0
BBX 23 29 1 0
BITMAP
00F000
007800
003800
001C00
000000
000000
00FE00
07FFC0
0FFFE0
1F01F0
3C0078
78003C
70001C
70001C
E0000E
E0000E
E0000E
E0000E
E0000E
E0000E
E0000E
70001C
70001C
78003C
3C0078
1F01F0
0FFFE0
07FFC0
00FE00
ENDCHAR
STARTCHAR Oacute
ENCODING 211
SWIDTH 777 0
DWIDTH 25 0
BBX 23 29 1 0
BITMAP
001E00
003C00
003800
007000
000000
000000
00FE00
07FFC0
0FFFE0
1F01F0
3C0078
78003C
70001C
70001C
E0000E
E0000E
E0000E
E0000E
E0000E
E0000E
E0000E
70001C
70001C
78003C
3C0078
1F01F0
0FFFE0
07FFC0
00FE00
ENDCHAR
STARTCHAR Ocircumflex
ENCODING 212
SWIDTH 777 0
DWIDTH 25 0
BBX 23 29 1 0
BITMAP
003E00
007E00
00E700
01C380
000000
000000
00FE00
07FFC0
0FFFE0
1F01F0
3C0078
78003C
70001C
70001C
E0000E
E0000E
E0000E
E0000E
E0000E
E0000E
E0000E
70001C
70001C
78003C
3C0078
1F01F0
0FFFE0
07FFC0
00FE00
ENDCHAR
STARTCHAR Otilde
ENCODING 213
SWIDTH 777 0
DWIDTH 25 0
BBX 23 29 1 0
BITMAP
00F300
00FF00
01FF00
019E00
000000
000000
00FE00
07FFC0
0FFFE0
1F01F0
3C0078
78003C
70001C
70001C
E0000E
E0000E
E0000E
E0000E
E0000E
E0000E
E0000E
70001C
70001C
78003C
3C0078
1F01F0
0FFFE0
07FFC0
00FE00
ENDCHAR
STARTCHAR Odieresis
ENCODING 214
SWIDTH 777 0
DWIDTH 25 0
BBX 23 28 1 0
BITMAP
01C700
01C700
01C700
000000
000000
00FE00
07FFC0
0FFFE0
1F01F0
3C0078
78003C
70001C
70001C
E0000E
E0000E
E0000E
E0000E
E0000E
E0000E
E0000E
70001C
70001C
78003C
3C0078
1F01F0
0FFFE0
07FFC0
00FE00
ENDCHAR
STARTCHAR multiply
ENCODING 215
SWIDTH 583 0
DWIDTH 19 0
BBX 12 13 3 4
BITMAP
4020
E070
F0F0
79E0
3FC0
1F80
0F00
1F80
3FC0
79E0
F0F0
E070
4020
ENDCHAR
STARTCHAR Oslash
ENCODING 216
SWIDTH 777 0
DWIDTH 25 0
BBX 23 24 1 -1
BITMAP
00FE06
07FF8E
0FFFFC
1F01F8
3C0078
7800F8
7001DC
70039C
E0070E
E00E0E
E01C0E
E0380E
E0780E
E0700E
E0E00E
71C01C
73801C
3F003C
3E0078
1F01F0
3FFFE0
77FFC0
E0FE00
400000
ENDCHAR
STARTCHAR Ugrave
ENCODING 217
SWIDTH 722 0
DWIDTH 23 0
BBX 17 29 3 0
BITMAP
078000
03C000
01C000
00E000
000000
000000
E00380
E00380
E00380
E00380
E00380
E00380
E00380
E00380
E00380
E00380
E00380
E00380
E00380
E00380
E00380
E00380
E00380
F00780
700700
7C1F00
3FFE00
1FFC00
07F000
ENDCHAR
STARTCHAR Uacute
ENCODING 218
SWIDTH 722 0
DWIDTH 23 0
BBX 17 29 3 0
BITMAP
00F000
01E000
01C000
038000
000000
000000
E00380
E00380
E00380
E00380
E00380
E00380
E00380
E00380
E00380
E00380
E00380
E00380
E00380
E00380
E00380
E00380
E00380
F00780
700700
7C1F00
3FFE00
1FFC00
07F000
ENDCHAR
STARTCHAR Ucircumflex
ENCODING 219
SWIDTH 722 0
DWIDTH 23 0
BBX 17 29 3 0
BITMAP
01E000
03F000
073800
0E1C00
000000
000000
E00380
E00380
E00380
E00380
E00380
E00380
E00380
E00380
E00380
E00380
E00380
E00380
E00380
E00380
E00380
E00380
E00380
F00780
700700
7C1F00
3FFE00
1FFC00
07F000
ENDCHAR
STARTCHAR Udieresis
ENCODING 220
SWIDTH 722 0
DWIDTH 23 0
BBX 17 28 3 0
BITMAP
0E3800
0E3800
0E3800
000000
000000
E00380
E00380
E00380
E00380
E00380
E00380
E00380
E00380
E00380
E00380
E00380
E00380
E00380
E00380
E00380
E00380
E00380
F00780
700700
7C1F00
3FFE00
1FFC00
07F000
ENDCHAR
STARTCHAR Yacute
ENCODING 221
SWIDTH 666 0
DWIDTH 21 0
BBX 21 29 0 0
BITMAP
001E00
003C00
003800
007000
000000
000000
E00078
7000F0
3800E0
3C01E0
1C03C0
0E0380
0F0780
078F00
038E00
03DE00
01DC00
00F800
00F800
007000
007000
007000
007000
007000
007000
007000
007000
007000
007000
ENDCHAR
STARTCHAR Thorn
ENCODING 222
SWIDTH 666 0
DWIDTH 21 0
BBX 17 23 3 0
BITMAP
E00000
E00000
E00000
E00000
FFF800
FFFE00
FFFF00
E00F00
E00780
E00380
E00380
E00380
E00380
E00380
E00700
E00F00
FFFE00
FFFC00
FFF800
E00000
E00000
E00000
E00000
ENDCHAR
STARTCHAR germandbls
ENCODING 223
SWIDTH 610 0
DWIDTH 20 0
BBX 16 23 2 0
BITMAP
0FC0
3FE0
7FF0
7878
F038
E038
E078
E070
E0E0
E1E0
E1C0
E1C0
E1F0
E0F8
E03E
E00E
E007
E007
E607
EF0F
E7FE
E3FC
E1F8
ENDCHAR
STARTCHAR agrave
ENCODING 224
SWIDTH 556 0
DWIDTH 17 0
BBX 15 23 1 0
BITMAP
0F00
0780
0380
01C0
0000
0000
0FE0
3FF8
7FF8
F03C
E01C
001C
007C
0FFC
3FFC
7F9C
F01C
E01C
E03C
F0FC
7FFC
7FDC
1F8E
ENDCHAR
STARTCHAR aacute
ENCODING 225
SWIDTH 556 0
DWIDTH 17 0
BBX 15 23 1 0
BITMAP
00F0
01E0
01C0
0380
0000
0000
0FE0
3FF8
7FF8
F03C
E01C
001C
007C
0FFC
3FFC
7F9C
F01C
E01C
E03C
F0FC
7FFC
7FDC
1F8E
ENDCHAR
STARTCHAR acircumflex
ENCODING 226
SWIDTH 556 0
DWIDTH 17 0
BBX 15 23 1 0
BITMAP
0F80
1FC0
3DE0
78F0
0000
0000
0FE0
3FF8
7FF8
F03C
E01C
001C
007C
0FFC
3FFC
7F9C
F01C
E01C
E03C
F0FC
7FFC
7FDC
1F8E
ENDCHAR
STARTCHAR atilde
ENCODING 227
SWIDTH 556 0
DWIDTH 17 0
BBX 15 23 1 0
BITMAP
0F30
0FF0
1FF0
19E0
0000
0000
0FE0
3FF8
7FF8
F03C
E01C
001C
007C
0FFC
3FFC
7F9C
F01C
E01C
E03C
F0FC
7FFC
7FDC
1F8E
ENDCHAR
STARTCHAR adieresis
ENCODING 228
SWIDTH 556 0
DWIDTH 17 0
BBX 15 22 1 0
BITMAP
1C70
1C70
1C70
0000
0000
0FE0
3FF8
7FF8
F03C
E01C
001C
007C
0FFC
3FFC
7F9C
F01C
E01C
E03C
F0FC
7FFC
7FDC
1F8E
ENDCHAR
STARTCHAR aring
ENCODING 229
SWIDTH 556 0
DWIDTH 17 0
BBX 15 24 1 0
BITMAP
0380
0440
0440
0440
0380
0000
0000
0FE0
3FF8
7FF8
F03C
E01C
001C
007C
0FFC
3FFC
7F9C
F01C
E01C
E03C
F0FC
7FFC
7FDC
1F8E
ENDCHAR
STARTCHAR ae
ENCODING 230
SWIDTH 889 0
DWIDTH 28 0
BBX 26 17 1 0
BITMAP
0FE0F800
3FFBFE00
7FFFFF00
F03F0780
E01E0380
007C01C0
0FFFFFC0
3FFFFFC0
7F9FFFC0
F81C0000
E01C0000
E01C0000
E03E01C0
F07F0780
7FF7FF80
3FE3FF00
1F80FC00
ENDCHAR
STARTCHAR ccedilla
ENCODING 231
SWIDTH 500 0
DWIDTH 16 0
BBX 14 24 1 -7
BITMAP
0780
1FE0
3FF0
7878
7038
E01C
E000
E000
E000
E000
E000
E01C
703C
7878
3FF8
1FF0
0FC0
0300
0300
0780
00C0
00C0
0FC0
0F00
ENDCHAR
STARTCHAR egrave
ENCODING 232
SWIDTH 556 0
DWIDTH 17 0
BBX 15 23 1 0
BITMAP
0F00
0780
0380
01C0
0000
0000
07C0
1FF0
3FF8
783C
701C
E00E
E00E
FFFE
FFFE
E000
E000
F000
700E
7C3C
3FFC
1FF8
07E0
ENDCHAR
STARTCHAR eacute
ENCODING 233
SWIDTH 556 0
DWIDTH 17 0
BBX 15 23 1 0
BITMAP
00F0
01E0
01C0
0380
0000
0000
07C0
1FF0
3FF8
783C
701C
E00E
E00E
FFFE
FFFE
E000
E000
F000
700E
7C3C
3FFC
1FF8
07E0
ENDCHAR
STARTCHAR ecircumflex
ENCODING 234
SWIDTH 556 0
DWIDTH 17 0
BBX 15 23 1 0
BITMAP
07C0
0FE0
1EF0
3C78
0000
0000
07C0
1FF0
3FF8
783C
701C
E00E
E00E
FFFE
FFFE
E000
E000
F000
700E
7C3C
3FFC
1FF8
07E0
ENDCHAR
STARTCHAR edieresis
ENCODING 235
SWIDTH 556 0
DWIDTH 17 0
BBX 15 22 1 0
BITMAP
1C70
1C70
1C70
0000
0000
07C0
1FF0
3FF8
783C
701C
E00E
E00E
FFFE
FFFE
E000
E000
F000
700E
7C3C
3FFC
1FF8
07E0
ENDCHAR
STARTCHAR igrave
ENCODING 236
SWIDTH 277 0
DWIDTH 9 0
BBX 6 23 1 0
BITMAP
F0
78
38
1C
00
00
38
38
38
38
38
38
38
38
38
38
38
38
38
38
38
38
38
ENDCHAR
STARTCHAR iacute
ENCODING 237
SWIDTH 277 0
DWIDTH 9 0
BBX 6 23 2 0
BITMAP
3C
78
70
E0
00
00
70
70
70
70
70
70
70
70
70
70
70
70
70
70
70
70
70
ENDCHAR
STARTCHAR icircumflex
ENCODING 238
SWIDTH 277 0
DWIDTH 9 0
BBX 10 23 -1 0
BITMAP
1F00
3F80
7BC0
E1C0
0000
0000
0E00
0E00
0E00
0E00
0E00
0E00
0E00
0E00
0E00
0E00
0E00
0E00
0E00
0E00
0E00
0E00
0E00
ENDCHAR
STARTCHAR idieresis
ENCODING 239
SWIDTH 277 0
DWIDTH 9 0
BBX 9 22 0 0
BITMAP
E380
E380
E380
0000
0000
1C00
1C00
1C00
1C00
1C00
1C00
1C00
1C00
1C00
1C00
1C00
1C00
1C00
1C00
1C00
1C00
1C00
ENDCHAR
STARTCHAR eth
ENCODING 240
SWIDTH 556 0
DWIDTH 18 0
BBX 16 23 1 0
BITMAP
0F08
03BC
01F0
07E0
1E70
0838
07FC
1FFC
3FFE
7C3E
700E
F00F
E007
E007
E007
E007
E007
F00F
700E
7C3E
3FFC
1FF8
07E0
ENDCHAR
STARTCHAR ntilde
ENCODING 241
SWIDTH 556 0
DWIDTH 18 0
BBX 14 23 2 0
BITMAP
0F30
0FF0
1FF0
19E0
0000
0000
E7E0
EFF8
FFF8
F83C
F01C
E01C
E01C
E01C
E01C
E01C
E01C
E01C
E01C
E01C
E01C
E01C
E01C
ENDCHAR
STARTCHAR ograve
ENCODING 242
SWIDTH 556 0
DWIDTH 17 0
BBX 15 23 1 0
BITMAP
0F00
0780
0380
01C0
0000
0000
07C0
1FF0
3FF8
783C
701C
F01E
E00E
E00E
E00E
E00E
E00E
F01E
701C
783C
3FF8
1FF0
07C0
ENDCHAR
STARTCHAR oacute
ENCODING 243
SWIDTH 556 0
DWIDTH 17 0
BBX 15 23 1 0
BITMAP
00F0
01E0
01C0
0380
0000
0000
07C0
1FF0
3FF8
783C
701C
F01E
E00E
E00E
E00E
E00E
E00E
F01E
701C
783C
3FF8
1FF0
07C0
ENDCHAR
STARTCHAR ocircumflex
ENCODING 244
SWIDTH 556 0
DWIDTH 17 0
BBX 15 23 1 0
BITMAP
07C0
0FE0
1EF0
3C78
0000
0000
07C0
1FF0
3FF8
783C
701C
F01E
E00E
E00E
E00E
E00E
E00E
F01E
701C
783C
3FF8
1FF0
07C0
ENDCHAR
STARTCHAR otilde
ENCODING 245
SWIDTH 556 0
DWIDTH 17 0
BBX 15 23 1 0
BITMAP
0F30
0FF0
1FF0
19E0
0000
0000
07C0
1FF0
3FF8
783C
701C
F01E
E00E
E00E
E00E
E00E
E00E
F01E
701C
783C
3FF8
1FF0
07C0
ENDCHAR
STARTCHAR odieresis
ENCODING 246
SWIDTH 556 0
DWIDTH 17 0
BBX 15 22 1 0
BITMAP
1C70
1C70
1C70
0000
0000
07C0
1FF0
3FF8
783C
701C
F01E
E00E
E00E
E00E
E00E
E00E
F01E
701C
783C
3FF8
1FF0
07C0
ENDCHAR
STARTCHAR divide
ENCODING 247
SWIDTH 548 0
DWIDTH 18 0
BBX 15 13 1 5
BITMAP
0380
0380
0380
0000
0000
FFFE
FFFE
FFFE
0000
0000
0380
0380
0380
ENDCHAR
STARTCHAR oslash
ENCODING 248
SWIDTH 610 0
DWIDTH 20 0
BBX 16 19 2 -1
BITMAP
0006
07C7
1FFE
3FFC
7C3E
707E
F07F
E0E7
E1C7
E387
E707
E707
EE0F
FC0E
783E
7FFC
7FF8
E7E0
4000
ENDCHAR
STARTCHAR ugrave
ENCODING 249
SWIDTH 556 0
DWIDTH 18 0
BBX 14 23 2 0
BITMAP
1E00
0F00
0700
0380
0000
0000
E01C
E01C
E01C
E01C
E01C
E01C
E01C
E01C
E01C
E01C
E01C
E01C
F03C
F87C
7FDC
7FDC
1F1C
ENDCHAR
STARTCHAR uacute
ENCODING 250
SWIDTH 556 0
DWIDTH 18 0
BBX 14 23 2 0
BITMAP
01E0
03C0
0380
0700
0000
0000
E01C
E01C
E01C
E01C
E01C
E01C
E01C
E01C
E01C
E01C
E01C
E01C
F03C
F87C
7FDC
7FDC
1F1C
ENDCHAR
STARTCHAR ucircumflex
ENCODING 251
SWIDTH 556 0
DWIDTH 18 0
BBX 14 23 2 0
BITMAP
0780
0FC0
1CE0
3870
0000
0000
E01C
E01C
E01C
E01C
E01C
E01C
E01C
E01C
E01C
E01C
E01C
E01C
F03C
F87C
7FDC
7FDC
1F1C
ENDCHAR
STARTCHAR udieresis
ENCODING 252
SWIDTH 556 0
DWIDTH 18 0
BBX 14 22 2 0
BITMAP
38E0
38E0
38E0
0000
0000
E01C
E01C
E01C
E01C
E01C
E01C
E01C
E01C
E01C
E01C
E01C
E01C
F03C
F87C
7FDC
7FDC
1F1C
ENDCHAR
STARTCHAR yacute
ENCODING 253
SWIDTH 500 0
DWIDTH 15 0
BBX 15 29 0 -6
BITMAP
00F0
01E0
01C0
0380
0000
0000
E00E
701E
701C
701C
3838
3838
3838
1C70
1C70
0C70
0EE0
0EE0
06E0
07C0
07C0
03C0
0380
0380
0700
0700
3F00
3E00
3C00
ENDCHAR
STARTCHAR thorn
ENCODING 254
SWIDTH 556 0
DWIDTH 18 0
BBX 15 29 2 -6
BITMAP
E000
E000
E000
E000
E000
E000
E7C0
EFF0
FFF8
F87C
F01C
E01E
E00E
E00E
E00E
E00E
E00E
E01E
F01C
F87C
FFF8
EFF0
E7C0
E000
E000
E000
E000
E000
E000
ENDCHAR
STARTCHAR ydieresis
ENCODING 255
SWIDTH 500 0
DWIDTH 15 0
BBX 15 28 0 -6
BITMAP
1C70
1C70
1C70
0000
0000
E00E
701E
701C
701C
3838
3838
3838
1C70
1C70
0C70
0EE0
0EE0
06E0
07C0
07C0
03C0
0380
0380
0700
0700
3F00
3E00
3C00
ENDCHAR
STARTCHAR Amacron
ENCODING 256
SWIDTH 666 0
DWIDTH 21 0
BBX 21 28 0 0
BITMAP
03FF00
03FF00
03FF00
000000
000000
00F800
00F800
00F800
01DC00
01DC00
01DC00
038E00
038E00
070700
070700
070700
0E0380
0E0380
0FFF80
1FFFC0
1FFFC0
3800E0
3800E0
3800E0
700070
700070
700070
E00038
ENDCHAR
STARTCHAR amacron
ENCODING 257
SWIDTH 556 0
DWIDTH 17 0
BBX 15 22 1 0
BITMAP
3FF0
3FF0
3FF0
0000
0000
0FE0
3FF8
7FF8
F03C
E01C
001C
007C
0FFC
3FFC
7F9C
F01C
E01C
E03C
F0FC
7FFC
7FDC
1F8E
ENDCHAR
STARTCHAR Abreve
ENCODING 258
SWIDTH 666 0
DWIDTH 21 0
BBX 21 29 0 0
BITMAP
030600
038E00
01FC00
00F800
000000
000000
00F800
00F800
00F800
01DC00
01DC00
01DC00
038E00
038E00
070700
070700
070700
0E0380
0E0380
0FFF80
1FFFC0
1FFFC0
3800E0
3800E0
3800E0
700070
700070
700070
E00038
ENDCHAR
STARTCHAR abreve
ENCODING 259
SWIDTH 556 0
DWIDTH 17 0
BBX 15 23 1 0
BITMAP
1830
1C70
0FE0
07C0
0000
0000
0FE0
3FF8
7FF8
F03C
E01C
001C
007C
0FFC
3FFC
7F9C
F01C
E01C
E03C
F0FC
7FFC
7FDC
1F8E
ENDCHAR
STARTCHAR Aogonek
ENCODING 260
SWIDTH 666 0
DWIDTH 21 0
BBX 24 29 0 -6
BITMAP
00F800
00F800
00F800
01DC00
01DC00
01DC00
038E00
038E00
070700
070700
070700
0E0380
0E0380
0FFF80
1FFFC0
1FFFC0
3800E0
3800E0
3800E0
700070
700070
700070
E00038
000030
000060
000060
000070
00007F
00003E
ENDCHAR
STARTCHAR aogonek
ENCODING 261
SWIDTH 556 0
DWIDTH 17 0
BBX 18 23 1 -6
BITMAP
0FE000
3FF800
7FF800
F03C00
E01C00
001C00
007C00
0FFC00
3FFC00
7F9C00
F01C00
E01C00
E03C00
F0FC00
7FFC00
7FDC00
1F8E00
000C00
001800
001800
001C00
001FC0
000F80
ENDCHAR
STARTCHAR Cacute
ENCODING 262
SWIDTH 722 0
DWIDTH 23 0
BBX 21 29 1 0
BITMAP
003C00
007800
007000
00E000
000000
000000
01FC00
07FF00
0FFFC0
1F03C0
3C01E0
7800F0
700070
F00000
E00000
E00000
E00000
E00000
E00000
E00000
E00000
700038
700078
780070
3C00F0
1F03E0
0FFFC0
07FF80
01FE00
ENDCHAR
STARTCHAR cacute
ENCODING 263
SWIDTH 500 0
DWIDTH 16 0
BBX 14 23 1 0
BITMAP
01E0
03C0
0380
0700
0000
0000
0780
1FE0
3FF0
7878
7038
E01C
E000
E000
E000
E000
E000
E01C
703C
7878
3FF8
1FF0
0FC0
ENDCHAR
STARTCHAR Ccircumflex
ENCODING 264
SWIDTH 722 0
DWIDTH 23 0
BBX 21 29 1 0
BITMAP
00F800
01FC00
01DE00
038700
000000
000000
01FC00
07FF00
0FFFC0
1F03C0
3C01E0
7800F0
700070
F00000
E00000
E00000
E00000
E00000
E00000
E00000
E00000
700038
700078
780070
3C00F0
1F03E0
0FFFC0
07FF80
01FE00
ENDCHAR
STARTCHAR ccircumflex
ENCODING 265
SWIDTH 500 0
DWIDTH 16 0
BBX 14 23 1 0
BITMAP
07C0
07E0
0E70
1C38
0000
0000
0780
1FE0
3FF0
7878
7038
E01C
E000
E000
E000
E000
E000
E01C
703C
7878
3FF8
1FF0
0FC0
ENDCHAR
STARTCHAR Cdot
ENCODING 266
SWIDTH 722 0
DWIDTH 23 0
BBX 21 28 1 0
BITMAP
007000
007000
007000
000000
000000
01FC00
07FF00
0FFFC0
1F03C0
3C01E0
7800F0
700070
F00000
E00000
E00000
E00000
E00000
E00000
E00000
E00000
700038
700078
780070
3C00F0
1F03E0
0FFFC0
07FF80
01FE00
ENDCHAR
STARTCHAR cdot
ENCODING 267
SWIDTH 500 0
DWIDTH 16 0
BBX 14 22 1 0
BITMAP
0380
0380
0380
0000
0000
0780
1FE0
3FF0
7878
7038
E01C
E000
E000
E000
E000
E000
E01C
703C
7878
3FF8
1FF0
0FC0
ENDCHAR
STARTCHAR Ccaron
ENCODING 268
SWIDTH 722 0
DWIDTH 23 0
BBX 21 29 1 0
BITMAP
038700
01DE00
01FC00
00F800
000000
000000
01FC00
07FF00
0FFFC0
1F03C0
3C01E0
7800F0
700070
F00000
E00000
E00000
E00000
E00000
E00000
E00000
E00000
700038
700078
780070
3C00F0
1F03E0
0FFFC0
07FF80
01FE00
ENDCHAR
STARTCHAR ccaron
ENCODING 269
SWIDTH 500 0
DWIDTH 16 0
BBX 14 23 1 0
BITMAP
3870
1EE0
0FC0
07C0
0000
0000
0780
1FE0
3FF0
7878
7038
E01C
E000
E000
E000
E000
E000
E01C
703C
7878
3FF8
1FF0
0FC0
ENDCHAR
STARTCHAR Dcaron
ENCODING 270
SWIDTH 722 0
DWIDTH 23 0
BBX 19 29 3 0
BITMAP
1C3800
0E7000
07E000
03C000
000000
000000
FFF800
FFFE00
FFFF00
E00F80
E00380
E003C0
E001C0
E001E0
E000E0
E000E0
E000E0
E000E0
E000E0
E000E0
E000E0
E001E0
E001C0
E003C0
E00380
E00F80
FFFF00
FFFE00
FFF000
ENDCHAR
STARTCHAR dcaron
ENCODING 271
SWIDTH 614 0
DWIDTH 20 0
BBX 18 23 1 0
BITMAP
001DC0
001DC0
001DC0
001C40
001C40
001C80
0F9D80
1FDC00
3FFC00
787C00
703C00
E03C00
E01C00
E01C00
E01C00
E01C00
E01C00
F01C00
703C00
787C00
3FFC00
1FDC00
0F9C00
ENDCHAR
STARTCHAR Dslash
ENCODING 272
SWIDTH 722 0
DWIDTH 23 0
BBX 21 23 0 0
BITMAP
1FFE00
1FFF80
1FFFC0
1C03E0
1C00F0
1C0070
1C0070
1C0038
1C0038
1C0038
FFF038
FFF038
FFF038
1C0038
1C0038
1C0078
1C0070
1C0070
1C00E0
1C03E0
1FFFC0
1FFF80
1FFE00
ENDCHAR
STARTCHAR dmacron
ENCODING 273
SWIDTH 556 0
DWIDTH 18 0
BBX 16 23 1 0
BITMAP
001C
001C
03FF
03FF
001C
001C
0F9C
1FDC
3FFC
787C
703C
E03C
E01C
E01C
E01C
E01C
E01C
F01C
703C
787C
3FFC
1FDC
0F9C
ENDCHAR
STARTCHAR Emacron
ENCODING 274
SWIDTH 666 0
DWIDTH 21 0
BBX 16 28 3 0
BITMAP
1FF8
1FF8
1FF8
0000
0000
FFFE
FFFE
FFFE
E000
E000
E000
E000
E000
E000
FFFC
FFFC
FFFC
E000
E000
E000
E000
E000
E000
E000
E000
FFFF
FFFF
FFFF
ENDCHAR
STARTCHAR emacron
ENCODING 275
SWIDTH 556 0
DWIDTH 17 0
BBX 15 22 1 0
BITMAP
3FF8
3FF8
3FF8
0000
0000
07C0
1FF0
3FF8
783C
701C
E00E
E00E
FFFE
FFFE
E000
E000
F000
700E
7C3C
3FFC
1FF8
07E0
ENDCHAR
STARTCHAR Ebreve
ENCODING 276
SWIDTH 666 0
DWIDTH 21 0
BBX 16 29 3 0
BITMAP
0C18
0E38
07F0
03E0
0000
0000
FFFE
FFFE
FFFE
E000
E000
E000
E000
E000
E000
FFFC
FFFC
FFFC
E000
E000
E000
E000
E000
E000
E000
E000
FFFF
FFFF
FFFF
ENDCHAR
STARTCHAR ebreve
ENCODING 277
SWIDTH 556 0
DWIDTH 17 0
BBX 15 23 1 0
BITMAP
1830
1C70
0FE0
07C0
0000
0000
07C0
1FF0
3FF8
783C
701C
E00E
E00E
FFFE
FFFE
E000
E000
F000
700E
7C3C
3FFC
1FF8
07E0
ENDCHAR
STARTCHAR Edot
ENCODING 278
SWIDTH 666 0
DWIDTH 21 0
BBX 16 28 3 0
BITMAP
0380
0380
0380
0000
0000
FFFE
FFFE
FFFE
E000
E000
E000
E000
E000
E000
FFFC
FFFC
FFFC
E000
E000
E000
E000
E000
E000
E000
E000
FFFF
FFFF
FFFF
ENDCHAR
STARTCHAR edot
ENCODING 279
SWIDTH 556 0
DWIDTH 17 0
BBX 15 22 1 0
BITMAP
0380
0380
0380
0000
0000
07C0
1FF0
3FF8
783C
701C
E00E
E00E
FFFE
FFFE
E000
E000
F000
700E
7C3C
3FFC
1FF8
07E0
ENDCHAR
STARTCHAR Eogonek
ENCODING 280
SWIDTH 666 0
DWIDTH 21 0
BBX 16 29 3 -6
BITMAP
FFFE
FFFE
FFFE
E000
E000
E000
E000
E000
E000
FFFC
FFFC
FFFC
E000
E000
E000
E000
E000
E000
E000
E000
FFFF
FFFF
FFFF
0030
0060
0060
0070
007F
003E
ENDCHAR
STARTCHAR eogonek
ENCODING 281
SWIDTH 556 0
DWIDTH 17 0
BBX 15 23 1 -6
BITMAP
07C0
1FF0
3FF8
783C
701C
E00E
E00E
FFFE
FFFE
E000
E000
F000
700E
7C3C
3FFC
1FF8
07E0
0180
0300
0300
0380
03F8
01F0
ENDCHAR
STARTCHAR Ecaron
ENCODING 282
SWIDTH 666 0
DWIDTH 21 0
BBX 16 29 3 0
BITMAP
1C38
0E70
07E0
03C0
0000
0000
FFFE
FFFE
FFFE
E000
E000
E000
E000
E000
E000
FFFC
FFFC
FFFC
E000
E000
E000
E000
E000
E000
E000
E000
FFFF
FFFF
FFFF
ENDCHAR
STARTCHAR ecaron
ENCODING 283
SWIDTH 556 0
DWIDTH 17 0
BBX 15 23 1 0
BITMAP
1C38
0E70
07E0
03C0
0000
0000
07C0
1FF0
3FF8
783C
701C
E00E
E00E
FFFE
FFFE
E000
E000
F000
700E
7C3C
3FFC
1FF8
07E0
ENDCHAR
STARTCHAR Gcircumflex
ENCODING 284
SWIDTH 777 0
DWIDTH 25 0
BBX 22 29 1 0
BITMAP
003C00
007E00
00E700
01C380
000000
000000
00FF00
07FFC0
0FFFE0
1F01F0
3C0078
780038
70003C
700000
E00000
E00000
E00000
E00FFC
E00FFC
E00FFC
E0001C
70001C
70001C
78001C
3C003C
1F81FC
0FFFF8
03FFE0
00FF00
ENDCHAR
STARTCHAR gcircumflex
ENCODING 285
SWIDTH 556 0
DWIDTH 17 0
BBX 14 29 1 -6
BITMAP
07C0
0FC0
1EE0
3870
0000
0000
0F9C
1FFC
3FFC
787C
703C
E03C
E01C
E01C
E01C
E01C
E01C
E03C
703C
787C
3FFC
1FFC
0F9C
001C
E03C
F078
7FF8
7FF0
1FC0
ENDCHAR
STARTCHAR Gbreve
ENCODING 286
SWIDTH 777 0
DWIDTH 25 0
BBX 22 29 1 0
BITMAP
018300
01C700
00FE00
007C00
000000
000000
00FF00
07FFC0
0FFFE0
1F01F0
3C0078
780038
70003C
700000
E00000
E00000
E00000
E00FFC
E00FFC
E00FFC
E0001C
70001C
70001C
78001C
3C003C
1F81FC
0FFFF8
03FFE0
00FF00
ENDCHAR
STARTCHAR gbreve
ENCODING 287
SWIDTH 556 0
DWIDTH 17 0
BBX 14 29 1 -6
BITMAP
1830
1C70
0FE0
07C0
0000
0000
0F9C
1FFC
3FFC
787C
703C
E03C
E01C
E01C
E01C
E01C
E01C
E03C
703C
787C
3FFC
1FFC
0F9C
001C
E03C
F078
7FF8
7FF0
1FC0
ENDCHAR
STARTCHAR Gdot
ENCODING 288
SWIDTH 777 0
DWIDTH 25 0
BBX 22 28 1 0
BITMAP
003800
003800
003800
000000
000000
00FF00
07FFC0
0FFFE0
1F01F0
3C0078
780038
70003C
700000
E00000
E00000
E00000
E00FFC
E00FFC
E00FFC
E0001C
70001C
70001C
78001C
3C003C
1F81FC
0FFFF8
03FFE0
00FF00
ENDCHAR
STARTCHAR gdot
ENCODING 289
SWIDTH 556 0
DWIDTH 17 0
BBX 14 28 1 -6
BITMAP
0380
0380
0380
0000
0000
0F9C
1FFC
3FFC
787C
703C
E03C
E01C
E01C
E01C
E01C
E01C
E03C
703C
787C
3FFC
1FFC
0F9C
001C
E03C
F078
7FF8
7FF0
1FC0
ENDCHAR
STARTCHAR Gcedilla
ENCODING 290
SWIDTH 777 0
DWIDTH 25 0
BBX 22 30 1 -7
BITMAP
00FF00
07FFC0
0FFFE0
1F01F0
3C0078
780038
70003C
700000
E00000
E00000
E00000
E00FFC
E00FFC
E00FFC
E0001C
70001C
70001C
78001C
3C003C
1F81FC
0FFFF8
03FFE0
00FF00
003000
003000
003C00
000C00
000C00
00FC00
00F800
ENDCHAR
STARTCHAR gcedilla
ENCODING 291
SWIDTH 556 0
DWIDTH 18 0
BBX 14 30 1 -6
BITMAP
0180
0300
0600
0700
0700
0700
0000
0F9C
1FFC
3FFC
787C
703C
E03C
E01C
E01C
E01C
E01C
E01C
E03C
703C
787C
3FFC
1FFC
0F9C
001C
E03C
F078
7FF8
7FF0
1FC0
ENDCHAR
STARTCHAR Hcircumflex
ENCODING 292
SWIDTH 722 0
DWIDTH 23 0
BBX 17 29 3 0
BITMAP
03E000
07F000
077800
0E1C00
000000
000000
E00380
E00380
E00380
E00380
E00380
E00380
E00380
E00380
E00380
FFFF80
FFFF80
FFFF80
E00380
E00380
E00380
E00380
E00380
E00380
E00380
E00380
E00380
E00380
E00380
ENDCHAR
STARTCHAR hcircumflex
ENCODING 293
SWIDTH 556 0
DWIDTH 18 0
BBX 14 29 2 0
BITMAP
03C0
07E0
0E70
1C38
0000
0000
E000
E000
E000
E000
E000
E000
E3E0
EFF8
FFF8
F87C
F03C
E01C
E01C
E01C
E01C
E01C
E01C
E01C
E01C
E01C
E01C
E01C
E01C
ENDCHAR
STARTCHAR Hbar
ENCODING 294
SWIDTH 722 0
DWIDTH 23 0
BBX 21 23 1 0
BITMAP
3800E0
3800E0
FFFFF8
FFFFF8
FFFFF8
3800E0
3800E0
3800E0
3800E0
3FFFE0
3FFFE0
3FFFE0
3800E0
3800E0
3800E0
3800E0
3800E0
3800E0
3800E0
3800E0
3800E0
3800E0
3800E0
ENDCHAR
STARTCHAR hbar
ENCODING 295
SWIDTH 556 0
DWIDTH 18 0
BBX 16 23 0 0
BITMAP
3800
3800
FFE0
FFE0
3800
3800
39F8
3BFE
3FFE
3E1F
3C0F
3807
3807
3807
3807
3807
3807
3807
3807
3807
3807
3807
3807
ENDCHAR
STARTCHAR Itilde
ENCODING 296
SWIDTH 277 0
DWIDTH 9 0
BBX 9 29 0 0
BITMAP
7180
FF80
FF00
CF00
0000
0000
1C00
1C00
1C00
1C00
1C00
1C00
1C00
1C00
1C00
1C00
1C00
1C00
1C00
1C00
1C00
1C00
1C00
1C00
1C00
1C00
1C00
1C00
1C00
ENDCHAR
STARTCHAR itilde
ENCODING 297
SWIDTH 277 0
DWIDTH 9 0
BBX 9 23 0 0
BITMAP
3980
7F80
FF80
CF00
0000
0000
1C00
1C00
1C00
1C00
1C00
1C00
1C00
1C00
1C00
1C00
1C00
1C00
1C00
1C00
1C00
1C00
1C00
ENDCHAR
STARTCHAR Imacron
ENCODING 298
SWIDTH 277 0
DWIDTH 9 0
BBX 10 28 0 0
BITMAP
FFC0
FFC0
FFC0
0000
0000
1C00
1C00
1C00
1C00
1C00
1C00
1C00
1C00
1C00
1C00
1C00
1C00
1C00
1C00
1C00
1C00
1C00
1C00
1C00
1C00
1C00
1C00
1C00
ENDCHAR
STARTCHAR imacron
ENCODING 299
SWIDTH 277 0
DWIDTH 9 0
BBX 10 22 0 0
BITMAP
FFC0
FFC0
FFC0
0000
0000
1C00
1C00
1C00
1C00
1C00
1C00
1C00
1C00
1C00
1C00
1C00
1C00
1C00
1C00
1C00
1C00
1C00
ENDCHAR
STARTCHAR Ibreve
ENCODING 300
SWIDTH 277 0
DWIDTH 9 0
BBX 9 29 0 0
BITMAP
C180
6380
7F00
3E00
0000
0000
1C00
1C00
1C00
1C00
1C00
1C00
1C00
1C00
1C00
1C00
1C00
1C00
1C00
1C00
1C00
1C00
1C00
1C00
1C00
1C00
1C00
1C00
1C00
ENDCHAR
STARTCHAR ibreve
ENCODING 301
SWIDTH 277 0
DWIDTH 9 0
BBX 9 23 0 0
BITMAP
C180
6380
7F00
3E00
0000
0000
1C00
1C00
1C00
1C00
1C00
1C00
1C00
1C00
1C00
1C00
1C00
1C00
1C00
1C00
1C00
1C00
1C00
ENDCHAR
STARTCHAR Iogonek
ENCODING 302
SWIDTH 277 0
DWIDTH 9 0
BBX 6 29 3 -6
BITMAP
E0
E0
E0
E0
E0
E0
E0
E0
E0
E0
E0
E0
E0
E0
E0
E0
E0
E0
E0
E0
E0
E0
E0
C0
C0
C0
E0
FC
78
ENDCHAR
STARTCHAR iogonek
ENCODING 303
SWIDTH 222 0
DWIDTH 7 0
BBX 6 29 2 -6
BITMAP
E0
E0
E0
00
00
00
E0
E0
E0
E0
E0
E0
E0
E0
E0
E0
E0
E0
E0
E0
E0
E0
E0
C0
C0
C0
E0
FC
78
ENDCHAR
STARTCHAR Idotaccent
ENCODING 304
SWIDTH 277 0
DWIDTH 9 0
BBX 3 28 3 0
BITMAP
E0
E0
E0
00
00
E0
E0
E0
E0
E0
E0
E0
E0
E0
E0
E0
E0
E0
E0
E0
E0
E0
E0
E0
E0
E0
E0
E0
ENDCHAR
STARTCHAR dotlessi
ENCODING 305
SWIDTH 277 0
DWIDTH 9 0
BBX 3 17 3 0
BITMAP
E0
E0
E0
E0
E0
E0
E0
E0
E0
E0
E0
E0
E0
E0
E0
E0
E0
ENDCHAR
STARTCHAR IJ
ENCODING 306
SWIDTH 734 0
DWIDTH 24 0
BBX 17 23 3 0
BITMAP
E00380
E00380
E00380
E00380
E00380
E00380
E00380
E00380
E00380
E00380
E00380
E00380
E00380
E00380
E00380
E00380
E70380
E70380
E70380
E78700
E3FF00
E1FE00
E0FC00
ENDCHAR
STARTCHAR ij
ENCODING 307
SWIDTH 443 0
DWIDTH 14 0
BBX 10 29 2 -6
BITMAP
E1C0
E1C0
E1C0
0000
0000
0000
E1C0
E1C0
E1C0
E1C0
E1C0
E1C0
E1C0
E1C0
E1C0
E1C0
E1C0
E1C0
E1C0
E1C0
E1C0
E1C0
E1C0
01C0
01C0
01C0
0FC0
0F80
0F00
ENDCHAR
STARTCHAR Jcircumflex
ENCODING 308
SWIDTH 500 0
DWIDTH 16 0
BBX 16 29 1 0
BITMAP
0078
00FC
01CE
0387
0000
0000
0070
0070
0070
0070
0070
0070
0070
0070
0070
0070
0070
0070
0070
0070
0070
0070
E070
E070
E070
F0E0
7FE0
3FC0
1F80
ENDCHAR
STARTCHAR jcircumflex
ENCODING 309
SWIDTH 222 0
DWIDTH 7 0
BBX 10 29 -1 -6
BITMAP
1E00
3F00
7380
E1C0
0000
0000
1C00
1C00
1C00
1C00
1C00
1C00
1C00
1C00
1C00
1C00
1C00
1C00
1C00
1C00
1C00
1C00
1C00
1C00
1C00
3C00
FC00
F800
F000
ENDCHAR
STARTCHAR Kcedilla
ENCODING 310
SWIDTH 666 0
DWIDTH 21 0
BBX 19 30 3 -7
BITMAP
E003C0
E00780
E00F00
E01E00
E03C00
E07800
E0F000
E1E000
E3C000
E78000
EF8000
FFC000
FDE000
F8F000
F0F000
E07800
E03C00
E01E00
E00E00
E00700
E00780
E003C0
E001E0
000000
01E000
01F800
003800
003800
03F800
03E000
ENDCHAR
STARTCHAR kcedilla
ENCODING 311
SWIDTH 500 0
DWIDTH 16 0
BBX 14 30 2 -7
BITMAP
E000
E000
E000
E000
E000
E000
E03C
E078
E0F0
E1E0
E3C0
E780
EF00
FF00
FF80
F380
E3C0
E1E0
E0E0
E0F0
E070
E038
E03C
0000
0780
07C0
01C0
01C0
0FC0
0F80
ENDCHAR
STARTCHAR kgreenlandic
ENCODING 312
SWIDTH 500 0
DWIDTH 16 0
BBX 13 17 2 0
BITMAP
E070
E0E0
E1E0
E1C0
E380
E700
EE00
FF00
F700
F380
E380
E1C0
E0E0
E0E0
E070
E038
E038
ENDCHAR
STARTCHAR Lacute
ENCODING 313
SWIDTH 556 0
DWIDTH 18 0
BBX 14 29 3 0
BITMAP
0780
0F00
0E00
1C00
0000
0000
E000
E000
E000
E000
E000
E000
E000
E000
E000
E000
E000
E000
E000
E000
E000
E000
E000
E000
E000
E000
FFFC
FFFC
FFFC
ENDCHAR
STARTCHAR lacute
ENCODING 314
SWIDTH 222 0
DWIDTH 7 0
BBX 6 29 1 0
BITMAP
3C
78
70
E0
00
00
70
70
70
70
70
70
70
70
70
70
70
70
70
70
70
70
70
70
70
70
70
70
70
ENDCHAR
STARTCHAR Lcedilla
ENCODING 315
SWIDTH 556 0
DWIDTH 18 0
BBX 14 30 3 -7
BITMAP
E000
E000
E000
E000
E000
E000
E000
E000
E000
E000
E000
E000
E000
E000
E000
E000
E000
E000
E000
E000
FFFC
FFFC
FFFC
0000
0F80
0FC0
01C0
01C0
1FC0
1F80
ENDCHAR
STARTCHAR lcedilla
ENCODING 316
SWIDTH 222 0
DWIDTH 7 0
BBX 7 30 0 -7
BITMAP
38
38
38
38
38
38
38
38
38
38
38
38
38
38
38
38
38
38
38
38
38
38
38
00
78
7E
0E
0E
FE
FC
ENDCHAR
STARTCHAR Lcaron
ENCODING 317
SWIDTH 556 0
DWIDTH 18 0
BBX 14 23 3 0
BITMAP
E070
E070
E070
E030
E030
E030
E060
E040
E000
E000
E000
E000
E000
E000
E000
E000
E000
E000
E000
E000
FFFC
FFFC
FFFC
ENDCHAR
STARTCHAR lcaron
ENCODING 318
SWIDTH 291 0
DWIDTH 9 0
BBX 7 23 2 0
BITMAP
EE
EE
EE
E6
E6
E6
EC
E0
E0
E0
E0
E0
E0
E0
E0
E0
E0
E0
E0
E0
E0
E0
E0
ENDCHAR
STARTCHAR Ldot
ENCODING 319
SWIDTH 556 0
DWIDTH 18 0
BBX 14 23 3 0
BITMAP
E000
E000
E000
E000
E000
E000
E000
E000
E000
E000
E070
E070
E070
E000
E000
E000
E000
E000
E000
E000
FFFC
FFFC
FFFC
ENDCHAR
STARTCHAR ldot
ENCODING 320
SWIDTH 333 0
DWIDTH 11 0
BBX 8 23 2 0
BITMAP
E0
E0
E0
E0
E0
E0
E0
E0
E0
E0
E7
E7
E7
E0
E0
E0
E0
E0
E0
E0
E0
E0
E0
ENDCHAR
STARTCHAR Lslash
ENCODING 321
SWIDTH 556 0
DWIDTH 18 0
BBX 17 23 0 0
BITMAP
1C0000
1C0000
1C0000
1C0000
1C0000
1C2000
1C6000
1DE000
1FC000
1F8000
1E0000
3C0000
7C0000
FC0000
DC0000
9C0000
1C0000
1C0000
1C0000
1C0000
1FFF80
1FFF80
1FFF80
ENDCHAR
STARTCHAR lslash
ENCODING 322
SWIDTH 222 0
DWIDTH 7 0
BBX 7 23 0 0
BITMAP
38
38
38
38
38
38
38
3A
3E
3E
3C
78
F8
F8
B8
38
38
38
38
38
38
38
38
ENDCHAR
STARTCHAR Nacute
ENCODING 323
SWIDTH 722 0
DWIDTH 23 0
BBX 17 29 3 0
BITMAP
007800
00F000
00E000
01C000
000000
000000
E00380
F00380
F80380
F80380
FC0380
FC0380
EE0380
E70380
E70380
E38380
E38380
E1C380
E0E380
E0E380
E07380
E07380
E03B80
E01F80
E01F80
E00F80
E00F80
E00780
E00380
ENDCHAR
STARTCHAR nacute
ENCODING 324
SWIDTH 556 0
DWIDTH 18 0
BBX 14 23 2 0
BITMAP
00F0
01E0
01C0
0380
0000
0000
E7E0
EFF8
FFF8
F83C
F01C
E01C
E01C
E01C
E01C
E01C
E01C
E01C
E01C
E01C
E01C
E01C
E01C
ENDCHAR
STARTCHAR Ncedilla
ENCODING 325
SWIDTH 722 0
DWIDTH 23 0
BBX 17 30 3 -7
BITMAP
E00380
F00380
F80380
F80380
FC0380
FC0380
EE0380
E70380
E70380
E38380
E38380
E1C380
E0E380
E0E380
E07380
E07380
E03B80
E01F80
E01F80
E00F80
E00F80
E00780
E00380
000000
01E000
01F000
007800
007800
03F000
03E000
ENDCHAR
STARTCHAR ncedilla
ENCODING 326
SWIDTH 556 0
DWIDTH 18 0
BBX 14 24 2 -7
BITMAP
E7E0
EFF8
FFF8
F83C
F01C
E01C
E01C
E01C
E01C
E01C
E01C
E01C
E01C
E01C
E01C
E01C
E01C
0000
0780
07C0
00E0
00E0
0FC0
0F80
ENDCHAR
STARTCHAR Ncaron
ENCODING 327
SWIDTH 722 0
DWIDTH 23 0
BBX 17 29 3 0
BITMAP
0E1C00
077800
03F000
03E000
000000
000000
E00380
F00380
F80380
F80380
FC0380
FC0380
EE0380
E70380
E70380
E38380
E38380
E1C380
E0E380
E0E380
E07380
E07380
E03B80
E01F80
E01F80
E00F80
E00F80
E00780
E00380
ENDCHAR
STARTCHAR ncaron
ENCODING 328
SWIDTH 556 0
DWIDTH 18 0
BBX 14 23 2 0
BITMAP
3C78
1EF0
0FE0
07C0
0000
0000
E7E0
EFF8
FFF8
F83C
F01C
E01C
E01C
E01C
E01C
E01C
E01C
E01C
E01C
E01C
E01C
E01C
E01C
ENDCHAR
STARTCHAR napostrophe
ENCODING 329
SWIDTH 604 0
DWIDTH 19 0
BBX 18 23 0 0
BITMAP
E00000
E00000
E00000
600000
600000
600000
4E7E00
CEFF80
0FFF80
0F83C0
0F01C0
0E01C0
0E01C0
0E01C0
0E01C0
0E01C0
0E01C0
0E01C0
0E01C0
0E01C0
0E01C0
0E01C0
0E01C0
ENDCHAR
STARTCHAR Eng
ENCODING 330
SWIDTH 723 0
DWIDTH 23 0
BBX 18 23 3 0
BITMAP
E3F800
EFFE00
FFFF00
FC0F00
F80780
F00380
F003C0
E001C0
E001C0
E001C0
E001C0
E001C0
E001C0
E001C0
E001C0
E001C0
E00380
E00380
E00780
E00F00
E1FF00
E1FE00
E0F800
ENDCHAR
STARTCHAR eng
ENCODING 331
SWIDTH 556 0
DWIDTH 18 0
BBX 14 23 2 -6
BITMAP
E7E0
EFF8
FFF8
F83C
F03C
E01C
E01C
E01C
E01C
E01C
E01C
E01C
E01C
E01C
E01C
E01C
E01C
001C
001C
001C
00FC
00F8
00F0
ENDCHAR
STARTCHAR Omacron
ENCODING 332
SWIDTH 777 0
DWIDTH 25 0
BBX 23 28 1 0
BITMAP
03FF00
03FF00
03FF00
000000
000000
00FE00
07FFC0
0FFFE0
1F01F0
3C0078
78003C
70001C
70001C
E0000E
E0000E
E0000E
E0000E
E0000E
E0000E
E0000E
70001C
70001C
78003C
3C0078
1F01F0
0FFFE0
07FFC0
00FE00
ENDCHAR
STARTCHAR omacron
ENCODING 333
SWIDTH 556 0
DWIDTH 17 0
BBX 15 22 1 0
BITMAP
1FF8
1FF8
1FF8
0000
0000
07C0
1FF0
3FF8
783C
701C
F01E
E00E
E00E
E00E
E00E
E00E
F01E
701C
783C
3FF8
1FF0
07C0
ENDCHAR
STARTCHAR Obreve
ENCODING 334
SWIDTH 777 0
DWIDTH 25 0
BBX 23 29 1 0
BITMAP
030600
038E00
01FC00
00F800
000000
000000
00FE00
07FFC0
0FFFE0
1F01F0
3C0078
78003C
70001C
70001C
E0000E
E0000E
E0000E
E0000E
E0000E
E0000E
E0000E
70001C
70001C
78003C
3C0078
1F01F0
0FFFE0
07FFC0
00FE00
ENDCHAR
STARTCHAR obreve
ENCODING 335
SWIDTH 556 0
DWIDTH 17 0
BBX 15 23 1 0
BITMAP
0C38
0C30
07F0
03C0
0000
0000
07C0
1FF0
3FF8
783C
701C
F01E
E00E
E00E
E00E
E00E
E00E
F01E
701C
783C
3FF8
1FF0
07C0
ENDCHAR
STARTCHAR Odblacute
ENCODING 336
SWIDTH 777 0
DWIDTH 25 0
BBX 23 29 1 0
BITMAP
0039C0
007380
006300
00C600
000000
000000
00FE00
07FFC0
0FFFE0
1F01F0
3C0078
78003C
70001C
70001C
E0000E
E0000E
E0000E
E0000E
E0000E
E0000E
E0000E
70001C
70001C
78003C
3C0078
1F01F0
0FFFE0
07FFC0
00FE00
ENDCHAR
STARTCHAR odblacute
ENCODING 337
SWIDTH 556 0
DWIDTH 17 0
BBX 15 23 1 0
BITMAP
0738
0E70
0C60
18C0
0000
0000
07C0
1FF0
3FF8
783C
701C
F01E
E00E
E00E
E00E
E00E
E00E
F01E
701C
783C
3FF8
1FF0
07C0
ENDCHAR
STARTCHAR OE
ENCODING 338
SWIDTH 1000 0
DWIDTH 32 0
BBX 29 23 2 0
BITMAP
03F1FFF0
0FF9FFF0
1FFDFFF0
3E1FC000
7807C000
7003C000
7003C000
E001C000
E001C000
E001FFE0
E001FFE0
E001FFE0
E001C000
E001C000
E001C000
E003C000
7003C000
7003C000
7807C000
3E1FC000
1FFDFFF8
0FF9FFF8
03F1FFF8
ENDCHAR
STARTCHAR oe
ENCODING 339
SWIDTH 943 0
DWIDTH 30 0
BBX 28 17 1 0
BITMAP
07E03E00
1FF8FF80
3FFDFFC0
7C3FC1E0
700F80E0
F00F0070
E007FFF0
E007FFF0
E007FFF0
E0070000
E0070000
F00F8000
700F80F0
7C3DE1E0
3FFDFFE0
1FF0FFC0
07E03F00
ENDCHAR
STARTCHAR Racute
ENCODING 340
SWIDTH 722 0
DWIDTH 23 0
BBX 18 29 3 0
BITMAP
01E000
03C000
038000
070000
000000
000000
FFF800
FFFE00
FFFF00
E00F00
E00780
E00380
E00380
E00380
E00780
E00F00
FFFF00
FFFE00
FFF800
E0F000
E07800
E03C00
E01C00
E01E00
E00F00
E00700
E00780
E00380
E003C0
ENDCHAR
STARTCHAR racute
ENCODING 341
SWIDTH 333 0
DWIDTH 11 0
BBX 9 23 2 0
BITMAP
0F00
1E00
1C00
3800
0000
0000
E780
EF80
FF00
F800
F000
E000
E000
E000
E000
E000
E000
E000
E000
E000
E000
E000
E000
ENDCHAR
STARTCHAR Rcedilla
ENCODING 342
SWIDTH 722 0
DWIDTH 23 0
BBX 18 30 3 -7
BITMAP
FFF800
FFFE00
FFFF00
E00F00
E00780
E00380
E00380
E00380
E00780
E00F00
FFFF00
FFFE00
FFF800
E0F000
E07800
E03C00
E01C00
E01E00
E00F00
E00700
E00780
E00380
E003C0
000000
01E000
01F000
007800
007800
03F000
03E000
ENDCHAR
STARTCHAR rcedilla
ENCODING 343
SWIDTH 333 0
DWIDTH 11 0
BBX 9 24 2 -7
BITMAP
E780
EF80
FF00
F800
F000
E000
E000
E000
E000
E000
E000
E000
E000
E000
E000
E000
E000
0000
7800
7C00
1E00
1E00
FC00
F800
ENDCHAR
STARTCHAR Rcaron
ENCODING 344
SWIDTH 722 0
DWIDTH 23 0
BBX 18 29 3 0
BITMAP
387000
1CE000
0FC000
078000
000000
000000
FFF800
FFFE00
FFFF00
E00F00
E00780
E00380
E00380
E00380
E00780
E00F00
FFFF00
FFFE00
FFF800
E0F000
E07800
E03C00
E01C00
E01E00
E00F00
E00700
E00780
E00380
E003C0
ENDCHAR
STARTCHAR rcaron
ENCODING 345
SWIDTH 333 0
DWIDTH 11 0
BBX 10 23 2 0
BITMAP
E1C0
7380
3F00
1E00
0000
0000
E780
EF80
FF00
F800
F000
E000
E000
E000
E000
E000
E000
E000
E000
E000
E000
E000
E000
ENDCHAR
STARTCHAR Sacute
ENCODING 346
SWIDTH 666 0
DWIDTH 21 0
BBX 18 29 1 0
BITMAP
007800
00F000
00E000
01C000
000000
000000
07F000
1FFC00
3FFE00
3C0F00
780780
700380
700380
700000
380000
3F8000
1FF800
07FE00
007F00
000F80
0003C0
E001C0
E001C0
F001C0
7003C0
7C0F80
3FFF00
1FFE00
03F800
ENDCHAR
STARTCHAR sacute
ENCODING 347
SWIDTH 500 0
DWIDTH 16 0
BBX 14 23 1 0
BITMAP
03C0
0780
0700
0E00
0000
0000
1F80
3FE0
7FF0
F078
E038
F000
FE00
7FC0
3FF0
07F8
007C
E01C
F01C
783C
7FF8
3FF0
0FC0
ENDCHAR
STARTCHAR Scircumflex
ENCODING 348
SWIDTH 666 0
DWIDTH 21 0
BBX 18 29 1 0
BITMAP
01F000
03F800
07B800
0E1C00
000000
000000
07F000
1FFC00
3FFE00
3C0F00
780780
700380
700380
700000
380000
3F8000
1FF800
07FE00
007F00
000F80
0003C0
E001C0
E001C0
F001C0
7003C0
7C0F80
3FFF00
1FFE00
03F800
ENDCHAR
STARTCHAR scircumflex
ENCODING 349
SWIDTH 500 0
DWIDTH 16 0
BBX 14 23 1 0
BITMAP
0780
0FC0
1CE0
3870
0000
0000
1F80
3FE0
7FF0
F078
E038
F000
FE00
7FC0
3FF0
07F8
007C
E01C
F01C
783C
7FF8
3FF0
0FC0
ENDCHAR
STARTCHAR Scedilla
ENCODING 350
SWIDTH 666 0
DWIDTH 21 0
BBX 18 30 1 -7
BITMAP
07F000
1FFC00
3FFE00
3C0F00
780780
700380
700380
700000
380000
3F8000
1FF800
07FE00
007F00
000F80
0003C0
E001C0
E001C0
F001C0
7003C0
7C0F80
3FFF00
1FFE00
03F800
00C000
00C000
01E000
003000
003000
03F000
03C000
ENDCHAR
STARTCHAR scedilla
ENCODING 351
SWIDTH 500 0
DWIDTH 16 0
BBX 14 24 1 -7
BITMAP
1F80
3FE0
7FF0
F078
E038
F000
FE00
7FC0
3FF0
07F8
007C
E01C
F01C
783C
7FF8
3FF0
0FC0
0300
0300
0780
00C0
00C0
0FC0
0F00
ENDCHAR
STARTCHAR Scaron
ENCODING 352
SWIDTH 666 0
DWIDTH 21 0
BBX 18 29 1 0
BITMAP
0E1C00
073800
03F000
01E000
000000
000000
07F000
1FFC00
3FFE00
3C0F00
780780
700380
700380
700000
380000
3F8000
1FF800
07FE00
007F00
000F80
0003C0
E001C0
E001C0
F001C0
7003C0
7C0F80
3FFF00
1FFE00
03F800
ENDCHAR
STARTCHAR scaron
ENCODING 353
SWIDTH 500 0
DWIDTH 16 0
BBX 14 23 1 0
BITMAP
70E0
39C0
1F80
0F00
0000
0000
1F80
3FE0
7FF0
F078
E038
F000
FE00
7FC0
3FF0
07F8
007C
E01C
F01C
783C
7FF8
3FF0
0FC0
ENDCHAR
STARTCHAR Tcedilla
ENCODING 354
SWIDTH 610 0
DWIDTH 19 0
BBX 19 32 0 -9
BITMAP
FFFFE0
FFFFE0
FFFFE0
00E000
00E000
00E000
00E000
00E000
00E000
00E000
00E000
00E000
00E000
00E000
00E000
00E000
00E000
00E000
00E000
00E000
00E000
00E000
00E000
000000
000000
00E000
00E000
00E000
006000
006000
00C000
008000
ENDCHAR
STARTCHAR tcedilla
ENCODING 355
SWIDTH 277 0
DWIDTH 9 0
BBX 8 32 1 -9
BITMAP
08
18
38
38
38
38
FF
FF
FF
38
38
38
38
38
38
38
38
38
38
38
3F
3F
1F
00
00
0E
0E
0E
02
02
04
0C
ENDCHAR
STARTCHAR Tcaron
ENCODING 356
SWIDTH 610 0
DWIDTH 19 0
BBX 19 29 0 0
BITMAP
070E00
039C00
01F800
00F000
000000
000000
FFFFE0
FFFFE0
FFFFE0
00E000
00E000
00E000
00E000
00E000
00E000
00E000
00E000
00E000
00E000
00E000
00E000
00E000
00E000
00E000
00E000
00E000
00E000
00E000
00E000
ENDCHAR
STARTCHAR tcaron
ENCODING 357
SWIDTH 375 0
DWIDTH 12 0
BBX 11 23 0 0
BITMAP
08E0
18E0
38E0
3820
3820
3840
FFC0
FF00
FF00
3800
3800
3800
3800
3800
3800
3800
3800
3800
3800
3800
3F00
3F00
1F00
ENDCHAR
STARTCHAR Tbar
ENCODING 358
SWIDTH 610 0
DWIDTH 20 0
BBX 19 23 0 0
BITMAP
FFFFE0
FFFFE0
FFFFE0
00E000
00E000
00E000
00E000
00E000
00E000
00E000
00E000
1FFF00
1FFF00
1FFF00
00E000
00E000
00E000
00E000
00E000
00E000
00E000
00E000
00E000
ENDCHAR
STARTCHAR tbar
ENCODING 359
SWIDTH 277 0
DWIDTH 9 0
BBX 8 22 0 0
BITMAP
18
38
38
38
38
FF
FF
FF
38
38
38
38
FF
FF
FF
38
38
38
38
3F
3F
1F
ENDCHAR
STARTCHAR Utilde
ENCODING 360
SWIDTH 722 0
DWIDTH 23 0
BBX 17 29 3 0
BITMAP
039C00
07F800
07F800
067000
000000
000000
E00380
E00380
E00380
E00380
E00380
E00380
E00380
E00380
E00380
E00380
E00380
E00380
E00380
E00380
E00380
E00380
E00380
F00780
700700
7C1F00
3FFE00
1FFC00
07F000
ENDCHAR
STARTCHAR utilde
ENCODING 361
SWIDTH 556 0
DWIDTH 18 0
BBX 14 23 2 0
BITMAP
0E30
1FF0
1FE0
19C0
0000
0000
E01C
E01C
E01C
E01C
E01C
E01C
E01C
E01C
E01C
E01C
E01C
E01C
F03C
F87C
7FDC
7FDC
1F1C
ENDCHAR
STARTCHAR Umacron
ENCODING 362
SWIDTH 722 0
DWIDTH 23 0
BBX 17 28 3 0
BITMAP
0FFC00
0FFC00
0FFC00
000000
000000
E00380
E00380
E00380
E00380
E00380
E00380
E00380
E00380
E00380
E00380
E00380
E00380
E00380
E00380
E00380
E00380
E00380
F00780
700700
7C1F00
3FFE00
1FFC00
07F000
ENDCHAR
STARTCHAR umacron
ENCODING 363
SWIDTH 556 0
DWIDTH 18 0
BBX 14 22 2 0
BITMAP
1FF8
1FF8
1FF8
0000
0000
E01C
E01C
E01C
E01C
E01C
E01C
E01C
E01C
E01C
E01C
E01C
E01C
F03C
F87C
7FDC
7FDC
1F1C
ENDCHAR
STARTCHAR Ubreve
ENCODING 364
SWIDTH 722 0
DWIDTH 23 0
BBX 17 29 3 0
BITMAP
0C1800
063800
07F000
03E000
000000
000000
E00380
E00380
E00380
E00380
E00380
E00380
E00380
E00380
E00380
E00380
E00380
E00380
E00380
E00380
E00380
E00380
E00380
F00780
700700
7C1F00
3FFE00
1FFC00
07F000
ENDCHAR
STARTCHAR ubreve
ENCODING 365
SWIDTH 556 0
DWIDTH 18 0
BBX 14 23 2 0
BITMAP
3060
38E0
1FC0
0F80
0000
0000
E01C
E01C
E01C
E01C
E01C
E01C
E01C
E01C
E01C
E01C
E01C
E01C
F03C
F87C
7FDC
7FDC
1F1C
ENDCHAR
STARTCHAR Uring
ENCODING 366
SWIDTH 722 0
DWIDTH 23 0
BBX 17 29 3 0
BITMAP
01C000
022000
022000
022000
01C000
000000
E00380
E00380
E00380
E00380
E00380
E00380
E00380
E00380
E00380
E00380
E00380
E00380
E00380
E00380
E00380
E00380
E00380
F00780
700700
7C1F00
3FFE00
1FFC00
07F000
ENDCHAR
STARTCHAR uring
ENCODING 367
SWIDTH 556 0
DWIDTH 18 0
BBX 14 24 2 0
BITMAP
0700
0480
0880
0480
0700
0000
0000
E01C
E01C
E01C
E01C
E01C
E01C
E01C
E01C
E01C
E01C
E01C
E01C
F03C
F87C
7FDC
7FDC
1F1C
ENDCHAR
STARTCHAR Udblacute
ENCODING 368
SWIDTH 722 0
DWIDTH 23 0
BBX 17 29 3 0
BITMAP
01CE00
039C00
031800
063000
000000
000000
E00380
E00380
E00380
E00380
E00380
E00380
E00380
E00380
E00380
E00380
E00380
E00380
E00380
E00380
E00380
E00380
E00380
F00780
700700
7C1F00
3FFE00
1FFC00
07F000
ENDCHAR
STARTCHAR udblacute
ENCODING 369
SWIDTH 556 0
DWIDTH 18 0
BBX 14 23 2 0
BITMAP
0738
0E70
0C60
18C0
0000
0000
E01C
E01C
E01C
E01C
E01C
E01C
E01C
E01C
E01C
E01C
E01C
E01C
F03C
F87C
7FDC
7FDC
1F1C
ENDCHAR
STARTCHAR Uogonek
ENCODING 370
SWIDTH 722 0
DWIDTH 23 0
BBX 17 29 3 -6
BITMAP
E00380
E00380
E00380
E00380
E00380
E00380
E00380
E00380
E00380
E00380
E00380
E00380
E00380
E00380
E00380
E00380
E00380
F00780
700700
7C1F00
3FFE00
1FFC00
07F000
018000
018000
018000
01C400
01FC00
00F800
ENDCHAR
STARTCHAR uogonek
ENCODING 371
SWIDTH 556 0
DWIDTH 18 0
BBX 17 23 2 -6
BITMAP
E01C00
E01C00
E01C00
E01C00
E01C00
E01C00
E01C00
E01C00
E01C00
E01C00
E01C00
E01C00
E03C00
F87C00
7FFC00
7FDC00
1F1C00
001800
003000
003000
003880
003F80
001F00
ENDCHAR
STARTCHAR Wcircumflex
ENCODING 372
SWIDTH 943 0
DWIDTH 32 0
BBX 31 29 0 0
BITMAP
0003C000
0007E000
000E7000
001C3800
00000000
00000000
E007C00E
E007C00E
7007C01C
700EE01C
700EE01C
700EE01C
701C703C
381C7038
381C7038
381C7038
38383838
1C383870
1C383870
1C701C70
1C701C70
0E701CF0
0EE00EE0
0EE00EE0
0EE00EE0
0EE00EE0
07C007C0
07C007C0
07C007C0
ENDCHAR
STARTCHAR wcircumflex
ENCODING 373
SWIDTH 722 0
DWIDTH 23 0
BBX 23 23 0 0
BITMAP
007800
00FC00
01CE00
038700
000000
000000
E0380E
E0380E
E07C0E
707C1C
706C1C
706C1C
38EE38
38C638
38C638
18C670
1DC770
1D8370
0D8360
0F83E0
0F83E0
0701C0
0701C0
ENDCHAR
STARTCHAR Ycircumflex
ENCODING 374
SWIDTH 666 0
DWIDTH 21 0
BBX 21 29 0 0
BITMAP
00F800
01FC00
01DE00
038700
000000
000000
E00078
7000F0
3800E0
3C01E0
1C03C0
0E0380
0F0780
078F00
038E00
03DE00
01DC00
00F800
00F800
007000
007000
007000
007000
007000
007000
007000
007000
007000
007000
ENDCHAR
STARTCHAR ycircumflex
ENCODING 375
SWIDTH 500 0
DWIDTH 15 0
BBX 15 29 0 -6
BITMAP
03C0
07E0
0E70
1C38
0000
0000
E00E
701E
701C
701C
3838
3838
3838
1C70
1C70
0C70
0EE0
0EE0
06E0
07C0
07C0
03C0
0380
0380
0700
0700
3F00
3E00
3C00
ENDCHAR
STARTCHAR Ydieresis
ENCODING 376
SWIDTH 666 0
DWIDTH 21 0
BBX 21 28 0 0
BITMAP
038E00
038E00
038E00
000000
000000
E00078
7000F0
3800E0
3C01E0
1C03C0
0E0380
0F0780
078F00
038E00
03DE00
01DC00
00F800
00F800
007000
007000
007000
007000
007000
007000
007000
007000
007000
007000
ENDCHAR
STARTCHAR Zacute
ENCODING 377
SWIDTH 610 0
DWIDTH 20 0
BBX 19 29 0 0
BITMAP
003C00
007800
007000
00E000
000000
000000
7FFFC0
7FFFC0
7FFFC0
0003C0
000780
000F00
001E00
001C00
003800
007000
00F000
01E000
03C000
078000
070000
0E0000
1E0000
3C0000
780000
F00000
FFFFE0
FFFFE0
FFFFE0
ENDCHAR
STARTCHAR zacute
ENCODING 378
SWIDTH 500 0
DWIDTH 15 0
BBX 14 23 0 0
BITMAP
00F0
01E0
01C0
0380
0000
0000
7FFC
7FFC
7FFC
003C
0078
00F0
01E0
03C0
0780
0F00
1E00
3C00
7800
F000
FFFC
FFFC
FFFC
ENDCHAR
STARTCHAR Zdot
ENCODING 379
SWIDTH 610 0
DWIDTH 20 0
BBX 19 28 0 0
BITMAP
007000
007000
007000
000000
000000
7FFFC0
7FFFC0
7FFFC0
0003C0
000780
000F00
001E00
001C00
003800
007000
00F000
01E000
03C000
078000
070000
0E0000
1E0000
3C0000
780000
F00000
FFFFE0
FFFFE0
FFFFE0
ENDCHAR
STARTCHAR zdot
ENCODING 380
SWIDTH 500 0
DWIDTH 15 0
BBX 14 22 0 0
BITMAP
0380
0380
0380
0000
0000
7FFC
7FFC
7FFC
003C
0078
00F0
01E0
03C0
0780
0F00
1E00
3C00
7800
F000
FFFC
FFFC
FFFC
ENDCHAR
STARTCHAR Zcaron
ENCODING 381
SWIDTH 610 0
DWIDTH 20 0
BBX 19 29 0 0
BITMAP
0E1C00
07BC00
03F800
01F000
000000
000000
7FFFC0
7FFFC0
7FFFC0
0003C0
000780
000F00
001E00
001C00
003800
007000
00F000
01E000
03C000
078000
070000
0E0000
1E0000
3C0000
780000
F00000
FFFFE0
FFFFE0
FFFFE0
ENDCHAR
STARTCHAR zcaron
ENCODING 382
SWIDTH 500 0
DWIDTH 15 0
BBX 14 23 0 0
BITMAP
1C38
0EF0
07E0
07C0
0000
0000
7FFC
7FFC
7FFC
003C
0078
00F0
01E0
03C0
0780
0F00
1E00
3C00
7800
F000
FFFC
FFFC
FFFC
ENDCHAR
STARTCHAR longs
ENCODING 383
SWIDTH 222 0
DWIDTH 7 0
BBX 7 23 2 0
BITMAP
3E
7E
FE
F0
E0
E0
E0
E0
E0
E0
E0
E0
E0
E0
E0
E0
E0
E0
E0
E0
E0
E0
E0
ENDCHAR
STARTCHAR uni018F
ENCODING 399
SWIDTH 752 0
DWIDTH 24 0
BBX 22 23 1 0
BITMAP
01FC00
07FF80
1FFFC0
3F03E0
3C00F0
780078
300038
000038
00001C
00001C
FFFFFC
FFFFFC
FFFFFC
E0001C
E0001C
F0003C
700038
780078
3C00F0
3F03F0
1FFFE0
07FF80
01FE00
ENDCHAR
STARTCHAR florin
ENCODING 402
SWIDTH 556 0
DWIDTH 18 0
BBX 16 29 1 -6
BITMAP
003F
007F
007F
00F0
00E0
00E0
0FFC
0FFC
0FFC
01C0
01C0
01C0
01C0
0380
0380
0380
0380
0380
0700
0700
0700
0700
0700
0E00
0E00
0E00
FE00
FC00
F800
ENDCHAR
STARTCHAR Ohorn
ENCODING 416
SWIDTH 857 0
DWIDTH 27 0
BBX 25 23 1 0
BITMAP
01FE0380
07FF8380
0FFFC380
1F03E180
3C00F180
78007B00
70003B00
70003C00
E0001C00
E0001C00
E0001C00
E0001C00
E0001C00
E0001C00
E0001C00
70003800
70003800
78007800
3C00F000
1F03E000
0FFFC000
07FF8000
00FE0000
ENDCHAR
STARTCHAR ohorn
ENCODING 417
SWIDTH 655 0
DWIDTH 21 0
BBX 19 17 1 0
BITMAP
07E0E0
1FF8E0
3FFCE0
7C3E60
700E60
F00F40
E007C0
E00780
E00700
E00700
E00700
F00F00
700E00
7C3E00
3FFC00
1FF800
07E000
ENDCHAR
STARTCHAR Uhorn
ENCODING 431
SWIDTH 854 0
DWIDTH 27 0
BBX 23 23 3 0
BITMAP
E001CE
E001CE
E001CE
E001C6
E001C6
E001C4
E001DC
E001F0
E001C0
E001C0
E001C0
E001C0
E001C0
E001C0
E001C0
E001C0
E001C0
F00380
700380
7C0F80
3FFF00
1FFE00
07F800
ENDCHAR
STARTCHAR uhorn
ENCODING 432
SWIDTH 669 0
DWIDTH 21 0
BBX 19 17 2 0
BITMAP
E01CE0
E01CE0
E01CE0
E01C60
E01C60
E01CC0
E01DC0
E01F00
E01C00
E01C00
E01C00
E01C00
E03C00
F07C00
7FDC00
7FDC00
1F1C00
ENDCHAR
STARTCHAR uni01CD
ENCODING 461
SWIDTH 666 0
DWIDTH 21 0
BBX 21 29 0 0
BITMAP
038700
01DE00
00FC00
00F800
000000
000000
00F800
00F800
00F800
01DC00
01DC00
01DC00
038E00
038E00
070700
070700
070700
0E0380
0E0380
0FFF80
1FFFC0
1FFFC0
3800E0
3800E0
3800E0
700070
700070
700070
E00038
ENDCHAR
STARTCHAR uni01CE
ENCODING 462
SWIDTH 556 0
DWIDTH 17 0
BBX 15 23 1 0
BITMAP
1C38
0EF0
07E0
07C0
0000
0000
0FE0
3FF8
7FF8
F03C
E01C
001C
007C
0FFC
3FFC
7F9C
F01C
E01C
E03C
F0FC
7FFC
7FDC
1F8E
ENDCHAR
STARTCHAR uni01CF
ENCODING 463
SWIDTH 277 0
DWIDTH 9 0
BBX 10 29 0 0
BITMAP
E1C0
7380
3F00
3E00
0000
0000
1C00
1C00
1C00
1C00
1C00
1C00
1C00
1C00
1C00
1C00
1C00
1C00
1C00
1C00
1C00
1C00
1C00
1C00
1C00
1C00
1C00
1C00
1C00
ENDCHAR
STARTCHAR uni01D0
ENCODING 464
SWIDTH 222 0
DWIDTH 7 0
BBX 10 23 -1 0
BITMAP
E1C0
7B80
3F00
1F00
0000
0000
1C00
1C00
1C00
1C00
1C00
1C00
1C00
1C00
1C00
1C00
1C00
1C00
1C00
1C00
1C00
1C00
1C00
ENDCHAR
STARTCHAR uni01D1
ENCODING 465
SWIDTH 777 0
DWIDTH 25 0
BBX 23 29 1 0
BITMAP
01C380
00E700
007E00
003C00
000000
000000
00FE00
07FFC0
0FFFE0
1F01F0
3C0078
78003C
70001C
70001C
E0000E
E0000E
E0000E
E0000E
E0000E
E0000E
E0000E
70001C
70001C
78003C
3C0078
1F01F0
0FFFE0
07FFC0
00FE00
ENDCHAR
STARTCHAR uni01D2
ENCODING 466
SWIDTH 556 0
DWIDTH 17 0
BBX 15 23 1 0
BITMAP
3870
1EE0
0FE0
07C0
0000
0000
07C0
1FF0
3FF8
783C
701C
F01E
E00E
E00E
E00E
E00E
E00E
F01E
701C
783C
3FF8
1FF0
07C0
ENDCHAR
STARTCHAR uni01D3
ENCODING 467
SWIDTH 722 0
DWIDTH 23 0
BBX 17 29 3 0
BITMAP
1C3800
0F7000
07F000
03E000
000000
000000
E00380
E00380
E00380
E00380
E00380
E00380
E00380
E00380
E00380
E00380
E00380
E00380
E00380
E00380
E00380
E00380
E00380
F00780
700700
7C1F00
3FFE00
1FFC00
07F000
ENDCHAR
STARTCHAR uni01D4
ENCODING 468
SWIDTH 556 0
DWIDTH 18 0
BBX 14 23 2 0
BITMAP
3C78
1EF0
0FE0
07C0
0000
0000
E01C
E01C
E01C
E01C
E01C
E01C
E01C
E01C
E01C
E01C
E01C
E01C
F03C
F87C
7FDC
7FDC
1F1C
ENDCHAR
STARTCHAR uni01D5
ENCODING 469
SWIDTH 722 0
DWIDTH 23 0
BBX 17 29 3 0
BITMAP
07F800
07F800
000000
061800
061800
000000
E00380
E00380
E00380
E00380
E00380
E00380
E00380
E00380
E00380
E00380
E00380
E00380
E00380
E00380
E00380
E00380
E00380
F00780
700700
7C1F00
3FFE00
1FFC00
07F000
ENDCHAR
STARTCHAR uni01D6
ENCODING 470
SWIDTH 556 0
DWIDTH 18 0
BBX 14 28 2 0
BITMAP
3FF0
3FF0
3FF0
0000
0000
0000
38E0
38E0
38E0
0000
0000
E01C
E01C
E01C
E01C
E01C
E01C
E01C
E01C
E01C
E01C
E01C
E01C
F03C
F87C
7FDC
7FDC
1F1C
ENDCHAR
STARTCHAR uni01D7
ENCODING 471
SWIDTH 722 0
DWIDTH 23 0
BBX 17 29 3 0
BITMAP
007000
00E000
01C000
061800
061800
000000
E00380
E00380
E00380
E00380
E00380
E00380
E00380
E00380
E00380
E00380
E00380
E00380
E00380
E00380
E00380
E00380
E00380
F00780
700700
7C1F00
3FFE00
1FFC00
07F000
ENDCHAR
STARTCHAR uni01D8
ENCODING 472
SWIDTH 556 0
DWIDTH 18 0
BBX 14 29 2 0
BITMAP
01E0
01C0
0380
0300
0000
0000
0000
38E0
38E0
38E0
0000
0000
E01C
E01C
E01C
E01C
E01C
E01C
E01C
E01C
E01C
E01C
E01C
E01C
F03C
F87C
7FDC
7FDC
1F1C
ENDCHAR
STARTCHAR uni01D9
ENCODING 473
SWIDTH 722 0
DWIDTH 23 0
BBX 17 29 3 0
BITMAP
063000
03E000
01C000
061800
061800
000000
E00380
E00380
E00380
E00380
E00380
E00380
E00380
E00380
E00380
E00380
E00380
E00380
E00380
E00380
E00380
E00380
E00380
F00780
700700
7C1F00
3FFE00
1FFC00
07F000
ENDCHAR
STARTCHAR uni01DA
ENCODING 474
SWIDTH 556 0
DWIDTH 18 0
BBX 14 29 2 0
BITMAP
3C78
1EF0
0FE0
07C0
0000
0000
0000
38E0
38E0
38E0
0000
0000
E01C
E01C
E01C
E01C
E01C
E01C
E01C
E01C
E01C
E01C
E01C
E01C
F03C
F87C
7FDC
7FDC
1F1C
ENDCHAR
STARTCHAR uni01DB
ENCODING 475
SWIDTH 722 0
DWIDTH 23 0
BBX 17 29 3 0
BITMAP
078000
01C000
00C000
061800
061800
000000
E00380
E00380
E00380
E00380
E00380
E00380
E00380
E00380
E00380
E00380
E00380
E00380
E00380
E00380
E00380
E00380
E00380
F00780
700700
7C1F00
3FFE00
1FFC00
07F000
ENDCHAR
STARTCHAR uni01DC
ENCODING 476
SWIDTH 556 0
DWIDTH 18 0
BBX 14 29 2 0
BITMAP
0E00
0700
0300
0180
0000
0000
0000
38E0
38E0
38E0
0000
0000
E01C
E01C
E01C
E01C
E01C
E01C
E01C
E01C
E01C
E01C
E01C
E01C
F03C
F87C
7FDC
7FDC
1F1C
ENDCHAR
STARTCHAR Aringacute
ENCODING 506
SWIDTH 666 0
DWIDTH 21 0
BBX 21 31 0 0
BITMAP
001E00
003C00
003800
007000
007000
008800
008800
008800
00F800
00F800
00F800
01DC00
01DC00
01DC00
038E00
038E00
070700
070700
070700
0E0380
0E0380
0FFF80
1FFFC0
1FFFC0
3800E0
3800E0
3800E0
700070
700070
700070
E00038
ENDCHAR
STARTCHAR aringacute
ENCODING 507
SWIDTH 556 0
DWIDTH 17 0
BBX 15 29 1 0
BITMAP
00F0
01E0
01C0
0380
0000
0380
0440
0440
0440
0380
0000
0000
0FE0
3FF8
7FF8
F03C
E01C
001C
007C
0FFC
3FFC
7F9C
F01C
E01C
E03C
F0FC
7FFC
7FDC
1F8E
ENDCHAR
STARTCHAR AEacute
ENCODING 508
SWIDTH 1000 0
DWIDTH 32 0
BBX 30 29 0 0
BITMAP
0001E000
0001C000
00038000
00030000
00000000
00000000
003FFFF8
003FFFF8
007FFFF8
0071C000
0071C000
00E1C000
00E1C000
01C1C000
01C1C000
0381FFF0
0381FFF0
0701FFF0
0701C000
0E01C000
0FFFC000
1FFFC000
1FFFC000
3801C000
3801C000
7001C000
7001FFFC
E001FFFC
E001FFFC
ENDCHAR
STARTCHAR aeacute
ENCODING 509
SWIDTH 889 0
DWIDTH 28 0
BBX 26 23 1 0
BITMAP
0003C000
00078000
00070000
000E0000
00000000
00000000
0FE0F800
3FFBFE00
7FFFFF00
F03F0780
E01E0380
007C01C0
0FFFFFC0
3FFFFFC0
7F9FFFC0
F81C0000
E01C0000
E01C0000
E03E01C0
F07F0780
7FF7FF80
3FE3FF00
1F80FC00
ENDCHAR
STARTCHAR Oslashacute
ENCODING 510
SWIDTH 777 0
DWIDTH 25 0
BBX 23 30 1 -1
BITMAP
000F00
001E00
001C00
003800
000000
000000
00FE06
07FF8E
0FFFFC
1F01F8
3C0078
7800F8
7001DC
70039C
E0070E
E00E0E
E01C0E
E0380E
E0780E
E0700E
E0E00E
71C01C
73801C
3F003C
3E0078
1F01F0
3FFFE0
77FFC0
E0FE00
400000
ENDCHAR
STARTCHAR oslashacute
ENCODING 511
SWIDTH 610 0
DWIDTH 20 0
BBX 16 24 2 -1
BITMAP
00F0
01E0
01C0
0380
0000
0006
07C7
1FFE
3FFC
7C3E
707E
F07F
E0E7
E1C7
E387
E707
E707
EE0F
FC0E
783E
7FFC
7FF8
E7E0
4000
ENDCHAR
STARTCHAR uni0259
ENCODING 601
SWIDTH 556 0
DWIDTH 18 0
BBX 16 17 1 0
BITMAP
0FE0
1FF8
3FFC
783E
F00E
E00F
0007
0007
FFFF
FFFF
FFFF
E007
700E
781E
3FFC
1FF8
07E0
ENDCHAR
STARTCHAR circumflex
ENCODING 710
SWIDTH 333 0
DWIDTH 11 0
BBX 10 4 1 19
BITMAP
1E00
3F00
7380
E1C0
ENDCHAR
STARTCHAR caron
ENCODING 711
SWIDTH 333 0
DWIDTH 11 0
BBX 10 4 1 19
BITMAP
E1C0
7380
3F00
1E00
ENDCHAR
STARTCHAR macron
ENCODING 713
SWIDTH 333 0
DWIDTH 11 0
BBX 10 3 0 19
BITMAP
FFC0
FFC0
FFC0
ENDCHAR
STARTCHAR breve
ENCODING 728
SWIDTH 333 0
DWIDTH 11 0
BBX 9 4 0 19
BITMAP
C180
E380
7F00
3E00
ENDCHAR
STARTCHAR dotaccent
ENCODING 729
SWIDTH 333 0
DWIDTH 11 0
BBX 3 3 4 19
BITMAP
E0
E0
E0
ENDCHAR
STARTCHAR ring
ENCODING 730
SWIDTH 333 0
DWIDTH 11 0
BBX 5 5 2 18
BITMAP
70
88
88
88
70
ENDCHAR
STARTCHAR ogonek
ENCODING 731
SWIDTH 333 0
DWIDTH 11 0
BBX 7 6 3 -6
BITMAP
60
C0
C0
E0
FE
7C
ENDCHAR
STARTCHAR tilde
ENCODING 732
SWIDTH 333 0
DWIDTH 9 0
BBX 9 4 0 19
BITMAP
7980
7F80
FF80
CF00
ENDCHAR
STARTCHAR hungarumlaut
ENCODING 733
SWIDTH 333 0
DWIDTH 11 0
BBX 10 4 1 19
BITMAP
39C0
7380
6300
C600
ENDCHAR
STARTCHAR combininggraveaccent
ENCODING 768
SWIDTH 0 0
DWIDTH 0 0
BBX 6 4 -8 25
BITMAP
F0
78
38
1C
ENDCHAR
STARTCHAR combiningacuteaccent
ENCODING 769
SWIDTH 0 0
DWIDTH 0 0
BBX 6 4 -6 25
BITMAP
3C
78
70
E0
ENDCHAR
STARTCHAR combiningtildeaccent
ENCODING 771
SWIDTH 0 0
DWIDTH 0 0
BBX 10 3 -14 25
BITMAP
78C0
FFC0
C780
ENDCHAR
STARTCHAR combininghookabove
ENCODING 777
SWIDTH 0 0
DWIDTH 0 0
BBX 7 5 -7 24
BITMAP
F8
0E
0E
3C
30
ENDCHAR
STARTCHAR combiningdotbelow
ENCODING 803
SWIDTH 0 0
DWIDTH 0 0
BBX 3 3 -12 -5
BITMAP
E0
E0
E0
ENDCHAR
STARTCHAR semicolon.dup3
ENCODING 894
SWIDTH 277 0
DWIDTH 9 0
BBX 3 22 3 -5
BITMAP
E0
E0
E0
00
00
00
00
00
00
00
00
00
00
00
E0
E0
E0
60
60
60
40
C0
ENDCHAR
STARTCHAR tonos
ENCODING 900
SWIDTH 333 0
DWIDTH 11 0
BBX 6 4 4 19
BITMAP
3C
78
70
E0
ENDCHAR
STARTCHAR dieresistonos
ENCODING 901
SWIDTH 333 0
DWIDTH 11 0
BBX 12 4 -1 19
BITMAP
0380
E770
E670
EC70
ENDCHAR
STARTCHAR Alphatonos
ENCODING 902
SWIDTH 667 0
DWIDTH 21 0
BBX 21 23 0 0
BITMAP
0EF800
1CF800
38F800
71DC00
01DC00
01DC00
038E00
038E00
070700
070700
070700
0E0380
0E0380
0FFF80
1FFFC0
1FFFC0
3800E0
3800E0
3800E0
700070
700070
700070
E00038
ENDCHAR
STARTCHAR anoteleia
ENCODING 903
SWIDTH 277 0
DWIDTH 9 0
BBX 3 3 3 14
BITMAP
E0
E0
E0
ENDCHAR
STARTCHAR Epsilontonos
ENCODING 904
SWIDTH 784 0
DWIDTH 25 0
BBX 24 23 -1 0
BITMAP
1DFFFE
39FFFE
71FFFE
E1C000
01C000
01C000
01C000
01C000
01C000
01FFFC
01FFFC
01FFFC
01C000
01C000
01C000
01C000
01C000
01C000
01C000
01C000
01FFFF
01FFFF
01FFFF
ENDCHAR
STARTCHAR Etatonos
ENCODING 905
SWIDTH 837 0
DWIDTH 27 0
BBX 25 23 -1 0
BITMAP
1F800380
3B800380
73800380
E3800380
03800380
03800380
03800380
03800380
03800380
03FFFF80
03FFFF80
03FFFF80
03800380
03800380
03800380
03800380
03800380
03800380
03800380
03800380
03800380
03800380
03800380
ENDCHAR
STARTCHAR Iotatonos
ENCODING 906
SWIDTH 383 0
DWIDTH 12 0
BBX 10 23 -1 0
BITMAP
1DC0
39C0
71C0
E1C0
01C0
01C0
01C0
01C0
01C0
01C0
01C0
01C0
01C0
01C0
01C0
01C0
01C0
01C0
01C0
01C0
01C0
01C0
01C0
ENDCHAR
STARTCHAR Omicrontonos
ENCODING 908
SWIDTH 774 0
DWIDTH 25 0
BBX 25 23 -1 0
BITMAP
1C3F8000
39FFF000
73FFF800
E7C07C00
0F001E00
1E000F00
1C000700
1C000700
38000380
38000380
38000380
38000380
38000380
38000380
38000380
1C000700
1C000700
1E000F00
0F001E00
07C07C00
03FFF800
01FFF000
003F8000
ENDCHAR
STARTCHAR Upsilontonos
ENCODING 910
SWIDTH 855 0
DWIDTH 26 0
BBX 28 23 -2 0
BITMAP
1DC000F0
38E001E0
707001C0
E07803C0
003C0780
001C0700
000E0F00
000F1E00
00071C00
0003B800
0003B800
0001F000
0000E000
0000E000
0000E000
0000E000
0000E000
0000E000
0000E000
0000E000
0000E000
0000E000
0000E000
ENDCHAR
STARTCHAR Omegatonos
ENCODING 911
SWIDTH 752 0
DWIDTH 24 0
BBX 24 23 -1 0
BITMAP
1C3F80
38FFE0
71FFF0
E3E0F8
03C078
07803C
07001C
0F001E
0E000E
0E000E
0E000E
0E000E
0E000E
0E000E
06000C
07001C
07001C
038038
01C070
01E0F0
1FF1FF
1FF1FF
1FF1FF
ENDCHAR
STARTCHAR iotadieresistonos
ENCODING 912
SWIDTH 222 0
DWIDTH 7 0
BBX 12 24 -2 0
BITMAP
0380
E770
E670
EC70
0000
0000
0000
0E00
0E00
0E00
0E00
0E00
0E00
0E00
0E00
0E00
0E00
0E00
0E00
0E00
0E00
0E00
0E00
0E00
ENDCHAR
STARTCHAR Alpha
ENCODING 913
SWIDTH 666 0
DWIDTH 21 0
BBX 21 23 0 0
BITMAP
00F800
00F800
00F800
01DC00
01DC00
01DC00
038E00
038E00
070700
070700
070700
0E0380
0E0380
0FFF80
1FFFC0
1FFFC0
3800E0
3800E0
3800E0
700070
700070
700070
E00038
ENDCHAR
STARTCHAR Beta
ENCODING 914
SWIDTH 666 0
DWIDTH 21 0
BBX 17 23 3 0
BITMAP
FFF000
FFFC00
FFFE00
E01F00
E00700
E00700
E00700
E00700
E01E00
FFFC00
FFFC00
FFFE00
E00F00
E00780
E00380
E00380
E00380
E00380
E00780
E00F00
FFFF00
FFFE00
FFF800
ENDCHAR
STARTCHAR Gamma
ENCODING 915
SWIDTH 550 0
DWIDTH 18 0
BBX 15 23 3 0
BITMAP
FFFE
FFFE
FFFE
E000
E000
E000
E000
E000
E000
E000
E000
E000
E000
E000
E000
E000
E000
E000
E000
E000
E000
E000
E000
ENDCHAR
STARTCHAR Delta
ENCODING 916
SWIDTH 667 0
DWIDTH 21 0
BBX 19 23 1 0
BITMAP
00E000
01F000
01F000
01F000
03B800
03B800
03B800
071C00
071C00
0F0E00
0E0E00
0E0E00
1C0700
1C0700
1C0700
380380
380380
380380
7001C0
7001C0
FFFFE0
FFFFE0
FFFFE0
ENDCHAR
STARTCHAR Epsilon
ENCODING 917
SWIDTH 666 0
DWIDTH 21 0
BBX 16 23 3 0
BITMAP
FFFE
FFFE
FFFE
E000
E000
E000
E000
E000
E000
FFFC
FFFC
FFFC
E000
E000
E000
E000
E000
E000
E000
E000
FFFF
FFFF
FFFF
ENDCHAR
STARTCHAR Zeta
ENCODING 918
SWIDTH 610 0
DWIDTH 20 0
BBX 19 23 0 0
BITMAP
7FFFC0
7FFFC0
7FFFC0
0003C0
000780
000F00
001E00
001C00
003800
007000
00F000
01E000
03C000
078000
070000
0E0000
1E0000
3C0000
780000
F00000
FFFFE0
FFFFE0
FFFFE0
ENDCHAR
STARTCHAR Eta
ENCODING 919
SWIDTH 722 0
DWIDTH 23 0
BBX 17 23 3 0
BITMAP
E00380
E00380
E00380
E00380
E00380
E00380
E00380
E00380
E00380
FFFF80
FFFF80
FFFF80
E00380
E00380
E00380
E00380
E00380
E00380
E00380
E00380
E00380
E00380
E00380
ENDCHAR
STARTCHAR Theta
ENCODING 920
SWIDTH 777 0
DWIDTH 25 0
BBX 23 23 1 0
BITMAP
00FE00
07FFC0
0FFFE0
1F01F0
3C0078
78003C
70001C
70001C
E0000E
E0000E
E3FF8E
E3FF8E
E3FF8E
E0000E
E0000E
70001C
70001C
78003C
3C0078
1F01F0
0FFFE0
07FFC0
00FE00
ENDCHAR
STARTCHAR Iota
ENCODING 921
SWIDTH 277 0
DWIDTH 9 0
BBX 3 23 3 0
BITMAP
E0
E0
E0
E0
E0
E0
E0
E0
E0
E0
E0
E0
E0
E0
E0
E0
E0
E0
E0
E0
E0
E0
E0
ENDCHAR
STARTCHAR Kappa
ENCODING 922
SWIDTH 666 0
DWIDTH 21 0
BBX 19 23 3 0
BITMAP
E003C0
E00780
E00F00
E01E00
E03C00
E07800
E0F000
E1E000
E3C000
E78000
EF8000
FFC000
FDE000
F8F000
F0F000
E07800
E03C00
E01E00
E00E00
E00700
E00780
E003C0
E001E0
ENDCHAR
STARTCHAR Lambda
ENCODING 923
SWIDTH 667 0
DWIDTH 21 0
BBX 19 23 1 0
BITMAP
00E000
01F000
01F000
01F000
03B800
03B800
03B800
071C00
071C00
070E00
0E0E00
0E0E00
1C0700
1C0700
1C0700
380380
380380
380380
7001C0
7001C0
E000E0
E000E0
E000E0
ENDCHAR
STARTCHAR Mu
ENCODING 924
SWIDTH 833 0
DWIDTH 27 0
BBX 21 23 3 0
BITMAP
F800F8
F800F8
FC01F8
FC01F8
FC01F8
EE03B8
EE03B8
EE03B8
E60338
E70738
E70738
E70738
E38E38
E38E38
E38E38
E18C38
E1DC38
E1DC38
E1DC38
E0D838
E0F838
E0F838
E07038
ENDCHAR
STARTCHAR Nu
ENCODING 925
SWIDTH 722 0
DWIDTH 23 0
BBX 17 23 3 0
BITMAP
E00380
F00380
F80380
F80380
FC0380
FC0380
EE0380
E70380
E70380
E38380
E38380
E1C380
E0E380
E0E380
E07380
E07380
E03B80
E01F80
E01F80
E00F80
E00F80
E00780
E00380
ENDCHAR
STARTCHAR Xi
ENCODING 926
SWIDTH 649 0
DWIDTH 21 0
BBX 17 23 2 0
BITMAP
FFFF80
FFFF80
FFFF80
000000
000000
000000
000000
000000
000000
000000
3FFE00
3FFE00
3FFE00
000000
000000
000000
000000
000000
000000
000000
FFFF80
FFFF80
FFFF80
ENDCHAR
STARTCHAR Omicron
ENCODING 927
SWIDTH 777 0
DWIDTH 25 0
BBX 23 23 1 0
BITMAP
00FE00
07FFC0
0FFFE0
1F01F0
3C0078
78003C
70001C
70001C
E0000E
E0000E
E0000E
E0000E
E0000E
E0000E
E0000E
70001C
70001C
78003C
3C0078
1F01F0
0FFFE0
07FFC0
00FE00
ENDCHAR
STARTCHAR Pi
ENCODING 928
SWIDTH 722 0
DWIDTH 23 0
BBX 17 23 3 0
BITMAP
FFFF80
FFFF80
FFFF80
E00380
E00380
E00380
E00380
E00380
E00380
E00380
E00380
E00380
E00380
E00380
E00380
E00380
E00380
E00380
E00380
E00380
E00380
E00380
E00380
ENDCHAR
STARTCHAR Rho
ENCODING 929
SWIDTH 666 0
DWIDTH 21 0
BBX 17 23 3 0
BITMAP
FFF800
FFFE00
FFFF00
E00F00
E00780
E00380
E00380
E00380
E00380
E00780
E00F00
FFFF00
FFFE00
FFF800
E00000
E00000
E00000
E00000
E00000
E00000
E00000
E00000
E00000
ENDCHAR
STARTCHAR Sigma
ENCODING 931
SWIDTH 618 0
DWIDTH 20 0
BBX 16 23 3 0
BITMAP
FFFE
FFFE
FFFE
E000
7000
3800
1C00
0E00
0700
0380
01C0
01C0
0380
0700
0E00
0E00
1C00
3800
7000
E000
FFFF
FFFF
FFFF
ENDCHAR
STARTCHAR Tau
ENCODING 932
SWIDTH 610 0
DWIDTH 19 0
BBX 19 23 0 0
BITMAP
FFFFE0
FFFFE0
FFFFE0
00E000
00E000
00E000
00E000
00E000
00E000
00E000
00E000
00E000
00E000
00E000
00E000
00E000
00E000
00E000
00E000
00E000
00E000
00E000
00E000
ENDCHAR
STARTCHAR Upsilon
ENCODING 933
SWIDTH 666 0
DWIDTH 21 0
BBX 21 23 0 0
BITMAP
E00078
7000F0
3800E0
3C01E0
1C03C0
0E0380
0F0780
078F00
038E00
03DE00
01DC00
00F800
00F800
007000
007000
007000
007000
007000
007000
007000
007000
007000
007000
ENDCHAR
STARTCHAR Phi
ENCODING 934
SWIDTH 797 0
DWIDTH 26 0
BBX 24 23 1 0
BITMAP
001800
001800
001800
01FF80
0FFFE0
1FFFF8
3E187C
78181E
70180E
E01807
E01807
E01807
E01807
E01807
70180E
78181E
3F187C
1FFFF8
0FFFF0
01FF80
001800
001800
001800
ENDCHAR
STARTCHAR Chi
ENCODING 935
SWIDTH 666 0
DWIDTH 21 0
BBX 21 23 0 0
BITMAP
7800F0
3C01E0
1C01C0
0E0380
0F0780
078F00
038E00
01DC00
01DC00
00F800
007000
00F800
00F800
01DC00
03DE00
038E00
070700
0F0780
1E03C0
1C01C0
3800E0
7800F0
F00078
ENDCHAR
STARTCHAR Psi
ENCODING 936
SWIDTH 835 0
DWIDTH 27 0
BBX 23 23 2 0
BITMAP
E0380E
E0380E
E0380E
E0380E
E0380E
E0380E
E0380E
E0380E
E0380E
F0381E
70381C
78383C
3E38F8
3FFFF8
0FFFE0
03FF80
003800
003800
003800
003800
003800
003800
003800
ENDCHAR
STARTCHAR Omega
ENCODING 937
SWIDTH 747 0
DWIDTH 24 0
BBX 21 23 2 0
BITMAP
01FC00
07FF00
0FFF80
1F07C0
1E03C0
3C01E0
3800E0
7800F0
700070
700070
700070
700070
700070
700070
300060
3800E0
3800E0
1C01C0
0E0380
0F0780
FF8FF8
FF8FF8
FF8FF8
ENDCHAR
STARTCHAR Iotadieresis
ENCODING 938
SWIDTH 277 0
DWIDTH 9 0
BBX 9 28 0 0
BITMAP
E380
E380
E380
0000
0000
1C00
1C00
1C00
1C00
1C00
1C00
1C00
1C00
1C00
1C00
1C00
1C00
1C00
1C00
1C00
1C00
1C00
1C00
1C00
1C00
1C00
1C00
1C00
ENDCHAR
STARTCHAR Upsilondieresis
ENCODING 939
SWIDTH 666 0
DWIDTH 21 0
BBX 21 28 0 0
BITMAP
038E00
038E00
038E00
000000
000000
E00078
7000F0
3800E0
3C01E0
1C03C0
0E0380
0F0780
078F00
038E00
03DE00
01DC00
00F800
00F800
007000
007000
007000
007000
007000
007000
007000
007000
007000
007000
ENDCHAR
STARTCHAR alphatonos
ENCODING 940
SWIDTH 578 0
DWIDTH 19 0
BBX 17 23 1 0
BITMAP
003C00
007800
007000
00E000
000000
000000
07C380
1FF380
3FFF80
7C3F80
700F00
F00F00
E00700
E00700
E00700
E00700
E00700
F00F00
700F00
7C3F00
3FFF80
1FF780
0FC380
ENDCHAR
STARTCHAR epsilontonos
ENCODING 941
SWIDTH 445 0
DWIDTH 14 0
BBX 12 23 1 0
BITMAP
03C0
0780
0700
0E00
0000
0000
0F00
3FC0
3FE0
78C0
7000
7000
7800
3F00
1F00
7F00
F000
E000
E060
F0F0
7FE0
7FC0
1F00
ENDCHAR
STARTCHAR etatonos
ENCODING 942
SWIDTH 556 0
DWIDTH 18 0
BBX 14 29 2 -6
BITMAP
00F0
01E0
01C0
0380
0000
0000
E7E0
EFF8
FFF8
F83C
F03C
E01C
E01C
E01C
E01C
E01C
E01C
E01C
E01C
E01C
E01C
E01C
E01C
001C
001C
001C
001C
001C
001C
ENDCHAR
STARTCHAR iotatonos
ENCODING 943
SWIDTH 222 0
DWIDTH 7 0
BBX 6 23 1 0
BITMAP
3C
78
70
E0
00
00
70
70
70
70
70
70
70
70
70
70
70
70
70
70
70
70
70
ENDCHAR
STARTCHAR upsilondieresistonos
ENCODING 944
SWIDTH 546 0
DWIDTH 18 0
BBX 14 23 2 0
BITMAP
0380
E370
E770
E670
0000
0000
E01C
E01C
E01C
E01C
E01C
E01C
E01C
E01C
E01C
E01C
E01C
E01C
F03C
7878
7FF8
3FF0
0FC0
ENDCHAR
STARTCHAR alpha
ENCODING 945
SWIDTH 578 0
DWIDTH 19 0
BBX 17 17 1 0
BITMAP
07C380
1FF380
3FFF80
7C3F80
700F00
F00F00
E00700
E00700
E00700
E00700
E00700
F00F00
700F00
7C3F00
3FFF80
1FF780
0FC380
ENDCHAR
STARTCHAR beta
ENCODING 946
SWIDTH 575 0
DWIDTH 18 0
BBX 15 29 2 -6
BITMAP
0FC0
3FF0
7FF8
787C
F01C
E01C
E01C
E03C
E078
E7F0
E780
E7F0
E07C
E01C
E00E
E00E
E00E
F00E
F01E
FC3C
EFFC
EFF8
E3E0
E000
E000
E000
E000
E000
E000
ENDCHAR
STARTCHAR gamma
ENCODING 947
SWIDTH 500 0
DWIDTH 16 0
BBX 15 23 1 -6
BITMAP
E00E
E00E
E00E
701C
701C
3838
3838
3838
1C70
1C70
0EF0
0EE0
0EE0
07C0
07C0
07C0
0380
0380
0380
0380
0380
0380
0380
ENDCHAR
STARTCHAR delta
ENCODING 948
SWIDTH 556 0
DWIDTH 18 0
BBX 16 23 1 0
BITMAP
3FFE
3FFE
3FFE
1E00
0700
03C0
07F0
1FF8
3FFC
7C3E
700E
F00F
E007
E007
E007
E007
E007
F00F
700E
7C3E
3FFC
1FF8
07E0
ENDCHAR
STARTCHAR epsilon
ENCODING 949
SWIDTH 445 0
DWIDTH 14 0
BBX 12 17 1 0
BITMAP
0F00
3FC0
3FE0
78C0
7000
7000
7800
3F00
1F00
7F00
F000
E000
E060
F0F0
7FE0
7FC0
1F00
ENDCHAR
STARTCHAR zeta
ENCODING 950
SWIDTH 440 0
DWIDTH 14 0
BBX 13 29 1 -6
BITMAP
1FF8
1FF8
1FF8
0070
01C0
0380
0700
0E00
1C00
1C00
3800
7000
7000
F000
E000
E000
E000
E000
E000
F800
7FC0
3FF0
1FF8
0078
0038
0078
00F0
01E0
01C0
ENDCHAR
STARTCHAR eta
ENCODING 951
SWIDTH 556 0
DWIDTH 18 0
BBX 14 23 2 -6
BITMAP
E7E0
EFF8
FFF8
F83C
F03C
E01C
E01C
E01C
E01C
E01C
E01C
E01C
E01C
E01C
E01C
E01C
E01C
001C
001C
001C
001C
001C
001C
ENDCHAR
STARTCHAR theta
ENCODING 952
SWIDTH 556 0
DWIDTH 17 0
BBX 15 23 1 0
BITMAP
07C0
1FF0
3FF8
7878
701C
701C
E00E
E00E
E00E
E00E
FFFE
FFFE
FFFE
E00E
E00E
E00E
E00E
701C
701C
787C
3FF8
1FF0
07C0
ENDCHAR
STARTCHAR iota
ENCODING 953
SWIDTH 222 0
DWIDTH 7 0
BBX 3 17 2 0
BITMAP
E0
E0
E0
E0
E0
E0
E0
E0
E0
E0
E0
E0
E0
E0
E0
E0
E0
ENDCHAR
STARTCHAR kappa
ENCODING 954
SWIDTH 500 0
DWIDTH 16 0
BBX 13 17 2 0
BITMAP
E070
E0E0
E1C0
E380
E300
E600
EC00
FC00
FE00
E700
E380
E380
E1C0
E0E0
E070
E070
E038
ENDCHAR
STARTCHAR lambda
ENCODING 955
SWIDTH 500 0
DWIDTH 16 0
BBX 15 23 0 0
BITMAP
0E00
0E00
0E00
0700
0700
0380
0380
0380
07C0
07C0
0FE0
0EE0
0EE0
1C70
1C70
3C78
3838
3838
701C
701C
F01E
E00E
E00E
ENDCHAR
STARTCHAR mu
ENCODING 956
SWIDTH 576 0
DWIDTH 18 0
BBX 14 23 2 -6
BITMAP
E01C
E01C
E01C
E01C
E01C
E01C
E01C
E01C
E01C
E01C
E01C
E01C
F03C
F87C
FFFC
EFDC
E79C
E000
E000
E000
E000
E000
E000
ENDCHAR
STARTCHAR nu
ENCODING 957
SWIDTH 500 0
DWIDTH 15 0
BBX 15 17 0 0
BITMAP
E00E
701C
701C
701C
3838
3838
3838
1C70
1C70
1C70
0EE0
0EE0
06C0
06C0
07C0
0380
0380
ENDCHAR
STARTCHAR xi
ENCODING 958
SWIDTH 447 0
DWIDTH 14 0
BBX 13 29 1 -6
BITMAP
07E0
1FE0
3FE0
7800
7000
7000
7800
3FE0
1FE0
0FE0
1F00
3C00
7800
7000
E000
E000
E000
E000
F000
7800
7FC0
3FF0
07F8
0078
0038
0078
01F0
03E0
0380
ENDCHAR
STARTCHAR omicron
ENCODING 959
SWIDTH 556 0
DWIDTH 17 0
BBX 15 17 1 0
BITMAP
07C0
1FF0
3FF8
783C
701C
F01E
E00E
E00E
E00E
E00E
E00E
F01E
701C
783C
3FF8
1FF0
07C0
ENDCHAR
STARTCHAR pi
ENCODING 960
SWIDTH 689 0
DWIDTH 22 0
BBX 20 17 1 0
BITMAP
FFFFF0
FFFFF0
FFFFF0
0E0700
0E0700
0E0700
0E0700
0E0700
0E0700
0E0700
0E0700
0E0700
0E0700
0E0700
0E0700
0E0700
0E0700
ENDCHAR
STARTCHAR rho
ENCODING 961
SWIDTH 568 0
DWIDTH 17 0
BBX 14 23 2 -6
BITMAP
0FC0
3FE0
3FF0
7878
7038
E03C
E01C
E01C
E01C
E01C
E01C
E03C
F038
F878
FFF0
EFE0
E7C0
E000
E000
E000
E000
E000
E000
ENDCHAR
STARTCHAR sigma1
ENCODING 962
SWIDTH 481 0
DWIDTH 14 0
BBX 13 23 1 -6
BITMAP
03F0
0FF8
1FF8
3E00
7800
7000
F000
E000
E000
E000
E000
F000
7000
7C00
3F80
1FE0
07F0
00F0
0070
00F0
07E0
0FE0
0F80
ENDCHAR
STARTCHAR sigma
ENCODING 963
SWIDTH 617 0
DWIDTH 20 0
BBX 18 17 1 0
BITMAP
07FFC0
1FFFC0
3FFFC0
783800
701C00
F01E00
E00E00
E00E00
E00E00
E00E00
E00E00
F01E00
701C00
783C00
3FF800
1FF000
07C000
ENDCHAR
STARTCHAR tau
ENCODING 964
SWIDTH 395 0
DWIDTH 13 0
BBX 9 17 2 0
BITMAP
FF80
FF80
FF80
1C00
1C00
1C00
1C00
1C00
1C00
1C00
1C00
1C00
1C00
1C00
1C00
1C00
1C00
ENDCHAR
STARTCHAR upsilon
ENCODING 965
SWIDTH 546 0
DWIDTH 18 0
BBX 14 17 2 0
BITMAP
E01C
E01C
E01C
E01C
E01C
E01C
E01C
E01C
E01C
E01C
E01C
E01C
F03C
7878
7FF8
3FF0
0FC0
ENDCHAR
STARTCHAR phi
ENCODING 966
SWIDTH 648 0
DWIDTH 21 0
BBX 19 23 1 -6
BITMAP
0E7E00
1EFF00
3EFF80
78E3C0
70E1C0
E0E0E0
E0E0E0
E0E0E0
E0E0E0
E0E0E0
E0E1E0
70E1C0
78E3C0
3CE780
1FFF00
0FFE00
03F800
00E000
00E000
00E000
00E000
00E000
00E000
ENDCHAR
STARTCHAR chi
ENCODING 967
SWIDTH 524 0
DWIDTH 17 0
BBX 15 23 1 -6
BITMAP
E00E
E00E
701C
783C
3838
1C70
1C70
0EE0
0EE0
07C0
07C0
0380
07C0
07C0
0EE0
0EE0
1C70
1C70
3838
783C
701C
E00E
E00E
ENDCHAR
STARTCHAR psi
ENCODING 968
SWIDTH 712 0
DWIDTH 23 0
BBX 19 23 2 -6
BITMAP
E0E0E0
E0E0E0
E0E0E0
E0E0E0
E0E0E0
E0E0E0
E0E0E0
E0E0E0
E0E0E0
E0E0E0
E0E0E0
E0E0E0
F0E1E0
70E1C0
3CE780
1FFF00
07FC00
00E000
00E000
00E000
00E000
00E000
00E000
ENDCHAR
STARTCHAR omega
ENCODING 969
SWIDTH 780 0
DWIDTH 24 0
BBX 22 17 1 0
BITMAP
1C00E0
380070
380070
700038
703838
E0381C
E0381C
E0381C
E0381C
E0381C
E0381C
F0381C
707C38
78EE78
3FEFF8
3FC7F0
0F83E0
ENDCHAR
STARTCHAR iotadieresis
ENCODING 970
SWIDTH 222 0
DWIDTH 7 0
BBX 9 22 -1 0
BITMAP
E380
E380
E380
0000
0000
1C00
1C00
1C00
1C00
1C00
1C00
1C00
1C00
1C00
1C00
1C00
1C00
1C00
1C00
1C00
1C00
1C00
ENDCHAR
STARTCHAR upsilondieresis
ENCODING 971
SWIDTH 546 0
DWIDTH 18 0
BBX 14 22 2 0
BITMAP
1C70
1C70
1C70
0000
0000
E01C
E01C
E01C
E01C
E01C
E01C
E01C
E01C
E01C
E01C
E01C
E01C
F03C
7878
7FF8
3FF0
0FC0
ENDCHAR
STARTCHAR omicrontonos
ENCODING 972
SWIDTH 556 0
DWIDTH 17 0
BBX 15 23 1 0
BITMAP
00F0
01E0
01C0
0380
0000
0000
07C0
1FF0
3FF8
783C
701C
F01E
E00E
E00E
E00E
E00E
E00E
F01E
701C
783C
3FF8
1FF0
07C0
ENDCHAR
STARTCHAR upsilontonos
ENCODING 973
SWIDTH 546 0
DWIDTH 18 0
BBX 14 23 2 0
BITMAP
01E0
01C0
0380
0300
0000
0000
E01C
E01C
E01C
E01C
E01C
E01C
E01C
E01C
E01C
E01C
E01C
E01C
F03C
7878
7FF8
3FF0
0FC0
ENDCHAR
STARTCHAR omegatonos
ENCODING 974
SWIDTH 780 0
DWIDTH 24 0
BBX 22 23 1 0
BITMAP
001E00
001C00
003800
003000
000000
000000
1C00E0
380070
380070
700038
703838
E0381C
E0381C
E0381C
E0381C
E0381C
E0381C
F0381C
707C38
78EE78
3FEFF8
3FC7F0
0F83E0
ENDCHAR
STARTCHAR afii10023
ENCODING 1025
SWIDTH 667 0
DWIDTH 21 0
BBX 16 28 3 0
BITMAP
1C70
1C70
1C70
0000
0000
FFFE
FFFE
FFFE
E000
E000
E000
E000
E000
E000
FFFC
FFFC
FFFC
E000
E000
E000
E000
E000
E000
E000
E000
FFFF
FFFF
FFFF
ENDCHAR
STARTCHAR afii10051
ENCODING 1026
SWIDTH 864 0
DWIDTH 28 0
BBX 26 23 1 0
BITMAP
FFFFE000
FFFFE000
FFFFE000
00E00000
00E00000
00E00000
00E00000
00E00000
00E1F800
00EFFE00
00FFFF00
00FC0F80
00E00380
00E003C0
00E001C0
00E001C0
00E001C0
00E001C0
00E00380
00E08780
00E1FF00
00E1FE00
00E0FC00
ENDCHAR
STARTCHAR afii10052
ENCODING 1027
SWIDTH 541 0
DWIDTH 17 0
BBX 14 29 3 0
BITMAP
00F0
01E0
01C0
0380
0000
0000
FFFC
FFFC
FFFC
E000
E000
E000
E000
E000
E000
E000
E000
E000
E000
E000
E000
E000
E000
E000
E000
E000
E000
E000
E000
ENDCHAR
STARTCHAR afii10053
ENCODING 1028
SWIDTH 718 0
DWIDTH 23 0
BBX 21 23 1 0
BITMAP
00FE00
07FF80
0FFFE0
1F03F0
3C00F0
780078
700030
700000
E00000
FFF000
FFF000
FFF000
E00000
E00000
E00000
F00030
700078
780070
3C00F0
3F03E0
1FFFC0
07FF80
01FE00
ENDCHAR
STARTCHAR afii10054
ENCODING 1029
SWIDTH 666 0
DWIDTH 21 0
BBX 18 23 1 0
BITMAP
07F000
1FFC00
3FFE00
3C0F00
780780
700380
700380
700000
380000
3F8000
1FF800
07FE00
007F00
000F80
0003C0
E001C0
E001C0
F001C0
7003C0
7C0F80
3FFF00
1FFE00
03F800
ENDCHAR
STARTCHAR afii10055
ENCODING 1030
SWIDTH 277 0
DWIDTH 9 0
BBX 3 23 3 0
BITMAP
E0
E0
E0
E0
E0
E0
E0
E0
E0
E0
E0
E0
E0
E0
E0
E0
E0
E0
E0
E0
E0
E0
E0
ENDCHAR
STARTCHAR afii10056
ENCODING 1031
SWIDTH 277 0
DWIDTH 9 0
BBX 9 28 0 0
BITMAP
E380
E380
E380
0000
0000
1C00
1C00
1C00
1C00
1C00
1C00
1C00
1C00
1C00
1C00
1C00
1C00
1C00
1C00
1C00
1C00
1C00
1C00
1C00
1C00
1C00
1C00
1C00
ENDCHAR
STARTCHAR afii10057
ENCODING 1032
SWIDTH 500 0
DWIDTH 16 0
BBX 12 23 1 0
BITMAP
0070
0070
0070
0070
0070
0070
0070
0070
0070
0070
0070
0070
0070
0070
0070
0070
E070
E070
E070
F0E0
7FE0
3FC0
1F80
ENDCHAR
STARTCHAR afii10058
ENCODING 1033
SWIDTH 1057 0
DWIDTH 34 0
BBX 33 23 0 0
BITMAP
0FFFE00000
0FFFE00000
0FFFE00000
0E00E00000
0E00E00000
0E00E00000
0E00E00000
0E00E00000
0E00E00000
0E00FFF800
0E00FFFE00
0E00FFFF00
0E00E00F00
0E00E00780
0E00E00380
0E00E00380
0E00E00380
0E00E00380
0E00E00780
9E00E00F00
FC00FFFF00
FC00FFFE00
7800FFF800
ENDCHAR
STARTCHAR afii10059
ENCODING 1034
SWIDTH 1010 0
DWIDTH 32 0
BBX 28 23 3 0
BITMAP
E01C0000
E01C0000
E01C0000
E01C0000
E01C0000
E01C0000
E01C0000
E01C0000
E01C0000
FFFFFF00
FFFFFFC0
FFFFFFE0
E01C01E0
E01C00F0
E01C0070
E01C0070
E01C0070
E01C0070
E01C00F0
E01C01E0
E01FFFE0
E01FFFC0
E01FFF00
ENDCHAR
STARTCHAR afii10060
ENCODING 1035
SWIDTH 854 0
DWIDTH 27 0
BBX 24 23 1 0
BITMAP
FFFFE0
FFFFE0
FFFFE0
00E000
00E000
00E000
00E000
00E000
00E3F0
00EFFC
00FFFE
00FC1E
00E00F
00E007
00E007
00E007
00E007
00E007
00E007
00E007
00E007
00E007
00E007
ENDCHAR
STARTCHAR afii10061
ENCODING 1036
SWIDTH 582 0
DWIDTH 19 0
BBX 16 29 3 0
BITMAP
01E0
01C0
0380
0300
0000
0000
E00F
E01F
E03F
E078
E070
E0E0
E0E0
E1E0
E1C0
E3C0
FF80
FE00
E780
E1C0
E0E0
E0E0
E070
E038
E038
E01C
E01E
E00E
E007
ENDCHAR
STARTCHAR afii10062
ENCODING 1038
SWIDTH 635 0
DWIDTH 20 0
BBX 19 29 1 0
BITMAP
030C00
030C00
03FC00
00F000
000000
000000
E000E0
E000E0
7001C0
7001C0
380380
380380
1C0700
1E0700
0E0E00
070E00
071C00
039C00
03B800
01F800
01F000
00F000
00E000
00E000
01C000
23C000
3F8000
3F0000
1E0000
ENDCHAR
STARTCHAR afii10145
ENCODING 1039
SWIDTH 718 0
DWIDTH 23 0
BBX 17 29 3 -6
BITMAP
E00380
E00380
E00380
E00380
E00380
E00380
E00380
E00380
E00380
E00380
E00380
E00380
E00380
E00380
E00380
E00380
E00380
E00380
E00380
E00380
FFFF80
FFFF80
FFFF80
01C000
01C000
01C000
01C000
01C000
01C000
ENDCHAR
STARTCHAR afii10017
ENCODING 1040
SWIDTH 666 0
DWIDTH 21 0
BBX 21 23 0 0
BITMAP
00F800
00F800
00F800
01DC00
01DC00
01DC00
038E00
038E00
070700
070700
070700
0E0380
0E0380
0FFF80
1FFFC0
1FFFC0
3800E0
3800E0
3800E0
700070
700070
700070
E00038
ENDCHAR
STARTCHAR afii10018
ENCODING 1041
SWIDTH 656 0
DWIDTH 20 0
BBX 16 23 3 0
BITMAP
FFFC
FFFC
FFFC
E000
E000
E000
E000
E000
E000
FFF0
FFFC
FFFE
E01E
E00F
E007
E007
E007
E007
E00F
E01E
FFFE
FFFC
FFF0
ENDCHAR
STARTCHAR afii10019
ENCODING 1042
SWIDTH 666 0
DWIDTH 21 0
BBX 17 23 3 0
BITMAP
FFF000
FFFC00
FFFE00
E01F00
E00700
E00700
E00700
E00700
E01E00
FFFC00
FFFC00
FFFE00
E00F00
E00780
E00380
E00380
E00380
E00380
E00780
E00F00
FFFF00
FFFE00
FFF800
ENDCHAR
STARTCHAR afii10020
ENCODING 1043
SWIDTH 541 0
DWIDTH 17 0
BBX 14 23 3 0
BITMAP
FFFC
FFFC
FFFC
E000
E000
E000
E000
E000
E000
E000
E000
E000
E000
E000
E000
E000
E000
E000
E000
E000
E000
E000
E000
ENDCHAR
STARTCHAR afii10021
ENCODING 1044
SWIDTH 677 0
DWIDTH 22 0
BBX 21 28 0 -5
BITMAP
07FFE0
07FFE0
07FFE0
0700E0
0700E0
0700E0
0700E0
0700E0
0700E0
0700E0
0700E0
0600E0
0E00E0
0E00E0
0E00E0
0E00E0
0C00E0
1C00E0
1C00E0
3800E0
FFFFF8
FFFFF8
FFFFF8
E00038
E00038
E00038
E00038
E00038
ENDCHAR
STARTCHAR afii10022
ENCODING 1045
SWIDTH 666 0
DWIDTH 21 0
BBX 16 23 3 0
BITMAP
FFFE
FFFE
FFFE
E000
E000
E000
E000
E000
E000
FFFC
FFFC
FFFC
E000
E000
E000
E000
E000
E000
E000
E000
FFFF
FFFF
FFFF
ENDCHAR
STARTCHAR afii10024
ENCODING 1046
SWIDTH 923 0
DWIDTH 30 0
BBX 29 23 0 0
BITMAP
F0070078
F80700F8
FC0701F8
1E0703C0
0E070380
07070700
07070700
07870E00
03870E00
01C71C00
00FFF800
00FFF800
01E73C00
03870E00
07070700
0F070780
0E070380
1C0701C0
1C0701C0
380700E0
780700F0
70070070
E0070038
ENDCHAR
STARTCHAR afii10025
ENCODING 1047
SWIDTH 604 0
DWIDTH 19 0
BBX 17 23 1 0
BITMAP
07F000
1FFC00
3FFE00
7C1E00
700F00
F00700
E00700
600F00
001E00
01FC00
01F800
01FE00
001F00
000700
000380
600380
F00380
F00380
780780
3C1F00
3FFE00
1FFC00
07F000
ENDCHAR
STARTCHAR afii10026
ENCODING 1048
SWIDTH 718 0
DWIDTH 23 0
BBX 17 23 3 0
BITMAP
E00380
E00780
E00F80
E00F80
E01F80
E01F80
E03B80
E07380
E07380
E0E380
E0E380
E1C380
E38380
E38380
E70380
E70380
EE0380
FC0380
FC0380
F80380
F80380
F00380
E00380
ENDCHAR
STARTCHAR afii10027
ENCODING 1049
SWIDTH 718 0
DWIDTH 23 0
BBX 17 29 3 0
BITMAP
0C1800
0E3800
07F000
03E000
000000
000000
E00380
E00780
E00F80
E00F80
E01F80
E01F80
E03B80
E07380
E07380
E0E380
E0E380
E1C380
E38380
E38380
E70380
E70380
EE0380
FC0380
FC0380
F80380
F80380
F00380
E00380
ENDCHAR
STARTCHAR afii10028
ENCODING 1050
SWIDTH 582 0
DWIDTH 19 0
BBX 16 23 3 0
BITMAP
E00F
E01F
E03F
E078
E070
E0E0
E0E0
E1E0
E1C0
E3C0
FF80
FE00
E780
E1C0
E0E0
E0E0
E070
E038
E038
E01C
E01E
E00E
E007
ENDCHAR
STARTCHAR afii10029
ENCODING 1051
SWIDTH 656 0
DWIDTH 21 0
BBX 18 23 0 0
BITMAP
0FFFC0
0FFFC0
0FFFC0
0E01C0
0E01C0
0E01C0
0E01C0
0E01C0
0E01C0
0E01C0
0E01C0
0E01C0
0E01C0
0E01C0
0E01C0
0E01C0
0E01C0
0E01C0
0E01C0
9E01C0
FC01C0
FC01C0
7801C0
ENDCHAR
STARTCHAR afii10030
ENCODING 1052
SWIDTH 833 0
DWIDTH 27 0
BBX 21 23 3 0
BITMAP
F800F8
F800F8
FC01F8
FC01F8
FC01F8
EE03B8
EE03B8
EE03B8
E60338
E70738
E70738
E70738
E38E38
E38E38
E38E38
E18C38
E1DC38
E1DC38
E1DC38
E0D838
E0F838
E0F838
E07038
ENDCHAR
STARTCHAR afii10031
ENCODING 1053
SWIDTH 722 0
DWIDTH 23 0
BBX 17 23 3 0
BITMAP
E00380
E00380
E00380
E00380
E00380
E00380
E00380
E00380
E00380
FFFF80
FFFF80
FFFF80
E00380
E00380
E00380
E00380
E00380
E00380
E00380
E00380
E00380
E00380
E00380
ENDCHAR
STARTCHAR afii10032
ENCODING 1054
SWIDTH 777 0
DWIDTH 25 0
BBX 23 23 1 0
BITMAP
00FE00
07FFC0
0FFFE0
1F01F0
3C0078
78003C
70001C
70001C
E0000E
E0000E
E0000E
E0000E
E0000E
E0000E
E0000E
70001C
70001C
78003C
3C0078
1F01F0
0FFFE0
07FFC0
00FE00
ENDCHAR
STARTCHAR afii10033
ENCODING 1055
SWIDTH 718 0
DWIDTH 23 0
BBX 17 23 3 0
BITMAP
FFFF80
FFFF80
FFFF80
E00380
E00380
E00380
E00380
E00380
E00380
E00380
E00380
E00380
E00380
E00380
E00380
E00380
E00380
E00380
E00380
E00380
E00380
E00380
E00380
ENDCHAR
STARTCHAR afii10034
ENCODING 1056
SWIDTH 666 0
DWIDTH 21 0
BBX 17 23 3 0
BITMAP
FFF800
FFFE00
FFFF00
E00F00
E00780
E00380
E00380
E00380
E00380
E00780
E00F00
FFFF00
FFFE00
FFF800
E00000
E00000
E00000
E00000
E00000
E00000
E00000
E00000
E00000
ENDCHAR
STARTCHAR afii10035
ENCODING 1057
SWIDTH 722 0
DWIDTH 23 0
BBX 21 23 1 0
BITMAP
01FC00
07FF00
0FFFC0
1F03C0
3C01E0
7800F0
700070
F00000
E00000
E00000
E00000
E00000
E00000
E00000
E00000
700038
700078
780070
3C00F0
1F03E0
0FFFC0
07FF80
01FE00
ENDCHAR
STARTCHAR afii10036
ENCODING 1058
SWIDTH 610 0
DWIDTH 19 0
BBX 19 23 0 0
BITMAP
FFFFE0
FFFFE0
FFFFE0
00E000
00E000
00E000
00E000
00E000
00E000
00E000
00E000
00E000
00E000
00E000
00E000
00E000
00E000
00E000
00E000
00E000
00E000
00E000
00E000
ENDCHAR
STARTCHAR afii10037
ENCODING 1059
SWIDTH 635 0
DWIDTH 20 0
BBX 19 23 1 0
BITMAP
E000E0
E000E0
7001C0
7001C0
380380
380380
1C0700
1E0700
0E0E00
070E00
071C00
039C00
03B800
01F800
01F000
00F000
00E000
00E000
01C000
23C000
3F8000
3F0000
1E0000
ENDCHAR
STARTCHAR afii10038
ENCODING 1060
SWIDTH 760 0
DWIDTH 24 0
BBX 21 23 2 0
BITMAP
007000
007000
007000
03FE00
0FFF80
3FFFC0
3C71E0
7870F0
F07070
E07038
E07038
E07038
E07038
E07038
F07070
7870F0
3C71E0
3FFFC0
0FFF80
03FE00
007000
007000
007000
ENDCHAR
STARTCHAR afii10039
ENCODING 1061
SWIDTH 666 0
DWIDTH 21 0
BBX 21 23 0 0
BITMAP
7800F0
3C01E0
1C01C0
0E0380
0F0780
078F00
038E00
01DC00
01DC00
00F800
007000
00F800
00F800
01DC00
03DE00
038E00
070700
0F0780
1E03C0
1C01C0
3800E0
7800F0
F00078
ENDCHAR
STARTCHAR afii10040
ENCODING 1062
SWIDTH 739 0
DWIDTH 24 0
BBX 20 29 3 -6
BITMAP
E001C0
E001C0
E001C0
E001C0
E001C0
E001C0
E001C0
E001C0
E001C0
E001C0
E001C0
E001C0
E001C0
E001C0
E001C0
E001C0
E001C0
E001C0
E001C0
E001C0
FFFFF0
FFFFF0
FFFFF0
000070
000070
000070
000070
000070
000070
ENDCHAR
STARTCHAR afii10041
ENCODING 1063
SWIDTH 666 0
DWIDTH 21 0
BBX 15 23 3 0
BITMAP
E00E
E00E
E00E
E00E
E00E
E00E
E00E
E00E
E00E
E00E
E00E
F00E
783E
7FFE
3FFE
0F8E
000E
000E
000E
000E
000E
000E
000E
ENDCHAR
STARTCHAR afii10042
ENCODING 1064
SWIDTH 916 0
DWIDTH 29 0
BBX 25 23 2 0
BITMAP
E01C0380
E01C0380
E01C0380
E01C0380
E01C0380
E01C0380
E01C0380
E01C0380
E01C0380
E01C0380
E01C0380
E01C0380
E01C0380
E01C0380
E01C0380
E01C0380
E01C0380
E01C0380
E01C0380
E01C0380
FFFFFF80
FFFFFF80
FFFFFF80
ENDCHAR
STARTCHAR afii10043
ENCODING 1065
SWIDTH 937 0
DWIDTH 30 0
BBX 27 29 2 -6
BITMAP
E01C0380
E01C0380
E01C0380
E01C0380
E01C0380
E01C0380
E01C0380
E01C0380
E01C0380
E01C0380
E01C0380
E01C0380
E01C0380
E01C0380
E01C0380
E01C0380
E01C0380
E01C0380
E01C0380
E01C0380
FFFFFFE0
FFFFFFE0
FFFFFFE0
000000E0
000000E0
000000E0
000000E0
000000E0
000000E0
ENDCHAR
STARTCHAR afii10044
ENCODING 1066
SWIDTH 791 0
DWIDTH 25 0
BBX 24 23 0 0
BITMAP
FFC000
FFC000
FFC000
01C000
01C000
01C000
01C000
01C000
01C000
01FFF0
01FFFC
01FFFE
01C01E
01C00F
01C007
01C007
01C007
01C007
01C00F
01C01E
01FFFE
01FFFC
01FFF0
ENDCHAR
STARTCHAR afii10045
ENCODING 1067
SWIDTH 885 0
DWIDTH 28 0
BBX 22 23 3 0
BITMAP
E0001C
E0001C
E0001C
E0001C
E0001C
E0001C
E0001C
E0001C
E0001C
FFF01C
FFFC1C
FFFE1C
E01E1C
E00F1C
E0071C
E0071C
E0071C
E0071C
E00F1C
E01E1C
FFFE1C
FFFC1C
FFF01C
ENDCHAR
STARTCHAR afii10046
ENCODING 1068
SWIDTH 656 0
DWIDTH 21 0
BBX 17 23 3 0
BITMAP
E00000
E00000
E00000
E00000
E00000
E00000
E00000
E00000
E00000
FFF800
FFFE00
FFFF00
E00F00
E00780
E00380
E00380
E00380
E00380
E00780
E00F00
FFFF00
FFFE00
FFF800
ENDCHAR
STARTCHAR afii10047
ENCODING 1069
SWIDTH 718 0
DWIDTH 23 0
BBX 21 23 1 0
BITMAP
03F800
0FFF00
3FFF80
7E07C0
7801E0
F000F0
600070
000070
000038
007FF8
007FF8
007FF8
000038
000038
000038
600078
F00070
7000F0
7801E0
3E07E0
1FFFC0
0FFF00
03FC00
ENDCHAR
STARTCHAR afii10048
ENCODING 1070
SWIDTH 1010 0
DWIDTH 32 0
BBX 28 23 3 0
BITMAP
E003F800
E00FFE00
E03FFF00
E07E0F80
E07803C0
E0F001E0
E0E000E0
E1E000F0
E1C00070
E1C00070
FFC00070
FFC00070
FFC00070
E1C00070
E1C00070
E1E000E0
E0E000E0
E0F001E0
E07803C0
E03E0F80
E03FFF00
E00FFE00
E003F800
ENDCHAR
STARTCHAR afii10049
ENCODING 1071
SWIDTH 722 0
DWIDTH 23 0
BBX 18 23 2 0
BITMAP
07FFC0
1FFFC0
3FFFC0
3C01C0
7801C0
7001C0
7001C0
7001C0
7801C0
3C01C0
3FFFC0
1FFFC0
07FFC0
03C1C0
0781C0
0F01C0
0E01C0
1E01C0
3C01C0
3801C0
7801C0
7001C0
F001C0
ENDCHAR
STARTCHAR afii10065
ENCODING 1072
SWIDTH 556 0
DWIDTH 17 0
BBX 15 17 1 0
BITMAP
0FE0
3FF8
7FF8
F03C
E01C
001C
007C
0FFC
3FFC
7F9C
F01C
E01C
E03C
F0FC
7FFC
7FDC
1F8E
ENDCHAR
STARTCHAR afii10066
ENCODING 1073
SWIDTH 572 0
DWIDTH 17 0
BBX 15 23 1 0
BITMAP
07FE
1FFE
3FFC
7800
7000
6000
E7C0
CFF0
DFF8
F83C
F01C
F01E
E00E
E00E
E00E
E00E
E00E
701E
701C
7C7C
3FF8
1FF0
07E0
ENDCHAR
STARTCHAR afii10067
ENCODING 1074
SWIDTH 531 0
DWIDTH 16 0
BBX 13 17 2 0
BITMAP
FFC0
FFE0
FFF0
E0F0
E070
E070
E0F0
FFE0
FFE0
FFF0
E078
E038
E038
E078
FFF0
FFF0
FFC0
ENDCHAR
STARTCHAR afii10068
ENCODING 1075
SWIDTH 364 0
DWIDTH 12 0
BBX 10 17 2 0
BITMAP
FFC0
FFC0
FFC0
E000
E000
E000
E000
E000
E000
E000
E000
E000
E000
E000
E000
E000
E000
ENDCHAR
STARTCHAR afii10069
ENCODING 1076
SWIDTH 583 0
DWIDTH 19 0
BBX 17 22 0 -5
BITMAP
07FE00
07FE00
07FE00
060E00
060E00
060E00
060E00
0E0E00
0E0E00
0C0E00
0C0E00
1C0E00
1C0E00
380E00
FFFF80
FFFF80
FFFF80
E00380
E00380
E00380
E00380
E00380
ENDCHAR
STARTCHAR afii10070
ENCODING 1077
SWIDTH 556 0
DWIDTH 17 0
BBX 15 17 1 0
BITMAP
07C0
1FF0
3FF8
783C
701C
E00E
E00E
FFFE
FFFE
E000
E000
F000
700E
7C3C
3FFC
1FF8
07E0
ENDCHAR
STARTCHAR afii10072
ENCODING 1078
SWIDTH 668 0
DWIDTH 22 0
BBX 23 17 0 0
BITMAP
78383C
7C387C
7C387C
1E38F0
0E38E0
0739C0
0739C0
03FF80
03FF80
0739C0
0E38E0
1C3870
1C3870
383838
383838
70381C
E0380E
ENDCHAR
STARTCHAR afii10073
ENCODING 1079
SWIDTH 458 0
DWIDTH 15 0
BBX 13 17 1 0
BITMAP
0FC0
3FF0
7FF0
7878
E038
0078
07F0
07E0
07F0
0078
0038
E038
F038
7878
7FF0
3FE0
0FC0
ENDCHAR
STARTCHAR afii10074
ENCODING 1080
SWIDTH 558 0
DWIDTH 18 0
BBX 14 17 2 0
BITMAP
E03C
E03C
E07C
E0FC
E0FC
E1DC
E1DC
E39C
E39C
E71C
EE1C
EE1C
FC1C
FC1C
F81C
F81C
F01C
ENDCHAR
STARTCHAR afii10075
ENCODING 1081
SWIDTH 558 0
DWIDTH 18 0
BBX 14 23 2 0
BITMAP
1830
1C60
0FE0
07C0
0000
0000
E03C
E03C
E07C
E0FC
E0FC
E1DC
E1DC
E39C
E39C
E71C
EE1C
EE1C
FC1C
FC1C
F81C
F81C
F01C
ENDCHAR
STARTCHAR afii10076
ENCODING 1082
SWIDTH 437 0
DWIDTH 14 0
BBX 12 17 2 0
BITMAP
E0E0
E1E0
E3E0
E380
E700
E700
EE00
FC00
FC00
EF00
E700
E380
E3C0
E1C0
E0E0
E0E0
E070
ENDCHAR
STARTCHAR afii10077
ENCODING 1083
SWIDTH 583 0
DWIDTH 19 0
BBX 17 17 0 0
BITMAP
1FFF80
1FFF80
1FFF80
1C0380
1C0380
1C0380
1C0380
1C0380
1C0380
1C0380
1C0380
1C0380
1C0380
1C0380
FC0380
FC0380
F80380
ENDCHAR
STARTCHAR afii10078
ENCODING 1084
SWIDTH 687 0
DWIDTH 22 0
BBX 18 17 2 0
BITMAP
F807C0
F807C0
FC0FC0
FC0FC0
EC0FC0
EE1DC0
EE1DC0
EE1DC0
E619C0
E739C0
E739C0
E731C0
E3F1C0
E3F1C0
E3F1C0
E1E1C0
E1E1C0
ENDCHAR
STARTCHAR afii10079
ENCODING 1085
SWIDTH 552 0
DWIDTH 18 0
BBX 14 17 2 0
BITMAP
E01C
E01C
E01C
E01C
E01C
E01C
FFFC
FFFC
FFFC
E01C
E01C
E01C
E01C
E01C
E01C
E01C
E01C
ENDCHAR
STARTCHAR afii10080
ENCODING 1086
SWIDTH 556 0
DWIDTH 17 0
BBX 15 17 1 0
BITMAP
07C0
1FF0
3FF8
783C
701C
F01E
E00E
E00E
E00E
E00E
E00E
F01E
701C
783C
3FF8
1FF0
07C0
ENDCHAR
STARTCHAR afii10081
ENCODING 1087
SWIDTH 541 0
DWIDTH 17 0
BBX 13 17 2 0
BITMAP
FFF8
FFF8
FFF8
E038
E038
E038
E038
E038
E038
E038
E038
E038
E038
E038
E038
E038
E038
ENDCHAR
STARTCHAR afii10082
ENCODING 1088
SWIDTH 556 0
DWIDTH 17 0
BBX 14 23 2 -6
BITMAP
E7C0
EFE0
FFF0
F878
F038
F03C
E01C
E01C
E01C
E01C
E01C
E03C
F038
F878
FFF0
EFE0
E7C0
E000
E000
E000
E000
E000
E000
ENDCHAR
STARTCHAR afii10083
ENCODING 1089
SWIDTH 500 0
DWIDTH 16 0
BBX 14 17 1 0
BITMAP
0780
1FE0
3FF0
7878
7038
E01C
E000
E000
E000
E000
E000
E01C
703C
7878
3FF8
1FF0
0FC0
ENDCHAR
STARTCHAR afii10084
ENCODING 1090
SWIDTH 458 0
DWIDTH 15 0
BBX 13 17 1 0
BITMAP
FFF8
FFF8
FFF8
0700
0700
0700
0700
0700
0700
0700
0700
0700
0700
0700
0700
0700
0700
ENDCHAR
STARTCHAR afii10085
ENCODING 1091
SWIDTH 500 0
DWIDTH 15 0
BBX 15 23 0 -6
BITMAP
E00E
701E
701C
701C
3838
3838
3838
1C70
1C70
0C70
0EE0
0EE0
06E0
07C0
07C0
03C0
0380
0380
0700
0700
3F00
3E00
3C00
ENDCHAR
STARTCHAR afii10086
ENCODING 1092
SWIDTH 822 0
DWIDTH 25 0
BBX 23 29 1 -6
BITMAP
003800
003800
003800
003800
003800
003800
0F39E0
3FFFF8
3FFFF8
78FE3C
707C1C
E0380E
E0380E
E0380E
E0380E
E0380E
E0380E
E0380E
707C1C
78FE3C
3FFFF8
1FFFF8
0F39E0
003800
003800
003800
003800
003800
003800
ENDCHAR
STARTCHAR afii10087
ENCODING 1093
SWIDTH 500 0
DWIDTH 14 0
BBX 14 17 0 0
BITMAP
E01C
7038
3870
3870
1CE0
0FC0
0FC0
0780
0780
0780
0FC0
0FC0
1CE0
3870
3870
7038
E01C
ENDCHAR
STARTCHAR afii10088
ENCODING 1094
SWIDTH 572 0
DWIDTH 18 0
BBX 16 23 2 -6
BITMAP
E01C
E01C
E01C
E01C
E01C
E01C
E01C
E01C
E01C
E01C
E01C
E01C
E01C
E01C
FFFF
FFFF
FFFF
0007
0007
0007
0007
0007
0007
ENDCHAR
STARTCHAR afii10089
ENCODING 1095
SWIDTH 520 0
DWIDTH 17 0
BBX 14 17 1 0
BITMAP
E01C
E01C
E01C
E01C
E01C
E01C
E01C
F01C
783C
7FFC
3FFC
0F9C
001C
001C
001C
001C
001C
ENDCHAR
STARTCHAR afii10090
ENCODING 1096
SWIDTH 802 0
DWIDTH 26 0
BBX 21 17 2 0
BITMAP
E07038
E07038
E07038
E07038
E07038
E07038
E07038
E07038
E07038
E07038
E07038
E07038
E07038
E07038
FFFFF8
FFFFF8
FFFFF8
ENDCHAR
STARTCHAR afii10091
ENCODING 1097
SWIDTH 822 0
DWIDTH 26 0
BBX 23 23 2 -6
BITMAP
E07038
E07038
E07038
E07038
E07038
E07038
E07038
E07038
E07038
E07038
E07038
E07038
E07038
E07038
FFFFFE
FFFFFE
FFFFFE
00000E
00000E
00000E
00000E
00000E
00000E
ENDCHAR
STARTCHAR afii10092
ENCODING 1098
SWIDTH 625 0
DWIDTH 19 0
BBX 16 17 2 0
BITMAP
FE00
FE00
FE00
0E00
0E00
0E00
0E00
0FF8
0FFE
0FFE
0E0F
0E07
0E07
0E0F
0FFE
0FFE
0FF8
ENDCHAR
STARTCHAR afii10093
ENCODING 1099
SWIDTH 718 0
DWIDTH 23 0
BBX 19 17 2 0
BITMAP
E000E0
E000E0
E000E0
E000E0
E000E0
E000E0
FFC0E0
FFF0E0
FFF8E0
E03CE0
E01CE0
E01CE0
E01CE0
E03CE0
FFF8E0
FFF0E0
FFE0E0
ENDCHAR
STARTCHAR afii10094
ENCODING 1100
SWIDTH 520 0
DWIDTH 17 0
BBX 14 17 2 0
BITMAP
E000
E000
E000
E000
E000
E000
FFC0
FFF0
FFF8
E03C
E01C
E01C
E01C
E03C
FFF8
FFF0
FFE0
ENDCHAR
STARTCHAR afii10095
ENCODING 1101
SWIDTH 510 0
DWIDTH 16 0
BBX 14 17 1 0
BITMAP
0F80
3FE0
7FF0
7878
F038
E01C
001C
03FC
03FC
001C
001C
E03C
F038
7878
7FF0
3FF0
0FC0
ENDCHAR
STARTCHAR afii10096
ENCODING 1102
SWIDTH 750 0
DWIDTH 24 0
BBX 21 17 2 0
BITMAP
E03F80
E0FFC0
E1FFE0
E1E0F0
E3C070
E38078
FF8038
FF8038
FF8038
E38038
E38038
E3C078
E1C070
E1E0F0
E0FFE0
E07FC0
E01F00
ENDCHAR
STARTCHAR afii10097
ENCODING 1103
SWIDTH 541 0
DWIDTH 17 0
BBX 14 17 1 0
BITMAP
0FFC
3FFC
7FFC
781C
701C
701C
781C
3FFC
1FFC
07FC
0E1C
1C1C
381C
381C
701C
E01C
E01C
ENDCHAR
STARTCHAR afii10071
ENCODING 1105
SWIDTH 556 0
DWIDTH 17 0
BBX 15 22 1 0
BITMAP
1C70
1C70
1C70
0000
0000
07C0
1FF0
3FF8
783C
701C
E00E
E00E
FFFE
FFFE
E000
E000
F000
700E
7C3C
3FFC
1FF8
07E0
ENDCHAR
STARTCHAR afii10099
ENCODING 1106
SWIDTH 556 0
DWIDTH 18 0
BBX 16 29 0 -6
BITMAP
3800
3800
FFC0
FFC0
3800
3800
38F8
3BFE
3FFE
3E0F
3C07
3807
3807
3807
3807
3807
3807
3807
3807
3807
3807
3807
3807
0007
0007
000F
003F
007E
007C
ENDCHAR
STARTCHAR afii10100
ENCODING 1107
SWIDTH 364 0
DWIDTH 12 0
BBX 10 23 2 0
BITMAP
0380
0700
0600
0C00
0000
0000
FFC0
FFC0
FFC0
E000
E000
E000
E000
E000
E000
E000
E000
E000
E000
E000
E000
E000
E000
ENDCHAR
STARTCHAR afii10101
ENCODING 1108
SWIDTH 510 0
DWIDTH 16 0
BBX 14 17 1 0
BITMAP
07C0
1FF0
3FF8
7878
703C
E01C
E000
FF00
FF00
E000
E000
F01C
703C
7878
3FF8
3FF0
0FC0
ENDCHAR
STARTCHAR afii10102
ENCODING 1109
SWIDTH 500 0
DWIDTH 16 0
BBX 14 17 1 0
BITMAP
1F80
3FE0
7FF0
F078
E038
F000
FE00
7FC0
3FF0
07F8
007C
E01C
F01C
783C
7FF8
3FF0
0FC0
ENDCHAR
STARTCHAR afii10103
ENCODING 1110
SWIDTH 222 0
DWIDTH 7 0
BBX 3 23 2 0
BITMAP
E0
E0
E0
00
00
00
E0
E0
E0
E0
E0
E0
E0
E0
E0
E0
E0
E0
E0
E0
E0
E0
E0
ENDCHAR
STARTCHAR afii10104
ENCODING 1111
SWIDTH 277 0
DWIDTH 9 0
BBX 9 22 0 0
BITMAP
E380
E380
E380
0000
0000
1C00
1C00
1C00
1C00
1C00
1C00
1C00
1C00
1C00
1C00
1C00
1C00
1C00
1C00
1C00
1C00
1C00
ENDCHAR
STARTCHAR afii10105
ENCODING 1112
SWIDTH 222 0
DWIDTH 7 0
BBX 6 29 -1 -6
BITMAP
1C
1C
1C
00
00
00
1C
1C
1C
1C
1C
1C
1C
1C
1C
1C
1C
1C
1C
1C
1C
1C
1C
1C
1C
1C
FC
F8
F0
ENDCHAR
STARTCHAR afii10106
ENCODING 1113
SWIDTH 906 0
DWIDTH 28 0
BBX 27 17 0 0
BITMAP
1FFF8000
1FFF8000
1FFF8000
1C038000
1C038000
1C038000
1C03FE00
1C03FF80
1C03FFC0
1C0381E0
1C0380E0
1C0380E0
1C0380E0
1C0381E0
FC03FFC0
F803FF80
F803FF00
ENDCHAR
STARTCHAR afii10107
ENCODING 1114
SWIDTH 812 0
DWIDTH 25 0
BBX 22 17 2 0
BITMAP
E07000
E07000
E07000
E07000
E07000
E07000
FFFFE0
FFFFF0
FFFFF8
E0703C
E0701C
E0701C
E0701C
E0703C
E07FF8
E07FF0
E07FE0
ENDCHAR
STARTCHAR afii10108
ENCODING 1115
SWIDTH 556 0
DWIDTH 18 0
BBX 16 23 0 0
BITMAP
3800
3800
FFC0
FFC0
3800
3800
38F8
3BFE
3FFE
3E1F
3C0F
3807
3807
3807
3807
3807
3807
3807
3807
3807
3807
3807
3807
ENDCHAR
STARTCHAR afii10109
ENCODING 1116
SWIDTH 437 0
DWIDTH 14 0
BBX 12 23 2 0
BITMAP
0380
0700
0600
0C00
0000
0000
E0E0
E1E0
E3E0
E380
E700
E700
EE00
FC00
FC00
EF00
E700
E380
E3C0
E1C0
E0E0
E0E0
E070
ENDCHAR
STARTCHAR afii10110
ENCODING 1118
SWIDTH 500 0
DWIDTH 15 0
BBX 15 29 0 -6
BITMAP
1830
1C60
0FE0
07C0
0000
0000
E00E
701E
701C
701C
3838
3838
3838
1C70
1C70
0C70
0EE0
0EE0
06E0
07C0
07C0
03C0
0380
0380
0700
0700
3F00
3E00
3C00
ENDCHAR
STARTCHAR afii10193
ENCODING 1119
SWIDTH 552 0
DWIDTH 18 0
BBX 14 23 2 -6
BITMAP
E01C
E01C
E01C
E01C
E01C
E01C
E01C
E01C
E01C
E01C
E01C
E01C
E01C
E01C
FFFC
FFFC
FFFC
0380
0380
0380
0380
0380
0380
ENDCHAR
STARTCHAR afii10050
ENCODING 1168
SWIDTH 488 0
DWIDTH 16 0
BBX 12 29 3 0
BITMAP
0070
0070
0070
0070
0070
0070
FFF0
FFF0
FFF0
E000
E000
E000
E000
E000
E000
E000
E000
E000
E000
E000
E000
E000
E000
E000
E000
E000
E000
E000
E000
ENDCHAR
STARTCHAR afii10098
ENCODING 1169
SWIDTH 411 0
DWIDTH 13 0
BBX 10 23 2 0
BITMAP
01C0
01C0
01C0
01C0
01C0
01C0
FFC0
FFC0
FFC0
E000
E000
E000
E000
E000
E000
E000
E000
E000
E000
E000
E000
E000
E000
ENDCHAR
STARTCHAR uni0492
ENCODING 1170
SWIDTH 541 0
DWIDTH 17 0
BBX 17 23 0 0
BITMAP
1FFF80
1FFF80
1FFF80
1C0000
1C0000
1C0000
1C0000
1C0000
1C0000
1C0000
FFF000
FFF000
FFF000
1C0000
1C0000
1C0000
1C0000
1C0000
1C0000
1C0000
1C0000
1C0000
1C0000
ENDCHAR
STARTCHAR uni0493
ENCODING 1171
SWIDTH 364 0
DWIDTH 12 0
BBX 12 17 0 0
BITMAP
3FF0
3FF0
3FF0
3800
3800
3800
FF80
FF80
FF80
3800
3800
3800
3800
3800
3800
3800
3800
ENDCHAR
STARTCHAR uni0496
ENCODING 1174
SWIDTH 923 0
DWIDTH 30 0
BBX 29 29 0 -6
BITMAP
F0070078
FC0701F8
FC0701F8
1E0703C0
0E070380
07070700
07070700
07870E00
03C71E00
01FFFC00
007FF000
01FFF800
03E73E00
07870E00
07070700
0E070780
0E070380
1C0701C0
1C0701C0
380700E0
700700F8
70070078
E0070078
00000038
00000038
00000038
00000038
00000038
00000038
ENDCHAR
STARTCHAR uni0497
ENCODING 1175
SWIDTH 668 0
DWIDTH 21 0
BBX 21 22 0 -5
BITMAP
707078
7870F8
7C70F8
1C71E0
0E71C0
0E73C0
07FF80
03FE00
07FF80
0F7380
0E71C0
1C70E0
3C70E0
387070
707078
707038
E07038
000038
000038
000038
000038
000038
ENDCHAR
STARTCHAR uni049A
ENCODING 1178
SWIDTH 582 0
DWIDTH 19 0
BBX 16 29 3 -6
BITMAP
E00F
E03F
E03F
E078
E070
E0E0
E0E0
E1C0
E3C0
FF80
FE00
FF80
E7C0
E1E0
E0E0
E070
E070
E038
E038
E01C
E00F
E00F
E007
0007
0007
0007
0007
0007
0007
ENDCHAR
STARTCHAR uni049B
ENCODING 1179
SWIDTH 437 0
DWIDTH 14 0
BBX 12 22 2 -5
BITMAP
E0F0
E1F0
E1F0
E3C0
E380
E780
FF00
FC00
FF00
E780
E380
E1C0
E1C0
E0E0
E0F0
E070
E070
0070
0070
0070
0070
0070
ENDCHAR
STARTCHAR uni049C
ENCODING 1180
SWIDTH 582 0
DWIDTH 19 0
BBX 16 23 3 0
BITMAP
E00F
E03F
E07F
E678
E6F0
E6E0
E7E0
E7C0
E7C0
FF80
FE00
FF00
E780
E7C0
E7C0
E6E0
E670
E670
E638
E01C
E01C
E00E
E007
ENDCHAR
STARTCHAR uni049D
ENCODING 1181
SWIDTH 437 0
DWIDTH 14 0
BBX 12 17 2 0
BITMAP
E0E0
E1E0
EFE0
EF80
EF80
EF80
FF00
FC00
FF00
EF00
EF80
EF80
EDC0
EDC0
E0E0
E0E0
E070
ENDCHAR
STARTCHAR uni04A2
ENCODING 1186
SWIDTH 722 0
DWIDTH 23 0
BBX 19 29 3 -6
BITMAP
E00380
E00380
E00380
E00380
E00380
E00380
E00380
E00380
E00380
FFFF80
FFFF80
FFFF80
E00380
E00380
E00380
E00380
E00380
E00380
E00380
E00380
E003E0
E003E0
E003E0
0000E0
0000E0
0000E0
0000E0
0000E0
0000E0
ENDCHAR
STARTCHAR uni04A3
ENCODING 1187
SWIDTH 552 0
DWIDTH 18 0
BBX 16 22 2 -5
BITMAP
E01C
E01C
E01C
E01C
E01C
E01C
FFFC
FFFC
FFFC
E01C
E01C
E01C
E01C
E01C
E01F
E01F
E01F
0007
0007
0007
0007
0007
ENDCHAR
STARTCHAR uni04AE
ENCODING 1198
SWIDTH 556 0
DWIDTH 18 0
BBX 18 23 -1 0
BITMAP
E001C0
700380
380380
380700
1C0F00
1E0E00
0E1E00
071C00
073800
03B800
03F000
01F000
00E000
00E000
00E000
00E000
00E000
00E000
00E000
00E000
00E000
00E000
00E000
ENDCHAR
STARTCHAR uni04AF
ENCODING 1199
SWIDTH 500 0
DWIDTH 16 0
BBX 15 23 1 -6
BITMAP
E00E
701C
701C
701C
3838
3838
3838
1C70
1C70
1EF0
0EE0
0EE0
0EE0
07C0
07C0
07C0
0380
0380
0380
0380
0380
0380
0380
ENDCHAR
STARTCHAR uni04B0
ENCODING 1200
SWIDTH 556 0
DWIDTH 18 0
BBX 18 23 -1 0
BITMAP
E001C0
700380
380380
380700
1C0E00
0E0E00
0E1C00
071C00
033800
03B000
7FFF80
7FFF80
7FFF80
00E000
00E000
00E000
00E000
00E000
00E000
00E000
00E000
00E000
00E000
ENDCHAR
STARTCHAR uni04B1
ENCODING 1201
SWIDTH 500 0
DWIDTH 16 0
BBX 15 23 1 -6
BITMAP
E00E
701C
701C
701C
3838
3838
3838
1C70
1C70
1EF0
0EE0
0EE0
0EE0
07C0
07C0
07C0
0380
7FFC
7FFC
7FFC
0380
0380
0380
ENDCHAR
STARTCHAR uni04B2
ENCODING 1202
SWIDTH 666 0
DWIDTH 21 0
BBX 22 29 0 -6
BITMAP
780038
380070
1C00E0
0E01C0
070380
078380
038700
01CE00
00FC00
007C00
007800
007800
00FC00
01EE00
01CF00
038700
070380
0E01C0
0E00E0
1C00F0
38007C
70003C
E0001C
00001C
00001C
00001C
00001C
00001C
00001C
ENDCHAR
STARTCHAR uni04B3
ENCODING 1203
SWIDTH 500 0
DWIDTH 16 0
BBX 15 22 1 -5
BITMAP
E01C
7038
3870
3C70
1CE0
0FC0
07C0
0780
0780
07C0
0FE0
0EE0
1C70
3838
383E
701E
E00E
000E
000E
000E
000E
000E
ENDCHAR
STARTCHAR uni04B8
ENCODING 1208
SWIDTH 666 0
DWIDTH 21 0
BBX 15 23 3 0
BITMAP
E00E
E00E
E00E
E00E
E00E
E18E
E18E
E18E
E18E
E18E
F18E
79BE
7FFE
3FFE
0FCE
018E
018E
018E
018E
000E
000E
000E
000E
ENDCHAR
STARTCHAR uni04B9
ENCODING 1209
SWIDTH 520 0
DWIDTH 17 0
BBX 14 17 1 0
BITMAP
E01C
E01C
E01C
E01C
E31C
E31C
F31C
FB3C
7FFC
3FFC
1FDC
031C
031C
031C
001C
001C
001C
ENDCHAR
STARTCHAR uni04BA
ENCODING 1210
SWIDTH 666 0
DWIDTH 21 0
BBX 17 23 3 0
BITMAP
E00000
E00000
E00000
E00000
E00000
E00000
E00000
E00000
E3F800
FFFE00
FFFF00
FC0F00
E00780
E00380
E00380
E00380
E00380
E00380
E00380
E00380
E00380
E00380
E00380
ENDCHAR
STARTCHAR uni04BB
ENCODING 1211
SWIDTH 556 0
DWIDTH 18 0
BBX 14 23 2 0
BITMAP
E000
E000
E000
E000
E000
E000
E3E0
EFF8
FFF8
F87C
F03C
E01C
E01C
E01C
E01C
E01C
E01C
E01C
E01C
E01C
E01C
E01C
E01C
ENDCHAR
STARTCHAR uni018F.dup4
ENCODING 1240
SWIDTH 752 0
DWIDTH 24 0
BBX 22 23 1 0
BITMAP
01FC00
07FF80
1FFFC0
3F03E0
3C00F0
780078
300038
000038
00001C
00001C
FFFFFC
FFFFFC
FFFFFC
E0001C
E0001C
F0003C
700038
780078
3C00F0
3F03F0
1FFFE0
07FF80
01FE00
ENDCHAR
STARTCHAR uni0259.dup5
ENCODING 1241
SWIDTH 556 0
DWIDTH 18 0
BBX 16 17 1 0
BITMAP
0FE0
1FF8
3FFC
783E
F00E
E00F
0007
0007
FFFF
FFFF
FFFF
E007
700E
781E
3FFC
1FF8
07E0
ENDCHAR
STARTCHAR uni04E8
ENCODING 1256
SWIDTH 777 0
DWIDTH 25 0
BBX 23 23 1 0
BITMAP
00FE00
07FFC0
0FFFE0
1F01F0
3C0078
78003C
70001C
70001C
E0000E
E0000E
FFFFFE
FFFFFE
FFFFFE
E0000E
E0000E
70001C
70001C
78003C
3C0078
1F01F0
0FFFE0
07FFC0
00FE00
ENDCHAR
STARTCHAR uni04E9
ENCODING 1257
SWIDTH 556 0
DWIDTH 18 0
BBX 16 17 1 0
BITMAP
07E0
1FF8
3FFC
781E
700E
E007
FFFF
FFFF
FFFF
E007
E007
F00F
700E
7C3E
3FFC
1FF8
07E0
ENDCHAR
STARTCHAR sheva
ENCODING 1456
SWIDTH 333 0
DWIDTH 11 0
BBX 2 5 4 -6
BITMAP
C0
C0
00
C0
C0
ENDCHAR
STARTCHAR hatafsegol
ENCODING 1457
SWIDTH 333 0
DWIDTH 11 0
BBX 8 5 1 -6
BITMAP
DB
DB
00
63
63
ENDCHAR
STARTCHAR hatafpatah
ENCODING 1458
SWIDTH 333 0
DWIDTH 11 0
BBX 8 5 2 -6
BITMAP
FB
FB
00
03
03
ENDCHAR
STARTCHAR hatafqamats
ENCODING 1459
SWIDTH 333 0
DWIDTH 11 0
BBX 9 5 1 -6
BITMAP
FD80
FD80
3000
3180
0180
ENDCHAR
STARTCHAR hiriq
ENCODING 1460
SWIDTH 333 0
DWIDTH 11 0
BBX 2 2 4 -6
BITMAP
C0
C0
ENDCHAR
STARTCHAR tsere
ENCODING 1461
SWIDTH 333 0
DWIDTH 11 0
BBX 5 2 3 -6
BITMAP
D8
D8
ENDCHAR
STARTCHAR segol
ENCODING 1462
SWIDTH 333 0
DWIDTH 11 0
BBX 5 5 3 -6
BITMAP
D8
D8
00
30
30
ENDCHAR
STARTCHAR patah
ENCODING 1463
SWIDTH 333 0
DWIDTH 11 0
BBX 6 2 2 -5
BITMAP
FC
FC
ENDCHAR
STARTCHAR qamats
ENCODING 1464
SWIDTH 333 0
DWIDTH 11 0
BBX 6 5 3 -6
BITMAP
FC
FC
30
30
30
ENDCHAR
STARTCHAR holam
ENCODING 1465
SWIDTH 333 0
DWIDTH 11 0
BBX 2 2 4 18
BITMAP
C0
C0
ENDCHAR
STARTCHAR holam.dup6
ENCODING 1466
SWIDTH 333 0
DWIDTH 11 0
BBX 2 2 4 18
BITMAP
C0
C0
ENDCHAR
STARTCHAR qubuts
ENCODING 1467
SWIDTH 333 0
DWIDTH 11 0
BBX 8 5 1 -6
BITMAP
C0
C0
18
1B
03
ENDCHAR
STARTCHAR dagesh
ENCODING 1468
SWIDTH 333 0
DWIDTH 11 0
BBX 2 2 4 8
BITMAP
C0
C0
ENDCHAR
STARTCHAR meteg
ENCODING 1469
SWIDTH 333 0
DWIDTH 11 0
BBX 2 5 5 -6
BITMAP
C0
C0
C0
C0
C0
ENDCHAR
STARTCHAR maqaf
ENCODING 1470
SWIDTH 382 0
DWIDTH 12 0
BBX 8 3 2 14
BITMAP
FF
FF
FF
ENDCHAR
STARTCHAR rafe
ENCODING 1471
SWIDTH 333 0
DWIDTH 11 0
BBX 6 2 2 19
BITMAP
FC
FC
ENDCHAR
STARTCHAR paseq
ENCODING 1472
SWIDTH 274 0
DWIDTH 7 0
BBX 3 20 2 0
BITMAP
E0
E0
E0
E0
E0
E0
E0
E0
E0
E0
E0
E0
E0
E0
E0
E0
E0
E0
E0
E0
ENDCHAR
STARTCHAR shindot
ENCODING 1473
SWIDTH 333 0
DWIDTH 11 0
BBX 2 2 12 19
BITMAP
C0
C0
ENDCHAR
STARTCHAR sindot
ENCODING 1474
SWIDTH 333 0
DWIDTH 11 0
BBX 2 2 -3 19
BITMAP
C0
C0
ENDCHAR
STARTCHAR sofpasuq
ENCODING 1475
SWIDTH 277 0
DWIDTH 9 0
BBX 3 17 3 0
BITMAP
E0
E0
E0
00
00
00
00
00
00
00
00
00
00
00
E0
E0
E0
ENDCHAR
STARTCHAR alef
ENCODING 1488
SWIDTH 562 0
DWIDTH 18 0
BBX 15 17 2 0
BITMAP
E01C
701C
381C
3C1C
1C38
0E38
1F38
3F78
7BF0
71E0
71C0
70E0
7070
E078
E038
E01C
E00E
ENDCHAR
STARTCHAR bet
ENCODING 1489
SWIDTH 541 0
DWIDTH 17 0
BBX 15 17 1 0
BITMAP
FF00
FFC0
FFE0
03E0
00F0
0070
0070
0070
0070
0070
0070
0070
0070
0070
FFFE
FFFE
FFFE
ENDCHAR
STARTCHAR gimel
ENCODING 1490
SWIDTH 398 0
DWIDTH 13 0
BBX 11 17 1 0
BITMAP
3F00
3F80
3FC0
03C0
01C0
01C0
01C0
01C0
01C0
07C0
1FC0
3FC0
39C0
71C0
70E0
E0E0
E0E0
ENDCHAR
STARTCHAR dalet
ENCODING 1491
SWIDTH 508 0
DWIDTH 16 0
BBX 14 17 1 0
BITMAP
FFFC
FFFC
FFFC
00E0
00E0
00E0
00E0
00E0
00E0
00E0
00E0
00E0
00E0
00E0
00E0
00E0
00E0
ENDCHAR
STARTCHAR he
ENCODING 1492
SWIDTH 602 0
DWIDTH 19 0
BBX 15 17 2 0
BITMAP
FFC0
FFF0
FFF8
007C
001E
001E
000E
000E
E00E
E00E
E00E
E00E
E00E
E00E
E00E
E00E
E00E
ENDCHAR
STARTCHAR vav
ENCODING 1493
SWIDTH 246 0
DWIDTH 7 0
BBX 3 17 2 0
BITMAP
E0
E0
E0
E0
E0
E0
E0
E0
E0
E0
E0
E0
E0
E0
E0
E0
E0
ENDCHAR
STARTCHAR zayin
ENCODING 1494
SWIDTH 382 0
DWIDTH 12 0
BBX 10 17 1 0
BITMAP
FFC0
FFC0
FFC0
0F00
1C00
3800
3800
3800
3800
3800
3800
3800
3800
3800
3800
3800
3800
ENDCHAR
STARTCHAR het
ENCODING 1495
SWIDTH 598 0
DWIDTH 19 0
BBX 15 17 2 0
BITMAP
FFC0
FFF0
FFFC
E07C
E01E
E00E
E00E
E00E
E00E
E00E
E00E
E00E
E00E
E00E
E00E
E00E
E00E
ENDCHAR
STARTCHAR tet
ENCODING 1496
SWIDTH 589 0
DWIDTH 19 0
BBX 15 17 2 0
BITMAP
E0F0
E1FC
E3FC
E31E
E20E
E00E
E00E
E00E
E00E
E00E
E00E
E00E
701C
783C
3FF8
1FF0
07C0
ENDCHAR
STARTCHAR yod
ENCODING 1497
SWIDTH 246 0
DWIDTH 7 0
BBX 3 9 2 8
BITMAP
E0
E0
E0
E0
E0
E0
E0
E0
E0
ENDCHAR
STARTCHAR finalkaf
ENCODING 1498
SWIDTH 509 0
DWIDTH 16 0
BBX 13 23 1 -6
BITMAP
FF00
FFC0
FFE0
01F0
0078
0038
0038
0038
0038
0038
0038
0038
0038
0038
0038
0038
0038
0038
0038
0038
0038
0038
0038
ENDCHAR
STARTCHAR kaf
ENCODING 1499
SWIDTH 460 0
DWIDTH 15 0
BBX 13 17 1 0
BITMAP
FE00
FF80
FFE0
01E0
00F0
0078
0038
0038
0038
0038
0038
0078
00F0
01E0
FFE0
FF80
FE00
ENDCHAR
STARTCHAR lamed
ENCODING 1500
SWIDTH 462 0
DWIDTH 15 0
BBX 12 23 1 0
BITMAP
E000
E000
E000
E000
E000
E000
FFF0
FFF0
FFF0
0070
0070
0070
0070
0070
00E0
01E0
01C0
03C0
0380
0380
0380
0380
0380
ENDCHAR
STARTCHAR finalmem
ENCODING 1501
SWIDTH 598 0
DWIDTH 19 0
BBX 15 17 2 0
BITMAP
FFC0
FFF0
FFFC
E03C
E01E
E00E
E00E
E00E
E00E
E00E
E00E
E00E
E00E
E00E
FFFE
FFFE
FFFE
ENDCHAR
STARTCHAR mem
ENCODING 1502
SWIDTH 601 0
DWIDTH 19 0
BBX 15 17 2 0
BITMAP
E1F0
E3F8
E7FC
7F1C
7E1E
3C0E
380E
380E
380E
380E
700E
700E
700E
700E
71FE
E1FE
E1FE
ENDCHAR
STARTCHAR finalnun
ENCODING 1503
SWIDTH 246 0
DWIDTH 7 0
BBX 3 23 2 -6
BITMAP
E0
E0
E0
E0
E0
E0
E0
E0
E0
E0
E0
E0
E0
E0
E0
E0
E0
E0
E0
E0
E0
E0
E0
ENDCHAR
STARTCHAR nun
ENCODING 1504
SWIDTH 352 0
DWIDTH 11 0
BBX 8 17 1 0
BITMAP
F8
FE
FE
0F
07
07
07
07
07
07
07
07
07
07
FF
FF
FF
ENDCHAR
STARTCHAR samekh
ENCODING 1505
SWIDTH 574 0
DWIDTH 18 0
BBX 16 17 1 0
BITMAP
07E0
1FF8
3FFC
7C3E
700E
F00F
E007
E007
E007
E007
E007
F00F
700E
7C3E
3FFC
1FF8
07E0
ENDCHAR
STARTCHAR ayin
ENCODING 1506
SWIDTH 529 0
DWIDTH 17 0
BBX 14 19 1 -2
BITMAP
381C
381C
381C
1C1C
1C1C
1C1C
1C1C
1C1C
1E1C
0E1C
0E38
0E38
0E78
0EF0
07E0
1FC0
FF80
FC00
E000
ENDCHAR
STARTCHAR finalpe
ENCODING 1507
SWIDTH 566 0
DWIDTH 18 0
BBX 14 23 2 -6
BITMAP
3F80
FFE0
FFF8
E0F8
E03C
E01C
E01C
E01C
E01C
E01C
7C1C
3C1C
001C
001C
001C
001C
001C
001C
001C
001C
001C
001C
001C
ENDCHAR
STARTCHAR pe
ENCODING 1508
SWIDTH 546 0
DWIDTH 17 0
BBX 14 17 2 0
BITMAP
3F80
FFE0
FFF0
E0F8
E078
E03C
E01C
E01C
7C1C
3C1C
001C
003C
0078
41F8
FFF0
FFC0
7F00
ENDCHAR
STARTCHAR finaltsadi
ENCODING 1509
SWIDTH 461 0
DWIDTH 15 0
BBX 13 23 1 -6
BITMAP
E038
F038
7038
7838
3838
3C70
1C70
1E70
0EE0
0FC0
0780
0700
0700
0700
0700
0700
0700
0700
0700
0700
0700
0700
0700
ENDCHAR
STARTCHAR tsadi
ENCODING 1510
SWIDTH 478 0
DWIDTH 15 0
BBX 13 17 1 0
BITMAP
E038
7038
7038
3838
1C38
1C70
0E70
0FE0
07C0
0300
0380
01C0
00C0
00E0
7FF0
7FF0
7FF0
ENDCHAR
STARTCHAR qof
ENCODING 1511
SWIDTH 549 0
DWIDTH 18 0
BBX 14 23 2 -6
BITMAP
FFFC
FFFC
FFFC
001C
001C
001C
001C
001C
E038
E070
E0E0
E0E0
E1C0
E1C0
E1C0
E1C0
E1C0
E000
E000
E000
E000
E000
E000
ENDCHAR
STARTCHAR resh
ENCODING 1512
SWIDTH 509 0
DWIDTH 16 0
BBX 13 17 1 0
BITMAP
FF00
FFC0
FFE0
01F0
0070
0078
0038
0038
0038
0038
0038
0038
0038
0038
0038
0038
0038
ENDCHAR
STARTCHAR shin
ENCODING 1513
SWIDTH 694 0
DWIDTH 22 0
BBX 20 17 1 0
BITMAP
E0E070
E0E070
E0E070
E0E070
E0E070
E0E0E0
E1C0E0
E3C0E0
FF80E0
7F00E0
7001E0
7001C0
3803C0
3E0F80
1FFF00
0FFE00
03F800
ENDCHAR
STARTCHAR tav
ENCODING 1514
SWIDTH 642 0
DWIDTH 21 0
BBX 18 17 1 0
BITMAP
7FF800
7FFF00
7FFF80
0E0F80
0E03C0
0E01C0
0E01C0
0E01C0
0E01C0
0E01C0
0E01C0
0E01C0
0E01C0
0E01C0
7E01C0
FE01C0
F801C0
ENDCHAR
STARTCHAR doublevav
ENCODING 1520
SWIDTH 493 0
DWIDTH 15 0
BBX 11 17 2 0
BITMAP
E0E0
E0E0
E0E0
E0E0
E0E0
E0E0
E0E0
E0E0
E0E0
E0E0
E0E0
E0E0
E0E0
E0E0
E0E0
E0E0
E0E0
ENDCHAR
STARTCHAR vavyod
ENCODING 1521
SWIDTH 493 0
DWIDTH 15 0
BBX 11 17 2 0
BITMAP
E0E0
E0E0
E0E0
E0E0
E0E0
E0E0
E0E0
E0E0
E0E0
00E0
00E0
00E0
00E0
00E0
00E0
00E0
00E0
ENDCHAR
STARTCHAR doubleyod
ENCODING 1522
SWIDTH 493 0
DWIDTH 15 0
BBX 11 9 2 8
BITMAP
E0E0
E0E0
E0E0
E0E0
E0E0
E0E0
E0E0
E0E0
E0E0
ENDCHAR
STARTCHAR geresh
ENCODING 1523
SWIDTH 235 0
DWIDTH 8 0
BBX 5 6 1 11
BITMAP
38
70
70
60
E0
C0
ENDCHAR
STARTCHAR gershayim
ENCODING 1524
SWIDTH 416 0
DWIDTH 13 0
BBX 11 6 1 11
BITMAP
38E0
71C0
71C0
6180
E380
C300
ENDCHAR
STARTCHAR afii57388
ENCODING 1548
SWIDTH 318 0
DWIDTH 10 0
BBX 5 10 3 4
BITMAP
10
30
60
40
C0
E0
F8
F8
78
70
ENDCHAR
STARTCHAR afii57403
ENCODING 1563
SWIDTH 318 0
DWIDTH 10 0
BBX 5 16 3 4
BITMAP
10
30
60
40
C0
E0
F8
F8
78
70
00
00
30
78
78
30
ENDCHAR
STARTCHAR afii57407
ENCODING 1567
SWIDTH 356 0
DWIDTH 11 0
BBX 9 19 1 4
BITMAP
1E00
7100
6180
E380
E780
F780
FB00
7800
7C00
3C00
0C00
0400
0400
0400
0000
0C00
1E00
1E00
0C00
ENDCHAR
STARTCHAR afii57409
ENCODING 1569
SWIDTH 412 0
DWIDTH 13 0
BBX 10 13 2 2
BITMAP
0E00
1F00
3F00
6200
4000
C0C0
F3C0
FF80
7F00
3C00
3000
2000
4000
ENDCHAR
STARTCHAR afii52400
ENCODING 1570
SWIDTH 207 0
DWIDTH 7 0
BBX 6 22 0 4
BITMAP
E4
B8
00
08
18
18
18
18
18
18
18
1C
1C
1C
0C
0C
0C
0C
0C
0C
08
08
ENDCHAR
STARTCHAR afii57411
ENCODING 1571
SWIDTH 207 0
DWIDTH 7 0
BBX 4 24 2 4
BITMAP
60
80
C0
70
80
00
20
60
60
60
60
60
60
60
70
70
30
30
30
30
30
30
20
20
ENDCHAR
STARTCHAR afii57412
ENCODING 1572
SWIDTH 432 0
DWIDTH 14 0
BBX 13 23 1 -3
BITMAP
0300
0400
0600
0380
0400
0000
0070
00F0
00F8
0198
0188
01C8
01F8
00F8
0078
0008
0018
0030
0070
00E0
C3E0
3FC0
0F00
ENDCHAR
STARTCHAR afii57413
ENCODING 1573
SWIDTH 207 0
DWIDTH 7 0
BBX 4 26 2 -3
BITMAP
20
60
60
60
60
60
60
60
70
70
70
30
30
30
30
30
30
20
20
00
00
60
80
C0
70
80
ENDCHAR
STARTCHAR afii57414
ENCODING 1574
SWIDTH 638 0
DWIDTH 20 0
BBX 18 19 1 -1
BITMAP
300000
400000
600000
380380
400FC0
000FC0
001840
202000
404000
404000
807F80
807F80
803F80
800180
C00700
E03F00
FFFE00
7FF800
3FC000
ENDCHAR
STARTCHAR afii57415
ENCODING 1575
SWIDTH 207 0
DWIDTH 7 0
BBX 3 19 3 4
BITMAP
40
C0
C0
C0
C0
C0
C0
C0
E0
E0
E0
60
60
60
60
60
60
40
40
ENDCHAR
STARTCHAR afii57416
ENCODING 1576
SWIDTH 713 0
DWIDTH 23 0
BBX 22 16 1 -1
BITMAP
400008
800008
80001C
80000C
800004
C00004
F00004
7FFFFC
3FFFFC
1FFFFC
000000
000000
002000
007800
007000
001000
ENDCHAR
STARTCHAR afii57417
ENCODING 1577
SWIDTH 282 0
DWIDTH 9 0
BBX 9 18 0 5
BITMAP
0400
4F00
FE00
E200
2000
0000
0000
1000
1C00
1E00
1F00
3780
2380
6180
6380
7F00
7F00
3E00
ENDCHAR
STARTCHAR afii57418
ENCODING 1578
SWIDTH 713 0
DWIDTH 23 0
BBX 22 15 1 5
BITMAP
000800
009E00
01FC00
01C400
004000
400008
800008
80001C
80000C
800004
C00004
F00004
7FFFFC
3FFFFC
1FFFFC
ENDCHAR
STARTCHAR afii57419
ENCODING 1579
SWIDTH 713 0
DWIDTH 23 0
BBX 22 19 1 5
BITMAP
004000
00F000
00E000
002000
000800
009E00
01FC00
01C400
004000
400008
800008
80001C
80000C
800004
C00004
F00004
7FFFFC
3FFFFC
1FFFFC
ENDCHAR
STARTCHAR afii57420
ENCODING 1580
SWIDTH 562 0
DWIDTH 18 0
BBX 16 20 1 -6
BITMAP
3FFE
7FFE
FFFE
03F0
0F00
1800
3000
4000
4080
81E0
81C0
8040
8000
C000
E000
7000
7F00
3FFF
1FFC
03F8
ENDCHAR
STARTCHAR afii57421
ENCODING 1581
SWIDTH 562 0
DWIDTH 18 0
BBX 16 20 1 -6
BITMAP
3FFE
7FFE
FFFE
03F0
0F00
1800
3000
4000
4000
8000
8000
8000
8000
C000
E000
7000
7F00
3FFF
1FFC
03F8
ENDCHAR
STARTCHAR afii57422
ENCODING 1582
SWIDTH 562 0
DWIDTH 18 0
BBX 16 27 1 -6
BITMAP
0100
03C0
0380
0080
0000
0000
0000
3FFE
7FFE
FFFE
03F0
0F00
1800
3000
4000
4000
8000
8000
8000
8000
C000
E000
7000
7F00
3FFF
1FFC
03F8
ENDCHAR
STARTCHAR afii57423
ENCODING 1583
SWIDTH 337 0
DWIDTH 11 0
BBX 9 13 2 5
BITMAP
0800
0C00
0E00
0700
0300
0180
0080
0080
0080
8080
FF80
FF80
FF80
ENDCHAR
STARTCHAR afii57424
ENCODING 1584
SWIDTH 337 0
DWIDTH 11 0
BBX 9 20 2 5
BITMAP
2000
7800
7000
1000
0000
0000
0000
0800
0C00
0E00
0700
0300
0180
0080
0080
0080
8080
FF80
FF80
FF80
ENDCHAR
STARTCHAR afii57425
ENCODING 1585
SWIDTH 488 0
DWIDTH 16 0
BBX 15 17 1 -3
BITMAP
0008
000C
000C
000E
0006
0006
0002
0002
0002
0006
0006
000C
001C
0078
C1F0
3FE0
0F80
ENDCHAR
STARTCHAR afii57426
ENCODING 1586
SWIDTH 488 0
DWIDTH 16 0
BBX 15 24 1 -3
BITMAP
0020
0078
0070
0010
0000
0000
0000
0008
000C
000C
000E
0006
0006
0002
0002
0002
0006
0006
000C
001C
0078
C1F0
3FE0
0F80
ENDCHAR
STARTCHAR afii57427
ENCODING 1587
SWIDTH 821 0
DWIDTH 26 0
BBX 25 16 1 -2
BITMAP
00020100
00020900
00070980
20070880
40030880
40030C80
8001FF80
8001FF80
8001F380
80010000
80030000
C0060000
E03E0000
7FFC0000
7FF80000
1FC00000
ENDCHAR
STARTCHAR afii57428
ENCODING 1588
SWIDTH 821 0
DWIDTH 26 0
BBX 25 27 1 -2
BITMAP
00002000
00007800
00007000
00001000
00000400
00004F00
0000FE00
0000E200
00002000
00000000
00000000
00020100
00020900
00070980
20070880
40030880
40030C80
8001FF80
8001FF80
8001F380
80010000
80030000
C0060000
E03E0000
7FFC0000
7FF80000
1FC00000
ENDCHAR
STARTCHAR afii57429
ENCODING 1589
SWIDTH 1098 0
DWIDTH 35 0
BBX 34 16 1 -2
BITMAP
0002001F00
0002007F80
000700FFC0
200701C1C0
40030700C0
40031C01C0
8001FFFFC0
8001FFFFC0
8001FFFFC0
8001000000
8003000000
C006000000
E03E000000
7FFC000000
7FF8000000
1FE0000000
ENDCHAR
STARTCHAR afii57430
ENCODING 1590
SWIDTH 1098 0
DWIDTH 35 0
BBX 34 22 1 -2
BITMAP
0000040000
00000F0000
00000E0000
0000020000
0000000000
0000000000
0002001F00
0002007F80
000700FFC0
200701C1C0
40030700C0
40031C01C0
8001FFFFC0
8001FFFFC0
8001FFFFC0
8001000000
8003000000
C006000000
E03E000000
7FFC000000
7FF8000000
1FE0000000
ENDCHAR
STARTCHAR afii57431
ENCODING 1591
SWIDTH 581 0
DWIDTH 19 0
BBX 20 20 -1 5
BITMAP
020000
020000
038000
038000
018000
010000
010000
008000
008000
008000
008000
0083C0
009FE0
00BFF0
00F070
01C030
070070
FFFFF0
FFFFF0
FFFFF0
ENDCHAR
STARTCHAR afii57432
ENCODING 1592
SWIDTH 581 0
DWIDTH 19 0
BBX 20 20 -1 5
BITMAP
020000
020000
038000
038400
018F00
010E00
010200
008000
008000
008000
008000
0083C0
009FE0
00BFF0
00F070
01C030
070070
FFFFF0
FFFFF0
FFFFF0
ENDCHAR
STARTCHAR afii57433
ENCODING 1593
SWIDTH 543 0
DWIDTH 17 0
BBX 15 26 1 -6
BITMAP
1E00
3F00
7F80
7800
C000
8000
8010
C0F0
F1E0
7FC0
7F00
3C00
1000
2000
4000
4000
8000
8000
8000
8000
C000
E000
7C00
7FFE
1FF8
07F0
ENDCHAR
STARTCHAR afii57434
ENCODING 1594
SWIDTH 543 0
DWIDTH 17 0
BBX 15 33 1 -6
BITMAP
1000
1C00
3800
0800
0000
0000
0000
1E00
3F00
7F80
7800
C000
8000
8010
C0F0
F1E0
7FC0
7F00
3C00
1000
2000
4000
4000
8000
8000
8000
8000
C000
E000
7C00
7FFE
1FF8
07F0
ENDCHAR
STARTCHAR afii57440
ENCODING 1600
SWIDTH 207 0
DWIDTH 7 0
BBX 8 3 -1 5
BITMAP
FF
FF
FF
ENDCHAR
STARTCHAR afii57441
ENCODING 1601
SWIDTH 788 0
DWIDTH 25 0
BBX 24 17 1 5
BITMAP
000020
000038
000070
000010
000000
000000
000000
40000E
80001E
80003F
800033
800033
C0003F
F0000F
7FFFFF
3FFFFF
0FFFFF
ENDCHAR
STARTCHAR afii57442
ENCODING 1602
SWIDTH 581 0
DWIDTH 19 0
BBX 18 25 1 -2
BITMAP
000400
004F00
00FE00
00E200
002000
000000
000000
000000
000E00
001F00
001F80
003180
4031C0
403FC0
803FC0
800F40
800040
800040
800040
8000C0
C001C0
F00F80
7FFF00
3FFE00
0FF000
ENDCHAR
STARTCHAR afii57443
ENCODING 1603
SWIDTH 601 0
DWIDTH 19 0
BBX 18 20 1 5
BITMAP
000400
000700
000780
000780
000380
002300
00E300
018100
010180
03F180
03F180
403180
806180
8FC180
8000C0
8000C0
E000C0
FFFFC0
7FFFC0
3FFFC0
ENDCHAR
STARTCHAR afii57444
ENCODING 1604
SWIDTH 506 0
DWIDTH 16 0
BBX 15 25 1 0
BITMAP
0020
0038
003C
003C
001C
0018
0008
0008
000C
000C
0004
1004
2004
4006
4006
8002
8002
8002
8002
8002
C006
F03C
7FFC
7FF8
1FE0
ENDCHAR
STARTCHAR afii57445
ENCODING 1605
SWIDTH 337 0
DWIDTH 11 0
BBX 10 19 1 -6
BITMAP
0600
0F00
1F80
1180
00C0
07C0
3FC0
7FC0
F000
C000
C000
C000
C000
4000
6000
6000
2000
2000
2000
ENDCHAR
STARTCHAR afii57446
ENCODING 1606
SWIDTH 525 0
DWIDTH 17 0
BBX 16 21 1 -2
BITMAP
0100
03C0
0380
0080
0000
0002
0002
0007
2007
4003
4001
8001
8001
8001
8001
8003
C007
E03E
7FFE
7FF8
1FE0
ENDCHAR
STARTCHAR afii57447
ENCODING 1607
SWIDTH 282 0
DWIDTH 9 0
BBX 7 11 1 5
BITMAP
20
38
3C
3C
4E
46
C6
CE
FE
FC
78
ENDCHAR
STARTCHAR afii57448
ENCODING 1608
SWIDTH 432 0
DWIDTH 14 0
BBX 13 17 1 -3
BITMAP
0070
00F0
00F8
0198
0188
01C8
01F8
00F8
0078
0008
0018
0030
0070
00E0
C3E0
3FC0
0F00
ENDCHAR
STARTCHAR afii57449
ENCODING 1609
SWIDTH 638 0
DWIDTH 20 0
BBX 18 16 1 -1
BITMAP
000380
000FC0
000FC0
001840
202000
404000
404000
807F80
807F80
803F80
800180
C00700
E03F00
FFFE00
7FF800
3FC000
ENDCHAR
STARTCHAR afii57450
ENCODING 1610
SWIDTH 638 0
DWIDTH 20 0
BBX 18 21 1 -6
BITMAP
000380
000FC0
000FC0
001840
202000
404000
404000
807F80
807F80
803F80
800180
C00700
E03F00
FFFE00
7FF800
3FC000
004000
04F000
0FE000
0E2000
020000
ENDCHAR
STARTCHAR afii57451
ENCODING 1611
SWIDTH 201 0
DWIDTH 6 0
BBX 5 5 1 19
BITMAP
08
30
C8
30
C0
ENDCHAR
STARTCHAR afii57452
ENCODING 1612
SWIDTH 236 0
DWIDTH 8 0
BBX 7 6 1 19
BITMAP
06
0A
EA
2E
2A
70
ENDCHAR
STARTCHAR afii57453
ENCODING 1613
SWIDTH 201 0
DWIDTH 6 0
BBX 5 5 1 -4
BITMAP
08
30
C8
30
C0
ENDCHAR
STARTCHAR afii57454
ENCODING 1614
SWIDTH 201 0
DWIDTH 6 0
BBX 5 3 1 19
BITMAP
08
30
C0
ENDCHAR
STARTCHAR afii57455
ENCODING 1615
SWIDTH 209 0
DWIDTH 7 0
BBX 4 7 2 19
BITMAP
30
50
50
70
30
40
80
ENDCHAR
STARTCHAR afii57456
ENCODING 1616
SWIDTH 201 0
DWIDTH 6 0
BBX 5 3 1 -1
BITMAP
08
30
C0
ENDCHAR
STARTCHAR afii57457
ENCODING 1617
SWIDTH 211 0
DWIDTH 7 0
BBX 7 5 1 19
BITMAP
02
12
96
BC
E0
ENDCHAR
STARTCHAR afii57458
ENCODING 1618
SWIDTH 164 0
DWIDTH 5 0
BBX 5 4 1 19
BITMAP
70
98
88
F0
ENDCHAR
STARTCHAR uni0653
ENCODING 1619
SWIDTH 207 0
DWIDTH 7 0
BBX 6 2 0 22
BITMAP
E0
1C
ENDCHAR
STARTCHAR uni0654
ENCODING 1620
SWIDTH 207 0
DWIDTH 7 0
BBX 4 5 2 23
BITMAP
60
80
C0
70
80
ENDCHAR
STARTCHAR uni0655
ENCODING 1621
SWIDTH 207 0
DWIDTH 7 0
BBX 4 5 2 -3
BITMAP
60
80
C0
70
80
ENDCHAR
STARTCHAR afii57392
ENCODING 1632
SWIDTH 525 0
DWIDTH 17 0
BBX 5 7 6 7
BITMAP
40
60
78
F8
F0
70
10
ENDCHAR
STARTCHAR afii57393
ENCODING 1633
SWIDTH 525 0
DWIDTH 17 0
BBX 7 18 4 5
BITMAP
40
60
F0
F8
78
3C
1C
1C
0C
0E
0E
06
06
06
04
04
04
04
ENDCHAR
STARTCHAR afii57394
ENCODING 1634
SWIDTH 525 0
DWIDTH 17 0
BBX 10 18 3 5
BITMAP
8040
C040
F0C0
FFC0
7FC0
3F00
3800
1C00
1C00
0C00
0E00
0E00
0600
0600
0600
0600
0200
0200
ENDCHAR
STARTCHAR afii57395
ENCODING 1635
SWIDTH 525 0
DWIDTH 17 0
BBX 14 18 2 5
BITMAP
4084
40CC
71FC
FFFC
FFF8
7E00
3800
3800
1C00
0C00
0C00
0C00
0600
0600
0400
0400
0400
0400
ENDCHAR
STARTCHAR afii57396
ENCODING 1636
SWIDTH 525 0
DWIDTH 17 0
BBX 7 18 5 5
BITMAP
04
0C
1C
30
40
40
F0
FC
7C
18
10
20
40
40
F0
FE
FE
3C
ENDCHAR
STARTCHAR afii57397
ENCODING 1637
SWIDTH 525 0
DWIDTH 17 0
BBX 11 12 3 8
BITMAP
0E00
1F80
3FC0
23C0
60E0
4060
C020
C020
E040
FFC0
FF80
7E00
ENDCHAR
STARTCHAR afii57398
ENCODING 1638
SWIDTH 525 0
DWIDTH 17 0
BBX 10 18 3 5
BITMAP
8000
C100
FE00
FE00
FE00
7E00
0200
0200
0200
0200
0300
0300
0380
03C0
01C0
01C0
00C0
0040
ENDCHAR
STARTCHAR afii57399
ENCODING 1639
SWIDTH 525 0
DWIDTH 17 0
BBX 12 18 2 5
BITMAP
8000
C010
C010
E030
E030
F060
7040
38C0
1880
0C80
0D00
0500
0700
0700
0200
0200
0200
0200
ENDCHAR
STARTCHAR afii57400
ENCODING 1640
SWIDTH 525 0
DWIDTH 17 0
BBX 13 18 2 5
BITMAP
0200
0200
0200
0200
0700
0700
0900
0980
0980
08C0
10E0
10F0
3078
6078
E038
C018
C018
8008
ENDCHAR
STARTCHAR afii57401
ENCODING 1641
SWIDTH 525 0
DWIDTH 17 0
BBX 10 18 3 5
BITMAP
0E00
3F00
7F80
6380
C180
E180
FF80
FF80
7F80
0180
0180
0180
0180
0180
01C0
00C0
00C0
0040
ENDCHAR
STARTCHAR afii57381
ENCODING 1642
SWIDTH 525 0
DWIDTH 17 0
BBX 13 22 2 3
BITMAP
3018
7830
7830
3060
0060
00C0
00C0
0180
0180
0300
0300
0600
0600
0C00
0C00
1800
1800
3000
3060
60F0
60F0
C060
ENDCHAR
STARTCHAR afii57461
ENCODING 1643
SWIDTH 318 0
DWIDTH 10 0
BBX 4 7 3 1
BITMAP
60
F0
F0
70
20
60
40
ENDCHAR
STARTCHAR afii57388.dup7
ENCODING 1644
SWIDTH 318 0
DWIDTH 10 0
BBX 5 10 3 4
BITMAP
10
30
60
40
C0
E0
F8
F8
78
70
ENDCHAR
STARTCHAR afii63167
ENCODING 1645
SWIDTH 525 0
DWIDTH 17 0
BBX 11 11 3 12
BITMAP
0E00
6EC0
7DC0
3F80
CE60
FBE0
CE60
3F80
75C0
6EC0
0E00
ENDCHAR
STARTCHAR glyph1320
ENCODING 1646
SWIDTH 713 0
DWIDTH 23 0
BBX 22 10 1 5
BITMAP
400008
800008
80001C
80000C
800004
C00004
F00004
7FFFFC
3FFFFC
1FFFFC
ENDCHAR
STARTCHAR glyph1324
ENCODING 1647
SWIDTH 581 0
DWIDTH 19 0
BBX 18 17 1 -2
BITMAP
000E00
001F00
001F80
003180
4031C0
403FC0
803FC0
800F40
800040
800040
800040
8000C0
C001C0
F00F80
7FFF00
3FFE00
0FF000
ENDCHAR
STARTCHAR uni0670
ENCODING 1648
SWIDTH 0 0
DWIDTH 0 0
BBX 2 7 -1 18
BITMAP
80
80
C0
40
40
40
40
ENDCHAR
STARTCHAR uni0671
ENCODING 1649
SWIDTH 207 0
DWIDTH 7 0
BBX 7 24 0 4
BITMAP
0E
32
FC
80
00
08
18
18
18
18
18
18
18
1C
1C
1C
0C
0C
0C
0C
0C
0C
08
08
ENDCHAR
STARTCHAR uni0672
ENCODING 1650
SWIDTH 207 0
DWIDTH 7 0
BBX 6 24 1 4
BITMAP
18
20
1C
70
80
10
30
30
30
30
30
30
30
38
38
38
18
18
18
18
18
18
10
10
ENDCHAR
STARTCHAR uni0673
ENCODING 1651
SWIDTH 207 0
DWIDTH 7 0
BBX 5 26 2 -3
BITMAP
20
60
60
60
60
60
60
60
70
70
70
30
30
30
30
30
30
20
20
00
00
00
18
20
38
E0
ENDCHAR
STARTCHAR uni0654.dup8
ENCODING 1652
SWIDTH 207 0
DWIDTH 7 0
BBX 4 5 2 23
BITMAP
60
80
C0
70
80
ENDCHAR
STARTCHAR uni0675
ENCODING 1653
SWIDTH 207 0
DWIDTH 7 0
BBX 6 19 2 4
BITMAP
4C
D4
D8
CC
D0
C0
C0
C0
E0
E0
E0
60
60
60
60
60
60
40
40
ENDCHAR
STARTCHAR uni0676
ENCODING 1654
SWIDTH 432 0
DWIDTH 14 0
BBX 14 23 1 -3
BITMAP
000C
0010
0010
001C
0010
0000
0070
00F0
00F8
0198
0188
01C8
01F8
00F8
0078
0008
0018
0030
0070
00E0
C3E0
3FC0
0F00
ENDCHAR
STARTCHAR uni0677
ENCODING 1655
SWIDTH 432 0
DWIDTH 14 0
BBX 14 23 1 -3
BITMAP
030C
0510
0710
031C
0310
0400
0870
00F0
00F8
0198
0188
01C8
01F8
00F8
0078
0008
0018
0030
0070
00E0
C3E0
3FC0
0F00
ENDCHAR
STARTCHAR uni0678
ENCODING 1656
SWIDTH 638 0
DWIDTH 20 0
BBX 20 23 1 -1
BITMAP
000030
000040
000040
000070
000040
000000
000000
000380
000FC0
000FC0
001840
202000
404000
404000
807F80
807F80
803F80
800180
C00700
E03F00
FFFE00
7FF800
3FC000
ENDCHAR
STARTCHAR uni0679
ENCODING 1657
SWIDTH 713 0
DWIDTH 23 0
BBX 22 22 1 5
BITMAP
008000
00C000
008000
008000
004000
004000
004000
005E00
00E100
03FF00
000000
000000
400008
800008
80001C
80000C
800004
C00004
F00004
7FFFFC
3FFFFC
1FFFFC
ENDCHAR
STARTCHAR uni067A
ENCODING 1658
SWIDTH 713 0
DWIDTH 23 0
BBX 22 20 1 5
BITMAP
004000
00F000
00E000
002000
002000
007800
007000
001000
000000
000000
400008
800008
80001C
80000C
800004
C00004
F00004
7FFFFC
3FFFFC
1FFFFC
ENDCHAR
STARTCHAR uni067B
ENCODING 1659
SWIDTH 713 0
DWIDTH 23 0
BBX 22 20 1 -5
BITMAP
400008
800008
80001C
80000C
800004
C00004
F00004
7FFFFC
3FFFFC
1FFFFC
000000
000000
002000
007800
007000
001000
001000
003C00
003800
000800
ENDCHAR
STARTCHAR uni067C
ENCODING 1660
SWIDTH 713 0
DWIDTH 23 0
BBX 22 18 1 2
BITMAP
000800
009E00
01FC00
01C400
004000
400008
800008
80001C
80000C
800004
C00004
F00004
7FFFFC
3FFFFC
1FFFFC
004800
00C800
007000
ENDCHAR
STARTCHAR uni067D
ENCODING 1661
SWIDTH 713 0
DWIDTH 23 0
BBX 22 20 1 5
BITMAP
001000
013C00
03F800
038800
008000
002000
007800
007000
001000
000000
400008
800008
80001C
80000C
800004
C00004
F00004
7FFFFC
3FFFFC
1FFFFC
ENDCHAR
STARTCHAR afii57506
ENCODING 1662
SWIDTH 713 0
DWIDTH 23 0
BBX 22 21 1 -6
BITMAP
400008
800008
80001C
80000C
800004
C00004
F00004
7FFFFC
3FFFFC
1FFFFC
000000
000000
000400
004700
007F00
00F200
002000
000800
000E00
001E00
000400
ENDCHAR
STARTCHAR uni067F
ENCODING 1663
SWIDTH 713 0
DWIDTH 23 0
BBX 22 19 1 5
BITMAP
001000
013C00
03F800
038800
008800
009E00
01FC00
01C400
004000
400008
800008
80001C
80000C
800004
C00004
F00004
7FFFFC
3FFFFC
1FFFFC
ENDCHAR
STARTCHAR uni0680
ENCODING 1664
SWIDTH 713 0
DWIDTH 23 0
BBX 22 22 1 -7
BITMAP
400008
800008
80001C
80000C
800004
C00004
F00004
7FFFFC
3FFFFC
1FFFFC
000000
000000
000000
001800
019C00
01FC00
01C800
008C00
00CE00
00FE00
01E400
004000
ENDCHAR
STARTCHAR uni0681
ENCODING 1665
SWIDTH 562 0
DWIDTH 18 0
BBX 16 28 1 -6
BITMAP
0080
0300
0300
01C0
0200
0000
0000
0000
3FFE
7FFE
FFFE
03F0
0F00
1800
3000
4000
4000
8000
8000
8000
8000
C000
E000
7000
7F00
3FFF
1FFC
03F8
ENDCHAR
STARTCHAR uni0682
ENCODING 1666
SWIDTH 562 0
DWIDTH 18 0
BBX 16 31 1 -6
BITMAP
0200
0780
0700
0300
0100
03C0
0380
0180
0000
0000
0000
3FFE
7FFE
FFFE
03F0
0F00
1800
3000
4000
4000
8000
8000
8000
8000
C000
E000
7000
7F00
3FFF
1FFC
03F8
ENDCHAR
STARTCHAR uni0683
ENCODING 1667
SWIDTH 562 0
DWIDTH 18 0
BBX 16 20 1 -6
BITMAP
3FFE
7FFE
FFFE
03F0
0F00
1800
3000
4000
4010
813C
83F8
8388
8080
C000
E000
7000
7F00
3FFF
1FFC
03F8
ENDCHAR
STARTCHAR uni0684
ENCODING 1668
SWIDTH 562 0
DWIDTH 18 0
BBX 16 20 1 -6
BITMAP
3FFE
7FFE
FFFE
03F0
0F00
1800
3000
4100
43C0
8380
8080
8080
81E0
C1C0
E040
7000
7F00
3FFF
1FFC
03F8
ENDCHAR
STARTCHAR uni0685
ENCODING 1669
SWIDTH 562 0
DWIDTH 18 0
BBX 16 31 1 -6
BITMAP
0600
0700
0F00
02C0
00E0
0DE0
0E40
1E00
0400
0000
0000
3FFE
7FFE
FFFE
03F0
0F00
1800
3000
4000
4000
8000
8000
8000
8000
C000
E000
7000
7F00
3FFF
1FFC
03F8
ENDCHAR
STARTCHAR afii57507
ENCODING 1670
SWIDTH 562 0
DWIDTH 18 0
BBX 16 20 1 -6
BITMAP
3FFE
7FFE
FFFE
03F0
0F00
1800
3000
4020
4238
83F8
8790
8100
8040
C070
E0F0
7020
7F00
3FFF
1FFC
03F8
ENDCHAR
STARTCHAR uni0687
ENCODING 1671
SWIDTH 562 0
DWIDTH 18 0
BBX 16 20 1 -6
BITMAP
3FFE
7FFE
FFFE
03F0
0F00
1800
3000
4020
4678
87F0
8730
8310
813C
C3F8
E398
7180
7F00
3FFF
1FFC
03F8
ENDCHAR
STARTCHAR uni0688
ENCODING 1672
SWIDTH 337 0
DWIDTH 11 0
BBX 10 24 1 5
BITMAP
4000
2000
2000
2000
2000
3000
1000
2780
38C0
FFC0
0000
0400
0600
0700
0380
0180
00C0
0040
0040
0040
4040
7FC0
7FC0
7FC0
ENDCHAR
STARTCHAR uni0689
ENCODING 1673
SWIDTH 337 0
DWIDTH 11 0
BBX 9 16 2 2
BITMAP
0800
0C00
0E00
0700
0300
0180
0080
0080
0080
8080
FF80
FF80
FF80
1200
3200
1C00
ENDCHAR
STARTCHAR uni068A
ENCODING 1674
SWIDTH 337 0
DWIDTH 11 0
BBX 9 19 2 -1
BITMAP
0800
0C00
0E00
0700
0300
0180
0080
0080
0080
8080
FF80
FF80
FF80
0000
0000
1000
1C00
3C00
0800
ENDCHAR
STARTCHAR uni068B
ENCODING 1675
SWIDTH 337 0
DWIDTH 11 0
BBX 10 30 1 -1
BITMAP
4000
2000
2000
2000
2000
3000
1000
2780
38C0
FFC0
0000
0400
0600
0700
0380
0180
00C0
0040
0040
0040
4040
7FC0
7FC0
7FC0
0000
0000
0800
0E00
1E00
0400
ENDCHAR
STARTCHAR uni068C
ENCODING 1676
SWIDTH 337 0
DWIDTH 11 0
BBX 9 20 2 5
BITMAP
0400
4700
7F00
F200
2000
0000
0000
0800
0C00
0E00
0700
0300
0180
0080
0080
0080
8080
FF80
FF80
FF80
ENDCHAR
STARTCHAR uni068D
ENCODING 1677
SWIDTH 337 0
DWIDTH 11 0
BBX 9 20 2 -2
BITMAP
0800
0C00
0E00
0700
0300
0180
0080
0080
0080
8080
FF80
FF80
FF80
0000
0000
0400
4700
7F00
F200
2000
ENDCHAR
STARTCHAR uni068E
ENCODING 1678
SWIDTH 337 0
DWIDTH 11 0
BBX 9 23 2 5
BITMAP
1000
3C00
3800
1A00
0780
2700
7B00
7000
3000
0000
0800
0C00
0E00
0700
0300
0180
0080
0080
0080
8080
FF80
FF80
FF80
ENDCHAR
STARTCHAR uni068F
ENCODING 1679
SWIDTH 337 0
DWIDTH 11 0
BBX 9 23 2 5
BITMAP
0400
4F00
FE00
E600
6000
0800
1E00
1C00
0C00
0000
0800
0C00
0E00
0700
0300
0180
0080
0080
0080
8080
FF80
FF80
FF80
ENDCHAR
STARTCHAR uni0690
ENCODING 1680
SWIDTH 337 0
DWIDTH 11 0
BBX 10 22 1 5
BITMAP
0400
4700
7F00
F200
2200
2380
3F80
7900
1000
0400
0600
0700
0380
0180
00C0
0040
0040
0040
4040
7FC0
7FC0
7FC0
ENDCHAR
STARTCHAR uni0691
ENCODING 1681
SWIDTH 488 0
DWIDTH 16 0
BBX 15 30 1 -3
BITMAP
0100
0180
0080
0080
0080
0080
0080
009E
00E2
07FE
0000
0000
0000
0008
000C
000C
000E
0006
0006
0002
0002
0002
0006
0006
000C
001C
0078
C1F0
3FE0
0F80
ENDCHAR
STARTCHAR uni0692
ENCODING 1682
SWIDTH 488 0
DWIDTH 16 0
BBX 15 23 1 -3
BITMAP
0048
0050
0030
0020
0000
0000
0008
000C
000C
000E
0006
0006
0002
0002
0002
0006
0006
000C
001C
0078
C1F0
3FE0
0F80
ENDCHAR
STARTCHAR uni0693
ENCODING 1683
SWIDTH 488 0
DWIDTH 16 0
BBX 15 18 1 -4
BITMAP
0008
000C
000C
000E
0006
0006
0002
0002
0002
0006
0006
000C
001C
0078
C1FE
3FF2
0FA2
001C
ENDCHAR
STARTCHAR uni0694
ENCODING 1684
SWIDTH 488 0
DWIDTH 16 0
BBX 16 18 1 -4
BITMAP
0008
000C
000C
000E
0006
0006
0002
0002
0002
0006
0006
000C
001C
0078
C1F4
3FEF
0F8E
0002
ENDCHAR
STARTCHAR uni0695
ENCODING 1685
SWIDTH 488 0
DWIDTH 16 0
BBX 16 21 1 -7
BITMAP
0008
000C
000C
000E
0006
0006
0002
0002
0002
0006
0006
000C
001C
0078
C1F0
3FE0
0F80
0013
000A
000A
0004
ENDCHAR
STARTCHAR uni0696
ENCODING 1686
SWIDTH 488 0
DWIDTH 16 0
BBX 16 18 1 -4
BITMAP
0008
000C
000C
000E
0006
0006
0802
0E02
1E02
0406
0006
000C
001C
0078
C1F4
3FEF
0F8E
0002
ENDCHAR
STARTCHAR uni0697
ENCODING 1687
SWIDTH 488 0
DWIDTH 16 0
BBX 15 24 1 -3
BITMAP
0010
011C
01FC
03C8
0080
0000
0000
0008
000C
000C
000E
0006
0006
0002
0002
0002
0006
0006
000C
001C
0078
C1F0
3FE0
0F80
ENDCHAR
STARTCHAR afii57508
ENCODING 1688
SWIDTH 488 0
DWIDTH 16 0
BBX 15 28 1 -3
BITMAP
0040
00F0
00E0
0020
0008
009E
01FC
01C4
0040
0000
0000
0008
000C
000C
000E
0006
0006
0002
0002
0002
0006
0006
000C
001C
0078
C1F0
3FE0
0F80
ENDCHAR
STARTCHAR uni0699
ENCODING 1689
SWIDTH 488 0
DWIDTH 16 0
BBX 15 27 1 -3
BITMAP
0020
0278
07F0
0710
0110
013C
03F8
0388
0080
0000
0008
000C
000C
000E
0006
0006
0002
0002
0002
0006
0006
000C
001C
0078
C1F0
3FE0
0F80
ENDCHAR
STARTCHAR uni069A
ENCODING 1690
SWIDTH 821 0
DWIDTH 26 0
BBX 25 22 1 -2
BITMAP
00001000
00003C00
00003800
00001800
00000000
00000000
00020100
00020900
00070980
20070880
40030880
40030C80
8001FF80
8001FF80
8001F380
80010000
80030000
C0060800
E03E1E00
7FFC1C00
7FF80400
1FC00000
ENDCHAR
STARTCHAR uni069B
ENCODING 1691
SWIDTH 821 0
DWIDTH 26 0
BBX 25 20 1 -6
BITMAP
00020100
00020900
00070980
20070880
40030880
40030C80
8001FF80
8001FF80
8001F380
80010000
80030000
C0060200
E03E2780
7FFC7F00
7FF87100
1FC01000
00000400
00000F00
00000E00
00000200
ENDCHAR
STARTCHAR uni069C
ENCODING 1692
SWIDTH 821 0
DWIDTH 26 0
BBX 25 30 1 -6
BITMAP
00002000
00007800
00007000
00003400
00000F00
00004E00
0000F600
0000E000
00006000
00000000
00020100
00020900
00070980
20070880
40030880
40030C80
8001FF80
8001FF80
8001F380
80010000
80030000
C0060200
E03E2780
7FFC7F00
7FF87100
1FC01000
00000400
00000F00
00000E00
00000200
ENDCHAR
STARTCHAR uni069D
ENCODING 1693
SWIDTH 1098 0
DWIDTH 35 0
BBX 34 16 1 -2
BITMAP
0002001F00
0002007F80
000700FFC0
200701C1C0
40030700C0
40031C01C0
8001FFFFC0
8001FFFFC0
8001FFFFC0
8001000000
8003000000
C006002000
E03E027800
7FFC07F000
7FF8071000
1FE0010000
ENDCHAR
STARTCHAR uni069E
ENCODING 1694
SWIDTH 1098 0
DWIDTH 35 0
BBX 34 26 1 -2
BITMAP
0000010000
000003C000
0000038000
000000A000
0000007800
0000027000
0000079000
0000070000
0000010000
0000000000
0002001F00
0002007F80
000700FFC0
200701C1C0
40030700C0
40031C01C0
8001FFFFC0
8001FFFFC0
8001FFFFC0
8001000000
8003000000
C006000000
E03E000000
7FFC000000
7FF8000000
1FE0000000
ENDCHAR
STARTCHAR uni069F
ENCODING 1695
SWIDTH 581 0
DWIDTH 19 0
BBX 20 20 -1 5
BITMAP
020000
020600
038700
038F00
0182C0
0100E0
010DE0
008E40
009E00
008400
008000
0083C0
009FE0
00BFF0
00F070
01C030
070070
FFFFF0
FFFFF0
FFFFF0
ENDCHAR
STARTCHAR uni06A0
ENCODING 1696
SWIDTH 543 0
DWIDTH 17 0
BBX 15 35 1 -6
BITMAP
2000
7800
7000
3400
0F00
4E00
F600
E000
6000
1E00
3F00
7F80
7800
C000
8000
8010
C0F0
F1E0
7FC0
7F00
3C00
1000
2000
4000
4000
8000
8000
8000
8000
C000
E000
7C00
7FFE
1FF8
07F0
ENDCHAR
STARTCHAR uni06A1
ENCODING 1697
SWIDTH 788 0
DWIDTH 25 0
BBX 24 10 1 5
BITMAP
40000E
80001E
80003F
800033
800033
C0003F
F0000F
7FFFFF
3FFFFF
0FFFFF
ENDCHAR
STARTCHAR uni06A2
ENCODING 1698
SWIDTH 788 0
DWIDTH 25 0
BBX 24 16 1 -1
BITMAP
40000E
80001E
80003F
800033
800033
C0003F
F0000F
7FFFFF
3FFFFF
0FFFFF
000000
000000
000008
00000E
00001E
000004
ENDCHAR
STARTCHAR uni06A3
ENCODING 1699
SWIDTH 788 0
DWIDTH 25 0
BBX 24 22 1 -1
BITMAP
000008
00000E
00001E
000004
000000
000000
40000E
80001E
80003F
800033
800033
C0003F
F0000F
7FFFFF
3FFFFF
0FFFFF
000000
000000
001800
001C00
003C00
000800
ENDCHAR
STARTCHAR uni06A4
ENCODING 1700
SWIDTH 788 0
DWIDTH 25 0
BBX 25 21 1 5
BITMAP
00001000
00001C00
00003C00
00000A00
00000380
00002780
00003900
00007800
00001000
00000000
00000000
40000E00
80001E00
80003F00
80003300
80003300
C0003F00
F0000F00
7FFFFF00
3FFFFF00
0FFFFF00
ENDCHAR
STARTCHAR uni06A5
ENCODING 1701
SWIDTH 788 0
DWIDTH 25 0
BBX 25 21 1 -6
BITMAP
40000E00
80001E00
80003F00
80003300
80003300
C0003F00
F0000F00
7FFFFF00
3FFFFF00
0FFFFF00
00000000
00000000
00000200
00002780
00007F00
00007100
00001000
00000400
00000F00
00000E00
00000200
ENDCHAR
STARTCHAR uni06A6
ENCODING 1702
SWIDTH 788 0
DWIDTH 25 0
BBX 25 20 1 5
BITMAP
00000400
00004700
00007F00
0000F200
00002200
00002380
00003F80
00007900
00001000
00000000
40000E00
80001E00
80003F00
80003300
80003300
C0003F00
F0000F00
7FFFFF00
3FFFFF00
0FFFFF00
ENDCHAR
STARTCHAR uni06A7
ENCODING 1703
SWIDTH 581 0
DWIDTH 19 0
BBX 18 23 1 -2
BITMAP
001000
001C00
003C00
000800
000000
000000
000E00
001F00
001F80
003180
4031C0
403FC0
803FC0
800F40
800040
800040
800040
8000C0
C001C0
F00F80
7FFF00
3FFE00
0FF000
ENDCHAR
STARTCHAR uni06A8
ENCODING 1704
SWIDTH 581 0
DWIDTH 19 0
BBX 18 26 1 -2
BITMAP
002000
007800
007000
001400
000F00
004E00
00F200
00E000
002000
000E00
001F00
001F80
003180
4031C0
403FC0
803FC0
800F40
800040
800040
800040
8000C0
C001C0
F00F80
7FFF00
3FFE00
0FF000
ENDCHAR
STARTCHAR afii57567
ENCODING 1705
SWIDTH 812 0
DWIDTH 26 0
BBX 26 18 0 5
BITMAP
00000100
00000F00
00003F00
0000FC00
0001E000
00038000
00030000
0003C000
0003F000
4001F800
80003C00
80000E00
80000300
80000180
E00000C0
FFFFFFC0
7FFFFFC0
1FFFFFC0
ENDCHAR
STARTCHAR uni06AA
ENCODING 1706
SWIDTH 812 0
DWIDTH 26 0
BBX 26 17 0 5
BITMAP
00040000
001C0000
007C0000
01F80000
03C00000
06000000
0C000000
0E000000
0FF00000
07FFC000
83FFFC00
801FFF00
80001F80
E00001C0
FFFFFFC0
7FFFFFC0
1FFFFFC0
ENDCHAR
STARTCHAR uni06AB
ENCODING 1707
SWIDTH 812 0
DWIDTH 26 0
BBX 26 18 0 5
BITMAP
00000100
00000F00
00003F00
0000FE00
0001F300
00039100
00030E00
0003C000
0003F000
4001F800
80003C00
80000E00
80000300
80000180
E00000C0
FFFFFFC0
7FFFFFC0
1FFFFFC0
ENDCHAR
STARTCHAR uni06AC
ENCODING 1708
SWIDTH 601 0
DWIDTH 19 0
BBX 18 21 1 5
BITMAP
008000
01E400
01C700
00C780
000780
000380
002300
00E300
018100
010180
03F180
03F180
403180
806180
8FC180
8000C0
8000C0
E000C0
FFFFC0
7FFFC0
3FFFC0
ENDCHAR
STARTCHAR uni06AD
ENCODING 1709
SWIDTH 601 0
DWIDTH 19 0
BBX 18 23 1 5
BITMAP
020000
078000
070000
034400
00F700
04E780
0F6780
0E0380
060300
002300
00E100
018180
010180
03F180
43F180
803180
806180
8FC0C0
8000C0
E000C0
FFFFC0
7FFFC0
3FFFC0
ENDCHAR
STARTCHAR uni06AE
ENCODING 1710
SWIDTH 601 0
DWIDTH 19 0
BBX 18 31 1 -6
BITMAP
000400
000700
000780
000780
000380
002300
00E300
018100
010180
03F180
03F180
403180
806180
8FC180
8000C0
8000C0
E000C0
FFFFC0
7FFFC0
3FFFC0
000000
000000
001000
011C00
01FC00
03C800
008000
002000
003800
007800
001000
ENDCHAR
STARTCHAR afii57509
ENCODING 1711
SWIDTH 812 0
DWIDTH 26 0
BBX 26 23 0 5
BITMAP
00000100
00000700
00001F00
00003E00
00007800
0001E100
00038F00
00023F00
0000FC00
0001E000
00038000
00030000
0003C000
0003F000
4001F800
80003C00
80000E00
80000300
80000180
E00000C0
FFFFFFC0
7FFFFFC0
1FFFFFC0
ENDCHAR
STARTCHAR uni06B0
ENCODING 1712
SWIDTH 812 0
DWIDTH 26 0
BBX 26 23 0 5
BITMAP
00000100
00000700
00001F00
00003E00
00007800
0001E100
00038F00
00023F00
0000FE00
0001F300
00039100
00030E00
0003C000
0003F000
4001F800
80003C00
80000E00
80000300
80000180
E00000C0
FFFFFFC0
7FFFFFC0
1FFFFFC0
ENDCHAR
STARTCHAR uni06B1
ENCODING 1713
SWIDTH 812 0
DWIDTH 26 0
BBX 26 23 0 5
BITMAP
00006100
00036700
00031F00
00003E00
00007800
0001E100
00038F00
00023F00
0000FC00
0001E000
00038000
00030000
0003C000
0003F000
4001F800
80003C00
80000E00
80000300
80000180
E00000C0
FFFFFFC0
7FFFFFC0
1FFFFFC0
ENDCHAR
STARTCHAR uni06B2
ENCODING 1714
SWIDTH 812 0
DWIDTH 26 0
BBX 26 30 0 -2
BITMAP
00000100
00000700
00001F00
00003E00
00007800
0001E100
00038F00
00023F00
0000FC00
0001E000
00038000
00030000
0003C000
0003F000
4001F800
80003C00
80000E00
80000300
80000180
E00000C0
FFFFFFC0
7FFFFFC0
1FFFFFC0
00000000
00000000
00030000
00338000
003F8000
00790000
00100000
ENDCHAR
STARTCHAR uni06B3
ENCODING 1715
SWIDTH 812 0
DWIDTH 26 0
BBX 26 33 0 -5
BITMAP
00000100
00000700
00001F00
00003E00
00007800
0001E100
00038F00
00023F00
0000FC00
0001E000
00038000
00030000
0003C000
0003F000
4001F800
80003C00
80000E00
80000300
80000180
E00000C0
FFFFFFC0
7FFFFFC0
1FFFFFC0
00000000
00000000
000C0000
000E0000
001E0000
00040000
00060000
00070000
000F0000
00020000
ENDCHAR
STARTCHAR uni06B4
ENCODING 1716
SWIDTH 812 0
DWIDTH 26 0
BBX 26 23 0 5
BITMAP
00018000
0001E300
00036F00
00031F00
00007C00
0000F100
0001CF00
00033F00
0000FC00
0001E000
00038000
00030000
0003C000
0003F000
4001F800
80003C00
80000E00
80000300
80000180
E00000C0
FFFFFFC0
7FFFFFC0
1FFFFFC0
ENDCHAR
STARTCHAR uni06B5
ENCODING 1717
SWIDTH 506 0
DWIDTH 16 0
BBX 15 29 1 -1
BITMAP
004C
0028
0028
0010
0000
0038
003C
003C
001C
0018
0008
0008
000C
000C
0004
1004
2004
4006
4006
8002
8002
8002
8002
8002
C006
F03C
7FFC
7FF8
1FE0
ENDCHAR
STARTCHAR uni06B6
ENCODING 1718
SWIDTH 506 0
DWIDTH 16 0
BBX 15 29 1 -1
BITMAP
0020
0038
0078
0010
0000
0038
003C
003C
001C
0018
0008
0008
000C
000C
0004
1004
2004
4006
4006
8002
8002
8002
8002
8002
C006
F03C
7FFC
7FF8
1FE0
ENDCHAR
STARTCHAR uni06B7
ENCODING 1719
SWIDTH 506 0
DWIDTH 16 0
BBX 15 29 1 -1
BITMAP
0030
002C
0068
0040
0000
0038
003C
003C
001C
0018
0008
0008
000C
000C
0004
1004
2004
4006
4006
8002
8002
8002
8002
8002
C006
F03C
7FFC
7FF8
1FE0
ENDCHAR
STARTCHAR uni06B8
ENCODING 1720
SWIDTH 506 0
DWIDTH 16 0
BBX 15 32 1 -7
BITMAP
0020
0038
003C
003C
001C
0018
0008
0008
000C
000C
0004
1004
2004
4006
4006
8002
8002
8002
8002
8002
C006
F03C
7FFC
7FF8
1FE0
0000
0040
04E0
0E60
0680
01C0
00C0
ENDCHAR
STARTCHAR uni06B9
ENCODING 1721
SWIDTH 525 0
DWIDTH 17 0
BBX 16 25 1 -6
BITMAP
0100
03C0
0380
0080
0000
0002
0002
0007
2007
4003
4001
8001
8001
8001
8001
8003
C007
E03E
7FFE
7FF8
1FE0
0100
03C0
0380
0080
ENDCHAR
STARTCHAR uni06BA
ENCODING 1722
SWIDTH 525 0
DWIDTH 17 0
BBX 16 16 1 -2
BITMAP
0002
0002
0007
2007
4003
4001
8001
8001
8001
8001
8003
C007
E03E
7FFE
7FF8
1FE0
ENDCHAR
STARTCHAR uni06BB
ENCODING 1723
SWIDTH 525 0
DWIDTH 17 0
BBX 16 28 1 -2
BITMAP
0400
0600
0200
0200
0200
0200
0200
0278
0388
1FF8
0000
0000
0002
0002
0007
2007
4003
4001
8001
8001
8001
8001
8003
C007
E03E
7FFE
7FF8
1FE0
ENDCHAR
STARTCHAR uni06BC
ENCODING 1724
SWIDTH 525 0
DWIDTH 17 0
BBX 16 24 1 -5
BITMAP
0100
03C0
0380
0080
0000
0002
0002
0007
2007
4003
4001
8001
8001
8001
8001
8003
C007
E03E
7FFE
7FF8
1FE0
0240
0440
0380
ENDCHAR
STARTCHAR uni06BD
ENCODING 1725
SWIDTH 525 0
DWIDTH 17 0
BBX 16 26 1 -2
BITMAP
0200
0780
0700
0340
00F0
04E0
0F60
0E00
0600
0000
0002
0002
0007
2007
4003
4001
8001
8001
8001
8001
8003
C007
E03E
7FFE
7FF8
1FE0
ENDCHAR
STARTCHAR afii57470
ENCODING 1726
SWIDTH 450 0
DWIDTH 14 0
BBX 13 14 -1 5
BITMAP
0400
0600
0F00
0780
0FC0
0FC0
19E0
11F0
3BB0
3F18
1F18
FFF8
F9F8
F070
ENDCHAR
STARTCHAR uni06BF
ENCODING 1727
SWIDTH 562 0
DWIDTH 18 0
BBX 16 27 1 -6
BITMAP
0300
0380
0780
0100
0000
0000
0000
3FFE
7FFE
FFFE
03F0
0F00
1800
3000
4020
4238
83F8
8790
8100
8040
C070
E0F0
7020
7F00
3FFF
1FFC
03F8
ENDCHAR
STARTCHAR uni06C0
ENCODING 1728
SWIDTH 282 0
DWIDTH 9 0
BBX 7 17 1 5
BITMAP
18
20
30
18
20
00
20
38
3C
3C
4E
46
C6
CE
FE
FC
78
ENDCHAR
STARTCHAR uni06C1
ENCODING 1729
SWIDTH 387 0
DWIDTH 12 0
BBX 12 8 0 3
BITMAP
0700
1F80
1FC0
31F0
60F0
6070
C000
8000
ENDCHAR
STARTCHAR uni06C2
ENCODING 1730
SWIDTH 387 0
DWIDTH 12 0
BBX 12 14 0 3
BITMAP
0C00
1000
1800
0E00
1000
0000
0700
1F80
1FC0
31F0
60F0
6070
C000
8000
ENDCHAR
STARTCHAR uni06C3
ENCODING 1731
SWIDTH 387 0
DWIDTH 12 0
BBX 12 16 0 3
BITMAP
0100
13C0
3F80
3980
1000
0000
0000
0000
0700
1F80
1FC0
31F0
60F0
6070
C000
8000
ENDCHAR
STARTCHAR uni06C4
ENCODING 1732
SWIDTH 432 0
DWIDTH 14 0
BBX 13 17 1 -3
BITMAP
0070
00F0
00F8
0198
0188
01C8
01F8
00F8
0078
0008
0018
03B0
04F0
04E0
C7E0
3FC0
0F00
ENDCHAR
STARTCHAR uni06C5
ENCODING 1733
SWIDTH 432 0
DWIDTH 14 0
BBX 13 17 1 -3
BITMAP
0070
00F0
00F8
0198
0188
01C8
01F8
00F8
0078
0F18
01F8
0030
0070
00E0
C3E0
3FC0
0F00
ENDCHAR
STARTCHAR uni06C6
ENCODING 1734
SWIDTH 432 0
DWIDTH 14 0
BBX 13 23 1 -3
BITMAP
0048
0050
0030
0020
0000
0000
0070
00F0
00F8
0198
0188
01C8
01F8
00F8
0078
0008
0018
0030
0070
00E0
C3E0
3FC0
0F00
ENDCHAR
STARTCHAR uni06C7
ENCODING 1735
SWIDTH 432 0
DWIDTH 14 0
BBX 13 24 1 -3
BITMAP
0060
0070
0060
0060
0050
00C0
0180
0070
00F0
00F8
0198
0188
01C8
01F8
00F8
0078
0008
0018
0030
0070
00E0
C3E0
3FC0
0F00
ENDCHAR
STARTCHAR uni06C8
ENCODING 1736
SWIDTH 432 0
DWIDTH 14 0
BBX 13 27 1 -3
BITMAP
0040
0040
0040
0040
0040
0060
0060
0020
0000
0000
0070
00F0
00F8
0198
0188
01C8
01F8
00F8
0078
0008
0018
0030
0070
00E0
C3E0
3FC0
0F00
ENDCHAR
STARTCHAR uni06C9
ENCODING 1737
SWIDTH 432 0
DWIDTH 14 0
BBX 13 23 1 -3
BITMAP
0020
0030
0050
0048
0000
0000
0070
00F0
00F8
0198
0188
01C8
01F8
00F8
0078
0008
0018
0030
0070
00E0
C3E0
3FC0
0F00
ENDCHAR
STARTCHAR uni06CA
ENCODING 1738
SWIDTH 432 0
DWIDTH 14 0
BBX 13 24 1 -3
BITMAP
0020
0238
03F8
0790
0100
0000
0000
0070
00F0
00F8
0198
0188
01C8
01F8
00F8
0078
0008
0018
0030
0070
00E0
C3E0
3FC0
0F00
ENDCHAR
STARTCHAR uni06CB
ENCODING 1739
SWIDTH 432 0
DWIDTH 14 0
BBX 13 27 1 -3
BITMAP
0100
01C0
03C0
00A0
0038
0278
0390
0780
0100
0000
0070
00F0
00F8
0198
0188
01C8
01F8
00F8
0078
0008
0018
0030
0070
00E0
C3E0
3FC0
0F00
ENDCHAR
STARTCHAR afii57555
ENCODING 1740
SWIDTH 638 0
DWIDTH 20 0
BBX 18 16 1 -1
BITMAP
000380
000FC0
000FC0
001840
202000
404000
404000
807F80
807F80
803F80
800180
C00700
E03F00
FFFE00
7FF800
3FC000
ENDCHAR
STARTCHAR uni06CD
ENCODING 1741
SWIDTH 638 0
DWIDTH 20 0
BBX 20 16 -1 -1
BITMAP
0000E0
0003F0
0003F0
000630
180800
681000
901000
201FE0
201FE0
201FE0
200060
3001C0
380FC0
3FFF80
1FFE00
0FF000
ENDCHAR
STARTCHAR uni06CE
ENCODING 1742
SWIDTH 638 0
DWIDTH 20 0
BBX 18 18 1 -1
BITMAP
0C8000
050000
050380
020FC0
000FC0
001840
202000
404000
404000
807F80
807F80
803F80
800180
C00700
E03F00
FFFE00
7FF800
3FC000
ENDCHAR
STARTCHAR uni06CF
ENCODING 1743
SWIDTH 432 0
DWIDTH 14 0
BBX 13 23 1 -3
BITMAP
0080
00E0
01E0
0040
0000
0000
0070
00F0
00F8
0198
0188
01C8
01F8
00F8
0078
0008
0018
0030
0070
00E0
C3E0
3FC0
0F00
ENDCHAR
STARTCHAR uni06D0
ENCODING 1744
SWIDTH 638 0
DWIDTH 20 0
BBX 18 21 1 -6
BITMAP
000380
000FC0
000FC0
001840
202000
404000
404000
807F80
807F80
803F80
800180
C00700
E03F00
FFFE00
7FF800
3FC000
000000
000000
018000
000000
018000
ENDCHAR
STARTCHAR uni06D1
ENCODING 1745
SWIDTH 638 0
DWIDTH 20 0
BBX 18 21 1 -6
BITMAP
000380
000FC0
000FC0
001840
202000
404000
404000
807F80
807F80
803F80
800180
C00700
E03F00
FFFE00
7FF800
3FC000
000000
000000
006000
030000
00C000
ENDCHAR
STARTCHAR uni06D2
ENCODING 1746
SWIDTH 812 0
DWIDTH 26 0
BBX 25 13 1 -1
BITMAP
00180000
00380000
007C0000
01C40000
03840000
0F800000
3F000000
7C000000
70000000
C0000000
FFFFFF80
FFFFFE00
FFFFFC00
ENDCHAR
STARTCHAR uni06D3
ENCODING 1747
SWIDTH 812 0
DWIDTH 26 0
BBX 25 17 1 -1
BITMAP
00C00000
01000000
01000000
00C00000
01180000
00380000
007C0000
01C40000
03840000
0F800000
3F000000
7C000000
70000000
C0000000
FFFFFF80
FFFFFE00
FFFFFC00
ENDCHAR
STARTCHAR uni06D4
ENCODING 1748
SWIDTH 207 0
DWIDTH 7 0
BBX 5 3 1 5
BITMAP
F8
F8
F8
ENDCHAR
STARTCHAR afii57534
ENCODING 1749
SWIDTH 282 0
DWIDTH 9 0
BBX 7 11 1 5
BITMAP
20
38
3C
3C
4E
46
C6
CE
FE
FC
78
ENDCHAR
STARTCHAR uni06D6
ENCODING 1750
SWIDTH 0 0
DWIDTH 0 0
BBX 14 11 -7 17
BITMAP
2000
3800
1000
1000
0A1C
0A24
3FFC
4000
8000
8000
FFE0
ENDCHAR
STARTCHAR uni06D7
ENCODING 1751
SWIDTH 0 0
DWIDTH 0 0
BBX 12 11 -5 17
BITMAP
10C0
1BC0
0B00
0980
0540
05C0
0440
3FC0
4000
8000
FFF0
ENDCHAR
STARTCHAR uni06D8
ENCODING 1752
SWIDTH 0 0
DWIDTH 0 0
BBX 7 4 -3 17
BITMAP
0C
12
32
EE
ENDCHAR
STARTCHAR uni06D9
ENCODING 1753
SWIDTH 0 0
DWIDTH 0 0
BBX 7 10 -4 17
BITMAP
8C
C6
44
24
24
18
08
18
28
78
ENDCHAR
STARTCHAR uni06DA
ENCODING 1754
SWIDTH 0 0
DWIDTH 0 0
BBX 7 9 -4 17
BITMAP
FE
30
40
80
98
98
80
40
3C
ENDCHAR
STARTCHAR uni06DB
ENCODING 1755
SWIDTH 0 0
DWIDTH 0 0
BBX 4 4 -2 17
BITMAP
C0
B0
90
C0
ENDCHAR
STARTCHAR uni06DC
ENCODING 1756
SWIDTH 0 0
DWIDTH 0 0
BBX 12 7 -6 17
BITMAP
0400
0650
4250
83F0
8200
8400
7800
ENDCHAR
STARTCHAR uni06DD
ENCODING 1757
SWIDTH 1123 0
DWIDTH 36 0
BBX 34 34 1 -6
BITMAP
0007F80000
001FFE0000
01F807E000
0260019000
027FFF9000
027FFF9000
0780007800
0C00000C00
1800000600
3000000300
3000000300
6000000180
6000000180
C0000001C0
C0000000C0
C0000000C0
C0000000C0
C0000000C0
C0000000C0
C0000000C0
C0000000C0
6000000180
6000000180
3000000300
3000000300
1800000600
0C00000C00
0780007800
027FFF9000
027FFF9000
0260019000
01F807E000
001FFE0000
0007F80000
ENDCHAR
STARTCHAR uni06DE
ENCODING 1758
SWIDTH 1084 0
DWIDTH 35 0
BBX 32 32 1 -5
BITMAP
00010000
00018000
00024000
00042000
00081000
07FFFFE0
04200420
04400220
04800120
050000A0
06000060
04000020
0C000030
1403C028
24066024
44042022
C4042023
24066024
1403C028
0C000030
04000020
06000060
050000A0
04800120
04400220
04200420
07FFFFE0
00081000
00042000
00024000
00018000
00010000
ENDCHAR
STARTCHAR uni06DF
ENCODING 1759
SWIDTH 0 0
DWIDTH 0 0
BBX 2 2 -1 17
BITMAP
C0
C0
ENDCHAR
STARTCHAR uni06E0
ENCODING 1760
SWIDTH 0 0
DWIDTH 0 0
BBX 2 2 -1 17
BITMAP
C0
C0
ENDCHAR
STARTCHAR uni06E1
ENCODING 1761
SWIDTH 0 0
DWIDTH 0 0
BBX 9 4 -4 17
BITMAP
3800
0C00
0200
FF80
ENDCHAR
STARTCHAR uni06E2
ENCODING 1762
SWIDTH 0 0
DWIDTH 0 0
BBX 5 8 -2 17
BITMAP
30
48
78
80
80
80
40
40
ENDCHAR
STARTCHAR uni06E3
ENCODING 1763
SWIDTH 0 0
DWIDTH 0 0
BBX 12 7 -6 -6
BITMAP
0400
0650
4250
83F0
8200
8400
7800
ENDCHAR
STARTCHAR uni06E4
ENCODING 1764
SWIDTH 0 0
DWIDTH 0 0
BBX 3 1 -2 17
BITMAP
E0
ENDCHAR
STARTCHAR uni06E5
ENCODING 1765
SWIDTH 193 0
DWIDTH 6 0
BBX 5 6 1 17
BITMAP
18
28
38
08
30
E0
ENDCHAR
STARTCHAR uni06E6
ENCODING 1766
SWIDTH 370 0
DWIDTH 12 0
BBX 11 6 0 17
BITMAP
0400
0A00
1000
6000
8000
FFE0
ENDCHAR
STARTCHAR uni06E7
ENCODING 1767
SWIDTH 0 0
DWIDTH 0 0
BBX 11 6 -6 17
BITMAP
0400
0A00
1000
6000
8000
FFE0
ENDCHAR
STARTCHAR uni06E8
ENCODING 1768
SWIDTH 0 0
DWIDTH 0 0
BBX 8 9 -4 17
BITMAP
18
18
02
43
81
81
81
C2
7C
ENDCHAR
STARTCHAR uni06E9
ENCODING 1769
SWIDTH 600 0
DWIDTH 19 0
BBX 19 26 0 0
BITMAP
004000
00A000
011000
024800
04A400
195200
22A980
4F1C40
940720
5A0B40
6D16C0
251480
151500
151500
151500
151500
151500
151500
151500
151500
151500
15F500
340580
27FC80
400040
FFFFE0
ENDCHAR
STARTCHAR uni06EA
ENCODING 1770
SWIDTH 0 0
DWIDTH 0 0
BBX 5 5 -3 -5
BITMAP
20
50
88
50
20
ENDCHAR
STARTCHAR uni06EB
ENCODING 1771
SWIDTH 0 0
DWIDTH 0 0
BBX 5 5 -3 17
BITMAP
20
50
88
50
20
ENDCHAR
STARTCHAR uni06DF.dup9
ENCODING 1772
SWIDTH 0 0
DWIDTH 0 0
BBX 2 2 -1 17
BITMAP
C0
C0
ENDCHAR
STARTCHAR uni06ED
ENCODING 1773
SWIDTH 0 0
DWIDTH 0 0
BBX 5 8 -2 -6
BITMAP
30
48
78
80
80
80
40
40
ENDCHAR
STARTCHAR afii57392.dup10
ENCODING 1776
SWIDTH 525 0
DWIDTH 17 0
BBX 5 7 6 7
BITMAP
40
60
78
F8
F0
70
10
ENDCHAR
STARTCHAR afii57393.dup11
ENCODING 1777
SWIDTH 525 0
DWIDTH 17 0
BBX 7 18 4 5
BITMAP
40
60
F0
F8
78
3C
1C
1C
0C
0E
0E
06
06
06
04
04
04
04
ENDCHAR
STARTCHAR afii57394.dup12
ENCODING 1778
SWIDTH 525 0
DWIDTH 17 0
BBX 10 18 3 5
BITMAP
8040
C040
F0C0
FFC0
7FC0
3F00
3800
1C00
1C00
0C00
0E00
0E00
0600
0600
0600
0600
0200
0200
ENDCHAR
STARTCHAR afii57395.dup13
ENCODING 1779
SWIDTH 525 0
DWIDTH 17 0
BBX 14 18 2 5
BITMAP
4084
40CC
71FC
FFFC
FFF8
7E00
3800
3800
1C00
0C00
0C00
0C00
0600
0600
0400
0400
0400
0400
ENDCHAR
STARTCHAR afii62843
ENCODING 1780
SWIDTH 525 0
DWIDTH 17 0
BBX 12 18 3 5
BITMAP
43C0
4300
6600
F410
FC30
7FE0
3FE0
3F80
3800
1C00
1C00
1C00
0C00
0C00
0C00
0800
0800
0800
ENDCHAR
STARTCHAR afii62844
ENCODING 1781
SWIDTH 525 0
DWIDTH 17 0
BBX 12 18 2 5
BITMAP
0400
0600
0700
0780
0780
07C0
09E0
10E0
2060
2030
4010
4010
C010
E3F0
FFE0
FFE0
FFC0
7800
ENDCHAR
STARTCHAR afii62845
ENCODING 1782
SWIDTH 525 0
DWIDTH 17 0
BBX 11 18 3 5
BITMAP
0700
1F80
3040
4000
4020
E0E0
FFC0
FF80
7F00
0E00
0C00
1800
1800
1000
3000
2000
2000
2000
ENDCHAR
STARTCHAR afii57399.dup14
ENCODING 1783
SWIDTH 525 0
DWIDTH 17 0
BBX 12 18 2 5
BITMAP
8000
C010
C010
E030
E030
F060
7040
38C0
1880
0C80
0D00
0500
0700
0700
0200
0200
0200
0200
ENDCHAR
STARTCHAR afii57400.dup15
ENCODING 1784
SWIDTH 525 0
DWIDTH 17 0
BBX 13 18 2 5
BITMAP
0200
0200
0200
0200
0700
0700
0900
0980
0980
08C0
10E0
10F0
3078
6078
E038
C018
C018
8008
ENDCHAR
STARTCHAR afii57401.dup16
ENCODING 1785
SWIDTH 525 0
DWIDTH 17 0
BBX 10 18 3 5
BITMAP
0E00
3F00
7F80
6380
C180
E180
FF80
FF80
7F80
0180
0180
0180
0180
0180
01C0
00C0
00C0
0040
ENDCHAR
STARTCHAR uni06FA
ENCODING 1786
SWIDTH 821 0
DWIDTH 26 0
BBX 25 26 1 -2
BITMAP
00002000
00007800
00007000
00003400
00000F00
00004E00
0000F600
0000E000
00006000
00000000
00020100
00020900
00070980
20070880
40030880
40030C80
8001FF80
8001FF80
8001F380
80010000
80030000
C0060800
E03E1E00
7FFC1C00
7FF80400
1FC00000
ENDCHAR
STARTCHAR uni06FB
ENCODING 1787
SWIDTH 1098 0
DWIDTH 35 0
BBX 34 22 1 -2
BITMAP
0000040000
00000F0000
00000E0000
0000020000
0000000000
0000000000
0002001F00
0002007F80
000700FFC0
200701C1C0
40030700C0
40031C01C0
8001FFFFC0
8001FFFFC0
8001FFFFC0
8001000000
8003000000
C00600C000
E03E00F000
7FFC00E000
7FF8004000
1FE0000000
ENDCHAR
STARTCHAR uni06FC
ENCODING 1788
SWIDTH 543 0
DWIDTH 17 0
BBX 15 33 1 -6
BITMAP
1000
1C00
3800
0800
0000
0000
0000
1E00
3F00
7F80
7800
C000
8000
8010
C0F0
F1E0
7FC0
7F00
3C00
1000
2000
4000
4100
81C0
83C0
8080
8000
C000
E000
7C00
7FFE
1FF8
07F0
ENDCHAR
STARTCHAR uni06FD
ENCODING 1789
SWIDTH 412 0
DWIDTH 13 0
BBX 10 20 2 -5
BITMAP
0E00
1F00
3F00
6200
4000
C0C0
F3C0
FF80
7F00
3C00
3000
2000
4000
0000
0A00
0A00
0A00
0A00
0A00
0A00
ENDCHAR
STARTCHAR uni06FE
ENCODING 1790
SWIDTH 337 0
DWIDTH 11 0
BBX 10 19 1 -6
BITMAP
0600
0F00
1F80
1180
00C0
07C0
3FC0
7FC0
F000
C000
C000
C500
C500
4500
6500
6500
2500
2000
2000
ENDCHAR
STARTCHAR Wgrave
ENCODING 7808
SWIDTH 943 0
DWIDTH 32 0
BBX 31 29 0 0
BITMAP
000E0000
00070000
00030000
00018000
00000000
00000000
E007C00E
E007C00E
7007C01C
700EE01C
700EE01C
700EE01C
701C703C
381C7038
381C7038
381C7038
38383838
1C383870
1C383870
1C701C70
1C701C70
0E701CF0
0EE00EE0
0EE00EE0
0EE00EE0
0EE00EE0
07C007C0
07C007C0
07C007C0
ENDCHAR
STARTCHAR wgrave
ENCODING 7809
SWIDTH 722 0
DWIDTH 23 0
BBX 23 23 0 0
BITMAP
00F000
007000
003800
001800
000000
000000
E0380E
E0380E
E07C0E
707C1C
706C1C
706C1C
38EE38
38C638
38C638
18C670
1DC770
1D8370
0D8360
0F83E0
0F83E0
0701C0
0701C0
ENDCHAR
STARTCHAR Wacute
ENCODING 7810
SWIDTH 943 0
DWIDTH 32 0
BBX 31 29 0 0
BITMAP
0001E000
0003C000
00038000
00070000
00000000
00000000
E007C00E
E007C00E
7007C01C
700EE01C
700EE01C
700EE01C
701C703C
381C7038
381C7038
381C7038
38383838
1C383870
1C383870
1C701C70
1C701C70
0E701CF0
0EE00EE0
0EE00EE0
0EE00EE0
0EE00EE0
07C007C0
07C007C0
07C007C0
ENDCHAR
STARTCHAR wacute
ENCODING 7811
SWIDTH 722 0
DWIDTH 23 0
BBX 23 23 0 0
BITMAP
000F00
001E00
001C00
003800
000000
000000
E0380E
E0380E
E07C0E
707C1C
706C1C
706C1C
38EE38
38C638
38C638
18C670
1DC770
1D8370
0D8360
0F83E0
0F83E0
0701C0
0701C0
ENDCHAR
STARTCHAR Wdieresis
ENCODING 7812
SWIDTH 943 0
DWIDTH 32 0
BBX 31 28 0 0
BITMAP
001C7000
001C7000
001C7000
00000000
00000000
E007C00E
E007C00E
7007C01C
700EE01C
700EE01C
700EE01C
701C703C
381C7038
381C7038
381C7038
38383838
1C383870
1C383870
1C701C70
1C701C70
0E701CF0
0EE00EE0
0EE00EE0
0EE00EE0
0EE00EE0
07C007C0
07C007C0
07C007C0
ENDCHAR
STARTCHAR wdieresis
ENCODING 7813
SWIDTH 722 0
DWIDTH 23 0
BBX 23 22 0 0
BITMAP
01C700
01C700
01C700
000000
000000
E0380E
E0380E
E07C0E
707C1C
706C1C
706C1C
38EE38
38C638
38C638
18C670
1DC770
1D8370
0D8360
0F83E0
0F83E0
0701C0
0701C0
ENDCHAR
STARTCHAR Adotbelow
ENCODING 7840
SWIDTH 666 0
DWIDTH 21 0
BBX 21 28 0 -5
BITMAP
00F800
00F800
00F800
01DC00
01DC00
01DC00
038E00
038E00
070700
070700
070700
0E0380
0E0380
0FFF80
1FFFC0
1FFFC0
3800E0
3800E0
3800E0
700070
700070
700070
E00038
000000
000000
007000
007000
007000
ENDCHAR
STARTCHAR adotbelow
ENCODING 7841
SWIDTH 556 0
DWIDTH 17 0
BBX 15 22 1 -5
BITMAP
0FE0
3FF8
7FF8
F03C
E01C
001C
007C
0FFC
3FFC
7F9C
F01C
E01C
E03C
F0FC
7FFC
7FDC
1F8E
0000
0000
0380
0380
0380
ENDCHAR
STARTCHAR Ahookabove
ENCODING 7842
SWIDTH 666 0
DWIDTH 21 0
BBX 21 29 0 0
BITMAP
00F800
001C00
001E00
003C00
003000
000000
00F800
00F800
00F800
01DC00
01DC00
01DC00
038E00
038E00
070700
070700
070700
0E0380
0E0380
0FFF80
1FFFC0
1FFFC0
3800E0
3800E0
3800E0
700070
700070
700070
E00038
ENDCHAR
STARTCHAR ahookabove
ENCODING 7843
SWIDTH 556 0
DWIDTH 17 0
BBX 15 25 1 0
BITMAP
0F80
00E0
00E0
00E0
03C0
0300
0000
0000
0FE0
3FF8
7FF8
F03C
E01C
001C
007C
0FFC
3FFC
7F9C
F01C
E01C
E03C
F0FC
7FFC
7FDC
1F8E
ENDCHAR
STARTCHAR Acircumflexacute
ENCODING 7844
SWIDTH 666 0
DWIDTH 21 0
BBX 21 29 0 0
BITMAP
003C00
007000
000000
007C00
01CE00
000000
00F800
00F800
00F800
01DC00
01DC00
01DC00
038E00
038E00
070700
070700
070700
0E0380
0E0380
0FFF80
1FFFC0
1FFFC0
3800E0
3800E0
3800E0
700070
700070
700070
E00038
ENDCHAR
STARTCHAR acircumflexacute
ENCODING 7845
SWIDTH 556 0
DWIDTH 17 0
BBX 15 29 1 0
BITMAP
03C0
0780
0700
0E00
0000
0000
0F80
1FC0
3DE0
78F0
0000
0000
0FE0
3FF8
7FF8
F03C
E01C
001C
007C
0FFC
3FFC
7F9C
F01C
E01C
E03C
F0FC
7FFC
7FDC
1F8E
ENDCHAR
STARTCHAR Acircumflexgrave
ENCODING 7846
SWIDTH 666 0
DWIDTH 21 0
BBX 21 29 0 0
BITMAP
00F000
003800
000000
007C00
01CE00
000000
00F800
00F800
00F800
01DC00
01DC00
01DC00
038E00
038E00
070700
070700
070700
0E0380
0E0380
0FFF80
1FFFC0
1FFFC0
3800E0
3800E0
3800E0
700070
700070
700070
E00038
ENDCHAR
STARTCHAR acircumflexgrave
ENCODING 7847
SWIDTH 556 0
DWIDTH 17 0
BBX 15 29 1 0
BITMAP
3C00
1E00
0E00
0700
0000
0000
0F80
1FC0
3DE0
78F0
0000
0000
0FE0
3FF8
7FF8
F03C
E01C
001C
007C
0FFC
3FFC
7F9C
F01C
E01C
E03C
F0FC
7FFC
7FDC
1F8E
ENDCHAR
STARTCHAR Acircumflexhookabove
ENCODING 7848
SWIDTH 666 0
DWIDTH 21 0
BBX 21 29 0 0
BITMAP
00F800
001800
003000
007C00
01CE00
000000
00F800
00F800
00F800
01DC00
01DC00
01DC00
038E00
038E00
070700
070700
070700
0E0380
0E0380
0FFF80
1FFFC0
1FFFC0
3800E0
3800E0
3800E0
700070
700070
700070
E00038
ENDCHAR
STARTCHAR acircumflexhookabove
ENCODING 7849
SWIDTH 556 0
DWIDTH 17 0
BBX 15 29 1 0
BITMAP
0F80
00E0
00E0
03C0
0300
0000
0F80
1FC0
3DE0
78F0
0000
0000
0FE0
3FF8
7FF8
F03C
E01C
001C
007C
0FFC
3FFC
7F9C
F01C
E01C
E03C
F0FC
7FFC
7FDC
1F8E
ENDCHAR
STARTCHAR Acircumflextilde
ENCODING 7850
SWIDTH 666 0
DWIDTH 21 0
BBX 21 29 0 0
BITMAP
00F100
011E00
000000
007C00
01CE00
000000
00F800
00F800
00F800
01DC00
01DC00
01DC00
038E00
038E00
070700
070700
070700
0E0380
0E0380
0FFF80
1FFFC0
1FFFC0
3800E0
3800E0
3800E0
700070
700070
700070
E00038
ENDCHAR
STARTCHAR acircumflextilde
ENCODING 7851
SWIDTH 556 0
DWIDTH 17 0
BBX 15 28 1 0
BITMAP
1E30
3FF0
31E0
0000
0000
0F80
1FC0
3DE0
78F0
0000
0000
0FE0
3FF8
7FF8
F03C
E01C
001C
007C
0FFC
3FFC
7F9C
F01C
E01C
E03C
F0FC
7FFC
7FDC
1F8E
ENDCHAR
STARTCHAR Acircumflexdotbelow
ENCODING 7852
SWIDTH 666 0
DWIDTH 21 0
BBX 21 31 0 -5
BITMAP
007C00
01CE00
000000
00F800
00F800
00F800
01DC00
01DC00
01DC00
038E00
038E00
070700
070700
070700
0E0380
0E0380
0FFF80
1FFFC0
1FFFC0
3800E0
3800E0
3800E0
700070
700070
700070
E00038
000000
000000
007000
007000
007000
ENDCHAR
STARTCHAR acircumflexdotbelow
ENCODING 7853
SWIDTH 556 0
DWIDTH 17 0
BBX 15 28 1 -5
BITMAP
0F80
1FC0
3DE0
78F0
0000
0000
0FE0
3FF8
7FF8
F03C
E01C
001C
007C
0FFC
3FFC
7F9C
F01C
E01C
E03C
F0FC
7FFC
7FDC
1F8E
0000
0000
0380
0380
0380
ENDCHAR
STARTCHAR Abreveacute
ENCODING 7854
SWIDTH 666 0
DWIDTH 21 0
BBX 21 29 0 0
BITMAP
003C00
007000
000000
018200
00FC00
000000
00F800
00F800
00F800
01DC00
01DC00
01DC00
038E00
038E00
070700
070700
070700
0E0380
0E0380
0FFF80
1FFFC0
1FFFC0
3800E0
3800E0
3800E0
700070
700070
700070
E00038
ENDCHAR
STARTCHAR abreveacute
ENCODING 7855
SWIDTH 556 0
DWIDTH 17 0
BBX 15 29 1 0
BITMAP
01E0
03C0
0380
0700
0000
0000
1830
1C70
0FE0
07C0
0000
0000
0FE0
3FF8
7FF8
F03C
E01C
001C
007C
0FFC
3FFC
7F9C
F01C
E01C
E03C
F0FC
7FFC
7FDC
1F8E
ENDCHAR
STARTCHAR Abrevegrave
ENCODING 7856
SWIDTH 666 0
DWIDTH 21 0
BBX 21 29 0 0
BITMAP
01E000
007000
000000
018200
00FC00
000000
00F800
00F800
00F800
01DC00
01DC00
01DC00
038E00
038E00
070700
070700
070700
0E0380
0E0380
0FFF80
1FFFC0
1FFFC0
3800E0
3800E0
3800E0
700070
700070
700070
E00038
ENDCHAR
STARTCHAR abrevegrave
ENCODING 7857
SWIDTH 556 0
DWIDTH 17 0
BBX 15 29 1 0
BITMAP
1E00
0F00
0700
0380
0000
0000
1830
1C70
0FE0
07C0
0000
0000
0FE0
3FF8
7FF8
F03C
E01C
001C
007C
0FFC
3FFC
7F9C
F01C
E01C
E03C
F0FC
7FFC
7FDC
1F8E
ENDCHAR
STARTCHAR Abrevehookabove
ENCODING 7858
SWIDTH 666 0
DWIDTH 21 0
BBX 21 29 0 0
BITMAP
00F800
001800
003000
018200
00FC00
000000
00F800
00F800
00F800
01DC00
01DC00
01DC00
038E00
038E00
070700
070700
070700
0E0380
0E0380
0FFF80
1FFFC0
1FFFC0
3800E0
3800E0
3800E0
700070
700070
700070
E00038
ENDCHAR
STARTCHAR abrevehookabove
ENCODING 7859
SWIDTH 556 0
DWIDTH 17 0
BBX 15 29 1 0
BITMAP
1F80
01C0
01C0
0780
0600
0000
1830
1C70
0FE0
07C0
0000
0000
0FE0
3FF8
7FF8
F03C
E01C
001C
007C
0FFC
3FFC
7F9C
F01C
E01C
E03C
F0FC
7FFC
7FDC
1F8E
ENDCHAR
STARTCHAR Abrevetilde
ENCODING 7860
SWIDTH 666 0
DWIDTH 21 0
BBX 21 29 0 0
BITMAP
01E200
023E00
000000
018200
00FC00
000000
00F800
00F800
00F800
01DC00
01DC00
01DC00
038E00
038E00
070700
070700
070700
0E0380
0E0380
0FFF80
1FFFC0
1FFFC0
3800E0
3800E0
3800E0
700070
700070
700070
E00038
ENDCHAR
STARTCHAR abrevetilde
ENCODING 7861
SWIDTH 556 0
DWIDTH 17 0
BBX 15 28 1 0
BITMAP
0F30
1FF0
39E0
0000
0000
1830
1C70
0FE0
07C0
0000
0000
0FE0
3FF8
7FF8
F03C
E01C
001C
007C
0FFC
3FFC
7F9C
F01C
E01C
E03C
F0FC
7FFC
7FDC
1F8E
ENDCHAR
STARTCHAR Abrevedotbelow
ENCODING 7862
SWIDTH 666 0
DWIDTH 21 0
BBX 21 31 0 -5
BITMAP
018200
00FC00
000000
00F800
00F800
00F800
01DC00
01DC00
01DC00
038E00
038E00
070700
070700
070700
0E0380
0E0380
0FFF80
1FFFC0
1FFFC0
3800E0
3800E0
3800E0
700070
700070
700070
E00038
000000
000000
007000
007000
007000
ENDCHAR
STARTCHAR abrevedotbelow
ENCODING 7863
SWIDTH 556 0
DWIDTH 17 0
BBX 15 28 1 -5
BITMAP
1830
1C70
0FE0
07C0
0000
0000
0FE0
3FF8
7FF8
F03C
E01C
001C
007C
0FFC
3FFC
7F9C
F01C
E01C
E03C
F0FC
7FFC
7FDC
1F8E
0000
0000
0380
0380
0380
ENDCHAR
STARTCHAR Edotbelow
ENCODING 7864
SWIDTH 666 0
DWIDTH 21 0
BBX 16 28 3 -5
BITMAP
FFFE
FFFE
FFFE
E000
E000
E000
E000
E000
E000
FFFC
FFFC
FFFC
E000
E000
E000
E000
E000
E000
E000
E000
FFFF
FFFF
FFFF
0000
0000
0380
0380
0380
ENDCHAR
STARTCHAR edotbelow
ENCODING 7865
SWIDTH 556 0
DWIDTH 17 0
BBX 15 22 1 -5
BITMAP
07C0
1FF0
3FF8
783C
701C
E00E
E00E
FFFE
FFFE
E000
E000
F000
700E
7C3C
3FFC
1FF8
07E0
0000
0000
0700
0700
0700
ENDCHAR
STARTCHAR Ehookabove
ENCODING 7866
SWIDTH 666 0
DWIDTH 21 0
BBX 16 29 3 0
BITMAP
0FC0
00E0
00E0
03C0
0300
0000
FFFE
FFFE
FFFE
E000
E000
E000
E000
E000
E000
FFFC
FFFC
FFFC
E000
E000
E000
E000
E000
E000
E000
E000
FFFF
FFFF
FFFF
ENDCHAR
STARTCHAR ehookabove
ENCODING 7867
SWIDTH 556 0
DWIDTH 17 0
BBX 15 25 1 0
BITMAP
07C0
00E0
0070
00E0
01E0
0180
0000
0000
07C0
1FF0
3FF8
783C
701C
E00E
E00E
FFFE
FFFE
E000
E000
F000
700E
7C3C
3FFC
1FF8
07E0
ENDCHAR
STARTCHAR Etilde
ENCODING 7868
SWIDTH 666 0
DWIDTH 21 0
BBX 16 29 3 0
BITMAP
0F30
1FF0
1FE0
19E0
0000
0000
FFFE
FFFE
FFFE
E000
E000
E000
E000
E000
E000
FFFC
FFFC
FFFC
E000
E000
E000
E000
E000
E000
E000
E000
FFFF
FFFF
FFFF
ENDCHAR
STARTCHAR etilde
ENCODING 7869
SWIDTH 556 0
DWIDTH 17 0
BBX 15 23 1 0
BITMAP
0718
0FF8
0FF0
0CE0
0000
0000
07C0
1FF0
3FF8
783C
701C
E00E
E00E
FFFE
FFFE
E000
E000
F000
700E
7C3C
3FFC
1FF8
07E0
ENDCHAR
STARTCHAR Ecircumflexacute
ENCODING 7870
SWIDTH 666 0
DWIDTH 21 0
BBX 16 29 3 0
BITMAP
03C0
0700
0000
07C0
0E70
0000
FFFE
FFFE
FFFE
E000
E000
E000
E000
E000
E000
FFFC
FFFC
FFFC
E000
E000
E000
E000
E000
E000
E000
E000
FFFF
FFFF
FFFF
ENDCHAR
STARTCHAR ecircumflexacute
ENCODING 7871
SWIDTH 556 0
DWIDTH 17 0
BBX 15 29 1 0
BITMAP
01E0
03C0
0380
0700
0000
0000
07C0
0FE0
1EF0
3C78
0000
0000
07C0
1FF0
3FF8
783C
701C
E00E
E00E
FFFE
FFFE
E000
E000
F000
700E
7C3C
3FFC
1FF8
07E0
ENDCHAR
STARTCHAR Ecircumflexgrave
ENCODING 7872
SWIDTH 666 0
DWIDTH 21 0
BBX 16 29 3 0
BITMAP
0F00
0380
0000
07C0
0E70
0000
FFFE
FFFE
FFFE
E000
E000
E000
E000
E000
E000
FFFC
FFFC
FFFC
E000
E000
E000
E000
E000
E000
E000
E000
FFFF
FFFF
FFFF
ENDCHAR
STARTCHAR ecircumflexgrave
ENCODING 7873
SWIDTH 556 0
DWIDTH 17 0
BBX 15 29 1 0
BITMAP
1E00
0F00
0700
0380
0000
0000
07C0
0FE0
1EF0
3C78
0000
0000
07C0
1FF0
3FF8
783C
701C
E00E
E00E
FFFE
FFFE
E000
E000
F000
700E
7C3C
3FFC
1FF8
07E0
ENDCHAR
STARTCHAR Ecircumflexhookabove
ENCODING 7874
SWIDTH 666 0
DWIDTH 21 0
BBX 16 29 3 0
BITMAP
0780
00C0
0180
07C0
0E70
0000
FFFE
FFFE
FFFE
E000
E000
E000
E000
E000
E000
FFFC
FFFC
FFFC
E000
E000
E000
E000
E000
E000
E000
E000
FFFF
FFFF
FFFF
ENDCHAR
STARTCHAR ecircumflexhookabove
ENCODING 7875
SWIDTH 556 0
DWIDTH 17 0
BBX 15 29 1 0
BITMAP
07C0
0070
0070
01E0
0180
0000
07C0
0FE0
1EF0
3C78
0000
0000
07C0
1FF0
3FF8
783C
701C
E00E
E00E
FFFE
FFFE
E000
E000
F000
700E
7C3C
3FFC
1FF8
07E0
ENDCHAR
STARTCHAR Ecircumflextilde
ENCODING 7876
SWIDTH 666 0
DWIDTH 21 0
BBX 16 29 3 0
BITMAP
0F10
11F0
0000
07C0
0E70
0000
FFFE
FFFE
FFFE
E000
E000
E000
E000
E000
E000
FFFC
FFFC
FFFC
E000
E000
E000
E000
E000
E000
E000
E000
FFFF
FFFF
FFFF
ENDCHAR
STARTCHAR ecircumflextilde
ENCODING 7877
SWIDTH 556 0
DWIDTH 17 0
BBX 15 28 1 0
BITMAP
0F18
1FF8
18F0
0000
0000
07C0
0FE0
1EF0
3C78
0000
0000
07C0
1FF0
3FF8
783C
701C
E00E
E00E
FFFE
FFFE
E000
E000
F000
700E
7C3C
3FFC
1FF8
07E0
ENDCHAR
STARTCHAR Ecircumflexdotbelow
ENCODING 7878
SWIDTH 666 0
DWIDTH 21 0
BBX 16 31 3 -5
BITMAP
07C0
0E70
0000
FFFE
FFFE
FFFE
E000
E000
E000
E000
E000
E000
FFFC
FFFC
FFFC
E000
E000
E000
E000
E000
E000
E000
E000
FFFF
FFFF
FFFF
0000
0000
0380
0380
0380
ENDCHAR
STARTCHAR ecircumflexdotbelow
ENCODING 7879
SWIDTH 556 0
DWIDTH 17 0
BBX 15 28 1 -5
BITMAP
07C0
0FE0
1EF0
3C78
0000
0000
07C0
1FF0
3FF8
783C
701C
E00E
E00E
FFFE
FFFE
E000
E000
F000
700E
7C3C
3FFC
1FF8
07E0
0000
0000
0700
0700
0700
ENDCHAR
STARTCHAR Ihookabove
ENCODING 7880
SWIDTH 277 0
DWIDTH 9 0
BBX 7 29 1 0
BITMAP
F8
0E
0E
3C
30
00
38
38
38
38
38
38
38
38
38
38
38
38
38
38
38
38
38
38
38
38
38
38
38
ENDCHAR
STARTCHAR ihookabove
ENCODING 7881
SWIDTH 222 0
DWIDTH 7 0
BBX 7 25 1 0
BITMAP
F8
0E
0E
0E
3C
30
00
00
70
70
70
70
70
70
70
70
70
70
70
70
70
70
70
70
70
ENDCHAR
STARTCHAR Idotbelow
ENCODING 7882
SWIDTH 277 0
DWIDTH 9 0
BBX 3 28 3 -5
BITMAP
E0
E0
E0
E0
E0
E0
E0
E0
E0
E0
E0
E0
E0
E0
E0
E0
E0
E0
E0
E0
E0
E0
E0
00
00
E0
E0
E0
ENDCHAR
STARTCHAR idotbelow
ENCODING 7883
SWIDTH 222 0
DWIDTH 7 0
BBX 3 28 2 -5
BITMAP
E0
E0
E0
00
00
00
E0
E0
E0
E0
E0
E0
E0
E0
E0
E0
E0
E0
E0
E0
E0
E0
E0
00
00
E0
E0
E0
ENDCHAR
STARTCHAR Odotbelow
ENCODING 7884
SWIDTH 777 0
DWIDTH 25 0
BBX 23 28 1 -5
BITMAP
00FE00
07FFC0
0FFFE0
1F01F0
3C0078
78003C
70001C
70001C
E0000E
E0000E
E0000E
E0000E
E0000E
E0000E
E0000E
70001C
70001C
78003C
3C0078
1F01F0
0FFFE0
07FFC0
00FE00
000000
000000
001C00
001C00
001C00
ENDCHAR
STARTCHAR odotbelow
ENCODING 7885
SWIDTH 556 0
DWIDTH 17 0
BBX 15 22 1 -5
BITMAP
07C0
1FF0
3FF8
783C
701C
F01E
E00E
E00E
E00E
E00E
E00E
F01E
701C
783C
3FF8
1FF0
07C0
0000
0000
0380
0380
0380
ENDCHAR
STARTCHAR Ohookabove
ENCODING 7886
SWIDTH 777 0
DWIDTH 25 0
BBX 23 29 1 0
BITMAP
00F800
000E00
000E00
003C00
003000
000000
00FE00
07FFC0
0FFFE0
1F01F0
3C0078
78003C
70001C
70001C
E0000E
E0000E
E0000E
E0000E
E0000E
E0000E
E0000E
70001C
70001C
78003C
3C0078
1F01F0
0FFFE0
07FFC0
00FE00
ENDCHAR
STARTCHAR ohookabove
ENCODING 7887
SWIDTH 556 0
DWIDTH 17 0
BBX 15 25 1 0
BITMAP
07C0
00E0
0070
00E0
01E0
0180
0000
0000
07C0
1FF0
3FF8
783C
701C
F01E
E00E
E00E
E00E
E00E
E00E
F01E
701C
783C
3FF8
1FF0
07C0
ENDCHAR
STARTCHAR Ocircumflexacute
ENCODING 7888
SWIDTH 777 0
DWIDTH 25 0
BBX 23 29 1 0
BITMAP
003C00
007000
000000
007C00
01C700
000000
00FE00
07FFC0
0FFFE0
1F01F0
3C0078
78003C
70001C
70001C
E0000E
E0000E
E0000E
E0000E
E0000E
E0000E
E0000E
70001C
70001C
78003C
3C0078
1F01F0
0FFFE0
07FFC0
00FE00
ENDCHAR
STARTCHAR ocircumflexacute
ENCODING 7889
SWIDTH 556 0
DWIDTH 17 0
BBX 15 29 1 0
BITMAP
00F0
01E0
01C0
0380
0000
0000
07C0
0FE0
1EF0
3C78
0000
0000
07C0
1FF0
3FF8
783C
701C
F01E
E00E
E00E
E00E
E00E
E00E
F01E
701C
783C
3FF8
1FF0
07C0
ENDCHAR
STARTCHAR Ocircumflexgrave
ENCODING 7890
SWIDTH 777 0
DWIDTH 25 0
BBX 23 29 1 0
BITMAP
00F000
003800
000000
007C00
01C700
000000
00FE00
07FFC0
0FFFE0
1F01F0
3C0078
78003C
70001C
70001C
E0000E
E0000E
E0000E
E0000E
E0000E
E0000E
E0000E
70001C
70001C
78003C
3C0078
1F01F0
0FFFE0
07FFC0
00FE00
ENDCHAR
STARTCHAR ocircumflexgrave
ENCODING 7891
SWIDTH 556 0
DWIDTH 17 0
BBX 15 29 1 0
BITMAP
0F00
0780
0380
01C0
0000
0000
07C0
0FE0
1EF0
3C78
0000
0000
07C0
1FF0
3FF8
783C
701C
F01E
E00E
E00E
E00E
E00E
E00E
F01E
701C
783C
3FF8
1FF0
07C0
ENDCHAR
STARTCHAR Ocircumflexhookabove
ENCODING 7892
SWIDTH 777 0
DWIDTH 25 0
BBX 23 29 1 0
BITMAP
007800
001800
003800
007C00
01C700
000000
00FE00
07FFC0
0FFFE0
1F01F0
3C0078
78003C
70001C
70001C
E0000E
E0000E
E0000E
E0000E
E0000E
E0000E
E0000E
70001C
70001C
78003C
3C0078
1F01F0
0FFFE0
07FFC0
00FE00
ENDCHAR
STARTCHAR ocircumflexhookabove
ENCODING 7893
SWIDTH 556 0
DWIDTH 17 0
BBX 15 29 1 0
BITMAP
07C0
0070
0070
01E0
0180
0000
07C0
0FE0
1EF0
3C78
0000
0000
07C0
1FF0
3FF8
783C
701C
F01E
E00E
E00E
E00E
E00E
E00E
F01E
701C
783C
3FF8
1FF0
07C0
ENDCHAR
STARTCHAR Ocircumflextilde
ENCODING 7894
SWIDTH 777 0
DWIDTH 25 0
BBX 23 29 1 0
BITMAP
00F100
011E00
000000
007C00
01C700
000000
00FE00
07FFC0
0FFFE0
1F01F0
3C0078
78003C
70001C
70001C
E0000E
E0000E
E0000E
E0000E
E0000E
E0000E
E0000E
70001C
70001C
78003C
3C0078
1F01F0
0FFFE0
07FFC0
00FE00
ENDCHAR
STARTCHAR ocircumflextilde
ENCODING 7895
SWIDTH 556 0
DWIDTH 17 0
BBX 15 28 1 0
BITMAP
0F18
1FF8
18F0
0000
0000
07C0
0FE0
1EF0
3C78
0000
0000
07C0
1FF0
3FF8
783C
701C
F01E
E00E
E00E
E00E
E00E
E00E
F01E
701C
783C
3FF8
1FF0
07C0
ENDCHAR
STARTCHAR Ocircumflexdotbelow
ENCODING 7896
SWIDTH 777 0
DWIDTH 25 0
BBX 23 31 1 -5
BITMAP
007C00
01C700
000000
00FE00
07FFC0
0FFFE0
1F01F0
3C0078
78003C
70001C
70001C
E0000E
E0000E
E0000E
E0000E
E0000E
E0000E
E0000E
70001C
70001C
78003C
3C0078
1F01F0
0FFFE0
07FFC0
00FE00
000000
000000
001C00
001C00
001C00
ENDCHAR
STARTCHAR ocircumflexdotbelow
ENCODING 7897
SWIDTH 556 0
DWIDTH 17 0
BBX 15 28 1 -5
BITMAP
07C0
0FE0
1EF0
3C78
0000
0000
07C0
1FF0
3FF8
783C
701C
F01E
E00E
E00E
E00E
E00E
E00E
F01E
701C
783C
3FF8
1FF0
07C0
0000
0000
0380
0380
0380
ENDCHAR
STARTCHAR Ohornacute
ENCODING 7898
SWIDTH 857 0
DWIDTH 27 0
BBX 25 29 1 0
BITMAP
001E0000
003C0000
00380000
00700000
00000000
00000000
01FE0380
07FF8380
0FFFC380
1F03E180
3C00F180
78007B00
70003B00
70003C00
E0001C00
E0001C00
E0001C00
E0001C00
E0001C00
E0001C00
E0001C00
70003800
70003800
78007800
3C00F000
1F03E000
0FFFC000
07FF8000
00FE0000
ENDCHAR
STARTCHAR ohornacute
ENCODING 7899
SWIDTH 655 0
DWIDTH 21 0
BBX 19 23 1 0
BITMAP
007800
00F000
00E000
01C000
000000
000000
07E0E0
1FF8E0
3FFCE0
7C3E60
700E60
F00F40
E007C0
E00780
E00700
E00700
E00700
F00F00
700E00
7C3E00
3FFC00
1FF800
07E000
ENDCHAR
STARTCHAR Ohorngrave
ENCODING 7900
SWIDTH 857 0
DWIDTH 27 0
BBX 25 29 1 0
BITMAP
01E00000
00F00000
00700000
00380000
00000000
00000000
01FE0380
07FF8380
0FFFC380
1F03E180
3C00F180
78007B00
70003B00
70003C00
E0001C00
E0001C00
E0001C00
E0001C00
E0001C00
E0001C00
E0001C00
70003800
70003800
78007800
3C00F000
1F03E000
0FFFC000
07FF8000
00FE0000
ENDCHAR
STARTCHAR ohorngrave
ENCODING 7901
SWIDTH 655 0
DWIDTH 21 0
BBX 19 23 1 0
BITMAP
0F0000
078000
038000
01C000
000000
000000
07E0E0
1FF8E0
3FFCE0
7C3E60
700E60
F00F40
E007C0
E00780
E00700
E00700
E00700
F00F00
700E00
7C3E00
3FFC00
1FF800
07E000
ENDCHAR
STARTCHAR Ohornhookabove
ENCODING 7902
SWIDTH 857 0
DWIDTH 27 0
BBX 25 29 1 0
BITMAP
00F80000
000E0000
000E0000
003C0000
00300000
00000000
01FE0380
07FF8380
0FFFC380
1F03E180
3C00F180
78007B00
70003B00
70003C00
E0001C00
E0001C00
E0001C00
E0001C00
E0001C00
E0001C00
E0001C00
70003800
70003800
78007800
3C00F000
1F03E000
0FFFC000
07FF8000
00FE0000
ENDCHAR
STARTCHAR ohornhookabove
ENCODING 7903
SWIDTH 655 0
DWIDTH 21 0
BBX 19 25 1 0
BITMAP
03E000
007000
003800
007000
00F000
00C000
000000
000000
07E0E0
1FF8E0
3FFCE0
7C3E60
700E60
F00F40
E007C0
E00780
E00700
E00700
E00700
F00F00
700E00
7C3E00
3FFC00
1FF800
07E000
ENDCHAR
STARTCHAR Ohorntilde
ENCODING 7904
SWIDTH 857 0
DWIDTH 27 0
BBX 25 29 1 0
BITMAP
00730000
00FF0000
01FF0000
019E0000
00000000
00000000
01FE0380
07FF8380
0FFFC380
1F03E180
3C00F180
78007B00
70003B00
70003C00
E0001C00
E0001C00
E0001C00
E0001C00
E0001C00
E0001C00
E0001C00
70003800
70003800
78007800
3C00F000
1F03E000
0FFFC000
07FF8000
00FE0000
ENDCHAR
STARTCHAR ohorntilde
ENCODING 7905
SWIDTH 655 0
DWIDTH 21 0
BBX 19 23 1 0
BITMAP
073000
0FF000
0FF000
1CE000
000000
000000
07E0E0
1FF8E0
3FFCE0
7C3E60
700E60
F00F40
E007C0
E00780
E00700
E00700
E00700
F00F00
700E00
7C3E00
3FFC00
1FF800
07E000
ENDCHAR
STARTCHAR Ohorndotbelow
ENCODING 7906
SWIDTH 857 0
DWIDTH 27 0
BBX 25 28 1 -5
BITMAP
01FE0380
07FF8380
0FFFC380
1F03E180
3C00F180
78007B00
70003B00
70003C00
E0001C00
E0001C00
E0001C00
E0001C00
E0001C00
E0001C00
E0001C00
70003800
70003800
78007800
3C00F000
1F03E000
0FFFC000
07FF8000
00FE0000
00000000
00000000
00380000
00380000
00380000
ENDCHAR
STARTCHAR ohorndotbelow
ENCODING 7907
SWIDTH 655 0
DWIDTH 21 0
BBX 19 22 1 -5
BITMAP
07E0E0
1FF8E0
3FFCE0
7C3E60
700E60
F00F40
E007C0
E00780
E00700
E00700
E00700
F00F00
700E00
7C3E00
3FFC00
1FF800
07E000
000000
000000
01C000
01C000
01C000
ENDCHAR
STARTCHAR Udotbelow
ENCODING 7908
SWIDTH 722 0
DWIDTH 23 0
BBX 17 28 3 -5
BITMAP
E00380
E00380
E00380
E00380
E00380
E00380
E00380
E00380
E00380
E00380
E00380
E00380
E00380
E00380
E00380
E00380
E00380
F00780
700700
7C1F00
3FFE00
1FFC00
07F000
000000
000000
01C000
01C000
01C000
ENDCHAR
STARTCHAR udotbelow
ENCODING 7909
SWIDTH 556 0
DWIDTH 18 0
BBX 14 22 2 -5
BITMAP
E01C
E01C
E01C
E01C
E01C
E01C
E01C
E01C
E01C
E01C
E01C
E01C
F03C
F87C
7FDC
7FDC
1F1C
0000
0000
0380
0380
0380
ENDCHAR
STARTCHAR Uhookabove
ENCODING 7910
SWIDTH 722 0
DWIDTH 23 0
BBX 17 29 3 0
BITMAP
03E000
007000
007800
00F000
00C000
000000
E00380
E00380
E00380
E00380
E00380
E00380
E00380
E00380
E00380
E00380
E00380
E00380
E00380
E00380
E00380
E00380
E00380
F00780
700700
7C1F00
3FFE00
1FFC00
07F000
ENDCHAR
STARTCHAR uhookabove
ENCODING 7911
SWIDTH 556 0
DWIDTH 18 0
BBX 14 25 2 0
BITMAP
0FC0
00E0
00E0
00E0
03C0
0300
0000
0000
E01C
E01C
E01C
E01C
E01C
E01C
E01C
E01C
E01C
E01C
E01C
E01C
F03C
F87C
7FDC
7FDC
1F1C
ENDCHAR
STARTCHAR Uhornacute
ENCODING 7912
SWIDTH 854 0
DWIDTH 27 0
BBX 23 29 3 0
BITMAP
007800
00F000
00E000
01C000
000000
000000
E001CE
E001CE
E001CE
E001C6
E001C6
E001C4
E001DC
E001F0
E001C0
E001C0
E001C0
E001C0
E001C0
E001C0
E001C0
E001C0
E001C0
F00380
700380
7C0F80
3FFF00
1FFE00
07F800
ENDCHAR
STARTCHAR uhornacute
ENCODING 7913
SWIDTH 669 0
DWIDTH 21 0
BBX 19 23 2 0
BITMAP
01E000
03C000
038000
070000
000000
000000
E01CE0
E01CE0
E01CE0
E01C60
E01C60
E01CC0
E01DC0
E01F00
E01C00
E01C00
E01C00
E01C00
E03C00
F07C00
7FDC00
7FDC00
1F1C00
ENDCHAR
STARTCHAR Uhorngrave
ENCODING 7914
SWIDTH 854 0
DWIDTH 27 0
BBX 23 29 3 0
BITMAP
078000
03C000
01C000
00E000
000000
000000
E001CE
E001CE
E001CE
E001C6
E001C6
E001C4
E001DC
E001F0
E001C0
E001C0
E001C0
E001C0
E001C0
E001C0
E001C0
E001C0
E001C0
F00380
700380
7C0F80
3FFF00
1FFE00
07F800
ENDCHAR
STARTCHAR uhorngrave
ENCODING 7915
SWIDTH 669 0
DWIDTH 21 0
BBX 19 23 2 0
BITMAP
1E0000
0F0000
070000
038000
000000
000000
E01CE0
E01CE0
E01CE0
E01C60
E01C60
E01CC0
E01DC0
E01F00
E01C00
E01C00
E01C00
E01C00
E03C00
F07C00
7FDC00
7FDC00
1F1C00
ENDCHAR
STARTCHAR Uhornhookabove
ENCODING 7916
SWIDTH 854 0
DWIDTH 27 0
BBX 23 29 3 0
BITMAP
03E000
007000
007800
00F000
00C000
000000
E001CE
E001CE
E001CE
E001C6
E001C6
E001C4
E001DC
E001F0
E001C0
E001C0
E001C0
E001C0
E001C0
E001C0
E001C0
E001C0
E001C0
F00380
700380
7C0F80
3FFF00
1FFE00
07F800
ENDCHAR
STARTCHAR uhornhookabove
ENCODING 7917
SWIDTH 669 0
DWIDTH 21 0
BBX 19 25 2 0
BITMAP
0F8000
00E000
00E000
00E000
03C000
030000
000000
000000
E01CE0
E01CE0
E01CE0
E01C60
E01C60
E01CC0
E01DC0
E01F00
E01C00
E01C00
E01C00
E01C00
E03C00
F07C00
7FDC00
7FDC00
1F1C00
ENDCHAR
STARTCHAR Uhorntilde
ENCODING 7918
SWIDTH 854 0
DWIDTH 27 0
BBX 23 29 3 0
BITMAP
039800
07F800
07F800
0C7000
000000
000000
E001CE
E001CE
E001CE
E001C6
E001C6
E001C4
E001DC
E001F0
E001C0
E001C0
E001C0
E001C0
E001C0
E001C0
E001C0
E001C0
E001C0
F00380
700380
7C0F80
3FFF00
1FFE00
07F800
ENDCHAR
STARTCHAR uhorntilde
ENCODING 7919
SWIDTH 669 0
DWIDTH 21 0
BBX 19 23 2 0
BITMAP
0E7000
1FE000
1FE000
19C000
000000
000000
E01CE0
E01CE0
E01CE0
E01C60
E01C60
E01CC0
E01DC0
E01F00
E01C00
E01C00
E01C00
E01C00
E03C00
F07C00
7FDC00
7FDC00
1F1C00
ENDCHAR
STARTCHAR Uhorndotbelow
ENCODING 7920
SWIDTH 854 0
DWIDTH 27 0
BBX 23 28 3 -5
BITMAP
E001CE
E001CE
E001CE
E001C6
E001C6
E001C4
E001DC
E001F0
E001C0
E001C0
E001C0
E001C0
E001C0
E001C0
E001C0
E001C0
E001C0
F00380
700380
7C0F80
3FFF00
1FFE00
07F800
000000
000000
00E000
00E000
00E000
ENDCHAR
STARTCHAR uhorndotbelow
ENCODING 7921
SWIDTH 669 0
DWIDTH 21 0
BBX 19 22 2 -5
BITMAP
E01CE0
E01CE0
E01CE0
E01C60
E01C60
E01CC0
E01DC0
E01F00
E01C00
E01C00
E01C00
E01C00
E03C00
F07C00
7FDC00
7FDC00
1F1C00
000000
000000
038000
038000
038000
ENDCHAR
STARTCHAR Ygrave
ENCODING 7922
SWIDTH 666 0
DWIDTH 21 0
BBX 21 29 0 0
BITMAP
01E000
00F000
007000
003800
000000
000000
E00078
7000F0
3800E0
3C01E0
1C03C0
0E0380
0F0780
078F00
038E00
03DE00
01DC00
00F800
00F800
007000
007000
007000
007000
007000
007000
007000
007000
007000
007000
ENDCHAR
STARTCHAR ygrave
ENCODING 7923
SWIDTH 500 0
DWIDTH 15 0
BBX 15 29 0 -6
BITMAP
0F00
0780
0380
01C0
0000
0000
E00E
701E
701C
701C
3838
3838
3838
1C70
1C70
0C70
0EE0
0EE0
06E0
07C0
07C0
03C0
0380
0380
0700
0700
3F00
3E00
3C00
ENDCHAR
STARTCHAR Ydotbelow
ENCODING 7924
SWIDTH 666 0
DWIDTH 21 0
BBX 21 28 0 -5
BITMAP
E00078
7000F0
3800E0
3C01E0
1C03C0
0E0380
0F0780
078F00
038E00
03DE00
01DC00
00F800
00F800
007000
007000
007000
007000
007000
007000
007000
007000
007000
007000
000000
000000
007000
007000
007000
ENDCHAR
STARTCHAR ydotbelow
ENCODING 7925
SWIDTH 500 0
DWIDTH 15 0
BBX 15 23 0 -6
BITMAP
E00E
701E
701C
701C
3838
3838
3838
1C70
1C70
0C70
0EE0
0EE0
06E0
07C0
07C0
03C0
0380
0380
0700
070E
3F0E
3E0E
3C00
ENDCHAR
STARTCHAR Yhookabove
ENCODING 7926
SWIDTH 666 0
DWIDTH 21 0
BBX 21 29 0 0
BITMAP
01F000
001C00
001C00
007800
006000
000000
E00078
7000F0
3800E0
3C01E0
1C03C0
0E0380
0F0780
078F00
038E00
03DE00
01DC00
00F800
00F800
007000
007000
007000
007000
007000
007000
007000
007000
007000
007000
ENDCHAR
STARTCHAR yhookabove
ENCODING 7927
SWIDTH 500 0
DWIDTH 15 0
BBX 15 31 0 -6
BITMAP
0F80
00E0
00E0
00E0
03C0
0300
0000
0000
E00E
701E
701C
701C
3838
3838
3838
1C70
1C70
0C70
0EE0
0EE0
06E0
07C0
07C0
03C0
0380
0380
0700
0700
3F00
3E00
3C00
ENDCHAR
STARTCHAR Ytilde
ENCODING 7928
SWIDTH 666 0
DWIDTH 21 0
BBX 21 29 0 0
BITMAP
01CE00
03FC00
03FC00
033800
000000
000000
E00078
7000F0
3800E0
3C01E0
1C03C0
0E0380
0F0780
078F00
038E00
03DE00
01DC00
00F800
00F800
007000
007000
007000
007000
007000
007000
007000
007000
007000
007000
ENDCHAR
STARTCHAR ytilde
ENCODING 7929
SWIDTH 500 0
DWIDTH 15 0
BBX 15 29 0 -6
BITMAP
0F30
1FF0
1FE0
19E0
0000
0000
E00E
701E
701C
701C
3838
3838
3838
1C70
1C70
0C70
0EE0
0EE0
06E0
07C0
07C0
03C0
0380
0380
0700
0700
3F00
3E00
3C00
ENDCHAR
STARTCHAR zerowidthnonjoiner
ENCODING 8204
SWIDTH 0 0
DWIDTH 0 0
BBX 1 24 -1 -4
BITMAP
80
80
80
80
80
80
80
80
80
80
80
80
80
80
80
80
80
80
80
80
80
80
80
80
ENDCHAR
STARTCHAR zerowidthjoiner
ENCODING 8205
SWIDTH 0 0
DWIDTH 0 0
BBX 7 26 -4 -4
BITMAP
C6
6C
38
38
7C
D6
10
10
10
10
10
10
10
10
10
10
10
10
10
10
10
10
10
10
10
10
ENDCHAR
STARTCHAR lefttorightmark
ENCODING 8206
SWIDTH 0 0
DWIDTH 0 0
BBX 7 26 -1 -4
BITMAP
30
18
0C
FE
8C
98
B0
80
80
80
80
80
80
80
80
80
80
80
80
80
80
80
80
80
80
80
ENDCHAR
STARTCHAR righttoleftmark
ENCODING 8207
SWIDTH 0 0
DWIDTH 0 0
BBX 7 26 -4 -4
BITMAP
18
30
60
FE
62
32
1A
02
02
02
02
02
02
02
02
02
02
02
02
02
02
02
02
02
02
02
ENDCHAR
STARTCHAR endash
ENCODING 8211
SWIDTH 556 0
DWIDTH 18 0
BBX 18 3 0 7
BITMAP
FFFFC0
FFFFC0
FFFFC0
ENDCHAR
STARTCHAR emdash
ENCODING 8212
SWIDTH 1000 0
DWIDTH 32 0
BBX 32 3 0 7
BITMAP
FFFFFFFF
FFFFFFFF
FFFFFFFF
ENDCHAR
STARTCHAR afii00208
ENCODING 8213
SWIDTH 1000 0
DWIDTH 32 0
BBX 30 3 1 7
BITMAP
FFFFFFFC
FFFFFFFC
FFFFFFFC
ENDCHAR
STARTCHAR underscoredbl
ENCODING 8215
SWIDTH 552 0
DWIDTH 18 0
BBX 18 8 0 -10
BITMAP
FFFFC0
FFFFC0
FFFFC0
000000
000000
FFFFC0
FFFFC0
FFFFC0
ENDCHAR
STARTCHAR quoteleft
ENCODING 8216
SWIDTH 222 0
DWIDTH 7 0
BBX 3 8 2 15
BITMAP
60
40
C0
C0
C0
E0
E0
E0
ENDCHAR
STARTCHAR quoteright
ENCODING 8217
SWIDTH 222 0
DWIDTH 7 0
BBX 3 8 2 15
BITMAP
E0
E0
E0
60
60
60
40
C0
ENDCHAR
STARTCHAR quotesinglbase
ENCODING 8218
SWIDTH 222 0
DWIDTH 7 0
BBX 3 8 2 -5
BITMAP
E0
E0
E0
60
60
60
40
C0
ENDCHAR
STARTCHAR quotereversed
ENCODING 8219
SWIDTH 222 0
DWIDTH 7 0
BBX 3 8 2 15
BITMAP
E0
E0
E0
C0
C0
C0
60
40
ENDCHAR
STARTCHAR quotedblleft
ENCODING 8220
SWIDTH 333 0
DWIDTH 11 0
BBX 8 8 1 15
BITMAP
21
63
C6
C6
C6
E7
E7
E7
ENDCHAR
STARTCHAR quotedblright
ENCODING 8221
SWIDTH 333 0
DWIDTH 11 0
BBX 8 8 1 15
BITMAP
E7
E7
E7
63
63
63
C6
84
ENDCHAR
STARTCHAR quotedblbase
ENCODING 8222
SWIDTH 333 0
DWIDTH 11 0
BBX 8 8 1 -5
BITMAP
E7
E7
E7
63
63
63
C6
84
ENDCHAR
STARTCHAR dagger
ENCODING 8224
SWIDTH 556 0
DWIDTH 18 0
BBX 15 28 1 -5
BITMAP
0380
0380
0380
0380
0380
0380
FFFE
FFFE
FFFE
0380
0380
0380
0380
0380
0380
0380
0380
0380
0380
0380
0380
0380
0380
0380
0380
0380
0380
0380
ENDCHAR
STARTCHAR daggerdbl
ENCODING 8225
SWIDTH 556 0
DWIDTH 18 0
BBX 15 28 1 -5
BITMAP
0380
0380
0380
0380
0380
0380
FFFE
FFFE
FFFE
0380
0380
0380
0380
0380
0380
0380
0380
0380
0380
FFFE
FFFE
FFFE
0380
0380
0380
0380
0380
0380
ENDCHAR
STARTCHAR bullet
ENCODING 8226
SWIDTH 350 0
DWIDTH 11 0
BBX 8 8 2 7
BITMAP
3C
7E
FF
FF
FF
FF
7E
3C
ENDCHAR
STARTCHAR ellipsis
ENCODING 8230
SWIDTH 1000 0
DWIDTH 32 0
BBX 23 3 4 0
BITMAP
E0380E
E0380E
E0380E
ENDCHAR
STARTCHAR uni202A
ENCODING 8234
SWIDTH 0 0
DWIDTH 0 0
BBX 7 23 -1 -4
BITMAP
FE
80
80
80
80
80
80
80
80
80
80
80
80
80
80
80
80
80
80
80
80
80
80
ENDCHAR
STARTCHAR uni202B
ENCODING 8235
SWIDTH 0 0
DWIDTH 0 0
BBX 7 23 -7 -4
BITMAP
FE
02
02
02
02
02
02
02
02
02
02
02
02
02
02
02
02
02
02
02
02
02
02
ENDCHAR
STARTCHAR uni202C
ENCODING 8236
SWIDTH 0 0
DWIDTH 0 0
BBX 7 26 -4 -4
BITMAP
FE
FE
FE
FE
FE
FE
FE
10
10
10
10
10
10
10
10
10
10
10
10
10
10
10
10
10
10
10
ENDCHAR
STARTCHAR uni202D
ENCODING 8237
SWIDTH 0 0
DWIDTH 0 0
BBX 7 25 -4 -4
BITMAP
FE
80
80
80
80
FE
10
10
10
10
10
10
10
10
10
10
10
10
10
10
10
10
10
10
10
ENDCHAR
STARTCHAR uni202E
ENCODING 8238
SWIDTH 0 0
DWIDTH 0 0
BBX 7 25 -4 -4
BITMAP
FE
02
02
02
02
FE
10
10
10
10
10
10
10
10
10
10
10
10
10
10
10
10
10
10
10
ENDCHAR
STARTCHAR perthousand
ENCODING 8240
SWIDTH 1000 0
DWIDTH 32 0
BBX 30 23 1 0
BITMAP
3E0E0000
7F0E0000
770E0000
E39C0000
E39C0000
E39C0000
E3B80000
E3B80000
E3F80000
77700000
7F700000
3EF7C1F0
00EFE3F8
00EEE3B8
01DC771C
01DC771C
01DC771C
039C771C
039C771C
039C771C
070EE3B8
070FE3F8
0707C1F0
ENDCHAR
STARTCHAR minute
ENCODING 8242
SWIDTH 187 0
DWIDTH 6 0
BBX 4 8 2 15
BITMAP
70
70
E0
E0
E0
C0
C0
C0
ENDCHAR
STARTCHAR second
ENCODING 8243
SWIDTH 354 0
DWIDTH 11 0
BBX 9 8 1 15
BITMAP
7380
7380
E700
E700
E700
C600
C600
C600
ENDCHAR
STARTCHAR guilsinglleft
ENCODING 8249
SWIDTH 333 0
DWIDTH 11 0
BBX 8 14 1 1
BITMAP
07
0E
1C
3C
38
70
E0
E0
70
38
3C
1C
0E
07
ENDCHAR
STARTCHAR guilsinglright
ENCODING 8250
SWIDTH 333 0
DWIDTH 11 0
BBX 8 14 2 1
BITMAP
E0
70
38
1C
1C
0E
07
07
0E
1C
38
38
70
E0
ENDCHAR
STARTCHAR exclamdbl
ENCODING 8252
SWIDTH 500 0
DWIDTH 16 0
BBX 10 23 4 0
BITMAP
E1C0
E1C0
E1C0
E1C0
E1C0
E1C0
E1C0
E1C0
E1C0
E1C0
E1C0
E1C0
4080
4080
4080
4080
4080
4080
0000
0000
E1C0
E1C0
E1C0
ENDCHAR
STARTCHAR radicalex
ENCODING 8254
SWIDTH 333 0
DWIDTH 11 0
BBX 11 3 -1 19
BITMAP
FFE0
FFE0
FFE0
ENDCHAR
STARTCHAR fraction
ENCODING 8260
SWIDTH 166 0
DWIDTH 5 0
BBX 19 24 -7 -1
BITMAP
0000E0
0001C0
0001C0
000380
000700
000700
000E00
001C00
003800
003800
007000
00E000
00E000
01C000
038000
070000
070000
0E0000
1C0000
1C0000
380000
700000
E00000
E00000
ENDCHAR
STARTCHAR uni206A
ENCODING 8298
SWIDTH 0 0
DWIDTH 0 0
BBX 7 25 -4 -4
BITMAP
FE
10
10
10
10
FE
10
10
10
10
10
10
10
10
10
10
10
10
10
10
10
10
10
10
10
ENDCHAR
STARTCHAR uni206B
ENCODING 8299
SWIDTH 0 0
DWIDTH 0 0
BBX 7 25 -4 -4
BITMAP
FE
82
82
82
82
FE
10
10
10
10
10
10
10
10
10
10
10
10
10
10
10
10
10
10
10
ENDCHAR
STARTCHAR uni206C;
ENCODING 8300
SWIDTH 0 0
DWIDTH 0 0
BBX 7 26 -4 -4
BITMAP
FE
7C
7C
38
38
10
10
10
10
10
10
10
10
10
10
10
10
10
10
10
10
10
10
10
10
10
ENDCHAR
STARTCHAR uni206D
ENCODING 8301
SWIDTH 0 0
DWIDTH 0 0
BBX 7 26 -4 -4
BITMAP
10
10
38
38
7C
7C
FE
10
10
10
10
10
10
10
10
10
10
10
10
10
10
10
10
10
10
10
ENDCHAR
STARTCHAR uni206E
ENCODING 8302
SWIDTH 0 0
DWIDTH 0 0
BBX 7 26 -4 -4
BITMAP
10
28
44
C6
6C
38
10
10
10
10
10
10
10
10
10
10
10
10
10
10
10
10
10
10
10
10
ENDCHAR
STARTCHAR uni206F;
ENCODING 8303
SWIDTH 0 0
DWIDTH 0 0
BBX 7 25 -4 -4
BITMAP
F0
10
10
10
10
FE
10
10
10
10
10
10
10
10
10
10
10
10
10
10
10
10
10
10
10
ENDCHAR
STARTCHAR nsuperior
ENCODING 8319
SWIDTH 364 0
DWIDTH 12 0
BBX 10 12 1 8
BITMAP
EF00
FF80
FFC0
F3C0
E1C0
E1C0
E1C0
E1C0
E1C0
E1C0
E1C0
E1C0
ENDCHAR
STARTCHAR franc
ENCODING 8355
SWIDTH 556 0
DWIDTH 18 0
BBX 16 23 1 0
BITMAP
3FFF
3FFF
3FFF
3800
3800
3800
3800
3800
3800
3FFC
3FFC
3FFC
3800
3800
3800
3800
FFC0
FFC0
FFC0
3800
3800
3800
3800
ENDCHAR
STARTCHAR afii08941
ENCODING 8356
SWIDTH 556 0
DWIDTH 18 0
BBX 17 23 0 0
BITMAP
03F000
0FFC00
1FFE00
1E1E00
3C0F00
380700
380000
380000
380000
FFE000
FFE000
FFE000
0E0000
FFE000
FFE000
FFE000
0E0000
1C0000
380000
7FC100
FFFF80
7FFF80
603F00
ENDCHAR
STARTCHAR peseta
ENCODING 8359
SWIDTH 1093 0
DWIDTH 35 0
BBX 34 23 0 0
BITMAP
FFF0000000
FFFC000000
FFFE700000
E01E700000
E00F700000
E007700000
E007FFFC00
E007FFFF00
E007FFFF00
E00F778780
E03E770380
FFFE778000
FFF877F000
FFE073FE00
E00071FF80
E000703F80
E0007007C0
E0007001C0
E0007701C0
E0007383C0
E0007FFF80
E0007DFF00
E0003C7C00
ENDCHAR
STARTCHAR newsheqelsign
ENCODING 8362
SWIDTH 815 0
DWIDTH 28 0
BBX 24 17 2 0
BITMAP
FFFE07
FFFF07
FFFF87
E00787
E00387
E00387
E1C387
E1C387
E1C387
E1C387
E1C387
E1C387
E1C007
E1C00F
E1FFFF
E1FFFE
E1FFFC
ENDCHAR
STARTCHAR dongsign
ENCODING 8363
SWIDTH 513 0
DWIDTH 16 0
BBX 11 18 3 5
BITMAP
0180
0180
03E0
0180
3D80
7F80
6380
C180
C180
C180
C180
C180
C180
6380
7F80
3D80
0000
FFE0
ENDCHAR
STARTCHAR Euro
ENCODING 8364
SWIDTH 556 0
DWIDTH 18 0
BBX 18 23 0 0
BITMAP
007F00
01FFC0
07FF80
0F8080
0F0000
1E0000
1C0000
380000
FFFF00
FFFF00
380000
380000
FFFE00
FFFE00
380000
1C0000
1C0000
1E0000
0F0000
07C180
03FF80
01FF80
007F00
ENDCHAR
STARTCHAR afii61248
ENCODING 8453
SWIDTH 885 0
DWIDTH 28 0
BBX 25 24 1 -1
BITMAP
1F80E000
3FC0E000
71E1C000
E0E1C000
E0038000
E0038000
E0070000
E0E70000
E0EE0000
71CE0000
3FDC0000
1F1C7C00
0038FE00
0039C700
00738380
00738380
00E38380
00E38380
01C38380
01C38380
0381C700
0380FE00
07007C00
07000000
ENDCHAR
STARTCHAR afii61289
ENCODING 8467
SWIDTH 323 0
DWIDTH 10 0
BBX 11 23 0 0
BITMAP
0780
0FC0
1FE0
1CE0
1CE0
1CE0
1CC0
1DC0
1D80
1F00
1F00
1E00
1C00
1C00
3C00
7C00
FC00
5C00
1C00
1C60
1FE0
1FE0
0FC0
ENDCHAR
STARTCHAR afii61352
ENCODING 8470
SWIDTH 1072 0
DWIDTH 34 0
BBX 30 23 3 0
BITMAP
E0038000
F0038000
F0038000
F80383E0
FC0387F0
FC038FF8
EE039E3C
EF039C1C
E7039C1C
E3839C1C
E3839C1C
E1C39C1C
E0E39E38
E0E38FF8
E07387F0
E07B83E0
E03B8000
E01F8000
E01F9FFC
E00F9FFC
E0079FFC
E0078000
E0038000
ENDCHAR
STARTCHAR trademark
ENCODING 8482
SWIDTH 1000 0
DWIDTH 32 0
BBX 24 13 4 10
BITMAP
FFCE07
FFCE07
0C0F0F
0C0F0F
0C0D0B
0C0D9B
0C0D9B
0C0D9B
0C0C93
0C0CF3
0C0CF3
0C0C63
0C0C63
ENDCHAR
STARTCHAR Ohm
ENCODING 8486
SWIDTH 768 0
DWIDTH 25 0
BBX 22 23 2 0
BITMAP
00FE00
07FF80
0FFFC0
1F03E0
1E01E0
3C00F0
380070
780078
700038
700038
700038
700038
700038
700038
700070
380070
380070
1C00E0
1E01E0
0F03C0
FF87FC
FF87FC
FF87FC
ENDCHAR
STARTCHAR estimated
ENCODING 8494
SWIDTH 600 0
DWIDTH 19 0
BBX 17 17 1 0
BITMAP
07F000
1C1C00
380E00
700700
700700
F00780
F00780
FFFF80
F00000
F00000
F00000
F00000
700000
700100
380200
1C0C00
07F000
ENDCHAR
STARTCHAR onethird
ENCODING 8531
SWIDTH 833 0
DWIDTH 27 0
BBX 26 23 1 0
BITMAP
0E000E00
1E001C00
7E003800
FE003800
EE007000
8E00E000
0E01C000
0E03C000
0E038000
0E070000
0E0E0000
0E1C3E00
003C7F80
0038E380
00700380
00E00E00
01C00F00
01C003C0
038001C0
0700E1C0
0E00F3C0
1C007F80
1C003F00
ENDCHAR
STARTCHAR twothirds
ENCODING 8532
SWIDTH 833 0
DWIDTH 27 0
BBX 27 23 0 0
BITMAP
3F000700
7F800E00
F1C01C00
E1C03C00
01C03800
03807000
0700E000
1E01C000
3C03C000
70038000
7FC70000
FFCE1F00
001C3FC0
001C71C0
003801C0
00700700
00E00780
01C001E0
01C000E0
038070E0
070079E0
0E003FC0
1E001F80
ENDCHAR
STARTCHAR oneeighth
ENCODING 8539
SWIDTH 833 0
DWIDTH 27 0
BBX 24 24 2 0
BITMAP
0E001C
1E0038
7E0070
FE00F0
CE00E0
0E01C0
0E0380
0E0380
0E0700
0E0E00
0E1C00
0E1C00
00387C
0071FF
00F1C7
00E1C7
01C1C6
03807C
0380FE
0701C7
0E01C7
1C01C7
1C00FE
38007C
ENDCHAR
STARTCHAR threeeighths
ENCODING 8540
SWIDTH 833 0
DWIDTH 27 0
BBX 26 24 0 0
BITMAP
3F000700
7FC00E00
E1C01C00
01C03C00
0FC03800
0F007000
0380E000
01C0E000
E1C1C000
F3C38000
7F870000
3F070000
000E1F00
001C7FC0
003C71C0
003871C0
00707180
00E01F00
00E03F80
01C071C0
038071C0
070071C0
07003F80
0E001F00
ENDCHAR
STARTCHAR fiveeighths
ENCODING 8541
SWIDTH 833 0
DWIDTH 27 0
BBX 25 24 1 0
BITMAP
7FC00E00
7FC01C00
60003800
E0007800
DF007000
FF80E000
E3C1C000
01C1C000
E1C38000
F3C70000
7F8E0000
3E0E0000
001C3E00
0038FF80
0078E380
0070E380
00E0E300
01C03E00
01C07F00
0380E380
0700E380
0E00E380
0E007F00
1C003E00
ENDCHAR
STARTCHAR seveneighths
ENCODING 8542
SWIDTH 833 0
DWIDTH 27 0
BBX 25 24 1 0
BITMAP
FF801C00
FF801C00
03003800
06007000
0E00E000
0C00E000
1C01C000
1C038000
38078000
38070000
380E0000
001C0000
001C3E00
0038FF80
0070E380
00E0E380
00E0E300
01C03E00
03807F00
0780E380
0700E380
0E00E380
1C007F00
1C003E00
ENDCHAR
STARTCHAR arrowleft
ENCODING 8592
SWIDTH 1000 0
DWIDTH 32 0
BBX 30 12 1 2
BITMAP
03000000
02000000
06000000
1C000000
38000000
FFFFFFFC
7FFFFFFC
3C000000
0C000000
06000000
02000000
01000000
ENDCHAR
STARTCHAR arrowup
ENCODING 8593
SWIDTH 500 0
DWIDTH 16 0
BBX 12 28 2 -7
BITMAP
0600
0600
0F00
1F80
3F80
76C0
E670
8610
0600
0600
0600
0600
0600
0600
0600
0600
0600
0600
0600
0600
0600
0600
0600
0600
0600
0600
0600
0600
ENDCHAR
STARTCHAR arrowright
ENCODING 8594
SWIDTH 1000 0
DWIDTH 32 0
BBX 30 12 1 2
BITMAP
00000200
00000100
00000180
000000E0
00000070
FFFFFFFC
FFFFFFF8
000000F0
000000C0
00000180
00000100
00000200
ENDCHAR
STARTCHAR arrowdown
ENCODING 8595
SWIDTH 500 0
DWIDTH 16 0
BBX 12 28 2 -7
BITMAP
0600
0600
0600
0600
0600
0600
0600
0600
0600
0600
0600
0600
0600
0600
0600
0600
0600
0600
0600
0600
8610
6660
37C0
1F80
0F00
0F00
0600
0400
ENDCHAR
STARTCHAR arrowboth
ENCODING 8596
SWIDTH 1000 0
DWIDTH 32 0
BBX 30 12 1 2
BITMAP
03000300
06000180
0E000180
1C0000E0
38000070
FFFFFFFC
7FFFFFF8
380000F0
0C0000C0
06000180
02000100
01000200
ENDCHAR
STARTCHAR arrowupdn
ENCODING 8597
SWIDTH 500 0
DWIDTH 16 0
BBX 12 29 2 -6
BITMAP
0600
0600
0F00
1F80
1F80
76C0
E670
8610
0600
0600
0600
0600
0600
0600
0600
0600
0600
0600
0600
0600
0600
0600
8610
6660
3FC0
1F80
0F00
0F00
0600
ENDCHAR
STARTCHAR arrowupdnbse
ENCODING 8616
SWIDTH 500 0
DWIDTH 16 0
BBX 12 33 2 -10
BITMAP
0600
0600
0F00
1F80
1F80
76C0
E670
8610
0600
0600
0600
0600
0600
0600
0600
0600
0600
0600
0600
0600
0600
0600
8610
6660
3FC0
1F80
0F00
0F00
0600
0000
0000
FFF0
FFF0
ENDCHAR
STARTCHAR partialdiff
ENCODING 8706
SWIDTH 494 0
DWIDTH 16 0
BBX 15 23 1 0
BITMAP
00F0
01F8
03FC
079C
071E
0E0E
000E
000E
000E
03FE
0FFE
1E0E
380E
701C
701C
E01C
E03C
E038
E070
F1F0
7FE0
7FC0
1F00
ENDCHAR
STARTCHAR Delta
ENCODING 8710
SWIDTH 611 0
DWIDTH 20 0
BBX 18 22 1 0
BITMAP
004000
004000
006000
00E000
00E000
017000
017000
027000
023800
043800
041C00
041C00
081C00
080E00
100E00
100E00
200700
200700
400380
400380
C00380
FFFFC0
ENDCHAR
STARTCHAR product
ENCODING 8719
SWIDTH 823 0
DWIDTH 26 0
BBX 22 29 2 -6
BITMAP
FFFFFC
FFFFFC
FFFFFC
E0001C
E0001C
E0001C
E0001C
E0001C
E0001C
E0001C
E0001C
E0001C
E0001C
E0001C
E0001C
E0001C
E0001C
E0001C
E0001C
E0001C
E0001C
E0001C
E0001C
E0001C
E0001C
E0001C
E0001C
E0001C
E0001C
ENDCHAR
STARTCHAR summation
ENCODING 8721
SWIDTH 712 0
DWIDTH 23 0
BBX 20 29 2 -6
BITMAP
FFFFF0
FFFFF0
FFFFF0
E00000
700000
380000
1C0000
0E0000
070000
038000
01C000
00E000
00F000
007000
003800
007000
00E000
01C000
038000
038000
070000
0E0000
1C0000
380000
700000
E00000
FFFFF0
FFFFF0
FFFFF0
ENDCHAR
STARTCHAR minus
ENCODING 8722
SWIDTH 583 0
DWIDTH 19 0
BBX 15 3 2 10
BITMAP
FFFE
FFFE
FFFE
ENDCHAR
STARTCHAR fraction.dup17
ENCODING 8725
SWIDTH 166 0
DWIDTH 5 0
BBX 19 24 -7 -1
BITMAP
0000E0
0001C0
0001C0
000380
000700
000700
000E00
001C00
003800
003800
007000
00E000
00E000
01C000
038000
070000
070000
0E0000
1C0000
1C0000
380000
700000
E00000
E00000
ENDCHAR
STARTCHAR periodcentered.dup18
ENCODING 8729
SWIDTH 277 0
DWIDTH 9 0
BBX 3 3 3 10
BITMAP
E0
E0
E0
ENDCHAR
STARTCHAR radical
ENCODING 8730
SWIDTH 548 0
DWIDTH 17 0
BBX 16 31 1 -1
BITMAP
0001
0001
0001
0002
0002
0002
0002
0002
0002
0002
0004
0004
0004
0804
3C04
DC04
1E0C
0E08
0F08
0788
0388
03C8
01C8
01F8
00F0
00F0
0070
0070
0030
0030
0020
ENDCHAR
STARTCHAR infinity
ENCODING 8734
SWIDTH 712 0
DWIDTH 23 0
BBX 18 10 2 7
BITMAP
001F00
3C3F80
7F7FC0
FFF3C0
E3E1C0
E3C1C0
FFF3C0
7F7FC0
3C3F80
001F00
ENDCHAR
STARTCHAR orthogonal
ENCODING 8735
SWIDTH 979 0
DWIDTH 31 0
BBX 20 20 6 0
BITMAP
800000
800000
800000
800000
800000
800000
800000
800000
800000
800000
800000
800000
800000
800000
800000
800000
800000
800000
FFFFF0
FFFFF0
ENDCHAR
STARTCHAR intersection
ENCODING 8745
SWIDTH 718 0
DWIDTH 23 0
BBX 18 23 2 0
BITMAP
03F000
0FFC00
1FFE00
3E1F00
780780
700380
F003C0
E001C0
E001C0
E001C0
E001C0
E001C0
E001C0
E001C0
E001C0
E001C0
E001C0
E001C0
E001C0
E001C0
E001C0
E001C0
E001C0
ENDCHAR
STARTCHAR integral
ENCODING 8747
SWIDTH 273 0
DWIDTH 7 0
BBX 7 32 0 -4
BITMAP
0E
0E
1E
10
10
10
10
10
10
10
10
10
10
10
10
10
10
10
10
10
10
10
10
10
10
10
10
10
D0
E0
E0
E0
ENDCHAR
STARTCHAR approxequal
ENCODING 8776
SWIDTH 548 0
DWIDTH 18 0
BBX 16 11 1 6
BITMAP
3E01
FFC3
FFFF
C3FF
807C
0000
3E01
FFC3
FFFF
C3FF
807C
ENDCHAR
STARTCHAR notequal
ENCODING 8800
SWIDTH 548 0
DWIDTH 18 0
BBX 16 23 1 0
BITMAP
000E
001C
001C
0038
0038
0070
FFFF
FFFF
FFFF
01C0
01C0
03C0
0380
FFFF
FFFF
FFFF
0E00
0E00
1C00
1C00
3800
3800
7000
ENDCHAR
STARTCHAR equivalence
ENCODING 8801
SWIDTH 583 0
DWIDTH 19 0
BBX 15 17 2 3
BITMAP
FFFE
FFFE
FFFE
0000
0000
0000
0000
FFFE
FFFE
FFFE
0000
0000
0000
0000
FFFE
FFFE
FFFE
ENDCHAR
STARTCHAR lessequal
ENCODING 8804
SWIDTH 548 0
DWIDTH 18 0
BBX 15 19 1 2
BITMAP
0002
001E
007E
03FC
0FE0
7F00
FC00
E000
FC00
7F00
0FE0
03FC
007E
001E
0002
0000
FFFE
FFFE
FFFE
ENDCHAR
STARTCHAR greaterequal
ENCODING 8805
SWIDTH 548 0
DWIDTH 18 0
BBX 15 19 1 2
BITMAP
8000
F000
FC00
7F80
0FE0
01FC
007E
000E
007E
01FC
0FE0
7F80
FC00
F000
8000
0000
FFFE
FFFE
FFFE
ENDCHAR
STARTCHAR house
ENCODING 8962
SWIDTH 604 0
DWIDTH 19 0
BBX 15 18 2 0
BITMAP
0100
0380
06C0
0460
0830
1818
3008
6004
C006
C002
C002
C002
C002
C002
C002
C002
C002
FFFE
ENDCHAR
STARTCHAR revlogicalnot
ENCODING 8976
SWIDTH 583 0
DWIDTH 19 0
BBX 15 9 2 7
BITMAP
FFFE
FFFE
FFFE
E000
E000
E000
E000
E000
E000
ENDCHAR
STARTCHAR integraltp
ENCODING 8992
SWIDTH 604 0
DWIDTH 19 0
BBX 6 35 9 -8
BITMAP
3C
7C
CC
C0
C0
C0
C0
C0
C0
C0
C0
C0
C0
C0
C0
C0
C0
C0
C0
C0
C0
C0
C0
C0
C0
C0
C0
C0
C0
C0
C0
C0
C0
C0
C0
ENDCHAR
STARTCHAR integralbt
ENCODING 8993
SWIDTH 604 0
DWIDTH 19 0
BBX 7 35 4 -8
BITMAP
06
06
06
06
06
06
06
06
06
06
06
06
06
06
06
06
06
06
06
06
06
06
06
06
06
06
06
06
06
06
06
0C
EC
F8
70
ENDCHAR
STARTCHAR SF100000
ENCODING 9472
SWIDTH 708 0
DWIDTH 23 0
BBX 23 3 0 8
BITMAP
FFFFFE
FFFFFE
FFFFFE
ENDCHAR
STARTCHAR SF110000
ENCODING 9474
SWIDTH 625 0
DWIDTH 20 0
BBX 3 39 7 -10
BITMAP
E0
E0
E0
E0
E0
E0
E0
E0
E0
E0
E0
E0
E0
E0
E0
E0
E0
E0
E0
E0
E0
E0
E0
E0
E0
E0
E0
E0
E0
E0
E0
E0
E0
E0
E0
E0
E0
E0
E0
ENDCHAR
STARTCHAR SF010000
ENCODING 9484
SWIDTH 708 0
DWIDTH 23 0
BBX 13 21 10 -10
BITMAP
FFF8
FFF8
FFF8
E000
E000
E000
E000
E000
E000
E000
E000
E000
E000
E000
E000
E000
E000
E000
E000
E000
E000
ENDCHAR
STARTCHAR SF030000
ENCODING 9488
SWIDTH 708 0
DWIDTH 23 0
BBX 13 21 0 -10
BITMAP
FFF8
FFF8
FFF8
0038
0038
0038
0038
0038
0038
0038
0038
0038
0038
0038
0038
0038
0038
0038
0038
0038
0038
ENDCHAR
STARTCHAR SF020000
ENCODING 9492
SWIDTH 708 0
DWIDTH 23 0
BBX 13 21 10 8
BITMAP
E000
E000
E000
E000
E000
E000
E000
E000
E000
E000
E000
E000
E000
E000
E000
E000
E000
E000
FFF8
FFF8
FFF8
ENDCHAR
STARTCHAR SF040000
ENCODING 9496
SWIDTH 708 0
DWIDTH 23 0
BBX 13 21 0 8
BITMAP
0038
0038
0038
0038
0038
0038
0038
0038
0038
0038
0038
0038
0038
0038
0038
0038
0038
0038
FFF8
FFF8
FFF8
ENDCHAR
STARTCHAR SF080000
ENCODING 9500
SWIDTH 708 0
DWIDTH 23 0
BBX 13 39 10 -10
BITMAP
E000
E000
E000
E000
E000
E000
E000
E000
E000
E000
E000
E000
E000
E000
E000
E000
E000
E000
FFF8
FFF8
FFF8
E000
E000
E000
E000
E000
E000
E000
E000
E000
E000
E000
E000
E000
E000
E000
E000
E000
E000
ENDCHAR
STARTCHAR SF090000
ENCODING 9508
SWIDTH 708 0
DWIDTH 23 0
BBX 13 39 0 -10
BITMAP
0038
0038
0038
0038
0038
0038
0038
0038
0038
0038
0038
0038
0038
0038
0038
0038
0038
0038
FFF8
FFF8
FFF8
0038
0038
0038
0038
0038
0038
0038
0038
0038
0038
0038
0038
0038
0038
0038
0038
0038
0038
ENDCHAR
STARTCHAR SF060000
ENCODING 9516
SWIDTH 708 0
DWIDTH 23 0
BBX 23 21 0 -10
BITMAP
FFFFFE
FFFFFE
FFFFFE
003800
003800
003800
003800
003800
003800
003800
003800
003800
003800
003800
003800
003800
003800
003800
003800
003800
003800
ENDCHAR
STARTCHAR SF070000
ENCODING 9524
SWIDTH 708 0
DWIDTH 23 0
BBX 23 21 0 8
BITMAP
003800
003800
003800
003800
003800
003800
003800
003800
003800
003800
003800
003800
003800
003800
003800
003800
003800
003800
FFFFFE
FFFFFE
FFFFFE
ENDCHAR
STARTCHAR SF050000
ENCODING 9532
SWIDTH 708 0
DWIDTH 23 0
BBX 23 39 0 -10
BITMAP
003800
003800
003800
003800
003800
003800
003800
003800
003800
003800
003800
003800
003800
003800
003800
003800
003800
003800
FFFFFE
FFFFFE
FFFFFE
003800
003800
003800
003800
003800
003800
003800
003800
003800
003800
003800
003800
003800
003800
003800
003800
003800
003800
ENDCHAR
STARTCHAR SF430000
ENCODING 9552
SWIDTH 708 0
DWIDTH 23 0
BBX 23 9 0 5
BITMAP
FFFFFE
FFFFFE
FFFFFE
000000
000000
000000
FFFFFE
FFFFFE
FFFFFE
ENDCHAR
STARTCHAR SF240000
ENCODING 9553
SWIDTH 708 0
DWIDTH 23 0
BBX 9 39 7 -10
BITMAP
E380
E380
E380
E380
E380
E380
E380
E380
E380
E380
E380
E380
E380
E380
E380
E380
E380
E380
E380
E380
E380
E380
E380
E380
E380
E380
E380
E380
E380
E380
E380
E380
E380
E380
E380
E380
E380
E380
E380
ENDCHAR
STARTCHAR SF510000
ENCODING 9554
SWIDTH 708 0
DWIDTH 23 0
BBX 13 24 10 -10
BITMAP
FFF8
FFF8
FFF8
E000
E000
E000
FFF8
FFF8
FFF8
E000
E000
E000
E000
E000
E000
E000
E000
E000
E000
E000
E000
E000
E000
E000
ENDCHAR
STARTCHAR SF520000
ENCODING 9555
SWIDTH 708 0
DWIDTH 23 0
BBX 16 21 7 -10
BITMAP
FFFF
FFFF
FFFF
E380
E380
E380
E380
E380
E380
E380
E380
E380
E380
E380
E380
E380
E380
E380
E380
E380
E380
ENDCHAR
STARTCHAR SF390000
ENCODING 9556
SWIDTH 708 0
DWIDTH 23 0
BBX 16 24 7 -10
BITMAP
FFFF
FFFF
FFFF
E000
E000
E000
E3FF
E3FF
E3FF
E380
E380
E380
E380
E380
E380
E380
E380
E380
E380
E380
E380
E380
E380
E380
ENDCHAR
STARTCHAR SF220000
ENCODING 9557
SWIDTH 708 0
DWIDTH 23 0
BBX 13 24 0 -10
BITMAP
FFF8
FFF8
FFF8
0038
0038
0038
FFF8
FFF8
FFF8
0038
0038
0038
0038
0038
0038
0038
0038
0038
0038
0038
0038
0038
0038
0038
ENDCHAR
STARTCHAR SF210000
ENCODING 9558
SWIDTH 708 0
DWIDTH 23 0
BBX 16 21 0 -10
BITMAP
FFFF
FFFF
FFFF
01C7
01C7
01C7
01C7
01C7
01C7
01C7
01C7
01C7
01C7
01C7
01C7
01C7
01C7
01C7
01C7
01C7
01C7
ENDCHAR
STARTCHAR SF250000
ENCODING 9559
SWIDTH 708 0
DWIDTH 23 0
BBX 16 24 0 -10
BITMAP
FFFF
FFFF
FFFF
0007
0007
0007
FFC7
FFC7
FFC7
01C7
01C7
01C7
01C7
01C7
01C7
01C7
01C7
01C7
01C7
01C7
01C7
01C7
01C7
01C7
ENDCHAR
STARTCHAR SF500000
ENCODING 9560
SWIDTH 708 0
DWIDTH 23 0
BBX 13 24 10 5
BITMAP
E000
E000
E000
E000
E000
E000
E000
E000
E000
E000
E000
E000
E000
E000
E000
FFF8
FFF8
FFF8
E000
E000
E000
FFF8
FFF8
FFF8
ENDCHAR
STARTCHAR SF490000
ENCODING 9561
SWIDTH 708 0
DWIDTH 23 0
BBX 16 21 7 8
BITMAP
E380
E380
E380
E380
E380
E380
E380
E380
E380
E380
E380
E380
E380
E380
E380
E380
E380
E380
FFFF
FFFF
FFFF
ENDCHAR
STARTCHAR SF380000
ENCODING 9562
SWIDTH 708 0
DWIDTH 23 0
BBX 16 24 7 5
BITMAP
E380
E380
E380
E380
E380
E380
E380
E380
E380
E380
E380
E380
E380
E380
E380
E3FF
E3FF
E3FF
E000
E000
E000
FFFF
FFFF
FFFF
ENDCHAR
STARTCHAR SF280000
ENCODING 9563
SWIDTH 708 0
DWIDTH 23 0
BBX 13 24 0 5
BITMAP
0038
0038
0038
0038
0038
0038
0038
0038
0038
0038
0038
0038
0038
0038
0038
FFF8
FFF8
FFF8
0038
0038
0038
FFF8
FFF8
FFF8
ENDCHAR
STARTCHAR SF270000
ENCODING 9564
SWIDTH 708 0
DWIDTH 23 0
BBX 16 21 0 8
BITMAP
01C7
01C7
01C7
01C7
01C7
01C7
01C7
01C7
01C7
01C7
01C7
01C7
01C7
01C7
01C7
01C7
01C7
01C7
FFFF
FFFF
FFFF
ENDCHAR
STARTCHAR SF260000
ENCODING 9565
SWIDTH 708 0
DWIDTH 23 0
BBX 16 24 0 5
BITMAP
01C7
01C7
01C7
01C7
01C7
01C7
01C7
01C7
01C7
01C7
01C7
01C7
01C7
01C7
01C7
FFC7
FFC7
FFC7
0007
0007
0007
FFFF
FFFF
FFFF
ENDCHAR
STARTCHAR SF360000
ENCODING 9566
SWIDTH 708 0
DWIDTH 23 0
BBX 13 39 10 -10
BITMAP
E000
E000
E000
E000
E000
E000
E000
E000
E000
E000
E000
E000
E000
E000
E000
FFF8
FFF8
FFF8
E000
E000
E000
FFF8
FFF8
FFF8
E000
E000
E000
E000
E000
E000
E000
E000
E000
E000
E000
E000
E000
E000
E000
ENDCHAR
STARTCHAR SF370000
ENCODING 9567
SWIDTH 708 0
DWIDTH 23 0
BBX 16 39 7 -10
BITMAP
E380
E380
E380
E380
E380
E380
E380
E380
E380
E380
E380
E380
E380
E380
E380
E380
E380
E380
E3FF
E3FF
E3FF
E380
E380
E380
E380
E380
E380
E380
E380
E380
E380
E380
E380
E380
E380
E380
E380
E380
E380
ENDCHAR
STARTCHAR SF420000
ENCODING 9568
SWIDTH 708 0
DWIDTH 23 0
BBX 16 39 7 -10
BITMAP
E380
E380
E380
E380
E380
E380
E380
E380
E380
E380
E380
E380
E380
E380
E380
E3FF
E3FF
E3FF
E000
E000
E000
E3FF
E3FF
E3FF
E380
E380
E380
E380
E380
E380
E380
E380
E380
E380
E380
E380
E380
E380
E380
ENDCHAR
STARTCHAR SF190000
ENCODING 9569
SWIDTH 708 0
DWIDTH 23 0
BBX 13 39 0 -10
BITMAP
0038
0038
0038
0038
0038
0038
0038
0038
0038
0038
0038
0038
0038
0038
0038
FFF8
FFF8
FFF8
0038
0038
0038
FFF8
FFF8
FFF8
0038
0038
0038
0038
0038
0038
0038
0038
0038
0038
0038
0038
0038
0038
0038
ENDCHAR
STARTCHAR SF200000
ENCODING 9570
SWIDTH 708 0
DWIDTH 23 0
BBX 16 39 0 -10
BITMAP
01C7
01C7
01C7
01C7
01C7
01C7
01C7
01C7
01C7
01C7
01C7
01C7
01C7
01C7
01C7
01C7
01C7
01C7
FFC7
FFC7
FFC7
01C7
01C7
01C7
01C7
01C7
01C7
01C7
01C7
01C7
01C7
01C7
01C7
01C7
01C7
01C7
01C7
01C7
01C7
ENDCHAR
STARTCHAR SF230000
ENCODING 9571
SWIDTH 708 0
DWIDTH 23 0
BBX 16 39 0 -10
BITMAP
01C7
01C7
01C7
01C7
01C7
01C7
01C7
01C7
01C7
01C7
01C7
01C7
01C7
01C7
01C7
FFC7
FFC7
FFC7
0007
0007
0007
FFC7
FFC7
FFC7
01C7
01C7
01C7
01C7
01C7
01C7
01C7
01C7
01C7
01C7
01C7
01C7
01C7
01C7
01C7
ENDCHAR
STARTCHAR SF470000
ENCODING 9572
SWIDTH 708 0
DWIDTH 23 0
BBX 23 24 0 -10
BITMAP
FFFFFE
FFFFFE
FFFFFE
000000
000000
000000
FFFFFE
FFFFFE
FFFFFE
003800
003800
003800
003800
003800
003800
003800
003800
003800
003800
003800
003800
003800
003800
003800
ENDCHAR
STARTCHAR SF480000
ENCODING 9573
SWIDTH 708 0
DWIDTH 23 0
BBX 23 21 0 -10
BITMAP
FFFFFE
FFFFFE
FFFFFE
01C700
01C700
01C700
01C700
01C700
01C700
01C700
01C700
01C700
01C700
01C700
01C700
01C700
01C700
01C700
01C700
01C700
01C700
ENDCHAR
STARTCHAR SF410000
ENCODING 9574
SWIDTH 708 0
DWIDTH 23 0
BBX 23 24 0 -10
BITMAP
FFFFFE
FFFFFE
FFFFFE
000000
000000
000000
FFC7FE
FFC7FE
FFC7FE
01C700
01C700
01C700
01C700
01C700
01C700
01C700
01C700
01C700
01C700
01C700
01C700
01C700
01C700
01C700
ENDCHAR
STARTCHAR SF450000
ENCODING 9575
SWIDTH 708 0
DWIDTH 23 0
BBX 23 24 0 5
BITMAP
003800
003800
003800
003800
003800
003800
003800
003800
003800
003800
003800
003800
003800
003800
003800
FFFFFE
FFFFFE
FFFFFE
000000
000000
000000
FFFFFE
FFFFFE
FFFFFE
ENDCHAR
STARTCHAR SF460000
ENCODING 9576
SWIDTH 708 0
DWIDTH 23 0
BBX 23 21 0 8
BITMAP
01C700
01C700
01C700
01C700
01C700
01C700
01C700
01C700
01C700
01C700
01C700
01C700
01C700
01C700
01C700
01C700
01C700
01C700
FFFFFE
FFFFFE
FFFFFE
ENDCHAR
STARTCHAR SF400000
ENCODING 9577
SWIDTH 708 0
DWIDTH 23 0
BBX 23 24 0 5
BITMAP
01C700
01C700
01C700
01C700
01C700
01C700
01C700
01C700
01C700
01C700
01C700
01C700
01C700
01C700
01C700
FFC7FE
FFC7FE
FFC7FE
000000
000000
000000
FFFFFE
FFFFFE
FFFFFE
ENDCHAR
STARTCHAR SF540000
ENCODING 9578
SWIDTH 708 0
DWIDTH 23 0
BBX 23 39 0 -10
BITMAP
003800
003800
003800
003800
003800
003800
003800
003800
003800
003800
003800
003800
003800
003800
003800
FFFFFE
FFFFFE
FFFFFE
003800
003800
003800
FFFFFE
FFFFFE
FFFFFE
003800
003800
003800
003800
003800
003800
003800
003800
003800
003800
003800
003800
003800
003800
003800
ENDCHAR
STARTCHAR SF530000
ENCODING 9579
SWIDTH 708 0
DWIDTH 23 0
BBX 23 39 0 -10
BITMAP
01C700
01C700
01C700
01C700
01C700
01C700
01C700
01C700
01C700
01C700
01C700
01C700
01C700
01C700
01C700
01C700
01C700
01C700
FFFFFE
FFFFFE
FFFFFE
01C700
01C700
01C700
01C700
01C700
01C700
01C700
01C700
01C700
01C700
01C700
01C700
01C700
01C700
01C700
01C700
01C700
01C700
ENDCHAR
STARTCHAR SF440000
ENCODING 9580
SWIDTH 708 0
DWIDTH 23 0
BBX 23 39 0 -10
BITMAP
01C700
01C700
01C700
01C700
01C700
01C700
01C700
01C700
01C700
01C700
01C700
01C700
01C700
01C700
01C700
FFC7FE
FFC7FE
FFC7FE
000000
000000
000000
FFC7FE
FFC7FE
FFC7FE
01C700
01C700
01C700
01C700
01C700
01C700
01C700
01C700
01C700
01C700
01C700
01C700
01C700
01C700
01C700
ENDCHAR
STARTCHAR upblock
ENCODING 9600
SWIDTH 708 0
DWIDTH 23 0
BBX 23 19 0 10
BITMAP
FFFFFE
FFFFFE
FFFFFE
FFFFFE
FFFFFE
FFFFFE
FFFFFE
FFFFFE
FFFFFE
FFFFFE
FFFFFE
FFFFFE
FFFFFE
FFFFFE
FFFFFE
FFFFFE
FFFFFE
FFFFFE
FFFFFE
ENDCHAR
STARTCHAR dnblock
ENCODING 9604
SWIDTH 708 0
DWIDTH 23 0
BBX 23 20 0 -10
BITMAP
FFFFFE
FFFFFE
FFFFFE
FFFFFE
FFFFFE
FFFFFE
FFFFFE
FFFFFE
FFFFFE
FFFFFE
FFFFFE
FFFFFE
FFFFFE
FFFFFE
FFFFFE
FFFFFE
FFFFFE
FFFFFE
FFFFFE
FFFFFE
ENDCHAR
STARTCHAR block
ENCODING 9608
SWIDTH 708 0
DWIDTH 23 0
BBX 23 39 0 -10
BITMAP
FFFFFE
FFFFFE
FFFFFE
FFFFFE
FFFFFE
FFFFFE
FFFFFE
FFFFFE
FFFFFE
FFFFFE
FFFFFE
FFFFFE
FFFFFE
FFFFFE
FFFFFE
FFFFFE
FFFFFE
FFFFFE
FFFFFE
FFFFFE
FFFFFE
FFFFFE
FFFFFE
FFFFFE
FFFFFE
FFFFFE
FFFFFE
FFFFFE
FFFFFE
FFFFFE
FFFFFE
FFFFFE
FFFFFE
FFFFFE
FFFFFE
FFFFFE
FFFFFE
FFFFFE
FFFFFE
ENDCHAR
STARTCHAR lfblock
ENCODING 9612
SWIDTH 708 0
DWIDTH 23 0
BBX 11 39 0 -10
BITMAP
FFE0
FFE0
FFE0
FFE0
FFE0
FFE0
FFE0
FFE0
FFE0
FFE0
FFE0
FFE0
FFE0
FFE0
FFE0
FFE0
FFE0
FFE0
FFE0
FFE0
FFE0
FFE0
FFE0
FFE0
FFE0
FFE0
FFE0
FFE0
FFE0
FFE0
FFE0
FFE0
FFE0
FFE0
FFE0
FFE0
FFE0
FFE0
FFE0
ENDCHAR
STARTCHAR rtblock
ENCODING 9616
SWIDTH 708 0
DWIDTH 23 0
BBX 12 39 11 -10
BITMAP
FFF0
FFF0
FFF0
FFF0
FFF0
FFF0
FFF0
FFF0
FFF0
FFF0
FFF0
FFF0
FFF0
FFF0
FFF0
FFF0
FFF0
FFF0
FFF0
FFF0
FFF0
FFF0
FFF0
FFF0
FFF0
FFF0
FFF0
FFF0
FFF0
FFF0
FFF0
FFF0
FFF0
FFF0
FFF0
FFF0
FFF0
FFF0
FFF0
ENDCHAR
STARTCHAR ltshade
ENCODING 9617
SWIDTH 708 0
DWIDTH 23 0
BBX 21 37 2 -8
BITMAP
C18180
C18180
000000
000000
181818
181818
000000
000000
C18180
C18180
000000
000000
181818
181818
000000
C18180
C18180
000000
000000
181818
181818
000000
000000
C18180
C18180
000000
000000
181818
181818
000000
000000
C18180
C18180
000000
000000
181818
181818
ENDCHAR
STARTCHAR shade
ENCODING 9618
SWIDTH 708 0
DWIDTH 23 0
BBX 23 37 0 -8
BITMAP
366666
366666
000000
000000
CD9998
CD9998
000000
000000
366666
366666
000000
000000
CD9998
CD9998
000000
366666
366666
000000
000000
CD9998
CD9998
000000
000000
366666
366666
000000
000000
CD9998
CD9998
000000
000000
366666
366666
000000
000000
CD9998
CD9998
ENDCHAR
STARTCHAR dkshade
ENCODING 9619
SWIDTH 729 0
DWIDTH 23 0
BBX 23 39 0 -10
BITMAP
333326
333326
FFFFFE
FFFFFE
CCCCD8
CCCCD8
FFFFFE
FFFFFE
333326
333326
FFFFFE
FFFFFE
CCCCD8
CCCCDE
FFFFFE
333326
333326
FFFFFE
FFFFFE
CCCCD8
CCCCD8
FFFFFE
FFFFFE
333326
333326
FFFFFE
FFFFFE
CCCCD8
CCCCD8
FFFFFE
FFFFFE
333326
333326
FFFFFE
FFFFFE
CCCCD8
CCCCD8
FFFFFE
FFFFFE
ENDCHAR
STARTCHAR filledbox
ENCODING 9632
SWIDTH 604 0
DWIDTH 19 0
BBX 15 15 2 0
BITMAP
FFFE
FFFE
FFFE
FFFE
FFFE
FFFE
FFFE
FFFE
FFFE
FFFE
FFFE
FFFE
FFFE
FFFE
FFFE
ENDCHAR
STARTCHAR H22073
ENCODING 9633
SWIDTH 604 0
DWIDTH 19 0
BBX 15 15 2 0
BITMAP
FFFE
8002
8002
8002
8002
8002
8002
8002
8002
8002
8002
8002
8002
8002
FFFE
ENDCHAR
STARTCHAR H18543
ENCODING 9642
SWIDTH 354 0
DWIDTH 11 0
BBX 7 7 2 7
BITMAP
FE
FE
FE
FE
FE
FE
FE
ENDCHAR
STARTCHAR H18551
ENCODING 9643
SWIDTH 354 0
DWIDTH 11 0
BBX 7 7 2 7
BITMAP
FE
82
82
82
82
82
FE
ENDCHAR
STARTCHAR filledrect
ENCODING 9644
SWIDTH 1000 0
DWIDTH 32 0
BBX 32 6 0 5
BITMAP
FFFFFFFF
FFFFFFFF
FFFFFFFF
FFFFFFFF
FFFFFFFF
FFFFFFFF
ENDCHAR
STARTCHAR triagup
ENCODING 9650
SWIDTH 989 0
DWIDTH 32 0
BBX 22 22 5 0
BITMAP
002000
003000
007000
007800
00F800
00FC00
01FC00
01FE00
03FE00
03FF00
07FF00
07FF80
0FFF80
0FFFC0
1FFFC0
1FFFE0
3FFFE0
3FFFF0
7FFFF0
7FFFF8
FFFFF8
FFFFFC
ENDCHAR
STARTCHAR triagrt
ENCODING 9658
SWIDTH 989 0
DWIDTH 32 0
BBX 23 22 4 0
BITMAP
C00000
F00000
FC0000
FF0000
FFC000
FFF000
FFFC00
FFFF00
FFFFC0
FFFFF0
FFFFFC
FFFFFE
FFFFF8
FFFFE0
FFFF80
FFFE00
FFF800
FFE000
FF8000
FC0000
F00000
C00000
ENDCHAR
STARTCHAR triagdn
ENCODING 9660
SWIDTH 989 0
DWIDTH 32 0
BBX 22 22 5 0
BITMAP
FFFFFC
FFFFF8
7FFFF8
7FFFF0
3FFFF0
3FFFE0
1FFFE0
1FFFC0
0FFFC0
0FFF80
07FF80
07FF00
03FF00
03FE00
01FE00
01FC00
00FC00
00F800
007800
007000
003000
002000
ENDCHAR
STARTCHAR triaglf
ENCODING 9668
SWIDTH 989 0
DWIDTH 32 0
BBX 22 22 5 0
BITMAP
000004
00001C
00007C
0001FC
0007FC
001FFC
007FFC
01FFFC
07FFFC
1FFFFC
7FFFFC
FFFFFC
3FFFFC
0FFFFC
03FFFC
00FFFC
003FFC
000FFC
0003FC
0000FC
00003C
00000C
ENDCHAR
STARTCHAR lozenge
ENCODING 9674
SWIDTH 494 0
DWIDTH 16 0
BBX 14 23 1 0
BITMAP
0300
0700
0780
0CC0
0CC0
1860
1860
3030
3030
6018
6018
C00C
E018
6018
3030
3030
1860
1860
0CC0
0CC0
0780
0700
0300
ENDCHAR
STARTCHAR circle
ENCODING 9675
SWIDTH 604 0
DWIDTH 19 0
BBX 14 14 3 2
BITMAP
0F80
38E0
6030
4018
C008
8008
800C
800C
8008
C008
4018
6030
1CE0
0F80
ENDCHAR
STARTCHAR H18533
ENCODING 9679
SWIDTH 604 0
DWIDTH 19 0
BBX 14 14 3 2
BITMAP
0F80
3FE0
7FF0
7FF8
FFF8
FFF8
FFFC
FFFC
FFF8
FFF8
7FF8
7FF0
1FE0
0F80
ENDCHAR
STARTCHAR invbullet
ENCODING 9688
SWIDTH 604 0
DWIDTH 19 0
BBX 15 15 2 0
BITMAP
FFFE
FFFE
FFFE
FFFE
FC7E
F83E
F81E
F81E
F81E
F83E
FFFE
FFFE
FFFE
FFFE
FFFE
ENDCHAR
STARTCHAR invcircle
ENCODING 9689
SWIDTH 604 0
DWIDTH 19 0
BBX 18 18 1 0
BITMAP
FFFFC0
FFFFC0
FC1FC0
F1C7C0
E7F3C0
EFF9C0
CFFDC0
DFFDC0
DFFCC0
DFFCC0
DFFDC0
CFFDC0
EFF9C0
E7F3C0
F8C7C0
FE1FC0
FFFFC0
FFFFC0
ENDCHAR
STARTCHAR openbullet
ENCODING 9702
SWIDTH 354 0
DWIDTH 11 0
BBX 8 7 2 7
BITMAP
7C
C2
82
83
82
C6
7C
ENDCHAR
STARTCHAR smileface
ENCODING 9786
SWIDTH 1020 0
DWIDTH 33 0
BBX 20 20 6 -2
BITMAP
01FC00
078F00
0C0180
1800C0
300060
600020
600030
470610
C70610
C00010
C00010
C00010
400030
620630
618C20
30F860
1800C0
0C0380
07FE00
00F800
ENDCHAR
STARTCHAR invsmileface
ENCODING 9787
SWIDTH 1052 0
DWIDTH 34 0
BBX 20 20 7 -2
BITMAP
03F800
0FFE00
1FFF80
3FFF80
7FFFC0
7FFFE0
FFFFE0
F9F1F0
F9F9F0
FFFFF0
FFFFF0
FFFFF0
FFFFE0
F9FBE0
7CE7E0
3E0FC0
3FFF80
1FFF00
07FE00
01F800
ENDCHAR
STARTCHAR sun
ENCODING 9788
SWIDTH 916 0
DWIDTH 29 0
BBX 29 28 0 -3
BITMAP
00020000
00020000
00020000
180200C0
0C020180
060FC300
03307600
01C01C00
01800C00
01000600
02000200
02000300
02000100
06000100
FE0001F8
02000100
02000200
02000200
01000600
01800400
01C01C00
03703600
061FC300
0C020180
180200C0
00020000
00020000
00020000
ENDCHAR
STARTCHAR female
ENCODING 9792
SWIDTH 750 0
DWIDTH 24 0
BBX 16 23 4 0
BITMAP
0E70
1008
2004
4002
8001
8001
8001
8001
8001
8001
8001
4002
4006
300C
1810
03C0
0000
0000
0000
0000
0000
0000
FFFF
ENDCHAR
STARTCHAR male
ENCODING 9794
SWIDTH 750 0
DWIDTH 24 0
BBX 20 29 2 -4
BITMAP
0001C0
0006C0
0018C0
006140
018120
000220
000220
000420
000410
000810
000810
001000
001000
0FE000
101800
200400
400200
800200
800100
800100
800100
800100
800100
800100
000200
400200
200400
181800
07E000
ENDCHAR
STARTCHAR spade
ENCODING 9824
SWIDTH 531 0
DWIDTH 17 0
BBX 15 19 1 0
BITMAP
0100
0100
0380
0380
07C0
0FE0
1FF0
3FF8
7FFC
FFFE
FFFE
FFFE
FFFE
7D7C
3938
0100
0380
07C0
7FFC
ENDCHAR
STARTCHAR club
ENCODING 9827
SWIDTH 656 0
DWIDTH 21 0
BBX 19 19 1 0
BITMAP
01F000
03F800
07FC00
07FC00
07FC00
07F800
3BFF80
7FFFC0
FFFFE0
FFFFE0
FFFFE0
FFFFE0
FF5FE0
7E4FC0
1C4300
00E000
01F000
03F800
1FFF00
ENDCHAR
STARTCHAR heart
ENCODING 9829
SWIDTH 593 0
DWIDTH 19 0
BBX 17 19 1 0
BITMAP
3C1E00
7E3F00
FF7F80
FF7F80
FFFF80
FFFF80
7FFF00
7FFF00
3FFE00
1FFE00
1FFC00
0FF800
07F000
03F000
03E000
01C000
01C000
008000
008000
ENDCHAR
STARTCHAR diamond
ENCODING 9830
SWIDTH 510 0
DWIDTH 16 0
BBX 14 19 1 0
BITMAP
0100
0300
0780
07C0
0FC0
1FE0
3FF0
3FF8
7FF8
FFFC
7FFC
3FF8
3FF0
1FE0
0FC0
07C0
0780
0300
0100
ENDCHAR
STARTCHAR musicalnote
ENCODING 9834
SWIDTH 500 0
DWIDTH 16 0
BBX 14 22 1 -1
BITMAP
01F0
01F8
01FC
013C
010C
0104
0104
0100
0100
0100
0100
0100
0100
0100
3D00
7F00
FF00
FF00
FF00
FF00
FE00
1000
ENDCHAR
STARTCHAR musicalnotedbl
ENCODING 9835
SWIDTH 750 0
DWIDTH 24 0
BBX 20 26 1 -2
BITMAP
000010
0000F0
0007F0
007FF0
01FFF0
01FF30
01F830
01C030
018030
018030
018030
018030
018030
018030
018030
018130
0187F0
018FF0
019FF0
3F9FF0
7F9FE0
FF8FC0
FF8780
FF0000
7F0000
3C0000
ENDCHAR
STARTCHAR vavshindot
ENCODING 59393
SWIDTH 246 0
DWIDTH 7 0
BBX 6 21 -1 0
BITMAP
C0
C0
00
00
1C
1C
1C
1C
1C
1C
1C
1C
1C
1C
1C
1C
1C
1C
1C
1C
1C
ENDCHAR
STARTCHAR finalkafsheva
ENCODING 59394
SWIDTH 509 0
DWIDTH 16 0
BBX 13 23 1 -6
BITMAP
FF00
FFC0
FFE0
01F0
0078
0038
0038
0038
0038
0038
0038
0038
1838
1838
0038
1838
1838
0038
0038
0038
0038
0038
0038
ENDCHAR
STARTCHAR finalkafqamats
ENCODING 59395
SWIDTH 509 0
DWIDTH 16 0
BBX 13 23 1 -6
BITMAP
FF00
FFC0
FFE0
01F0
0078
0038
0038
0038
0038
0038
0038
0038
3F38
3F38
0C38
0C38
0C38
0038
0038
0038
0038
0038
0038
ENDCHAR
STARTCHAR lamedholam
ENCODING 59396
SWIDTH 462 0
DWIDTH 15 0
BBX 15 23 -2 0
BITMAP
1C00
1C00
DC00
DC00
1C00
1C00
1FFE
1FFE
1FFE
000E
000E
000E
000E
000E
001C
003C
0038
0078
0070
0070
0070
0070
0070
ENDCHAR
STARTCHAR lamedholamdagesh
ENCODING 59397
SWIDTH 462 0
DWIDTH 15 0
BBX 15 23 -2 0
BITMAP
1C00
1C00
DC00
DC00
1C00
1C00
1FFE
1FFE
1FFE
000E
000E
000E
010E
010E
001C
003C
0038
0078
0070
0070
0070
0070
0070
ENDCHAR
STARTCHAR afii62881
ENCODING 59416
SWIDTH 211 0
DWIDTH 7 0
BBX 7 9 1 19
BITMAP
08
30
C8
30
C0
12
92
BC
E0
ENDCHAR
STARTCHAR afii57391
ENCODING 59450
SWIDTH 638 0
DWIDTH 20 0
BBX 21 3 -1 5
BITMAP
FFFFF8
FFFFF8
FFFFF8
ENDCHAR
STARTCHAR fi
ENCODING 61441
SWIDTH 500 0
DWIDTH 16 0
BBX 13 23 1 0
BITMAP
0FB8
1FB8
3FB8
3800
3800
3800
FF38
FF38
FF38
3838
3838
3838
3838
3838
3838
3838
3838
3838
3838
3838
3838
3838
3838
ENDCHAR
STARTCHAR fl
ENCODING 61442
SWIDTH 500 0
DWIDTH 16 0
BBX 13 23 1 0
BITMAP
0FB8
1FB8
3FB8
3838
3838
3838
FF38
FF38
FF38
3838
3838
3838
3838
3838
3838
3838
3838
3838
3838
3838
3838
3838
3838
ENDCHAR
STARTCHAR commaaccent
ENCODING 61444
SWIDTH 333 0
DWIDTH 11 0
BBX 3 6 4 -8
BITMAP
E0
E0
E0
60
60
C0
ENDCHAR
STARTCHAR undercommaaccent
ENCODING 61445
SWIDTH 333 0
DWIDTH 11 0
BBX 7 6 1 -7
BITMAP
78
7C
0E
0E
FC
F8
ENDCHAR
STARTCHAR uniF006
ENCODING 61446
SWIDTH 0 0
DWIDTH 0 0
BBX 5 2 -7 27
BITMAP
78
E0
ENDCHAR
STARTCHAR uniF007
ENCODING 61447
SWIDTH 0 0
DWIDTH 0 0
BBX 5 2 -13 27
BITMAP
78
E0
ENDCHAR
STARTCHAR uniF008
ENCODING 61448
SWIDTH 0 0
DWIDTH 0 0
BBX 6 4 -5 19
BITMAP
3C
78
70
E0
ENDCHAR
STARTCHAR uniF009
ENCODING 61449
SWIDTH 0 0
DWIDTH 0 0
BBX 6 4 -10 25
BITMAP
3C
78
70
E0
ENDCHAR
STARTCHAR uniF00A
ENCODING 61450
SWIDTH 0 0
DWIDTH 0 0
BBX 1 36 -1 -7
BITMAP
80
80
80
80
80
80
80
80
80
80
80
80
80
80
80
80
00
00
00
00
00
80
80
80
80
80
80
80
80
80
80
80
80
80
80
80
ENDCHAR
STARTCHAR uniF00B
ENCODING 61451
SWIDTH 0 0
DWIDTH 0 0
BBX 7 36 -4 -7
BITMAP
FE
10
10
10
10
10
10
10
10
10
10
10
10
10
10
10
10
10
10
10
10
10
10
10
10
10
10
10
10
10
10
10
10
10
10
FE
ENDCHAR
STARTCHAR uniF00C
ENCODING 61452
SWIDTH 0 0
DWIDTH 0 0
BBX 4 36 -1 -7
BITMAP
80
C0
F0
E0
C0
80
80
80
80
80
80
80
80
80
80
80
80
80
80
80
80
80
80
80
80
80
80
80
80
80
80
80
80
80
80
80
ENDCHAR
STARTCHAR uniF00D
ENCODING 61453
SWIDTH 0 0
DWIDTH 0 0
BBX 4 36 -4 -7
BITMAP
10
30
F0
70
30
10
10
10
10
10
10
10
10
10
10
10
10
10
10
10
10
10
10
10
10
10
10
10
10
10
10
10
10
10
10
10
ENDCHAR
STARTCHAR uniF00E
ENCODING 61454
SWIDTH 0 0
DWIDTH 0 0
BBX 4 36 -1 -7
BITMAP
80
80
80
80
80
80
80
80
80
80
80
80
80
80
80
80
80
80
80
80
80
80
80
80
80
80
80
80
80
80
80
80
80
80
80
F0
ENDCHAR
STARTCHAR uniF00F
ENCODING 61455
SWIDTH 0 0
DWIDTH 0 0
BBX 6 4 -13 19
BITMAP
F0
78
38
1C
ENDCHAR
STARTCHAR uniF010
ENCODING 61456
SWIDTH 0 0
DWIDTH 0 0
BBX 5 3 -8 26
BITMAP
F0
18
30
ENDCHAR
STARTCHAR uniF011
ENCODING 61457
SWIDTH 0 0
DWIDTH 0 0
BBX 5 3 -14 26
BITMAP
F0
18
30
ENDCHAR
STARTCHAR uniF012
ENCODING 61458
SWIDTH 0 0
DWIDTH 0 0
BBX 7 6 -7 19
BITMAP
F8
0E
0E
0E
3C
30
ENDCHAR
STARTCHAR uniF013
ENCODING 61459
SWIDTH 0 0
DWIDTH 0 0
BBX 7 5 -12 24
BITMAP
F8
0E
0E
3C
30
ENDCHAR
STARTCHAR uniF014
ENCODING 61460
SWIDTH 0 0
DWIDTH 0 0
BBX 7 6 -12 19
BITMAP
F8
0E
0E
0E
3C
30
ENDCHAR
STARTCHAR uniF015
ENCODING 61461
SWIDTH 0 0
DWIDTH 0 0
BBX 9 2 -16 27
BITMAP
7880
8F00
ENDCHAR
STARTCHAR uniF016
ENCODING 61462
SWIDTH 0 0
DWIDTH 0 0
BBX 10 3 -17 26
BITMAP
78C0
FFC0
C780
ENDCHAR
STARTCHAR uniF017
ENCODING 61463
SWIDTH 0 0
DWIDTH 0 0
BBX 10 3 -20 26
BITMAP
78C0
FFC0
C780
ENDCHAR
STARTCHAR uniF018
ENCODING 61464
SWIDTH 0 0
DWIDTH 0 0
BBX 10 3 -21 26
BITMAP
78C0
FFC0
C780
ENDCHAR
STARTCHAR uniF019
ENCODING 61465
SWIDTH 0 0
DWIDTH 0 0
BBX 10 3 -14 20
BITMAP
78C0
FFC0
C780
ENDCHAR
STARTCHAR uniF01A
ENCODING 61466
SWIDTH 0 0
DWIDTH 0 0
BBX 10 3 -17 20
BITMAP
78C0
FFC0
C780
ENDCHAR
STARTCHAR uniF01B
ENCODING 61467
SWIDTH 0 0
DWIDTH 0 0
BBX 10 3 -18 20
BITMAP
78C0
FFC0
C780
ENDCHAR
STARTCHAR uniF01C
ENCODING 61468
SWIDTH 0 0
DWIDTH 0 0
BBX 10 3 -9 26
BITMAP
78C0
FFC0
C780
ENDCHAR
STARTCHAR uniF01D
ENCODING 61469
SWIDTH 0 0
DWIDTH 0 0
BBX 10 3 -9 20
BITMAP
78C0
FFC0
C780
ENDCHAR
STARTCHAR uniF01E
ENCODING 61470
SWIDTH 0 0
DWIDTH 0 0
BBX 3 3 -12 -5
BITMAP
E0
E0
E0
ENDCHAR
STARTCHAR uniF01F
ENCODING 61471
SWIDTH 0 0
DWIDTH 0 0
BBX 3 3 -14 -5
BITMAP
E0
E0
E0
ENDCHAR
STARTCHAR uniF020
ENCODING 61472
SWIDTH 0 0
DWIDTH 0 0
BBX 3 3 -17 -5
BITMAP
E0
E0
E0
ENDCHAR
STARTCHAR uniF021
ENCODING 61473
SWIDTH 0 0
DWIDTH 0 0
BBX 3 3 -13 -5
BITMAP
E0
E0
E0
ENDCHAR
STARTCHAR uniF022
ENCODING 61474
SWIDTH 0 0
DWIDTH 0 0
BBX 3 3 -18 -5
BITMAP
E0
E0
E0
ENDCHAR
STARTCHAR uniF023
ENCODING 61475
SWIDTH 0 0
DWIDTH 0 0
BBX 3 3 -11 -5
BITMAP
E0
E0
E0
ENDCHAR
STARTCHAR uniF024
ENCODING 61476
SWIDTH 0 0
DWIDTH 0 0
BBX 3 3 -10 -5
BITMAP
E0
E0
E0
ENDCHAR
STARTCHAR uniF025
ENCODING 61477
SWIDTH 0 0
DWIDTH 0 0
BBX 3 3 -11 -5
BITMAP
E0
E0
E0
ENDCHAR
STARTCHAR uniF026
ENCODING 61478
SWIDTH 0 0
DWIDTH 0 0
BBX 3 3 -14 -5
BITMAP
E0
E0
E0
ENDCHAR
STARTCHAR uniF027
ENCODING 61479
SWIDTH 0 0
DWIDTH 0 0
BBX 3 3 -12 -5
BITMAP
E0
E0
E0
ENDCHAR
STARTCHAR uniF028
ENCODING 61480
SWIDTH 0 0
DWIDTH 0 0
BBX 3 3 -15 -5
BITMAP
E0
E0
E0
ENDCHAR
STARTCHAR uniF029
ENCODING 61481
SWIDTH 0 0
DWIDTH 0 0
BBX 3 3 -6 -5
BITMAP
E0
E0
E0
ENDCHAR
STARTCHAR uniF02A
ENCODING 61482
SWIDTH 0 0
DWIDTH 0 0
BBX 3 3 -5 -5
BITMAP
E0
E0
E0
ENDCHAR
STARTCHAR uniF02B
ENCODING 61483
SWIDTH 0 0
DWIDTH 0 0
BBX 3 3 -12 -5
BITMAP
E0
E0
E0
ENDCHAR
STARTCHAR uniF02C
ENCODING 61484
SWIDTH 0 0
DWIDTH 0 0
BBX 3 3 -4 -5
BITMAP
E0
E0
E0
ENDCHAR
STARTCHAR uniF02D
ENCODING 61485
SWIDTH 0 0
DWIDTH 0 0
BBX 9 2 -15 27
BITMAP
7880
8F00
ENDCHAR
STARTCHAR uniF02E
ENCODING 61486
SWIDTH 0 0
DWIDTH 0 0
BBX 10 3 -16 26
BITMAP
78C0
FFC0
C780
ENDCHAR
STARTCHAR uniF02F
ENCODING 61487
SWIDTH 0 0
DWIDTH 0 0
BBX 9 2 -17 27
BITMAP
7880
8F00
ENDCHAR
STARTCHAR uniF030
ENCODING 61488
SWIDTH 0 0
DWIDTH 0 0
BBX 10 3 -18 26
BITMAP
78C0
FFC0
C780
ENDCHAR
STARTCHAR uniF031
ENCODING 61489
SWIDTH 222 0
DWIDTH 7 0
BBX 3 17 2 0
BITMAP
E0
E0
E0
E0
E0
E0
E0
E0
E0
E0
E0
E0
E0
E0
E0
E0
E0
ENDCHAR
STARTCHAR fi.dup19
ENCODING 64257
SWIDTH 500 0
DWIDTH 16 0
BBX 13 23 1 0
BITMAP
0FB8
1FB8
3FB8
3800
3800
3800
FF38
FF38
FF38
3838
3838
3838
3838
3838
3838
3838
3838
3838
3838
3838
3838
3838
3838
ENDCHAR
STARTCHAR fl.dup20
ENCODING 64258
SWIDTH 500 0
DWIDTH 16 0
BBX 13 23 1 0
BITMAP
0FB8
1FB8
3FB8
3838
3838
3838
FF38
FF38
FF38
3838
3838
3838
3838
3838
3838
3838
3838
3838
3838
3838
3838
3838
3838
ENDCHAR
STARTCHAR uniFB1D
ENCODING 64285
SWIDTH 246 0
DWIDTH 7 0
BBX 3 13 2 4
BITMAP
E0
E0
E0
E0
E0
E0
E0
E0
E0
00
00
40
40
ENDCHAR
STARTCHAR uniFB1E
ENCODING 64286
SWIDTH 0 0
DWIDTH 0 0
BBX 9 4 -5 20
BITMAP
C180
E380
7F00
3E00
ENDCHAR
STARTCHAR uniFB1F
ENCODING 64287
SWIDTH 493 0
DWIDTH 15 0
BBX 11 13 2 4
BITMAP
E0E0
E0E0
E0E0
E0E0
E0E0
E0E0
E0E0
E0E0
E0E0
0000
0000
FFE0
FFE0
ENDCHAR
STARTCHAR altayin
ENCODING 64288
SWIDTH 535 0
DWIDTH 17 0
BBX 14 17 1 0
BITMAP
381C
381C
3C1C
1C1C
1C1C
1C1C
1C1C
1C1C
1E1C
0E38
0E38
0E38
0E78
0EF0
FFF0
FFE0
FF80
ENDCHAR
STARTCHAR shinshindot
ENCODING 64298
SWIDTH 694 0
DWIDTH 22 0
BBX 20 21 1 0
BITMAP
000060
000060
000000
000000
E0E070
E0E070
E0E070
E0E070
E0E070
E0E0E0
E1C0E0
E3C0E0
FF80E0
7F00E0
7001E0
7001C0
3803C0
3E0F80
1FFF00
0FFE00
03F800
ENDCHAR
STARTCHAR shinsindot
ENCODING 64299
SWIDTH 694 0
DWIDTH 22 0
BBX 20 21 1 0
BITMAP
600000
600000
000000
000000
E0E070
E0E070
E0E070
E0E070
E0E070
E0E0E0
E1C0E0
E3C0E0
FF80E0
7F00E0
7001E0
7001C0
3803C0
3E0F80
1FFF00
0FFE00
03F800
ENDCHAR
STARTCHAR shindageshshindot
ENCODING 64300
SWIDTH 694 0
DWIDTH 22 0
BBX 20 21 1 0
BITMAP
000060
000060
000000
000000
E0E070
E0E070
E0E070
E0E070
E0E070
E0E0E0
E1C0E0
E3C0E0
FF98E0
7F18E0
7001E0
7001C0
3803C0
3E0F80
1FFF00
0FFE00
03F800
ENDCHAR
STARTCHAR shindageshsindot
ENCODING 64301
SWIDTH 694 0
DWIDTH 22 0
BBX 20 21 1 0
BITMAP
600000
600000
000000
000000
E0E070
E0E070
E0E070
E0E070
E0E070
E0E0E0
E1C0E0
E3C0E0
FF98E0
7F18E0
7001E0
7001C0
3803C0
3E0F80
1FFF00
0FFE00
03F800
ENDCHAR
STARTCHAR alefpatah
ENCODING 64302
SWIDTH 562 0
DWIDTH 18 0
BBX 15 22 2 -5
BITMAP
E01C
701C
381C
3C1C
1C38
0E38
1F38
3F78
7BF0
71E0
71C0
70E0
7070
E078
E038
E01C
E00E
0000
0000
0000
07E0
07E0
ENDCHAR
STARTCHAR alefqamats
ENCODING 64303
SWIDTH 562 0
DWIDTH 18 0
BBX 15 25 2 -8
BITMAP
E01C
701C
381C
3C1C
1C38
0E38
1F38
3F78
7BF0
71E0
71C0
70E0
7070
E078
E038
E01C
E00E
0000
0000
0000
07E0
07E0
0180
0180
0180
ENDCHAR
STARTCHAR alefmapiq
ENCODING 64304
SWIDTH 562 0
DWIDTH 18 0
BBX 15 17 2 0
BITMAP
E01C
701C
381C
3C1C
1C38
0E38
1F38
3F78
7BF0
71E0
71C0
70E0
7070
E678
E638
E01C
E00E
ENDCHAR
STARTCHAR betdagesh
ENCODING 64305
SWIDTH 541 0
DWIDTH 17 0
BBX 15 17 1 0
BITMAP
FF00
FFC0
FFE0
03E0
00F0
0070
0070
1870
1870
0070
0070
0070
0070
0070
FFFE
FFFE
FFFE
ENDCHAR
STARTCHAR gimeldagesh
ENCODING 64306
SWIDTH 398 0
DWIDTH 13 0
BBX 11 17 1 0
BITMAP
3F00
3F80
3FC0
03C0
01C0
09C0
19C0
01C0
01C0
07C0
1FC0
3FC0
39C0
71C0
70E0
E0E0
E0E0
ENDCHAR
STARTCHAR daletdagesh
ENCODING 64307
SWIDTH 508 0
DWIDTH 16 0
BBX 14 17 1 0
BITMAP
FFFC
FFFC
FFFC
00E0
00E0
00E0
18E0
18E0
00E0
00E0
00E0
00E0
00E0
00E0
00E0
00E0
00E0
ENDCHAR
STARTCHAR hedagesh
ENCODING 64308
SWIDTH 602 0
DWIDTH 19 0
BBX 15 17 2 0
BITMAP
FFC0
FFF0
FFF8
007C
001E
001E
000E
000E
E18E
E18E
E00E
E00E
E00E
E00E
E00E
E00E
E00E
ENDCHAR
STARTCHAR vavdagesh
ENCODING 64309
SWIDTH 286 0
DWIDTH 9 0
BBX 7 17 0 0
BITMAP
0E
0E
0E
0E
0E
0E
0E
CE
CE
0E
0E
0E
0E
0E
0E
0E
0E
ENDCHAR
STARTCHAR zayindagesh
ENCODING 64310
SWIDTH 411 0
DWIDTH 13 0
BBX 12 17 0 0
BITMAP
3FF0
3FF0
3FF0
03C0
0380
0700
C700
C700
0700
0700
0700
0700
0700
0700
0700
0700
0700
ENDCHAR
STARTCHAR tetdagesh
ENCODING 64312
SWIDTH 589 0
DWIDTH 19 0
BBX 15 17 2 0
BITMAP
E0F0
E1FC
E3FC
E31E
E20E
E00E
E00E
E30E
E30E
E00E
E00E
E00E
701C
783C
3FF8
1FF0
07C0
ENDCHAR
STARTCHAR yoddagesh
ENCODING 64313
SWIDTH 286 0
DWIDTH 9 0
BBX 7 9 0 8
BITMAP
0E
0E
0E
0E
CE
CE
0E
0E
0E
ENDCHAR
STARTCHAR finalkafdagesh
ENCODING 64314
SWIDTH 509 0
DWIDTH 16 0
BBX 13 23 1 -6
BITMAP
FF00
FFC0
FFE0
01F0
0078
0038
0038
0038
0C38
0C38
0038
0038
0038
0038
0038
0038
0038
0038
0038
0038
0038
0038
0038
ENDCHAR
STARTCHAR kafdagesh
ENCODING 64315
SWIDTH 460 0
DWIDTH 15 0
BBX 13 17 1 0
BITMAP
FE00
FF80
FFE0
01E0
00F0
0078
0038
0C38
0C38
0038
0038
0078
00F0
01E0
FFE0
FF80
FE00
ENDCHAR
STARTCHAR lameddagesh
ENCODING 64316
SWIDTH 462 0
DWIDTH 15 0
BBX 12 23 1 0
BITMAP
E000
E000
E000
E000
E000
E000
FFF0
FFF0
FFF0
0070
0070
0070
0870
0870
00E0
01E0
01C0
03C0
0380
0380
0380
0380
0380
ENDCHAR
STARTCHAR memdagesh
ENCODING 64318
SWIDTH 601 0
DWIDTH 19 0
BBX 15 17 2 0
BITMAP
E1F0
E3F8
E7FC
7F1C
7E1E
3C0E
380E
38CE
38CE
380E
700E
700E
700E
700E
71FE
E1FE
E1FE
ENDCHAR
STARTCHAR nundagesh
ENCODING 64320
SWIDTH 352 0
DWIDTH 11 0
BBX 8 17 1 0
BITMAP
F8
FE
FE
0F
07
07
07
27
27
07
07
07
07
07
FF
FF
FF
ENDCHAR
STARTCHAR samekhdagesh
ENCODING 64321
SWIDTH 574 0
DWIDTH 18 0
BBX 16 17 1 0
BITMAP
07E0
1FF8
3FFC
7C3E
700E
F00F
E007
E187
E187
E007
E007
F00F
700E
7C3E
3FFC
1FF8
07E0
ENDCHAR
STARTCHAR finalpedagesh
ENCODING 64323
SWIDTH 566 0
DWIDTH 18 0
BBX 14 23 2 -6
BITMAP
3F80
FFE0
FFF0
E0F8
E038
E01C
E01C
E01C
E01C
E19C
799C
381C
001C
001C
001C
001C
001C
001C
001C
001C
001C
001C
001C
ENDCHAR
STARTCHAR pedagesh
ENCODING 64324
SWIDTH 546 0
DWIDTH 17 0
BBX 14 17 2 0
BITMAP
3F80
FFE0
FFF0
E0F8
E078
E03C
E01C
E01C
799C
399C
001C
003C
0078
41F8
FFF0
FFC0
7F00
ENDCHAR
STARTCHAR tsadidagesh
ENCODING 64326
SWIDTH 478 0
DWIDTH 15 0
BBX 13 17 1 0
BITMAP
E038
7038
7038
3838
1C38
1C70
0E70
0FE0
27C0
2300
0380
01C0
00C0
00E0
7FF0
7FF0
7FF0
ENDCHAR
STARTCHAR qofdagesh
ENCODING 64327
SWIDTH 549 0
DWIDTH 18 0
BBX 14 23 2 -6
BITMAP
FFFC
FFFC
FFFC
001C
001C
001C
001C
061C
E638
E070
E0E0
E0E0
E1C0
E1C0
E1C0
E1C0
E1C0
E000
E000
E000
E000
E000
E000
ENDCHAR
STARTCHAR reshdagesh
ENCODING 64328
SWIDTH 509 0
DWIDTH 16 0
BBX 13 17 1 0
BITMAP
FF00
FFC0
FFE0
01F0
0070
0078
0038
0038
0C38
0C38
0038
0038
0038
0038
0038
0038
0038
ENDCHAR
STARTCHAR shindagesh
ENCODING 64329
SWIDTH 694 0
DWIDTH 22 0
BBX 20 17 1 0
BITMAP
E0E070
E0E070
E0E070
E0E070
E0E070
E0E0E0
E1C0E0
E3C0E0
FF98E0
7F18E0
7001E0
7001C0
3803C0
3E0F80
1FFF00
0FFE00
03F800
ENDCHAR
STARTCHAR tavdages
ENCODING 64330
SWIDTH 642 0
DWIDTH 21 0
BBX 18 17 1 0
BITMAP
7FF800
7FFF00
7FFF80
0E0F80
0E03C0
0E01C0
0E01C0
0E01C0
0E31C0
0E31C0
0E01C0
0E01C0
0E01C0
0E01C0
7E01C0
FE01C0
F801C0
ENDCHAR
STARTCHAR vavholam
ENCODING 64331
SWIDTH 246 0
DWIDTH 7 0
BBX 3 21 2 0
BITMAP
C0
C0
00
00
E0
E0
E0
E0
E0
E0
E0
E0
E0
E0
E0
E0
E0
E0
E0
E0
E0
ENDCHAR
STARTCHAR betrafe
ENCODING 64332
SWIDTH 541 0
DWIDTH 17 0
BBX 15 21 1 0
BITMAP
3F00
3F00
0000
0000
FF00
FFC0
FFE0
03E0
00F0
0070
0070
0070
0070
0070
0070
0070
0070
0070
FFFE
FFFE
FFFE
ENDCHAR
STARTCHAR kafrafe
ENCODING 64333
SWIDTH 460 0
DWIDTH 15 0
BBX 13 21 1 0
BITMAP
1F80
1F80
0000
0000
FE00
FF80
FFE0
01E0
00F0
0078
0038
0038
0038
0038
0038
0078
00F0
01E0
FFE0
FF80
FE00
ENDCHAR
STARTCHAR perafe
ENCODING 64334
SWIDTH 546 0
DWIDTH 17 0
BBX 14 21 2 0
BITMAP
1F80
1F80
0000
0000
3F80
FFE0
FFF0
E0F8
E078
E03C
E01C
E01C
7C1C
3C1C
001C
003C
0078
41F8
FFF0
FFC0
7F00
ENDCHAR
STARTCHAR aleflamed
ENCODING 64335
SWIDTH 575 0
DWIDTH 18 0
BBX 16 23 1 0
BITMAP
E000
E000
E000
E000
E000
E000
F80E
FC0E
FE0E
0E0E
071C
079C
0F9C
1FFC
3DF8
38F0
3870
3870
7838
701C
701C
700E
7007
ENDCHAR
STARTCHAR uni0671.dup21
ENCODING 64336
SWIDTH 207 0
DWIDTH 7 0
BBX 7 24 0 4
BITMAP
0E
32
FC
80
00
08
18
18
18
18
18
18
18
1C
1C
1C
0C
0C
0C
0C
0C
0C
08
08
ENDCHAR
STARTCHAR uniFB51
ENCODING 64337
SWIDTH 229 0
DWIDTH 7 0
BBX 7 23 0 5
BITMAP
0E
32
FC
80
00
20
60
E0
60
60
60
20
20
20
20
20
20
20
20
30
3E
1E
0E
ENDCHAR
STARTCHAR uni067B.dup22
ENCODING 64338
SWIDTH 713 0
DWIDTH 23 0
BBX 22 20 1 -5
BITMAP
400008
800008
80001C
80000C
800004
C00004
F00004
7FFFFC
3FFFFC
1FFFFC
000000
000000
002000
007800
007000
001000
001000
003C00
003800
000800
ENDCHAR
STARTCHAR uniFB53
ENCODING 64339
SWIDTH 713 0
DWIDTH 23 0
BBX 22 20 1 -5
BITMAP
400008
800008
80001C
80000C
800004
C00004
F00004
7FFFFC
3FFFFC
1FFFFC
000000
000000
002000
007800
007000
001000
001000
003C00
003800
000800
ENDCHAR
STARTCHAR uniFB54
ENCODING 64340
SWIDTH 244 0
DWIDTH 8 0
BBX 9 20 -1 -5
BITMAP
0100
0100
0380
0180
0180
0080
0080
FF80
FF80
FF80
0000
0000
1000
1C00
3C00
0800
0800
0E00
1E00
0400
ENDCHAR
STARTCHAR uniFB55
ENCODING 64341
SWIDTH 244 0
DWIDTH 8 0
BBX 9 20 -1 -5
BITMAP
0100
0100
0380
0180
0180
0080
0080
FF80
FF80
FF80
0000
0000
1000
1C00
3C00
0800
0800
0E00
1E00
0400
ENDCHAR
STARTCHAR afii57506.dup23
ENCODING 64342
SWIDTH 713 0
DWIDTH 23 0
BBX 22 21 1 -6
BITMAP
400008
800008
80001C
80000C
800004
C00004
F00004
7FFFFC
3FFFFC
1FFFFC
000000
000000
000400
004700
007F00
00F200
002000
000800
000E00
001E00
000400
ENDCHAR
STARTCHAR afii62958
ENCODING 64343
SWIDTH 713 0
DWIDTH 23 0
BBX 22 21 1 -6
BITMAP
400008
800008
80001C
80000C
800004
C00004
F00004
7FFFFC
3FFFFC
1FFFFC
000000
000000
000400
004700
007F00
00F200
002000
000800
000E00
001E00
000400
ENDCHAR
STARTCHAR afii62956
ENCODING 64344
SWIDTH 244 0
DWIDTH 8 0
BBX 9 21 -1 -6
BITMAP
0100
0100
0380
0180
0180
0080
0080
FF80
FF80
FF80
0000
0000
0200
2380
3F80
7900
1000
0400
0700
0F00
0200
ENDCHAR
STARTCHAR afii52957
ENCODING 64345
SWIDTH 244 0
DWIDTH 8 0
BBX 9 21 -1 -6
BITMAP
0100
0100
0380
0180
0180
0080
0080
FF80
FF80
FF80
0000
0000
0200
2380
3F80
7900
1000
0400
0700
0F00
0200
ENDCHAR
STARTCHAR uni0680.dup24
ENCODING 64346
SWIDTH 713 0
DWIDTH 23 0
BBX 22 22 1 -7
BITMAP
400008
800008
80001C
80000C
800004
C00004
F00004
7FFFFC
3FFFFC
1FFFFC
000000
000000
000000
001800
019C00
01FC00
01C800
008C00
00CE00
00FE00
01E400
004000
ENDCHAR
STARTCHAR uniFB5B
ENCODING 64347
SWIDTH 713 0
DWIDTH 23 0
BBX 22 22 1 -7
BITMAP
400008
800008
80001C
80000C
800004
C00004
F00004
7FFFFC
3FFFFC
1FFFFC
000000
000000
000000
001800
019C00
01FC00
01C800
008C00
00CE00
00FE00
01E400
004000
ENDCHAR
STARTCHAR uniFB5C
ENCODING 64348
SWIDTH 244 0
DWIDTH 8 0
BBX 9 22 -1 -7
BITMAP
0100
0100
0380
0180
0180
0080
0080
FF80
FF80
FF80
0000
0000
0000
0400
4F00
FE00
E200
2200
2780
7F00
7100
1000
ENDCHAR
STARTCHAR uniFB5D
ENCODING 64349
SWIDTH 244 0
DWIDTH 8 0
BBX 9 22 -1 -7
BITMAP
0100
0100
0380
0180
0180
0080
0080
FF80
FF80
FF80
0000
0000
0000
0400
4F00
FE00
E200
2200
2780
7F00
7100
1000
ENDCHAR
STARTCHAR uni067A.dup25
ENCODING 64350
SWIDTH 713 0
DWIDTH 23 0
BBX 22 20 1 5
BITMAP
004000
00F000
00E000
002000
002000
007800
007000
001000
000000
000000
400008
800008
80001C
80000C
800004
C00004
F00004
7FFFFC
3FFFFC
1FFFFC
ENDCHAR
STARTCHAR uniFB5F
ENCODING 64351
SWIDTH 713 0
DWIDTH 23 0
BBX 22 20 1 5
BITMAP
004000
00F000
00E000
002000
002000
007800
007000
001000
000000
000000
400008
800008
80001C
80000C
800004
C00004
F00004
7FFFFC
3FFFFC
1FFFFC
ENDCHAR
STARTCHAR uniFB60
ENCODING 64352
SWIDTH 244 0
DWIDTH 8 0
BBX 9 20 -1 5
BITMAP
1800
1C00
3C00
0800
0C00
0E00
1E00
0400
0000
0000
0100
0100
0380
0180
0180
0080
0080
FF80
FF80
FF80
ENDCHAR
STARTCHAR uniFB61
ENCODING 64353
SWIDTH 244 0
DWIDTH 8 0
BBX 9 20 -1 5
BITMAP
1800
1C00
3C00
0800
0C00
0E00
1E00
0400
0000
0000
0100
0100
0380
0180
0180
0080
0080
FF80
FF80
FF80
ENDCHAR
STARTCHAR uni067F.dup26
ENCODING 64354
SWIDTH 713 0
DWIDTH 23 0
BBX 22 19 1 5
BITMAP
001000
013C00
03F800
038800
008800
009E00
01FC00
01C400
004000
400008
800008
80001C
80000C
800004
C00004
F00004
7FFFFC
3FFFFC
1FFFFC
ENDCHAR
STARTCHAR uniFB63
ENCODING 64355
SWIDTH 713 0
DWIDTH 23 0
BBX 22 19 1 5
BITMAP
001000
013C00
03F800
038800
008800
009E00
01FC00
01C400
004000
400008
800008
80001C
80000C
800004
C00004
F00004
7FFFFC
3FFFFC
1FFFFC
ENDCHAR
STARTCHAR uniFB64
ENCODING 64356
SWIDTH 244 0
DWIDTH 8 0
BBX 10 19 -2 5
BITMAP
0600
4700
7F00
F200
2300
3380
3F80
7900
1000
0080
0080
01C0
00C0
00C0
0040
0040
7FC0
7FC0
7FC0
ENDCHAR
STARTCHAR uniFB65
ENCODING 64357
SWIDTH 244 0
DWIDTH 8 0
BBX 10 19 -2 5
BITMAP
0600
4700
7F00
F200
2300
3380
3F80
7900
1000
0080
0080
01C0
00C0
00C0
0040
0040
7FC0
7FC0
7FC0
ENDCHAR
STARTCHAR uni0679.dup27
ENCODING 64358
SWIDTH 713 0
DWIDTH 23 0
BBX 22 22 1 5
BITMAP
008000
00C000
008000
008000
004000
004000
004000
005E00
00E100
03FF00
000000
000000
400008
800008
80001C
80000C
800004
C00004
F00004
7FFFFC
3FFFFC
1FFFFC
ENDCHAR
STARTCHAR uniFB67
ENCODING 64359
SWIDTH 713 0
DWIDTH 23 0
BBX 22 22 1 5
BITMAP
008000
00C000
008000
008000
004000
004000
004000
005E00
00E100
03FF00
000000
000000
400008
800008
80001C
80000C
800004
C00004
F00004
7FFFFC
3FFFFC
1FFFFC
ENDCHAR
STARTCHAR uniFB68
ENCODING 64360
SWIDTH 244 0
DWIDTH 8 0
BBX 10 22 -1 5
BITMAP
2000
3000
2000
1000
1000
1000
1000
17C0
1840
FFC0
0000
0000
0100
0100
0380
0180
0180
0080
0080
FF80
FF80
FF80
ENDCHAR
STARTCHAR uniFB69
ENCODING 64361
SWIDTH 244 0
DWIDTH 8 0
BBX 10 22 -1 5
BITMAP
2000
3000
2000
1000
1000
1000
1000
17C0
1840
FFC0
0000
0000
0100
0100
0380
0180
0180
0080
0080
FF80
FF80
FF80
ENDCHAR
STARTCHAR uni06A4.dup28
ENCODING 64362
SWIDTH 788 0
DWIDTH 25 0
BBX 25 21 1 5
BITMAP
00001000
00001C00
00003C00
00000A00
00000380
00002780
00003900
00007800
00001000
00000000
00000000
40000E00
80001E00
80003F00
80003300
80003300
C0003F00
F0000F00
7FFFFF00
3FFFFF00
0FFFFF00
ENDCHAR
STARTCHAR uniFB6B
ENCODING 64363
SWIDTH 788 0
DWIDTH 25 0
BBX 25 21 1 5
BITMAP
00001000
00001C00
00003C00
00000A00
00000380
00002780
00003900
00007800
00001000
00000000
00000000
40000E00
80001E00
80003F00
80003300
80003300
C0003F00
F0000F00
7FFFFF00
3FFFFF00
0FFFFF00
ENDCHAR
STARTCHAR uniFB6C
ENCODING 64364
SWIDTH 267 0
DWIDTH 9 0
BBX 10 22 -1 5
BITMAP
1800
1C00
3C00
0B00
0380
3780
3900
7800
1000
0300
0780
0F80
0980
08C0
0FC0
0FC0
0740
0040
0040
FFC0
FFC0
FFC0
ENDCHAR
STARTCHAR uniFB6D
ENCODING 64365
SWIDTH 262 0
DWIDTH 8 0
BBX 9 22 -1 5
BITMAP
1000
3C00
3800
1A00
0780
2700
7B00
7000
3000
0000
0700
0700
0F80
0980
0880
0C80
0F80
0780
0080
FF80
FF80
FF80
ENDCHAR
STARTCHAR uni06A6.dup29
ENCODING 64366
SWIDTH 788 0
DWIDTH 25 0
BBX 25 20 1 5
BITMAP
00000400
00004700
00007F00
0000F200
00002200
00002380
00003F80
00007900
00001000
00000000
40000E00
80001E00
80003F00
80003300
80003300
C0003F00
F0000F00
7FFFFF00
3FFFFF00
0FFFFF00
ENDCHAR
STARTCHAR uniFB6F
ENCODING 64367
SWIDTH 788 0
DWIDTH 25 0
BBX 25 20 1 5
BITMAP
00000400
00004700
00007F00
0000F200
00002200
00002380
00003F80
00007900
00001000
00000000
40000E00
80001E00
80003F00
80003300
80003300
C0003F00
F0000F00
7FFFFF00
3FFFFF00
0FFFFF00
ENDCHAR
STARTCHAR uniFB70
ENCODING 64368
SWIDTH 267 0
DWIDTH 9 0
BBX 10 22 -1 5
BITMAP
0600
4700
7F00
F200
2300
3380
3F80
7900
1000
0300
0780
0F80
0980
08C0
0FC0
0FC0
0740
0040
0040
FFC0
FFC0
FFC0
ENDCHAR
STARTCHAR uniFB71
ENCODING 64369
SWIDTH 262 0
DWIDTH 8 0
BBX 10 22 -2 5
BITMAP
0600
4700
7F00
F200
2300
3380
3F80
7900
1000
0000
0380
0380
07C0
04C0
0440
0640
07C0
03C0
0040
7FC0
7FC0
7FC0
ENDCHAR
STARTCHAR uni0684.dup30
ENCODING 64370
SWIDTH 562 0
DWIDTH 18 0
BBX 16 20 1 -6
BITMAP
3FFE
7FFE
FFFE
03F0
0F00
1800
3000
4100
43C0
8380
8080
8080
81E0
C1C0
E040
7000
7F00
3FFF
1FFC
03F8
ENDCHAR
STARTCHAR uniFB73
ENCODING 64371
SWIDTH 525 0
DWIDTH 17 0
BBX 16 20 1 -6
BITMAP
3FFE
7FFE
FFFC
01E0
0620
1820
203F
463F
471F
8F00
8200
8300
8380
C780
E100
7000
7F00
3FFF
1FFC
03F8
ENDCHAR
STARTCHAR uniFB74
ENCODING 64372
SWIDTH 529 0
DWIDTH 17 0
BBX 18 20 -1 -5
BITMAP
078000
0FE000
1FF000
01F800
007C00
001E00
000F00
FFFFC0
FFFFC0
FFFFC0
000000
000000
008000
00E000
01E000
004000
004000
007000
00F000
002000
ENDCHAR
STARTCHAR uniFB75
ENCODING 64373
SWIDTH 529 0
DWIDTH 17 0
BBX 18 20 -1 -5
BITMAP
078000
0FE000
1FF000
01F800
007C00
001E00
000F00
FFFFC0
FFFFC0
FFFFC0
000000
000000
008000
00E000
01E000
004000
004000
007000
00F000
002000
ENDCHAR
STARTCHAR uni0683.dup31
ENCODING 64374
SWIDTH 562 0
DWIDTH 18 0
BBX 16 20 1 -6
BITMAP
3FFE
7FFE
FFFE
03F0
0F00
1800
3000
4000
4010
813C
83F8
8388
8080
C000
E000
7000
7F00
3FFF
1FFC
03F8
ENDCHAR
STARTCHAR uniFB77
ENCODING 64375
SWIDTH 525 0
DWIDTH 17 0
BBX 16 20 1 -6
BITMAP
3FFE
7FFE
FFFC
01E0
0620
1820
203F
403F
411F
93C0
BF80
B880
9800
C000
E000
7000
7F00
3FFF
1FFC
03F8
ENDCHAR
STARTCHAR uniFB78
ENCODING 64376
SWIDTH 529 0
DWIDTH 17 0
BBX 18 17 -1 -2
BITMAP
078000
0FE000
1FF000
01F800
007C00
001E00
000F00
FFFFC0
FFFFC0
FFFFC0
000000
000000
002000
023800
03F800
079000
010000
ENDCHAR
STARTCHAR uniFB79
ENCODING 64377
SWIDTH 529 0
DWIDTH 17 0
BBX 18 17 -1 -2
BITMAP
078000
0FE000
1FF000
01F800
007C00
001E00
000F00
FFFFC0
FFFFC0
FFFFC0
000000
000000
002000
023800
03F800
079000
010000
ENDCHAR
STARTCHAR afii57507.dup32
ENCODING 64378
SWIDTH 562 0
DWIDTH 18 0
BBX 16 20 1 -6
BITMAP
3FFE
7FFE
FFFE
03F0
0F00
1800
3000
4020
4238
83F8
8790
8100
8040
C070
E0F0
7020
7F00
3FFF
1FFC
03F8
ENDCHAR
STARTCHAR afii62961
ENCODING 64379
SWIDTH 525 0
DWIDTH 17 0
BBX 16 20 1 -6
BITMAP
3FFE
7FFE
FFFC
01E0
0620
1820
203F
413F
51DF
9FC0
BC80
8800
8200
C380
E780
7100
7F00
3FFF
1FFC
03F8
ENDCHAR
STARTCHAR afii62959
ENCODING 64380
SWIDTH 529 0
DWIDTH 17 0
BBX 18 21 -1 -6
BITMAP
078000
0FE000
1FF000
01F800
007C00
001E00
000F00
FFFFC0
FFFFC0
FFFFC0
000000
000000
002000
023800
03F800
079000
010000
004000
007000
00F000
002000
ENDCHAR
STARTCHAR afii62960
ENCODING 64381
SWIDTH 529 0
DWIDTH 17 0
BBX 18 21 -1 -6
BITMAP
078000
0FE000
1FF000
01F800
007C00
001E00
000F00
FFFFC0
FFFFC0
FFFFC0
000000
000000
002000
023800
03F800
079000
010000
004000
007000
00F000
002000
ENDCHAR
STARTCHAR uni0687.dup33
ENCODING 64382
SWIDTH 562 0
DWIDTH 18 0
BBX 16 20 1 -6
BITMAP
3FFE
7FFE
FFFE
03F0
0F00
1800
3000
4020
4678
87F0
8730
8310
813C
C3F8
E398
7180
7F00
3FFF
1FFC
03F8
ENDCHAR
STARTCHAR uniFB7f
ENCODING 64383
SWIDTH 525 0
DWIDTH 17 0
BBX 16 20 1 -6
BITMAP
3FFE
7FFE
FFFC
01E0
0620
1820
213F
51FF
5FDF
BC80
8880
88E0
8FE0
DE40
E400
7000
7F00
3FFF
1FFC
03F8
ENDCHAR
STARTCHAR uniFB80
ENCODING 64384
SWIDTH 529 0
DWIDTH 17 0
BBX 18 22 -1 -7
BITMAP
078000
0FE000
1FF000
01F800
007C00
001E00
000F00
FFFFC0
FFFFC0
FFFFC0
000000
000000
000000
006000
047000
07F000
0F2000
023000
033800
03F800
079000
010000
ENDCHAR
STARTCHAR uniFB81
ENCODING 64385
SWIDTH 529 0
DWIDTH 17 0
BBX 18 22 -1 -7
BITMAP
078000
0FE000
1FF000
01F800
007C00
001E00
000F00
FFFFC0
FFFFC0
FFFFC0
000000
000000
000000
006000
047000
07F000
0F2000
023000
033800
03F800
079000
010000
ENDCHAR
STARTCHAR uni068D.dup34
ENCODING 64386
SWIDTH 337 0
DWIDTH 11 0
BBX 9 20 2 -2
BITMAP
0800
0C00
0E00
0700
0300
0180
0080
0080
0080
8080
FF80
FF80
FF80
0000
0000
0400
4700
7F00
F200
2000
ENDCHAR
STARTCHAR uniFB83
ENCODING 64387
SWIDTH 337 0
DWIDTH 11 0
BBX 9 20 2 -2
BITMAP
0800
0C00
0E00
0700
0300
0180
0080
0080
0080
8080
FF80
FF80
FF80
0000
0000
0400
4700
7F00
F200
2000
ENDCHAR
STARTCHAR uni068C.dup35
ENCODING 64388
SWIDTH 337 0
DWIDTH 11 0
BBX 9 20 2 5
BITMAP
0400
4700
7F00
F200
2000
0000
0000
0800
0C00
0E00
0700
0300
0180
0080
0080
0080
8080
FF80
FF80
FF80
ENDCHAR
STARTCHAR uniFB85
ENCODING 64389
SWIDTH 337 0
DWIDTH 11 0
BBX 9 20 2 5
BITMAP
0400
4700
7F00
F200
2000
0000
0000
0800
0C00
0E00
0700
0300
0180
0080
0080
0080
8080
FF80
FF80
FF80
ENDCHAR
STARTCHAR uni068E.dup36
ENCODING 64390
SWIDTH 337 0
DWIDTH 11 0
BBX 9 23 2 5
BITMAP
1000
3C00
3800
1A00
0780
2700
7B00
7000
3000
0000
0800
0C00
0E00
0700
0300
0180
0080
0080
0080
8080
FF80
FF80
FF80
ENDCHAR
STARTCHAR uniFB87
ENCODING 64391
SWIDTH 337 0
DWIDTH 11 0
BBX 9 23 2 5
BITMAP
1000
3C00
3800
1A00
0780
2700
7B00
7000
3000
0000
0800
0C00
0E00
0700
0300
0180
0080
0080
0080
8080
FF80
FF80
FF80
ENDCHAR
STARTCHAR uni0688.dup37
ENCODING 64392
SWIDTH 337 0
DWIDTH 11 0
BBX 10 24 1 5
BITMAP
4000
2000
2000
2000
2000
3000
1000
2780
38C0
FFC0
0000
0400
0600
0700
0380
0180
00C0
0040
0040
0040
4040
7FC0
7FC0
7FC0
ENDCHAR
STARTCHAR uniFB89
ENCODING 64393
SWIDTH 337 0
DWIDTH 11 0
BBX 10 24 1 5
BITMAP
4000
2000
2000
2000
2000
3000
1000
2780
38C0
FFC0
0000
0400
0600
0700
0380
0180
00C0
0040
0040
0040
4040
7FC0
7FC0
7FC0
ENDCHAR
STARTCHAR afii57508.dup38
ENCODING 64394
SWIDTH 488 0
DWIDTH 16 0
BBX 15 28 1 -3
BITMAP
0040
00F0
00E0
0020
0008
009E
01FC
01C4
0040
0000
0000
0008
000C
000C
000E
0006
0006
0002
0002
0002
0006
0006
000C
001C
0078
C1F0
3FE0
0F80
ENDCHAR
STARTCHAR afii62962
ENCODING 64395
SWIDTH 488 0
DWIDTH 16 0
BBX 15 28 1 -3
BITMAP
0040
00F0
00E0
0020
0008
009E
01FC
01C4
0040
0000
0000
0008
000C
000C
000E
0006
0006
0002
0002
0002
0006
0006
000C
001C
0078
C1F0
3FE0
0F80
ENDCHAR
STARTCHAR uni0691.dup39
ENCODING 64396
SWIDTH 488 0
DWIDTH 16 0
BBX 15 30 1 -3
BITMAP
0100
0180
0080
0080
0080
0080
0080
009E
00E2
07FE
0000
0000
0000
0008
000C
000C
000E
0006
0006
0002
0002
0002
0006
0006
000C
001C
0078
C1F0
3FE0
0F80
ENDCHAR
STARTCHAR uniFB8D
ENCODING 64397
SWIDTH 488 0
DWIDTH 16 0
BBX 15 30 1 -3
BITMAP
0100
0180
0080
0080
0080
0080
0080
009E
00E2
07FE
0000
0000
0000
0008
000C
000C
000E
0006
0006
0002
0002
0002
0006
0006
000C
001C
0078
C1F0
3FE0
0F80
ENDCHAR
STARTCHAR afii57567.dup40
ENCODING 64398
SWIDTH 812 0
DWIDTH 26 0
BBX 26 18 0 5
BITMAP
00000100
00000F00
00003F00
0000FC00
0001E000
00038000
00030000
0003C000
0003F000
4001F800
80003C00
80000E00
80000300
80000180
E00000C0
FFFFFFC0
7FFFFFC0
1FFFFFC0
ENDCHAR
STARTCHAR afii62964
ENCODING 64399
SWIDTH 932 0
DWIDTH 30 0
BBX 30 18 0 5
BITMAP
00000100
00000F00
00003F00
0000FC00
0001E000
00038000
00030000
0003C000
0003E000
4001F800
80003C00
80000E00
80000F00
80000B80
E00039C0
FFFFF0FC
7FFFE07C
1FFF803C
ENDCHAR
STARTCHAR afii52305
ENCODING 64400
SWIDTH 394 0
DWIDTH 13 0
BBX 14 18 -1 5
BITMAP
0010
00F0
03F0
0FC0
1E00
3800
3000
3C00
3F00
1F80
03C0
00E0
0030
0018
000C
FFFC
FFFC
FFFC
ENDCHAR
STARTCHAR afii52306
ENCODING 64401
SWIDTH 514 0
DWIDTH 16 0
BBX 17 18 -1 5
BITMAP
001000
00F000
03F000
0FC000
1E0000
380000
300000
3C0000
3E0000
1F8000
03C000
00E000
00F000
00B000
039C00
FF0F80
FE0780
F80380
ENDCHAR
STARTCHAR afii57509.dup41
ENCODING 64402
SWIDTH 812 0
DWIDTH 26 0
BBX 26 23 0 5
BITMAP
00000100
00000700
00001F00
00003E00
00007800
0001E100
00038F00
00023F00
0000FC00
0001E000
00038000
00030000
0003C000
0003F000
4001F800
80003C00
80000E00
80000300
80000180
E00000C0
FFFFFFC0
7FFFFFC0
1FFFFFC0
ENDCHAR
STARTCHAR afii62967
ENCODING 64403
SWIDTH 932 0
DWIDTH 30 0
BBX 30 23 0 5
BITMAP
00000100
00000700
00001F00
00003E00
00007800
0001E100
00038F00
00023F00
0000FC00
0001E000
00038000
00030000
0003C000
0003E000
4001F800
80003C00
80000E00
80000F00
80000B80
E00039C0
FFFFF0FC
7FFFE07C
1FFF803C
ENDCHAR
STARTCHAR afii62965
ENCODING 64404
SWIDTH 394 0
DWIDTH 13 0
BBX 14 23 -1 5
BITMAP
0010
0070
01F0
03E0
0F00
1C10
30F0
23F0
0FC0
1E00
3800
3000
3C00
3F00
1F80
03C0
00E0
0030
0018
000C
FFFC
FFFC
FFFC
ENDCHAR
STARTCHAR afii62966
ENCODING 64405
SWIDTH 514 0
DWIDTH 16 0
BBX 17 23 -1 5
BITMAP
001000
007000
01F000
03E000
0F0000
1C1000
30F000
23F000
0FC000
1E0000
380000
300000
3C0000
3E0000
1F8000
03C000
00E000
00F000
00B000
039C00
FF0F80
FE0780
F80380
ENDCHAR
STARTCHAR uni06B3.dup42
ENCODING 64406
SWIDTH 812 0
DWIDTH 26 0
BBX 26 33 0 -5
BITMAP
00000100
00000700
00001F00
00003E00
00007800
0001E100
00038F00
00023F00
0000FC00
0001E000
00038000
00030000
0003C000
0003F000
4001F800
80003C00
80000E00
80000300
80000180
E00000C0
FFFFFFC0
7FFFFFC0
1FFFFFC0
00000000
00000000
000C0000
000E0000
001E0000
00040000
00060000
00070000
000F0000
00020000
ENDCHAR
STARTCHAR uniFB97
ENCODING 64407
SWIDTH 932 0
DWIDTH 30 0
BBX 30 33 0 -5
BITMAP
00000100
00000700
00001F00
00003E00
00007800
0001E100
00038F00
00023F00
0000FC00
0001E000
00038000
00030000
0003C000
0003E000
4001F800
80003C00
80000E00
80000F00
80000B80
E00039C0
FFFFF0FC
7FFFE07C
1FFF803C
00000000
00000000
00400000
00700000
00F00000
00200000
00200000
00380000
00780000
00100000
ENDCHAR
STARTCHAR uniFB98
ENCODING 64408
SWIDTH 394 0
DWIDTH 13 0
BBX 14 33 -1 -5
BITMAP
0010
0070
01F0
03E0
0F00
1C10
30F0
23F0
0FC0
1E00
3800
3000
3C00
3F00
1F80
03C0
00E0
0030
0018
000C
FFFC
FFFC
FFFC
0000
0000
0200
0700
0700
0300
0100
03C0
0380
0180
ENDCHAR
STARTCHAR uniFB99
ENCODING 64409
SWIDTH 514 0
DWIDTH 16 0
BBX 17 33 -1 -5
BITMAP
001000
007000
01F000
03E000
0F0000
1C1000
30F000
23F000
0FC000
1E0000
380000
300000
3C0000
3E0000
1F8000
03C000
00E000
00F000
00B000
039C00
FF0F80
FE0780
F80380
000000
000000
100000
1C0000
3C0000
080000
080000
0E0000
1E0000
040000
ENDCHAR
STARTCHAR uni06B1.dup43
ENCODING 64410
SWIDTH 812 0
DWIDTH 26 0
BBX 26 23 0 5
BITMAP
00006100
00036700
00031F00
00003E00
00007800
0001E100
00038F00
00023F00
0000FC00
0001E000
00038000
00030000
0003C000
0003F000
4001F800
80003C00
80000E00
80000300
80000180
E00000C0
FFFFFFC0
7FFFFFC0
1FFFFFC0
ENDCHAR
STARTCHAR uniFB9B
ENCODING 64411
SWIDTH 932 0
DWIDTH 30 0
BBX 30 23 0 5
BITMAP
00006100
00036700
00031F00
00003E00
00007800
0001E100
00038F00
00023F00
0000FC00
0001E000
00038000
00030000
0003C000
0003E000
4001F800
80003C00
80000E00
80000F00
80000B80
E00039C0
FFFFF0FC
7FFFE07C
1FFF803C
ENDCHAR
STARTCHAR uniFB9C
ENCODING 64412
SWIDTH 394 0
DWIDTH 13 0
BBX 14 23 -1 5
BITMAP
0310
1E70
31F0
03E0
0F00
1C10
30F0
23F0
0FC0
1E00
3800
3000
3C00
3F00
1F80
03C0
00E0
0030
0018
000C
FFFC
FFFC
FFFC
ENDCHAR
STARTCHAR uniFB9D
ENCODING 64413
SWIDTH 514 0
DWIDTH 16 0
BBX 17 23 -1 5
BITMAP
031000
1E7000
31F000
03E000
0F0000
1C1000
30F000
23F000
0FC000
1E0000
380000
300000
3C0000
3E0000
1F8000
03C000
00E000
00F000
00B000
039C00
FF0F80
FE0780
F80380
ENDCHAR
STARTCHAR uni06BA.dup44
ENCODING 64414
SWIDTH 525 0
DWIDTH 17 0
BBX 16 16 1 -2
BITMAP
0002
0002
0007
2007
4003
4001
8001
8001
8001
8001
8003
C007
E03E
7FFE
7FF8
1FE0
ENDCHAR
STARTCHAR uniFB9F
ENCODING 64415
SWIDTH 525 0
DWIDTH 17 0
BBX 16 16 1 -2
BITMAP
0002
0002
0007
2007
4003
4001
8001
8001
8001
8001
8003
C007
E03E
7FFE
7FF8
1FE0
ENDCHAR
STARTCHAR uni06BB.dup45
ENCODING 64416
SWIDTH 525 0
DWIDTH 17 0
BBX 16 28 1 -2
BITMAP
0400
0600
0200
0200
0200
0200
0200
0278
0388
1FF8
0000
0000
0002
0002
0007
2007
4003
4001
8001
8001
8001
8001
8003
C007
E03E
7FFE
7FF8
1FE0
ENDCHAR
STARTCHAR uniFBA1
ENCODING 64417
SWIDTH 525 0
DWIDTH 17 0
BBX 16 28 1 -2
BITMAP
0400
0600
0200
0200
0200
0200
0200
0278
0388
1FF8
0000
0000
0002
0002
0007
2007
4003
4001
8001
8001
8001
8001
8003
C007
E03E
7FFE
7FF8
1FE0
ENDCHAR
STARTCHAR uniFB68.dup46
ENCODING 64418
SWIDTH 244 0
DWIDTH 8 0
BBX 10 22 -1 5
BITMAP
2000
3000
2000
1000
1000
1000
1000
17C0
1840
FFC0
0000
0000
0100
0100
0380
0180
0180
0080
0080
FF80
FF80
FF80
ENDCHAR
STARTCHAR uniFB69.dup47
ENCODING 64419
SWIDTH 244 0
DWIDTH 8 0
BBX 10 22 -1 5
BITMAP
2000
3000
2000
1000
1000
1000
1000
17C0
1840
FFC0
0000
0000
0100
0100
0380
0180
0180
0080
0080
FF80
FF80
FF80
ENDCHAR
STARTCHAR uni06C0.dup48
ENCODING 64420
SWIDTH 282 0
DWIDTH 9 0
BBX 7 17 1 5
BITMAP
18
20
30
18
20
00
20
38
3C
3C
4E
46
C6
CE
FE
FC
78
ENDCHAR
STARTCHAR uniFBA5
ENCODING 64421
SWIDTH 375 0
DWIDTH 12 0
BBX 12 21 0 5
BITMAP
0600
0800
0C00
0600
0800
0100
0300
0300
0300
0700
0F00
1D00
3180
6380
FF80
FF80
7C80
00C0
00F0
0070
0070
ENDCHAR
STARTCHAR uniFBA6
ENCODING 64422
SWIDTH 282 0
DWIDTH 9 0
BBX 7 11 1 5
BITMAP
20
38
3C
3C
4E
46
C6
CE
FE
FC
78
ENDCHAR
STARTCHAR uni06C1.dup49
ENCODING 64423
SWIDTH 387 0
DWIDTH 12 0
BBX 12 8 0 3
BITMAP
0700
1F80
1FC0
31F0
60F0
6070
C000
8000
ENDCHAR
STARTCHAR uniFBA8
ENCODING 64424
SWIDTH 244 0
DWIDTH 8 0
BBX 9 18 -1 -3
BITMAP
0100
0100
0380
0180
0180
0080
0080
FF80
FF80
FF80
0000
0000
0400
0800
0800
0C00
0E00
0600
ENDCHAR
STARTCHAR uniFBA9
ENCODING 64425
SWIDTH 320 0
DWIDTH 10 0
BBX 11 19 -1 -7
BITMAP
0200
0600
0400
1C00
FCE0
F5E0
E5E0
0700
0700
0600
0200
0200
0000
0200
0400
0400
0600
0700
0300
ENDCHAR
STARTCHAR afii57470.dup50
ENCODING 64426
SWIDTH 450 0
DWIDTH 14 0
BBX 13 14 -1 5
BITMAP
0400
0600
0F00
0780
0FC0
0FC0
19E0
11F0
3BB0
3F18
1F18
FFF8
F9F8
F070
ENDCHAR
STARTCHAR afii62828
ENCODING 64427
SWIDTH 375 0
DWIDTH 12 0
BBX 12 16 0 5
BITMAP
0100
0300
0300
0300
0700
0F00
1D00
3180
6380
FF80
FF80
7C80
00C0
00F0
0070
0070
ENDCHAR
STARTCHAR afii57470.dup51
ENCODING 64428
SWIDTH 450 0
DWIDTH 14 0
BBX 13 14 -1 5
BITMAP
0400
0600
0F00
0780
0FC0
0FC0
19E0
11F0
3BB0
3F18
1F18
FFF8
F9F8
F070
ENDCHAR
STARTCHAR afii62827
ENCODING 64429
SWIDTH 394 0
DWIDTH 13 0
BBX 14 17 -1 -2
BITMAP
0080
01C0
03C0
06C0
04C0
0580
0A00
FFFC
FFFC
FFFC
1380
10C0
1860
1C60
0FE0
07E0
01C0
ENDCHAR
STARTCHAR uni06D2.dup52
ENCODING 64430
SWIDTH 812 0
DWIDTH 26 0
BBX 25 13 1 -1
BITMAP
00180000
00380000
007C0000
01C40000
03840000
0F800000
3F000000
7C000000
70000000
C0000000
FFFFFF80
FFFFFE00
FFFFFC00
ENDCHAR
STARTCHAR uniFBAF
ENCODING 64431
SWIDTH 812 0
DWIDTH 26 0
BBX 25 14 1 -6
BITMAP
0001FF80
001FFF80
00FFFF80
03FE0000
07E00000
1F000000
3C000000
30000000
60000000
40000000
80000000
FFFFFF80
FFFFFE00
FFFFFC00
ENDCHAR
STARTCHAR uni06D3.dup53
ENCODING 64432
SWIDTH 812 0
DWIDTH 26 0
BBX 25 17 1 -1
BITMAP
00C00000
01000000
01000000
00C00000
01180000
00380000
007C0000
01C40000
03840000
0F800000
3F000000
7C000000
70000000
C0000000
FFFFFF80
FFFFFE00
FFFFFC00
ENDCHAR
STARTCHAR uniFBB1
ENCODING 64433
SWIDTH 812 0
DWIDTH 26 0
BBX 25 20 1 -6
BITMAP
00006000
00008000
00008000
0000E000
00008000
00000000
0001FF80
001FFF80
00FFFF80
03FE0000
07E00000
1F000000
3C000000
30000000
60000000
40000000
80000000
FFFFFF80
FFFFFE00
FFFFFC00
ENDCHAR
STARTCHAR uni06AD.dup54
ENCODING 64467
SWIDTH 601 0
DWIDTH 19 0
BBX 18 23 1 5
BITMAP
020000
078000
070000
034400
00F700
04E780
0F6780
0E0380
060300
002300
00E100
018180
010180
03F180
43F180
803180
806180
8FC0C0
8000C0
E000C0
FFFFC0
7FFFC0
3FFFC0
ENDCHAR
STARTCHAR uniFBD4
ENCODING 64468
SWIDTH 601 0
DWIDTH 19 0
BBX 18 23 1 5
BITMAP
020000
078000
070000
034400
00F700
04E780
0F6780
0E0380
060300
002300
00E100
018180
010180
03F180
43F180
803180
806180
8FC0C0
8000C0
E000C0
FFFFC0
7FFFC0
3FFFC0
ENDCHAR
STARTCHAR uniFBD5
ENCODING 64469
SWIDTH 394 0
DWIDTH 13 0
BBX 14 22 -1 5
BITMAP
0C00
0B00
1A00
1000
0010
00F0
03F0
0FC0
1E00
3800
3000
3C00
3F00
1F80
03C0
00E0
0030
0018
000C
FFFC
FFFC
FFFC
ENDCHAR
STARTCHAR uniFBD6
ENCODING 64470
SWIDTH 394 0
DWIDTH 13 0
BBX 14 22 -1 5
BITMAP
0C00
0B00
1A00
1000
0010
00F0
03F0
0FC0
1E00
3800
3000
3C00
3F00
1F80
03C0
00E0
0030
0018
000C
FFFC
FFFC
FFFC
ENDCHAR
STARTCHAR uni06C7.dup55
ENCODING 64471
SWIDTH 432 0
DWIDTH 14 0
BBX 13 24 1 -3
BITMAP
0060
0070
0060
0060
0050
00C0
0180
0070
00F0
00F8
0198
0188
01C8
01F8
00F8
0078
0008
0018
0030
0070
00E0
C3E0
3FC0
0F00
ENDCHAR
STARTCHAR uniFBD8
ENCODING 64472
SWIDTH 432 0
DWIDTH 14 0
BBX 13 24 1 -3
BITMAP
0060
0070
0060
0060
0050
00C0
0180
0070
00F0
00F8
0198
0188
01C8
01F8
00F8
0078
0008
0018
0030
0070
00E0
C3E0
3FC0
0F00
ENDCHAR
STARTCHAR uni06C6.dup56
ENCODING 64473
SWIDTH 432 0
DWIDTH 14 0
BBX 13 23 1 -3
BITMAP
0048
0050
0030
0020
0000
0000
0070
00F0
00F8
0198
0188
01C8
01F8
00F8
0078
0008
0018
0030
0070
00E0
C3E0
3FC0
0F00
ENDCHAR
STARTCHAR uniFBDA
ENCODING 64474
SWIDTH 432 0
DWIDTH 14 0
BBX 13 23 1 -3
BITMAP
0048
0050
0030
0020
0000
0000
0070
00F0
00F8
0198
0188
01C8
01F8
00F8
0078
0008
0018
0030
0070
00E0
C3E0
3FC0
0F00
ENDCHAR
STARTCHAR uni06C8.dup57
ENCODING 64475
SWIDTH 432 0
DWIDTH 14 0
BBX 13 27 1 -3
BITMAP
0040
0040
0040
0040
0040
0060
0060
0020
0000
0000
0070
00F0
00F8
0198
0188
01C8
01F8
00F8
0078
0008
0018
0030
0070
00E0
C3E0
3FC0
0F00
ENDCHAR
STARTCHAR uniFBDC
ENCODING 64476
SWIDTH 432 0
DWIDTH 14 0
BBX 13 27 1 -3
BITMAP
0040
0040
0040
0040
0040
0060
0060
0020
0000
0000
0070
00F0
00F8
0198
0188
01C8
01F8
00F8
0078
0008
0018
0030
0070
00E0
C3E0
3FC0
0F00
ENDCHAR
STARTCHAR uni0677.dup58
ENCODING 64477
SWIDTH 432 0
DWIDTH 14 0
BBX 14 23 1 -3
BITMAP
030C
0510
0710
031C
0310
0400
0870
00F0
00F8
0198
0188
01C8
01F8
00F8
0078
0008
0018
0030
0070
00E0
C3E0
3FC0
0F00
ENDCHAR
STARTCHAR uni06CB.dup59
ENCODING 64478
SWIDTH 432 0
DWIDTH 14 0
BBX 13 27 1 -3
BITMAP
0100
01C0
03C0
00A0
0038
0278
0390
0780
0100
0000
0070
00F0
00F8
0198
0188
01C8
01F8
00F8
0078
0008
0018
0030
0070
00E0
C3E0
3FC0
0F00
ENDCHAR
STARTCHAR uniFBDF
ENCODING 64479
SWIDTH 432 0
DWIDTH 14 0
BBX 13 27 1 -3
BITMAP
0100
01C0
03C0
00A0
0038
0278
0390
0780
0100
0000
0070
00F0
00F8
0198
0188
01C8
01F8
00F8
0078
0008
0018
0030
0070
00E0
C3E0
3FC0
0F00
ENDCHAR
STARTCHAR uni06C5.dup60
ENCODING 64480
SWIDTH 432 0
DWIDTH 14 0
BBX 13 17 1 -3
BITMAP
0070
00F0
00F8
0198
0188
01C8
01F8
00F8
0078
0F18
01F8
0030
0070
00E0
C3E0
3FC0
0F00
ENDCHAR
STARTCHAR uniFBE1
ENCODING 64481
SWIDTH 432 0
DWIDTH 14 0
BBX 13 17 1 -3
BITMAP
0070
00F0
00F8
0198
0188
01C8
01F8
00F8
0078
0F18
01F8
0030
0070
00E0
C3E0
3FC0
0F00
ENDCHAR
STARTCHAR uni06C9.dup61
ENCODING 64482
SWIDTH 432 0
DWIDTH 14 0
BBX 13 23 1 -3
BITMAP
0020
0030
0050
0048
0000
0000
0070
00F0
00F8
0198
0188
01C8
01F8
00F8
0078
0008
0018
0030
0070
00E0
C3E0
3FC0
0F00
ENDCHAR
STARTCHAR uniFBE3
ENCODING 64483
SWIDTH 432 0
DWIDTH 14 0
BBX 13 23 1 -3
BITMAP
0020
0030
0050
0048
0000
0000
0070
00F0
00F8
0198
0188
01C8
01F8
00F8
0078
0008
0018
0030
0070
00E0
C3E0
3FC0
0F00
ENDCHAR
STARTCHAR uni06D0.dup62
ENCODING 64484
SWIDTH 638 0
DWIDTH 20 0
BBX 18 21 1 -6
BITMAP
000380
000FC0
000FC0
001840
202000
404000
404000
807F80
807F80
803F80
800180
C00700
E03F00
FFFE00
7FF800
3FC000
000000
000000
018000
000000
018000
ENDCHAR
STARTCHAR uniFBE5
ENCODING 64485
SWIDTH 588 0
DWIDTH 19 0
BBX 18 16 1 -7
BITMAP
200000
400FC0
401FC0
803FC0
804000
807F00
807F00
807F00
C00100
F80600
7FFE00
3FFC00
0FF000
018000
000000
018000
ENDCHAR
STARTCHAR uniFBE6
ENCODING 64486
SWIDTH 244 0
DWIDTH 8 0
BBX 9 20 -1 -5
BITMAP
0100
0100
0380
0180
0180
0080
0080
FF80
FF80
FF80
0000
0000
0800
0E00
1E00
0400
0400
0700
0F00
0200
ENDCHAR
STARTCHAR uniFBE7
ENCODING 64487
SWIDTH 244 0
DWIDTH 8 0
BBX 9 20 -1 -5
BITMAP
0100
0100
0380
0180
0180
0080
0080
FF80
FF80
FF80
0000
0000
0800
0E00
1E00
0400
0400
0700
0F00
0200
ENDCHAR
STARTCHAR afii57555.dup63
ENCODING 64508
SWIDTH 638 0
DWIDTH 20 0
BBX 18 16 1 -1
BITMAP
000380
000FC0
000FC0
001840
202000
404000
404000
807F80
807F80
803F80
800180
C00700
E03F00
FFFE00
7FF800
3FC000
ENDCHAR
STARTCHAR afii52364
ENCODING 64509
SWIDTH 588 0
DWIDTH 19 0
BBX 18 13 1 -4
BITMAP
200000
400FC0
401FC0
803FC0
804000
807F00
807F00
807F00
C00100
F80600
7FFE00
3FFC00
0FF000
ENDCHAR
STARTCHAR afii62831
ENCODING 64510
SWIDTH 244 0
DWIDTH 8 0
BBX 9 17 -1 -2
BITMAP
0100
0100
0380
0180
0180
0080
0080
FF80
FF80
FF80
0000
0000
0200
2780
7F00
7100
1000
ENDCHAR
STARTCHAR afii62832
ENCODING 64511
SWIDTH 244 0
DWIDTH 8 0
BBX 9 17 -1 -2
BITMAP
0100
0100
0380
0180
0180
0080
0080
FF80
FF80
FF80
0000
0000
0200
2780
7F00
7100
1000
ENDCHAR
STARTCHAR afii62882
ENCODING 64606
SWIDTH 226 0
DWIDTH 7 0
BBX 8 10 0 19
BITMAP
06
0A
EA
2E
2A
70
09
49
5E
70
ENDCHAR
STARTCHAR afii62883
ENCODING 64607
SWIDTH 211 0
DWIDTH 7 0
BBX 7 8 1 19
BITMAP
12
92
BC
E8
30
C8
30
C0
ENDCHAR
STARTCHAR afii62884
ENCODING 64608
SWIDTH 211 0
DWIDTH 7 0
BBX 7 7 1 19
BITMAP
08
30
C0
12
92
BC
E0
ENDCHAR
STARTCHAR afii62885
ENCODING 64609
SWIDTH 211 0
DWIDTH 7 0
BBX 7 9 1 19
BITMAP
0C
14
1C
1C
60
12
92
BC
E0
ENDCHAR
STARTCHAR afii62886
ENCODING 64610
SWIDTH 211 0
DWIDTH 7 0
BBX 7 7 1 19
BITMAP
12
92
BC
E0
08
30
C0
ENDCHAR
STARTCHAR afii64060
ENCODING 64830
SWIDTH 318 0
DWIDTH 10 0
BBX 8 31 1 -6
BITMAP
01
03
06
0E
1C
1C
38
38
78
78
70
F0
F0
F0
F0
F0
F0
F0
F0
F0
70
78
78
38
38
1C
1C
0E
06
03
03
ENDCHAR
STARTCHAR afii64061
ENCODING 64831
SWIDTH 318 0
DWIDTH 10 0
BBX 8 31 1 -6
BITMAP
C0
60
60
30
38
3C
1C
1E
1E
0E
0F
0F
0F
0F
0F
0F
0F
0F
0F
0F
0F
0E
1E
1E
1C
1C
38
30
70
60
C0
ENDCHAR
STARTCHAR afii64184
ENCODING 65010
SWIDTH 616 0
DWIDTH 20 0
BBX 20 20 0 5
BITMAP
006000
003000
001000
000100
000900
005E00
007000
000420
000C60
010C60
030C60
030C60
030620
078630
0F8630
398630
61C730
7EFFF0
FEFDF0
FC7870
ENDCHAR
STARTCHAR afii52399
ENCODING 65152
SWIDTH 412 0
DWIDTH 13 0
BBX 10 13 2 2
BITMAP
0E00
1F00
3F00
6200
4000
C0C0
F3C0
FF80
7F00
3C00
3000
2000
4000
ENDCHAR
STARTCHAR afii52400.dup64
ENCODING 65153
SWIDTH 207 0
DWIDTH 7 0
BBX 6 22 0 4
BITMAP
E4
B8
00
08
18
18
18
18
18
18
18
1C
1C
1C
0C
0C
0C
0C
0C
0C
08
08
ENDCHAR
STARTCHAR afii62753
ENCODING 65154
SWIDTH 229 0
DWIDTH 7 0
BBX 8 21 -1 5
BITMAP
E4
B8
00
10
30
70
30
30
30
10
10
10
10
10
10
10
10
18
1F
0F
07
ENDCHAR
STARTCHAR afii57411.dup65
ENCODING 65155
SWIDTH 207 0
DWIDTH 7 0
BBX 4 24 2 4
BITMAP
60
80
C0
70
80
00
20
60
60
60
60
60
60
60
70
70
30
30
30
30
30
30
20
20
ENDCHAR
STARTCHAR afii62754
ENCODING 65156
SWIDTH 229 0
DWIDTH 7 0
BBX 7 23 0 5
BITMAP
30
40
60
38
40
00
20
60
E0
60
60
60
20
20
20
20
20
20
20
30
3E
1E
1E
ENDCHAR
STARTCHAR afii57412.dup66
ENCODING 65157
SWIDTH 432 0
DWIDTH 14 0
BBX 13 23 1 -3
BITMAP
0300
0400
0600
0380
0400
0000
0070
00F0
00F8
0198
0188
01C8
01F8
00F8
0078
0008
0018
0030
0070
00E0
C3E0
3FC0
0F00
ENDCHAR
STARTCHAR afii62755
ENCODING 65158
SWIDTH 432 0
DWIDTH 14 0
BBX 13 23 1 -3
BITMAP
0300
0400
0600
0380
0400
0000
0070
00F0
00F8
0198
0188
01C8
01F8
00F8
0078
0008
0018
0030
0070
00E0
C3E0
3FC0
0F00
ENDCHAR
STARTCHAR afii57413.dup67
ENCODING 65159
SWIDTH 207 0
DWIDTH 7 0
BBX 4 26 2 -3
BITMAP
20
60
60
60
60
60
60
60
70
70
70
30
30
30
30
30
30
20
20
00
00
60
80
C0
70
80
ENDCHAR
STARTCHAR afii62756
ENCODING 65160
SWIDTH 229 0
DWIDTH 7 0
BBX 7 26 0 -3
BITMAP
20
60
E0
60
60
60
20
20
20
20
20
20
20
20
30
3E
1E
0E
00
00
00
30
40
60
38
40
ENDCHAR
STARTCHAR afii57414.dup68
ENCODING 65161
SWIDTH 638 0
DWIDTH 20 0
BBX 18 19 1 -1
BITMAP
300000
400000
600000
380380
400FC0
000FC0
001840
202000
404000
404000
807F80
807F80
803F80
800180
C00700
E03F00
FFFE00
7FF800
3FC000
ENDCHAR
STARTCHAR afii62759
ENCODING 65162
SWIDTH 588 0
DWIDTH 19 0
BBX 18 21 1 -4
BITMAP
600000
800000
C00000
700000
800000
000000
000000
000000
200000
400FC0
401FC0
803FC0
804000
807F00
807F00
807F00
C00100
F80600
7FFE00
3FFC00
0FF000
ENDCHAR
STARTCHAR afii62757
ENCODING 65163
SWIDTH 244 0
DWIDTH 8 0
BBX 9 17 -1 5
BITMAP
0C00
1000
1800
0E00
1000
0000
0000
0100
0100
0380
0180
0180
0080
0080
FF80
FF80
FF80
ENDCHAR
STARTCHAR afii62758
ENCODING 65164
SWIDTH 244 0
DWIDTH 8 0
BBX 9 17 -1 5
BITMAP
0C00
1000
1800
0E00
1000
0000
0000
0100
0100
0380
0180
0180
0080
0080
FF80
FF80
FF80
ENDCHAR
STARTCHAR afii57415.dup69
ENCODING 65165
SWIDTH 207 0
DWIDTH 7 0
BBX 3 19 3 4
BITMAP
40
C0
C0
C0
C0
C0
C0
C0
E0
E0
E0
60
60
60
60
60
60
40
40
ENDCHAR
STARTCHAR afii62760
ENCODING 65166
SWIDTH 229 0
DWIDTH 7 0
BBX 7 18 0 5
BITMAP
20
60
E0
60
60
60
20
20
20
20
20
20
20
20
30
3E
1E
0E
ENDCHAR
STARTCHAR afii57416.dup70
ENCODING 65167
SWIDTH 713 0
DWIDTH 23 0
BBX 22 16 1 -1
BITMAP
400008
800008
80001C
80000C
800004
C00004
F00004
7FFFFC
3FFFFC
1FFFFC
000000
000000
002000
007800
007000
001000
ENDCHAR
STARTCHAR afii62763
ENCODING 65168
SWIDTH 713 0
DWIDTH 23 0
BBX 22 16 1 -1
BITMAP
400008
800008
80001C
80000C
800004
C00004
F00004
7FFFFC
3FFFFC
1FFFFC
000000
000000
002000
007800
007000
001000
ENDCHAR
STARTCHAR afii62761
ENCODING 65169
SWIDTH 244 0
DWIDTH 8 0
BBX 9 16 -1 -1
BITMAP
0100
0100
0380
0180
0180
0080
0080
FF80
FF80
FF80
0000
0000
0400
0F00
0E00
0200
ENDCHAR
STARTCHAR afii62762
ENCODING 65170
SWIDTH 244 0
DWIDTH 8 0
BBX 9 16 -1 -1
BITMAP
0100
0100
0380
0180
0180
0080
0080
FF80
FF80
FF80
0000
0000
0400
0F00
0E00
0200
ENDCHAR
STARTCHAR afii57417.dup71
ENCODING 65171
SWIDTH 282 0
DWIDTH 9 0
BBX 9 18 0 5
BITMAP
0400
4F00
FE00
E200
2000
0000
0000
1000
1C00
1E00
1F00
3780
2380
6180
6380
7F00
7F00
3E00
ENDCHAR
STARTCHAR afii62764
ENCODING 65172
SWIDTH 375 0
DWIDTH 12 0
BBX 12 22 0 5
BITMAP
0200
2780
7F00
7100
1000
0000
0100
0300
0300
0300
0700
0F00
1D00
3180
6380
FF80
FF80
7C80
00C0
00F0
0070
0070
ENDCHAR
STARTCHAR afii57418.dup72
ENCODING 65173
SWIDTH 713 0
DWIDTH 23 0
BBX 22 15 1 5
BITMAP
000800
009E00
01FC00
01C400
004000
400008
800008
80001C
80000C
800004
C00004
F00004
7FFFFC
3FFFFC
1FFFFC
ENDCHAR
STARTCHAR afii62767
ENCODING 65174
SWIDTH 713 0
DWIDTH 23 0
BBX 22 15 1 5
BITMAP
000800
009E00
01FC00
01C400
004000
400008
800008
80001C
80000C
800004
C00004
F00004
7FFFFC
3FFFFC
1FFFFC
ENDCHAR
STARTCHAR afii62765
ENCODING 65175
SWIDTH 244 0
DWIDTH 8 0
BBX 9 17 -1 5
BITMAP
0200
2780
7F00
7100
1000
0000
0000
0100
0100
0380
0180
0180
0080
0080
FF80
FF80
FF80
ENDCHAR
STARTCHAR afii62766
ENCODING 65176
SWIDTH 244 0
DWIDTH 8 0
BBX 9 17 -1 5
BITMAP
0200
2780
7F00
7100
1000
0000
0000
0100
0100
0380
0180
0180
0080
0080
FF80
FF80
FF80
ENDCHAR
STARTCHAR afii57419.dup73
ENCODING 65177
SWIDTH 713 0
DWIDTH 23 0
BBX 22 19 1 5
BITMAP
004000
00F000
00E000
002000
000800
009E00
01FC00
01C400
004000
400008
800008
80001C
80000C
800004
C00004
F00004
7FFFFC
3FFFFC
1FFFFC
ENDCHAR
STARTCHAR afii62770
ENCODING 65178
SWIDTH 713 0
DWIDTH 23 0
BBX 22 19 1 5
BITMAP
004000
00F000
00E000
002000
000800
009E00
01FC00
01C400
004000
400008
800008
80001C
80000C
800004
C00004
F00004
7FFFFC
3FFFFC
1FFFFC
ENDCHAR
STARTCHAR afii62768
ENCODING 65179
SWIDTH 244 0
DWIDTH 8 0
BBX 9 21 -1 5
BITMAP
1000
3C00
3800
0800
0200
2780
7F00
7100
1000
0000
0000
0100
0100
0380
0180
0180
0080
0080
FF80
FF80
FF80
ENDCHAR
STARTCHAR afii62769
ENCODING 65180
SWIDTH 244 0
DWIDTH 8 0
BBX 9 21 -1 5
BITMAP
1000
3C00
3800
0800
0200
2780
7F00
7100
1000
0000
0000
0100
0100
0380
0180
0180
0080
0080
FF80
FF80
FF80
ENDCHAR
STARTCHAR afii57420.dup74
ENCODING 65181
SWIDTH 562 0
DWIDTH 18 0
BBX 16 20 1 -6
BITMAP
3FFE
7FFE
FFFE
03F0
0F00
1800
3000
4000
4080
81E0
81C0
8040
8000
C000
E000
7000
7F00
3FFF
1FFC
03F8
ENDCHAR
STARTCHAR afii62773
ENCODING 65182
SWIDTH 525 0
DWIDTH 17 0
BBX 16 20 1 -6
BITMAP
3FFE
7FFE
FFFC
01E0
0620
1820
203F
403F
401F
8100
81C0
8380
8080
C000
E000
7000
7F00
3FFF
1FFC
03F8
ENDCHAR
STARTCHAR afii62771
ENCODING 65183
SWIDTH 529 0
DWIDTH 17 0
BBX 18 16 -1 -1
BITMAP
078000
0FE000
1FF000
01F800
007C00
001E00
000F00
FFFFC0
FFFFC0
FFFFC0
000000
000000
008000
00E000
01E000
004000
ENDCHAR
STARTCHAR afii62772
ENCODING 65184
SWIDTH 529 0
DWIDTH 17 0
BBX 18 16 -1 -1
BITMAP
078000
0FE000
1FF000
01F800
007C00
001E00
000F00
FFFFC0
FFFFC0
FFFFC0
000000
000000
008000
00E000
01E000
004000
ENDCHAR
STARTCHAR afii57421.dup75
ENCODING 65185
SWIDTH 562 0
DWIDTH 18 0
BBX 16 20 1 -6
BITMAP
3FFE
7FFE
FFFE
03F0
0F00
1800
3000
4000
4000
8000
8000
8000
8000
C000
E000
7000
7F00
3FFF
1FFC
03F8
ENDCHAR
STARTCHAR afii62776
ENCODING 65186
SWIDTH 525 0
DWIDTH 17 0
BBX 16 20 1 -6
BITMAP
3FFE
7FFE
FFFC
01E0
0620
1820
203F
403F
401F
8000
8000
8000
8000
C000
E000
7000
7F00
3FFF
1FFC
03F8
ENDCHAR
STARTCHAR afii62774
ENCODING 65187
SWIDTH 529 0
DWIDTH 17 0
BBX 18 10 -1 5
BITMAP
078000
0FE000
1FF000
01F800
007C00
001E00
000F00
FFFFC0
FFFFC0
FFFFC0
ENDCHAR
STARTCHAR afii62775
ENCODING 65188
SWIDTH 529 0
DWIDTH 17 0
BBX 18 10 -1 5
BITMAP
078000
0FE000
1FF000
01F800
007C00
001E00
000F00
FFFFC0
FFFFC0
FFFFC0
ENDCHAR
STARTCHAR afii57422.dup76
ENCODING 65189
SWIDTH 562 0
DWIDTH 18 0
BBX 16 27 1 -6
BITMAP
0100
03C0
0380
0080
0000
0000
0000
3FFE
7FFE
FFFE
03F0
0F00
1800
3000
4000
4000
8000
8000
8000
8000
C000
E000
7000
7F00
3FFF
1FFC
03F8
ENDCHAR
STARTCHAR afii62779
ENCODING 65190
SWIDTH 525 0
DWIDTH 17 0
BBX 16 27 1 -6
BITMAP
0200
0780
0700
0100
0000
0000
0000
3FFE
7FFE
FFFC
01E0
0620
1820
203F
403F
401F
8000
8000
8000
8000
C000
E000
7000
7F00
3FFF
1FFC
03F8
ENDCHAR
STARTCHAR afii62777
ENCODING 65191
SWIDTH 529 0
DWIDTH 17 0
BBX 18 17 -1 5
BITMAP
008000
01E000
01C000
004000
000000
000000
000000
078000
0FE000
1FF000
01F800
007C00
001E00
000F00
FFFFC0
FFFFC0
FFFFC0
ENDCHAR
STARTCHAR afii62778
ENCODING 65192
SWIDTH 529 0
DWIDTH 17 0
BBX 18 17 -1 5
BITMAP
008000
01E000
01C000
004000
000000
000000
000000
078000
0FE000
1FF000
01F800
007C00
001E00
000F00
FFFFC0
FFFFC0
FFFFC0
ENDCHAR
STARTCHAR afii57423.dup77
ENCODING 65193
SWIDTH 337 0
DWIDTH 11 0
BBX 9 13 2 5
BITMAP
0800
0C00
0E00
0700
0300
0180
0080
0080
0080
8080
FF80
FF80
FF80
ENDCHAR
STARTCHAR afii62780
ENCODING 65194
SWIDTH 337 0
DWIDTH 11 0
BBX 9 13 2 5
BITMAP
0800
0C00
0E00
0700
0300
0180
0080
0080
0080
8080
FF80
FF80
FF80
ENDCHAR
STARTCHAR afii57424.dup78
ENCODING 65195
SWIDTH 337 0
DWIDTH 11 0
BBX 9 20 2 5
BITMAP
2000
7800
7000
1000
0000
0000
0000
0800
0C00
0E00
0700
0300
0180
0080
0080
0080
8080
FF80
FF80
FF80
ENDCHAR
STARTCHAR afii62781
ENCODING 65196
SWIDTH 337 0
DWIDTH 11 0
BBX 9 20 2 5
BITMAP
2000
7800
7000
1000
0000
0000
0000
0800
0C00
0E00
0700
0300
0180
0080
0080
0080
8080
FF80
FF80
FF80
ENDCHAR
STARTCHAR afii57425.dup79
ENCODING 65197
SWIDTH 488 0
DWIDTH 16 0
BBX 15 17 1 -3
BITMAP
0008
000C
000C
000E
0006
0006
0002
0002
0002
0006
0006
000C
001C
0078
C1F0
3FE0
0F80
ENDCHAR
STARTCHAR afii62782
ENCODING 65198
SWIDTH 488 0
DWIDTH 16 0
BBX 15 17 1 -3
BITMAP
0008
000C
000C
000E
0006
0006
0002
0002
0002
0006
0006
000C
001C
0078
C1F0
3FE0
0F80
ENDCHAR
STARTCHAR afii57426.dup80
ENCODING 65199
SWIDTH 488 0
DWIDTH 16 0
BBX 15 24 1 -3
BITMAP
0020
0078
0070
0010
0000
0000
0000
0008
000C
000C
000E
0006
0006
0002
0002
0002
0006
0006
000C
001C
0078
C1F0
3FE0
0F80
ENDCHAR
STARTCHAR afii62783
ENCODING 65200
SWIDTH 488 0
DWIDTH 16 0
BBX 15 24 1 -3
BITMAP
0020
0078
0070
0010
0000
0000
0000
0008
000C
000C
000E
0006
0006
0002
0002
0002
0006
0006
000C
001C
0078
C1F0
3FE0
0F80
ENDCHAR
STARTCHAR afii57427.dup81
ENCODING 65201
SWIDTH 821 0
DWIDTH 26 0
BBX 25 16 1 -2
BITMAP
00020100
00020900
00070980
20070880
40030880
40030C80
8001FF80
8001FF80
8001F380
80010000
80030000
C0060000
E03E0000
7FFC0000
7FF80000
1FC00000
ENDCHAR
STARTCHAR afii62786
ENCODING 65202
SWIDTH 821 0
DWIDTH 26 0
BBX 25 16 1 -2
BITMAP
00020100
00020900
00070980
20070880
40030880
40030C80
8001FF80
8001FF80
8001F380
80010000
80030000
C0060000
E03E0000
7FFC0000
7FF80000
1FC00000
ENDCHAR
STARTCHAR afii62784
ENCODING 65203
SWIDTH 530 0
DWIDTH 17 0
BBX 18 9 -1 5
BITMAP
000080
020480
0204C0
020440
030440
038640
FFFFC0
FFFFC0
FCF9C0
ENDCHAR
STARTCHAR afii62785
ENCODING 65204
SWIDTH 530 0
DWIDTH 17 0
BBX 18 9 -1 5
BITMAP
000080
020480
0204C0
020440
030440
038640
FFFFC0
FFFFC0
FCF9C0
ENDCHAR
STARTCHAR afii57428.dup82
ENCODING 65205
SWIDTH 821 0
DWIDTH 26 0
BBX 25 27 1 -2
BITMAP
00002000
00007800
00007000
00001000
00000400
00004F00
0000FE00
0000E200
00002000
00000000
00000000
00020100
00020900
00070980
20070880
40030880
40030C80
8001FF80
8001FF80
8001F380
80010000
80030000
C0060000
E03E0000
7FFC0000
7FF80000
1FC00000
ENDCHAR
STARTCHAR afii62789
ENCODING 65206
SWIDTH 821 0
DWIDTH 26 0
BBX 25 27 1 -2
BITMAP
00002000
00007800
00007000
00001000
00000400
00004F00
0000FE00
0000E200
00002000
00000000
00000000
00020100
00020900
00070980
20070880
40030880
40030C80
8001FF80
8001FF80
8001F380
80010000
80030000
C0060000
E03E0000
7FFC0000
7FF80000
1FC00000
ENDCHAR
STARTCHAR afii62787
ENCODING 65207
SWIDTH 530 0
DWIDTH 17 0
BBX 18 20 -1 5
BITMAP
001000
003C00
003800
000800
000200
002780
007F00
007100
001000
000000
000000
000080
020480
0204C0
020440
030440
038640
FFFFC0
FFFFC0
FCF9C0
ENDCHAR
STARTCHAR afii62788
ENCODING 65208
SWIDTH 530 0
DWIDTH 17 0
BBX 18 20 -1 5
BITMAP
001000
003C00
003800
000800
000200
002780
007F00
007100
001000
000000
000000
000080
020480
0204C0
020440
030440
038640
FFFFC0
FFFFC0
FCF9C0
ENDCHAR
STARTCHAR afii57429.dup83
ENCODING 65209
SWIDTH 1098 0
DWIDTH 35 0
BBX 34 16 1 -2
BITMAP
0002001F00
0002007F80
000700FFC0
200701C1C0
40030700C0
40031C01C0
8001FFFFC0
8001FFFFC0
8001FFFFC0
8001000000
8003000000
C006000000
E03E000000
7FFC000000
7FF8000000
1FE0000000
ENDCHAR
STARTCHAR afii62792
ENCODING 65210
SWIDTH 1098 0
DWIDTH 35 0
BBX 34 16 1 -2
BITMAP
0002001F00
0002007F80
000700FFC0
200701C1C0
40030700C0
40031C01C0
8001FFFFC0
8001FFFFC0
8001FFFFC0
8001000000
8003000000
C006000000
E03E000000
7FFC000000
7FF8000000
1FE0000000
ENDCHAR
STARTCHAR afii62790
ENCODING 65211
SWIDTH 846 0
DWIDTH 27 0
BBX 28 9 -1 5
BITMAP
000007C0
02001FE0
02003FF0
02007870
0301C030
03870070
FFFFFFF0
FFFFFFF0
FCFFFFF0
ENDCHAR
STARTCHAR afii62791
ENCODING 65212
SWIDTH 846 0
DWIDTH 27 0
BBX 28 9 -1 5
BITMAP
000007C0
02001FE0
02003FF0
02007870
0301C030
03870070
FFFFFFF0
FFFFFFF0
FCFFFFF0
ENDCHAR
STARTCHAR afii57430.dup84
ENCODING 65213
SWIDTH 1098 0
DWIDTH 35 0
BBX 34 22 1 -2
BITMAP
0000040000
00000F0000
00000E0000
0000020000
0000000000
0000000000
0002001F00
0002007F80
000700FFC0
200701C1C0
40030700C0
40031C01C0
8001FFFFC0
8001FFFFC0
8001FFFFC0
8001000000
8003000000
C006000000
E03E000000
7FFC000000
7FF8000000
1FE0000000
ENDCHAR
STARTCHAR afii62795
ENCODING 65214
SWIDTH 1098 0
DWIDTH 35 0
BBX 34 22 1 -2
BITMAP
0000040000
00000F0000
00000E0000
0000020000
0000000000
0000000000
0002001F00
0002007F80
000700FFC0
200701C1C0
40030700C0
40031C01C0
8001FFFFC0
8001FFFFC0
8001FFFFC0
8001000000
8003000000
C006000000
E03E000000
7FFC000000
7FF8000000
1FE0000000
ENDCHAR
STARTCHAR afii62793
ENCODING 65215
SWIDTH 846 0
DWIDTH 27 0
BBX 28 15 -1 5
BITMAP
00008000
0001E000
0001C000
00004000
00000000
00000000
000007C0
02001FE0
02003FF0
02007870
0301C030
03870070
FFFFFFF0
FFFFFFF0
FCFFFFF0
ENDCHAR
STARTCHAR afii62794
ENCODING 65216
SWIDTH 846 0
DWIDTH 27 0
BBX 28 15 -1 5
BITMAP
00008000
0001E000
0001C000
00004000
00000000
00000000
000007C0
02001FE0
02003FF0
02007870
0301C030
03870070
FFFFFFF0
FFFFFFF0
FCFFFFF0
ENDCHAR
STARTCHAR afii57431.dup85
ENCODING 65217
SWIDTH 581 0
DWIDTH 19 0
BBX 20 20 -1 5
BITMAP
020000
020000
038000
038000
018000
010000
010000
008000
008000
008000
008000
0083C0
009FE0
00BFF0
00F070
01C030
070070
FFFFF0
FFFFF0
FFFFF0
ENDCHAR
STARTCHAR afii62798
ENCODING 65218
SWIDTH 581 0
DWIDTH 19 0
BBX 20 20 -1 5
BITMAP
020000
020000
038000
038000
018000
010000
010000
008000
008000
008000
008000
0083C0
009FE0
00BFF0
00F070
01C030
070070
FFFFF0
FFFFF0
FFFFF0
ENDCHAR
STARTCHAR afii62796
ENCODING 65219
SWIDTH 581 0
DWIDTH 19 0
BBX 20 20 -1 5
BITMAP
020000
020000
038000
038000
018000
010000
010000
008000
008000
008000
008000
0083C0
009FE0
00BFF0
00F070
01C030
070070
FFFFF0
FFFFF0
FFFFF0
ENDCHAR
STARTCHAR afii62797
ENCODING 65220
SWIDTH 581 0
DWIDTH 19 0
BBX 20 20 -1 5
BITMAP
020000
020000
038000
038000
018000
010000
010000
008000
008000
008000
008000
0083C0
009FE0
00BFF0
00F070
01C030
070070
FFFFF0
FFFFF0
FFFFF0
ENDCHAR
STARTCHAR afii57432.dup86
ENCODING 65221
SWIDTH 581 0
DWIDTH 19 0
BBX 20 20 -1 5
BITMAP
020000
020000
038000
038400
018F00
010E00
010200
008000
008000
008000
008000
0083C0
009FE0
00BFF0
00F070
01C030
070070
FFFFF0
FFFFF0
FFFFF0
ENDCHAR
STARTCHAR afii62801
ENCODING 65222
SWIDTH 581 0
DWIDTH 19 0
BBX 20 20 -1 5
BITMAP
020000
020000
038000
038400
018F00
010E00
010200
008000
008000
008000
008000
0083C0
009FE0
00BFF0
00F070
01C030
070070
FFFFF0
FFFFF0
FFFFF0
ENDCHAR
STARTCHAR afii62799
ENCODING 65223
SWIDTH 581 0
DWIDTH 19 0
BBX 20 20 -1 5
BITMAP
020000
020000
038000
038400
018F00
010E00
010200
008000
008000
008000
008000
0083C0
009FE0
00BFF0
00F070
01C030
070070
FFFFF0
FFFFF0
FFFFF0
ENDCHAR
STARTCHAR afii62800
ENCODING 65224
SWIDTH 581 0
DWIDTH 19 0
BBX 20 20 -1 5
BITMAP
020000
020000
038000
038400
018F00
010E00
010200
008000
008000
008000
008000
0083C0
009FE0
00BFF0
00F070
01C030
070070
FFFFF0
FFFFF0
FFFFF0
ENDCHAR
STARTCHAR afii57433.dup87
ENCODING 65225
SWIDTH 543 0
DWIDTH 17 0
BBX 15 26 1 -6
BITMAP
1E00
3F00
7F80
7800
C000
8000
8010
C0F0
F1E0
7FC0
7F00
3C00
1000
2000
4000
4000
8000
8000
8000
8000
C000
E000
7C00
7FFE
1FF8
07F0
ENDCHAR
STARTCHAR afii62804
ENCODING 65226
SWIDTH 450 0
DWIDTH 14 0
BBX 14 21 1 -6
BITMAP
0780
0FC0
1FC0
13C0
0380
0780
0FC0
19F8
30F8
6078
4000
8000
8000
8000
C000
C000
F000
7E00
3FFC
1FF8
07E0
ENDCHAR
STARTCHAR afii62802
ENCODING 65227
SWIDTH 525 0
DWIDTH 17 0
BBX 16 10 -1 5
BITMAP
03E0
0FF0
1FF8
1C00
1800
1C03
0E3E
FFFE
FFF8
FF80
ENDCHAR
STARTCHAR afii62803
ENCODING 65228
SWIDTH 394 0
DWIDTH 13 0
BBX 14 9 -1 5
BITMAP
0FC0
1FF0
1FF0
13F0
01E0
07C0
FFFC
FE7C
F83C
ENDCHAR
STARTCHAR afii57434.dup88
ENCODING 65229
SWIDTH 543 0
DWIDTH 17 0
BBX 15 33 1 -6
BITMAP
1000
1C00
3800
0800
0000
0000
0000
1E00
3F00
7F80
7800
C000
8000
8010
C0F0
F1E0
7FC0
7F00
3C00
1000
2000
4000
4000
8000
8000
8000
8000
C000
E000
7C00
7FFE
1FF8
07F0
ENDCHAR
STARTCHAR afii62807
ENCODING 65230
SWIDTH 450 0
DWIDTH 14 0
BBX 14 28 1 -6
BITMAP
0200
0780
0700
0100
0000
0000
0000
0780
0FC0
1FC0
13C0
0380
0780
0FC0
19F8
30F8
6078
4000
8000
8000
8000
C000
C000
F000
7E00
3FFC
1FF8
07E0
ENDCHAR
STARTCHAR afii62805
ENCODING 65231
SWIDTH 525 0
DWIDTH 17 0
BBX 16 16 -1 5
BITMAP
0100
01C0
0380
0080
0000
0000
03E0
0FF0
1FF8
1C00
1800
1C03
0E3E
FFFE
FFF8
FF80
ENDCHAR
STARTCHAR afii62806
ENCODING 65232
SWIDTH 394 0
DWIDTH 13 0
BBX 14 16 -1 5
BITMAP
0200
0780
0700
0100
0000
0000
0000
0FC0
1FF0
1FF0
13F0
01E0
07C0
FFFC
FE7C
F83C
ENDCHAR
STARTCHAR afii57441.dup89
ENCODING 65233
SWIDTH 788 0
DWIDTH 25 0
BBX 24 17 1 5
BITMAP
000020
000038
000070
000010
000000
000000
000000
40000E
80001E
80003F
800033
800033
C0003F
F0000F
7FFFFF
3FFFFF
0FFFFF
ENDCHAR
STARTCHAR afii62810
ENCODING 65234
SWIDTH 788 0
DWIDTH 25 0
BBX 24 17 1 5
BITMAP
000020
000038
000070
000010
000000
000000
000000
40000E
80001E
80003F
800033
800033
C0003F
F0000F
7FFFFF
3FFFFF
0FFFFF
ENDCHAR
STARTCHAR afii62808
ENCODING 65235
SWIDTH 267 0
DWIDTH 9 0
BBX 10 19 -1 5
BITMAP
0400
0F00
0E00
0200
0000
0000
0300
0780
0F80
0980
08C0
0FC0
0FC0
0740
0040
0040
FFC0
FFC0
FFC0
ENDCHAR
STARTCHAR afii62809
ENCODING 65236
SWIDTH 262 0
DWIDTH 8 0
BBX 9 19 -1 5
BITMAP
0400
0700
0E00
0200
0000
0000
0000
0700
0700
0F80
0980
0880
0C80
0F80
0780
0080
FF80
FF80
FF80
ENDCHAR
STARTCHAR afii57442.dup90
ENCODING 65237
SWIDTH 581 0
DWIDTH 19 0
BBX 18 25 1 -2
BITMAP
000400
004F00
00FE00
00E200
002000
000000
000000
000000
000E00
001F00
001F80
003180
4031C0
403FC0
803FC0
800F40
800040
800040
800040
8000C0
C001C0
F00F80
7FFF00
3FFE00
0FF000
ENDCHAR
STARTCHAR afii62813
ENCODING 65238
SWIDTH 581 0
DWIDTH 19 0
BBX 18 25 1 -2
BITMAP
000400
004F00
00FE00
00E200
002000
000000
000000
000000
000E00
001F00
001F80
003180
4031C0
403FC0
803FC0
800F40
800040
800040
800040
8000C0
C001C0
F00F80
7FFF00
3FFE00
0FF000
ENDCHAR
STARTCHAR afii62811
ENCODING 65239
SWIDTH 267 0
DWIDTH 9 0
BBX 10 19 -1 5
BITMAP
0100
13C0
3F80
3880
0800
0000
0300
0780
0F80
0980
08C0
0FC0
0FC0
0740
0040
0040
FFC0
FFC0
FFC0
ENDCHAR
STARTCHAR afii62812
ENCODING 65240
SWIDTH 262 0
DWIDTH 8 0
BBX 9 20 -1 5
BITMAP
0200
2380
3F00
7100
1000
0000
0000
0000
0700
0700
0F80
0980
0880
0C80
0F80
0780
0080
FF80
FF80
FF80
ENDCHAR
STARTCHAR afii57443.dup91
ENCODING 65241
SWIDTH 601 0
DWIDTH 19 0
BBX 18 20 1 5
BITMAP
000400
000700
000780
000780
000380
002300
00E300
018100
010180
03F180
03F180
403180
806180
8FC180
8000C0
8000C0
E000C0
FFFFC0
7FFFC0
3FFFC0
ENDCHAR
STARTCHAR afii62816
ENCODING 65242
SWIDTH 601 0
DWIDTH 19 0
BBX 18 20 1 5
BITMAP
000400
000700
000780
000780
000380
002300
00E300
018100
010180
03F180
03F180
403180
806180
8FC180
8000C0
8000C0
E000C0
FFFFC0
7FFFC0
3FFFC0
ENDCHAR
STARTCHAR afii57410
ENCODING 65243
SWIDTH 394 0
DWIDTH 13 0
BBX 14 18 -1 5
BITMAP
0010
00F0
03F0
0FC0
1E00
3800
3000
3C00
3F00
1F80
03C0
00E0
0030
0018
000C
FFFC
FFFC
FFFC
ENDCHAR
STARTCHAR afii62815
ENCODING 65244
SWIDTH 394 0
DWIDTH 13 0
BBX 14 18 -1 5
BITMAP
0010
00F0
03F0
0FC0
1E00
3800
3000
3C00
3F00
1F80
03C0
00E0
0030
0018
000C
FFFC
FFFC
FFFC
ENDCHAR
STARTCHAR afii57444.dup92
ENCODING 65245
SWIDTH 506 0
DWIDTH 16 0
BBX 15 25 1 0
BITMAP
0020
0038
003C
003C
001C
0018
0008
0008
000C
000C
0004
1004
2004
4006
4006
8002
8002
8002
8002
8002
C006
F03C
7FFC
7FF8
1FE0
ENDCHAR
STARTCHAR afii62819
ENCODING 65246
SWIDTH 506 0
DWIDTH 16 0
BBX 15 25 1 0
BITMAP
0020
0038
003C
003C
001C
0018
0008
0008
000C
000C
0004
1004
2004
4006
4006
8002
8002
8002
8002
8002
C006
F03C
7FFC
7FF8
1FE0
ENDCHAR
STARTCHAR afii62817
ENCODING 65247
SWIDTH 207 0
DWIDTH 7 0
BBX 8 20 -1 5
BITMAP
10
1C
1E
1E
0E
0C
0C
04
06
06
06
06
06
06
03
03
03
FF
FF
FF
ENDCHAR
STARTCHAR afii62818
ENCODING 65248
SWIDTH 207 0
DWIDTH 7 0
BBX 8 20 -1 5
BITMAP
10
1C
1E
1E
0E
0C
0C
04
06
06
06
06
06
06
03
03
03
FF
FF
FF
ENDCHAR
STARTCHAR afii57445.dup93
ENCODING 65249
SWIDTH 337 0
DWIDTH 11 0
BBX 10 19 1 -6
BITMAP
0600
0F00
1F80
1180
00C0
07C0
3FC0
7FC0
F000
C000
C000
C000
C000
4000
6000
6000
2000
2000
2000
ENDCHAR
STARTCHAR afii62822
ENCODING 65250
SWIDTH 337 0
DWIDTH 11 0
BBX 10 19 1 -6
BITMAP
0600
0F00
1F80
1180
00C0
07C0
3FC0
7FC0
F000
C000
C000
C000
C000
4000
6000
6000
2000
2000
2000
ENDCHAR
STARTCHAR afii62820
ENCODING 65251
SWIDTH 394 0
DWIDTH 13 0
BBX 14 9 -1 5
BITMAP
0030
0070
0098
0118
038C
07CC
FFFC
FCFC
F83C
ENDCHAR
STARTCHAR afii62821
ENCODING 65252
SWIDTH 394 0
DWIDTH 13 0
BBX 14 9 -1 5
BITMAP
0030
0070
0098
0118
038C
07CC
FFFC
FCFC
F83C
ENDCHAR
STARTCHAR afii57446.dup94
ENCODING 65253
SWIDTH 525 0
DWIDTH 17 0
BBX 16 21 1 -2
BITMAP
0100
03C0
0380
0080
0000
0002
0002
0007
2007
4003
4001
8001
8001
8001
8001
8003
C007
E03E
7FFE
7FF8
1FE0
ENDCHAR
STARTCHAR afii62825
ENCODING 65254
SWIDTH 525 0
DWIDTH 17 0
BBX 16 21 1 -2
BITMAP
0100
03C0
0380
0080
0000
0002
0002
0007
2007
4003
4001
8001
8001
8001
8001
8003
C007
E03E
7FFE
7FF8
1FE0
ENDCHAR
STARTCHAR afii62823
ENCODING 65255
SWIDTH 244 0
DWIDTH 8 0
BBX 9 16 -1 5
BITMAP
0400
0F00
0E00
0200
0000
0000
0100
0100
0380
0180
0180
0080
0080
FF80
FF80
FF80
ENDCHAR
STARTCHAR afii62824
ENCODING 65256
SWIDTH 244 0
DWIDTH 8 0
BBX 9 16 -1 5
BITMAP
0400
0F00
0E00
0200
0000
0000
0100
0100
0380
0180
0180
0080
0080
FF80
FF80
FF80
ENDCHAR
STARTCHAR afii57447.dup95
ENCODING 65257
SWIDTH 282 0
DWIDTH 9 0
BBX 7 11 1 5
BITMAP
20
38
3C
3C
4E
46
C6
CE
FE
FC
78
ENDCHAR
STARTCHAR afii62828.dup96
ENCODING 65258
SWIDTH 375 0
DWIDTH 12 0
BBX 12 16 0 5
BITMAP
0100
0300
0300
0300
0700
0F00
1D00
3180
6380
FF80
FF80
7C80
00C0
00F0
0070
0070
ENDCHAR
STARTCHAR afii57470.dup97
ENCODING 65259
SWIDTH 450 0
DWIDTH 14 0
BBX 13 14 -1 5
BITMAP
0400
0600
0F00
0780
0FC0
0FC0
19E0
11F0
3BB0
3F18
1F18
FFF8
F9F8
F070
ENDCHAR
STARTCHAR afii62827.dup98
ENCODING 65260
SWIDTH 394 0
DWIDTH 13 0
BBX 14 17 -1 -2
BITMAP
0080
01C0
03C0
06C0
04C0
0580
0A00
FFFC
FFFC
FFFC
1380
10C0
1860
1C60
0FE0
07E0
01C0
ENDCHAR
STARTCHAR afii57448.dup99
ENCODING 65261
SWIDTH 432 0
DWIDTH 14 0
BBX 13 17 1 -3
BITMAP
0070
00F0
00F8
0198
0188
01C8
01F8
00F8
0078
0008
0018
0030
0070
00E0
C3E0
3FC0
0F00
ENDCHAR
STARTCHAR afii62829
ENCODING 65262
SWIDTH 432 0
DWIDTH 14 0
BBX 13 17 1 -3
BITMAP
0070
00F0
00F8
0198
0188
01C8
01F8
00F8
0078
0008
0018
0030
0070
00E0
C3E0
3FC0
0F00
ENDCHAR
STARTCHAR afii57449.dup100
ENCODING 65263
SWIDTH 638 0
DWIDTH 20 0
BBX 18 16 1 -1
BITMAP
000380
000FC0
000FC0
001840
202000
404000
404000
807F80
807F80
803F80
800180
C00700
E03F00
FFFE00
7FF800
3FC000
ENDCHAR
STARTCHAR afii62830
ENCODING 65264
SWIDTH 588 0
DWIDTH 19 0
BBX 18 13 1 -4
BITMAP
200000
400FC0
401FC0
803FC0
804000
807F00
807F00
807F00
C00100
F80600
7FFE00
3FFC00
0FF000
ENDCHAR
STARTCHAR afii57450.dup101
ENCODING 65265
SWIDTH 638 0
DWIDTH 20 0
BBX 18 21 1 -6
BITMAP
000380
000FC0
000FC0
001840
202000
404000
404000
807F80
807F80
803F80
800180
C00700
E03F00
FFFE00
7FF800
3FC000
004000
04F000
0FE000
0E2000
020000
ENDCHAR
STARTCHAR afii62833
ENCODING 65266
SWIDTH 588 0
DWIDTH 19 0
BBX 18 15 1 -6
BITMAP
200000
400FC0
403FC0
807FC0
804000
807F00
C00100
F00700
FFFE00
7FFC00
1FF000
000000
066000
0FF000
066000
ENDCHAR
STARTCHAR afii62831.dup102
ENCODING 65267
SWIDTH 244 0
DWIDTH 8 0
BBX 9 17 -1 -2
BITMAP
0100
0100
0380
0180
0180
0080
0080
FF80
FF80
FF80
0000
0000
0200
2780
7F00
7100
1000
ENDCHAR
STARTCHAR afii62832.dup103
ENCODING 65268
SWIDTH 244 0
DWIDTH 8 0
BBX 9 17 -1 -2
BITMAP
0100
0100
0380
0180
0180
0080
0080
FF80
FF80
FF80
0000
0000
0200
2780
7F00
7100
1000
ENDCHAR
STARTCHAR afii62834
ENCODING 65269
SWIDTH 543 0
DWIDTH 17 0
BBX 15 25 1 2
BITMAP
E400
B800
0000
0000
C010
E01C
F01E
F81E
780C
3C08
1E08
0208
0108
0188
0090
00D0
0050
0020
0020
0050
0190
0310
07F0
07F0
07C0
ENDCHAR
STARTCHAR afii62835
ENCODING 65270
SWIDTH 600 0
DWIDTH 19 0
BBX 18 23 1 4
BITMAP
E40000
B80000
000000
000000
600400
780C00
7C0C00
3E0C00
3F0C00
0B8600
00C600
00C600
006600
002600
002600
000A00
001B00
003300
007300
01E3C0
07E1C0
3F80C0
FE0000
ENDCHAR
STARTCHAR afii62836
ENCODING 65271
SWIDTH 543 0
DWIDTH 17 0
BBX 15 26 1 2
BITMAP
6000
8000
C000
7000
8000
0010
C01C
E01E
F01E
F80C
7C08
3C08
1E08
0308
0108
0198
00D0
0050
0060
0020
0060
0090
0310
07F0
07F0
07C0
ENDCHAR
STARTCHAR afii62837
ENCODING 65272
SWIDTH 600 0
DWIDTH 19 0
BBX 18 24 1 4
BITMAP
600000
800000
C00000
700000
800000
000400
600C00
780C00
7E0C00
3F0C00
1B8600
018600
00C600
004600
002600
002600
000A00
001B00
003300
007300
01E3C0
07E1C0
3F80C0
FE0000
ENDCHAR
STARTCHAR afii62838
ENCODING 65273
SWIDTH 543 0
DWIDTH 17 0
BBX 15 27 1 -4
BITMAP
C010
E01C
F01E
F81E
780C
3C08
1E08
0208
0108
0188
0090
00D0
0050
0020
0020
0050
0190
0310
07F0
07F0
07C0
0000
0300
0400
0600
0380
0400
ENDCHAR
STARTCHAR afii62839
ENCODING 65274
SWIDTH 600 0
DWIDTH 19 0
BBX 18 26 1 -3
BITMAP
600400
780C00
7C0C00
3E0C00
3F0C00
0B8600
00C600
00C600
006600
002600
002600
000A00
001B00
003300
007300
01E3C0
07E1C0
3F80C0
FE0000
000000
000000
180000
200000
300000
1C0000
200000
ENDCHAR
STARTCHAR afii62840
ENCODING 65275
SWIDTH 543 0
DWIDTH 17 0
BBX 15 21 1 2
BITMAP
C010
E01C
F01E
F81E
780C
3C08
1E08
0208
0108
0188
0090
00D0
0050
0020
0020
0050
0190
0310
07F0
07F0
07C0
ENDCHAR
STARTCHAR afii62841
ENCODING 65276
SWIDTH 600 0
DWIDTH 19 0
BBX 18 19 1 4
BITMAP
600400
780C00
7C0C00
3E0C00
3F0C00
0B8600
00C600
00C600
006600
002600
002600
000A00
001B00
003300
007300
01E3C0
07E1C0
3F80C0
FE0000
ENDCHAR
STARTCHAR uniFFFC
ENCODING 65532
SWIDTH 1000 0
DWIDTH 32 0
BBX 32 23 0 0
BITMAP
F87C3E1F
F87C3E1F
C0000003
C0000003
C0000003
00000000
03E3F830
07F3FC30
06330C30
CC1B0C33
CC1BF833
CC1BF833
CC1B0C33
CC1B0C33
06330C30
07F3FDF0
03E3F3E0
00000000
C0000003
C0000003
C0000003
F87C3E1F
F87C3E1F
ENDCHAR
STARTCHAR .notdef
ENCODING -1
SWIDTH 750 0
DWIDTH 24 0
BBX 16 20 4 0
BITMAP
8001
8001
8001
8001
8001
8001
8001
8001
8001
8001
8001
8001
8001
8001
8001
8001
8001
8001
8001
8001
ENDCHAR
STARTCHAR .null
ENCODING -1
SWIDTH 0 0
DWIDTH 0 0
BBX 1 1 0 0
BITMAP
00
ENDCHAR
STARTCHAR nonmarkingreturn
ENCODING -1
SWIDTH 277 0
DWIDTH 9 0
BBX 1 1 0 0
BITMAP
00
ENDCHAR
STARTCHAR pi1
ENCODING -1
SWIDTH 548 0
DWIDTH 18 0
BBX 18 17 0 0
BITMAP
FFFFC0
FFFFC0
FFFFC0
380700
380700
380700
380700
380700
380700
380700
380700
380700
380700
380700
380700
380700
380700
ENDCHAR
STARTCHAR middot
ENCODING -1
SWIDTH 333 0
DWIDTH 11 0
BBX 3 3 7 10
BITMAP
E0
E0
E0
ENDCHAR
STARTCHAR afii57459
ENCODING -1
SWIDTH 750 0
DWIDTH 24 0
BBX 16 20 4 0
BITMAP
8001
8001
8001
8001
8001
8001
8001
8001
8001
8001
8001
8001
8001
8001
8001
8001
8001
8001
8001
8001
ENDCHAR
STARTCHAR afii57543
ENCODING -1
SWIDTH 750 0
DWIDTH 24 0
BBX 16 20 4 0
BITMAP
8001
8001
8001
8001
8001
8001
8001
8001
8001
8001
8001
8001
8001
8001
8001
8001
8001
8001
8001
8001
ENDCHAR
STARTCHAR afii57494
ENCODING -1
SWIDTH 750 0
DWIDTH 24 0
BBX 16 20 4 0
BITMAP
8001
8001
8001
8001
8001
8001
8001
8001
8001
8001
8001
8001
8001
8001
8001
8001
8001
8001
8001
8001
ENDCHAR
STARTCHAR afii64240
ENCODING -1
SWIDTH 750 0
DWIDTH 24 0
BBX 16 20 4 0
BITMAP
8001
8001
8001
8001
8001
8001
8001
8001
8001
8001
8001
8001
8001
8001
8001
8001
8001
8001
8001
8001
ENDCHAR
STARTCHAR afii64241
ENCODING -1
SWIDTH 750 0
DWIDTH 24 0
BBX 16 20 4 0
BITMAP
8001
8001
8001
8001
8001
8001
8001
8001
8001
8001
8001
8001
8001
8001
8001
8001
8001
8001
8001
8001
ENDCHAR
STARTCHAR afii63954
ENCODING -1
SWIDTH 750 0
DWIDTH 24 0
BBX 16 20 4 0
BITMAP
8001
8001
8001
8001
8001
8001
8001
8001
8001
8001
8001
8001
8001
8001
8001
8001
8001
8001
8001
8001
ENDCHAR
STARTCHAR afii57382
ENCODING -1
SWIDTH 750 0
DWIDTH 24 0
BBX 16 20 4 0
BITMAP
8001
8001
8001
8001
8001
8001
8001
8001
8001
8001
8001
8001
8001
8001
8001
8001
8001
8001
8001
8001
ENDCHAR
STARTCHAR afii64242
ENCODING -1
SWIDTH 750 0
DWIDTH 24 0
BBX 16 20 4 0
BITMAP
8001
8001
8001
8001
8001
8001
8001
8001
8001
8001
8001
8001
8001
8001
8001
8001
8001
8001
8001
8001
ENDCHAR
STARTCHAR afii57504
ENCODING -1
SWIDTH 750 0
DWIDTH 24 0
BBX 16 20 4 0
BITMAP
8001
8001
8001
8001
8001
8001
8001
8001
8001
8001
8001
8001
8001
8001
8001
8001
8001
8001
8001
8001
ENDCHAR
STARTCHAR afii57369
ENCODING -1
SWIDTH 750 0
DWIDTH 24 0
BBX 16 20 4 0
BITMAP
8001
8001
8001
8001
8001
8001
8001
8001
8001
8001
8001
8001
8001
8001
8001
8001
8001
8001
8001
8001
ENDCHAR
STARTCHAR afii57370
ENCODING -1
SWIDTH 750 0
DWIDTH 24 0
BBX 16 20 4 0
BITMAP
8001
8001
8001
8001
8001
8001
8001
8001
8001
8001
8001
8001
8001
8001
8001
8001
8001
8001
8001
8001
ENDCHAR
STARTCHAR afii57371
ENCODING -1
SWIDTH 750 0
DWIDTH 24 0
BBX 16 20 4 0
BITMAP
8001
8001
8001
8001
8001
8001
8001
8001
8001
8001
8001
8001
8001
8001
8001
8001
8001
8001
8001
8001
ENDCHAR
STARTCHAR afii57372
ENCODING -1
SWIDTH 750 0
DWIDTH 24 0
BBX 16 20 4 0
BITMAP
8001
8001
8001
8001
8001
8001
8001
8001
8001
8001
8001
8001
8001
8001
8001
8001
8001
8001
8001
8001
ENDCHAR
STARTCHAR afii57373
ENCODING -1
SWIDTH 750 0
DWIDTH 24 0
BBX 16 20 4 0
BITMAP
8001
8001
8001
8001
8001
8001
8001
8001
8001
8001
8001
8001
8001
8001
8001
8001
8001
8001
8001
8001
ENDCHAR
STARTCHAR afii57374
ENCODING -1
SWIDTH 750 0
DWIDTH 24 0
BBX 16 20 4 0
BITMAP
8001
8001
8001
8001
8001
8001
8001
8001
8001
8001
8001
8001
8001
8001
8001
8001
8001
8001
8001
8001
ENDCHAR
STARTCHAR afii57375
ENCODING -1
SWIDTH 750 0
DWIDTH 24 0
BBX 16 20 4 0
BITMAP
8001
8001
8001
8001
8001
8001
8001
8001
8001
8001
8001
8001
8001
8001
8001
8001
8001
8001
8001
8001
ENDCHAR
STARTCHAR afii57471
ENCODING -1
SWIDTH 750 0
DWIDTH 24 0
BBX 16 20 4 0
BITMAP
8001
8001
8001
8001
8001
8001
8001
8001
8001
8001
8001
8001
8001
8001
8001
8001
8001
8001
8001
8001
ENDCHAR
STARTCHAR afii57460
ENCODING -1
SWIDTH 750 0
DWIDTH 24 0
BBX 16 20 4 0
BITMAP
8001
8001
8001
8001
8001
8001
8001
8001
8001
8001
8001
8001
8001
8001
8001
8001
8001
8001
8001
8001
ENDCHAR
STARTCHAR afii52258
ENCODING -1
SWIDTH 750 0
DWIDTH 24 0
BBX 16 20 4 0
BITMAP
8001
8001
8001
8001
8001
8001
8001
8001
8001
8001
8001
8001
8001
8001
8001
8001
8001
8001
8001
8001
ENDCHAR
STARTCHAR afii57505
ENCODING -1
SWIDTH 750 0
DWIDTH 24 0
BBX 16 20 4 0
BITMAP
8001
8001
8001
8001
8001
8001
8001
8001
8001
8001
8001
8001
8001
8001
8001
8001
8001
8001
8001
8001
ENDCHAR
STARTCHAR afii62889
ENCODING -1
SWIDTH 750 0
DWIDTH 24 0
BBX 16 20 4 0
BITMAP
8001
8001
8001
8001
8001
8001
8001
8001
8001
8001
8001
8001
8001
8001
8001
8001
8001
8001
8001
8001
ENDCHAR
STARTCHAR afii62887
ENCODING -1
SWIDTH 750 0
DWIDTH 24 0
BBX 16 20 4 0
BITMAP
8001
8001
8001
8001
8001
8001
8001
8001
8001
8001
8001
8001
8001
8001
8001
8001
8001
8001
8001
8001
ENDCHAR
STARTCHAR afii62888
ENCODING -1
SWIDTH 750 0
DWIDTH 24 0
BBX 16 20 4 0
BITMAP
8001
8001
8001
8001
8001
8001
8001
8001
8001
8001
8001
8001
8001
8001
8001
8001
8001
8001
8001
8001
ENDCHAR
STARTCHAR afii63753
ENCODING -1
SWIDTH 750 0
DWIDTH 24 0
BBX 16 20 4 0
BITMAP
8001
8001
8001
8001
8001
8001
8001
8001
8001
8001
8001
8001
8001
8001
8001
8001
8001
8001
8001
8001
ENDCHAR
STARTCHAR afii63754
ENCODING -1
SWIDTH 750 0
DWIDTH 24 0
BBX 16 20 4 0
BITMAP
8001
8001
8001
8001
8001
8001
8001
8001
8001
8001
8001
8001
8001
8001
8001
8001
8001
8001
8001
8001
ENDCHAR
STARTCHAR afii63759
ENCODING -1
SWIDTH 750 0
DWIDTH 24 0
BBX 16 20 4 0
BITMAP
8001
8001
8001
8001
8001
8001
8001
8001
8001
8001
8001
8001
8001
8001
8001
8001
8001
8001
8001
8001
ENDCHAR
STARTCHAR afii63763
ENCODING -1
SWIDTH 750 0
DWIDTH 24 0
BBX 16 20 4 0
BITMAP
8001
8001
8001
8001
8001
8001
8001
8001
8001
8001
8001
8001
8001
8001
8001
8001
8001
8001
8001
8001
ENDCHAR
STARTCHAR afii63795
ENCODING -1
SWIDTH 750 0
DWIDTH 24 0
BBX 16 20 4 0
BITMAP
8001
8001
8001
8001
8001
8001
8001
8001
8001
8001
8001
8001
8001
8001
8001
8001
8001
8001
8001
8001
ENDCHAR
STARTCHAR afii62891
ENCODING -1
SWIDTH 750 0
DWIDTH 24 0
BBX 16 20 4 0
BITMAP
8001
8001
8001
8001
8001
8001
8001
8001
8001
8001
8001
8001
8001
8001
8001
8001
8001
8001
8001
8001
ENDCHAR
STARTCHAR afii63808
ENCODING -1
SWIDTH 750 0
DWIDTH 24 0
BBX 16 20 4 0
BITMAP
8001
8001
8001
8001
8001
8001
8001
8001
8001
8001
8001
8001
8001
8001
8001
8001
8001
8001
8001
8001
ENDCHAR
STARTCHAR afii62938
ENCODING -1
SWIDTH 750 0
DWIDTH 24 0
BBX 16 20 4 0
BITMAP
8001
8001
8001
8001
8001
8001
8001
8001
8001
8001
8001
8001
8001
8001
8001
8001
8001
8001
8001
8001
ENDCHAR
STARTCHAR afii63810
ENCODING -1
SWIDTH 750 0
DWIDTH 24 0
BBX 16 20 4 0
BITMAP
8001
8001
8001
8001
8001
8001
8001
8001
8001
8001
8001
8001
8001
8001
8001
8001
8001
8001
8001
8001
ENDCHAR
STARTCHAR afii62942
ENCODING -1
SWIDTH 750 0
DWIDTH 24 0
BBX 16 20 4 0
BITMAP
8001
8001
8001
8001
8001
8001
8001
8001
8001
8001
8001
8001
8001
8001
8001
8001
8001
8001
8001
8001
ENDCHAR
STARTCHAR afii62947
ENCODING -1
SWIDTH 750 0
DWIDTH 24 0
BBX 16 20 4 0
BITMAP
8001
8001
8001
8001
8001
8001
8001
8001
8001
8001
8001
8001
8001
8001
8001
8001
8001
8001
8001
8001
ENDCHAR
STARTCHAR afii63813
ENCODING -1
SWIDTH 750 0
DWIDTH 24 0
BBX 16 20 4 0
BITMAP
8001
8001
8001
8001
8001
8001
8001
8001
8001
8001
8001
8001
8001
8001
8001
8001
8001
8001
8001
8001
ENDCHAR
STARTCHAR afii63823
ENCODING -1
SWIDTH 750 0
DWIDTH 24 0
BBX 16 20 4 0
BITMAP
8001
8001
8001
8001
8001
8001
8001
8001
8001
8001
8001
8001
8001
8001
8001
8001
8001
8001
8001
8001
ENDCHAR
STARTCHAR afii63824
ENCODING -1
SWIDTH 750 0
DWIDTH 24 0
BBX 16 20 4 0
BITMAP
8001
8001
8001
8001
8001
8001
8001
8001
8001
8001
8001
8001
8001
8001
8001
8001
8001
8001
8001
8001
ENDCHAR
STARTCHAR afii63833
ENCODING -1
SWIDTH 750 0
DWIDTH 24 0
BBX 16 20 4 0
BITMAP
8001
8001
8001
8001
8001
8001
8001
8001
8001
8001
8001
8001
8001
8001
8001
8001
8001
8001
8001
8001
ENDCHAR
STARTCHAR afii63844
ENCODING -1
SWIDTH 750 0
DWIDTH 24 0
BBX 16 20 4 0
BITMAP
8001
8001
8001
8001
8001
8001
8001
8001
8001
8001
8001
8001
8001
8001
8001
8001
8001
8001
8001
8001
ENDCHAR
STARTCHAR afii63846
ENCODING -1
SWIDTH 750 0
DWIDTH 24 0
BBX 16 20 4 0
BITMAP
8001
8001
8001
8001
8001
8001
8001
8001
8001
8001
8001
8001
8001
8001
8001
8001
8001
8001
8001
8001
ENDCHAR
STARTCHAR afii63849
ENCODING -1
SWIDTH 750 0
DWIDTH 24 0
BBX 16 20 4 0
BITMAP
8001
8001
8001
8001
8001
8001
8001
8001
8001
8001
8001
8001
8001
8001
8001
8001
8001
8001
8001
8001
ENDCHAR
STARTCHAR afii63904
ENCODING -1
SWIDTH 750 0
DWIDTH 24 0
BBX 16 20 4 0
BITMAP
8001
8001
8001
8001
8001
8001
8001
8001
8001
8001
8001
8001
8001
8001
8001
8001
8001
8001
8001
8001
ENDCHAR
STARTCHAR afii63905
ENCODING -1
SWIDTH 750 0
DWIDTH 24 0
BBX 16 20 4 0
BITMAP
8001
8001
8001
8001
8001
8001
8001
8001
8001
8001
8001
8001
8001
8001
8001
8001
8001
8001
8001
8001
ENDCHAR
STARTCHAR afii63906
ENCODING -1
SWIDTH 750 0
DWIDTH 24 0
BBX 16 20 4 0
BITMAP
8001
8001
8001
8001
8001
8001
8001
8001
8001
8001
8001
8001
8001
8001
8001
8001
8001
8001
8001
8001
ENDCHAR
STARTCHAR afii63908
ENCODING -1
SWIDTH 750 0
DWIDTH 24 0
BBX 16 20 4 0
BITMAP
8001
8001
8001
8001
8001
8001
8001
8001
8001
8001
8001
8001
8001
8001
8001
8001
8001
8001
8001
8001
ENDCHAR
STARTCHAR afii63910
ENCODING -1
SWIDTH 750 0
DWIDTH 24 0
BBX 16 20 4 0
BITMAP
8001
8001
8001
8001
8001
8001
8001
8001
8001
8001
8001
8001
8001
8001
8001
8001
8001
8001
8001
8001
ENDCHAR
STARTCHAR afii63912
ENCODING -1
SWIDTH 750 0
DWIDTH 24 0
BBX 16 20 4 0
BITMAP
8001
8001
8001
8001
8001
8001
8001
8001
8001
8001
8001
8001
8001
8001
8001
8001
8001
8001
8001
8001
ENDCHAR
STARTCHAR afii62927
ENCODING -1
SWIDTH 750 0
DWIDTH 24 0
BBX 16 20 4 0
BITMAP
8001
8001
8001
8001
8001
8001
8001
8001
8001
8001
8001
8001
8001
8001
8001
8001
8001
8001
8001
8001
ENDCHAR
STARTCHAR afii63941
ENCODING -1
SWIDTH 750 0
DWIDTH 24 0
BBX 16 20 4 0
BITMAP
8001
8001
8001
8001
8001
8001
8001
8001
8001
8001
8001
8001
8001
8001
8001
8001
8001
8001
8001
8001
ENDCHAR
STARTCHAR afii62939
ENCODING -1
SWIDTH 750 0
DWIDTH 24 0
BBX 16 20 4 0
BITMAP
8001
8001
8001
8001
8001
8001
8001
8001
8001
8001
8001
8001
8001
8001
8001
8001
8001
8001
8001
8001
ENDCHAR
STARTCHAR afii63943
ENCODING -1
SWIDTH 750 0
DWIDTH 24 0
BBX 16 20 4 0
BITMAP
8001
8001
8001
8001
8001
8001
8001
8001
8001
8001
8001
8001
8001
8001
8001
8001
8001
8001
8001
8001
ENDCHAR
STARTCHAR afii62943
ENCODING -1
SWIDTH 750 0
DWIDTH 24 0
BBX 16 20 4 0
BITMAP
8001
8001
8001
8001
8001
8001
8001
8001
8001
8001
8001
8001
8001
8001
8001
8001
8001
8001
8001
8001
ENDCHAR
STARTCHAR afii62946
ENCODING -1
SWIDTH 750 0
DWIDTH 24 0
BBX 16 20 4 0
BITMAP
8001
8001
8001
8001
8001
8001
8001
8001
8001
8001
8001
8001
8001
8001
8001
8001
8001
8001
8001
8001
ENDCHAR
STARTCHAR afii63946
ENCODING -1
SWIDTH 750 0
DWIDTH 24 0
BBX 16 20 4 0
BITMAP
8001
8001
8001
8001
8001
8001
8001
8001
8001
8001
8001
8001
8001
8001
8001
8001
8001
8001
8001
8001
ENDCHAR
STARTCHAR afii62951
ENCODING -1
SWIDTH 750 0
DWIDTH 24 0
BBX 16 20 4 0
BITMAP
8001
8001
8001
8001
8001
8001
8001
8001
8001
8001
8001
8001
8001
8001
8001
8001
8001
8001
8001
8001
ENDCHAR
STARTCHAR afii63948
ENCODING -1
SWIDTH 750 0
DWIDTH 24 0
BBX 16 20 4 0
BITMAP
8001
8001
8001
8001
8001
8001
8001
8001
8001
8001
8001
8001
8001
8001
8001
8001
8001
8001
8001
8001
ENDCHAR
STARTCHAR afii62953
ENCODING -1
SWIDTH 750 0
DWIDTH 24 0
BBX 16 20 4 0
BITMAP
8001
8001
8001
8001
8001
8001
8001
8001
8001
8001
8001
8001
8001
8001
8001
8001
8001
8001
8001
8001
ENDCHAR
STARTCHAR afii63950
ENCODING -1
SWIDTH 750 0
DWIDTH 24 0
BBX 16 20 4 0
BITMAP
8001
8001
8001
8001
8001
8001
8001
8001
8001
8001
8001
8001
8001
8001
8001
8001
8001
8001
8001
8001
ENDCHAR
STARTCHAR afii63951
ENCODING -1
SWIDTH 750 0
DWIDTH 24 0
BBX 16 20 4 0
BITMAP
8001
8001
8001
8001
8001
8001
8001
8001
8001
8001
8001
8001
8001
8001
8001
8001
8001
8001
8001
8001
ENDCHAR
STARTCHAR afii63952
ENCODING -1
SWIDTH 750 0
DWIDTH 24 0
BBX 16 20 4 0
BITMAP
8001
8001
8001
8001
8001
8001
8001
8001
8001
8001
8001
8001
8001
8001
8001
8001
8001
8001
8001
8001
ENDCHAR
STARTCHAR afii63953
ENCODING -1
SWIDTH 750 0
DWIDTH 24 0
BBX 16 20 4 0
BITMAP
8001
8001
8001
8001
8001
8001
8001
8001
8001
8001
8001
8001
8001
8001
8001
8001
8001
8001
8001
8001
ENDCHAR
STARTCHAR afii63956
ENCODING -1
SWIDTH 750 0
DWIDTH 24 0
BBX 16 20 4 0
BITMAP
8001
8001
8001
8001
8001
8001
8001
8001
8001
8001
8001
8001
8001
8001
8001
8001
8001
8001
8001
8001
ENDCHAR
STARTCHAR afii63958
ENCODING -1
SWIDTH 750 0
DWIDTH 24 0
BBX 16 20 4 0
BITMAP
8001
8001
8001
8001
8001
8001
8001
8001
8001
8001
8001
8001
8001
8001
8001
8001
8001
8001
8001
8001
ENDCHAR
STARTCHAR afii63959
ENCODING -1
SWIDTH 750 0
DWIDTH 24 0
BBX 16 20 4 0
BITMAP
8001
8001
8001
8001
8001
8001
8001
8001
8001
8001
8001
8001
8001
8001
8001
8001
8001
8001
8001
8001
ENDCHAR
STARTCHAR afii63960
ENCODING -1
SWIDTH 750 0
DWIDTH 24 0
BBX 16 20 4 0
BITMAP
8001
8001
8001
8001
8001
8001
8001
8001
8001
8001
8001
8001
8001
8001
8001
8001
8001
8001
8001
8001
ENDCHAR
STARTCHAR afii63961
ENCODING -1
SWIDTH 750 0
DWIDTH 24 0
BBX 16 20 4 0
BITMAP
8001
8001
8001
8001
8001
8001
8001
8001
8001
8001
8001
8001
8001
8001
8001
8001
8001
8001
8001
8001
ENDCHAR
STARTCHAR afii64046
ENCODING -1
SWIDTH 750 0
DWIDTH 24 0
BBX 16 20 4 0
BITMAP
8001
8001
8001
8001
8001
8001
8001
8001
8001
8001
8001
8001
8001
8001
8001
8001
8001
8001
8001
8001
ENDCHAR
STARTCHAR afii64058
ENCODING -1
SWIDTH 750 0
DWIDTH 24 0
BBX 16 20 4 0
BITMAP
8001
8001
8001
8001
8001
8001
8001
8001
8001
8001
8001
8001
8001
8001
8001
8001
8001
8001
8001
8001
ENDCHAR
STARTCHAR afii64059
ENCODING -1
SWIDTH 750 0
DWIDTH 24 0
BBX 16 20 4 0
BITMAP
8001
8001
8001
8001
8001
8001
8001
8001
8001
8001
8001
8001
8001
8001
8001
8001
8001
8001
8001
8001
ENDCHAR
STARTCHAR afii62945
ENCODING -1
SWIDTH 750 0
DWIDTH 24 0
BBX 16 20 4 0
BITMAP
8001
8001
8001
8001
8001
8001
8001
8001
8001
8001
8001
8001
8001
8001
8001
8001
8001
8001
8001
8001
ENDCHAR
STARTCHAR glyph1021
ENCODING -1
SWIDTH 750 0
DWIDTH 24 0
BBX 16 20 4 0
BITMAP
8001
8001
8001
8001
8001
8001
8001
8001
8001
8001
8001
8001
8001
8001
8001
8001
8001
8001
8001
8001
ENDCHAR
STARTCHAR afii57543-2
ENCODING -1
SWIDTH 750 0
DWIDTH 24 0
BBX 16 20 4 0
BITMAP
8001
8001
8001
8001
8001
8001
8001
8001
8001
8001
8001
8001
8001
8001
8001
8001
8001
8001
8001
8001
ENDCHAR
STARTCHAR afii57454-2
ENCODING -1
SWIDTH 201 0
DWIDTH 6 0
BBX 5 3 1 19
BITMAP
08
30
C0
ENDCHAR
STARTCHAR afii57451-2
ENCODING -1
SWIDTH 201 0
DWIDTH 6 0
BBX 5 5 1 19
BITMAP
08
30
C8
30
C0
ENDCHAR
STARTCHAR glyph1025
ENCODING -1
SWIDTH 750 0
DWIDTH 24 0
BBX 16 20 4 0
BITMAP
8001
8001
8001
8001
8001
8001
8001
8001
8001
8001
8001
8001
8001
8001
8001
8001
8001
8001
8001
8001
ENDCHAR
STARTCHAR glyph1026
ENCODING -1
SWIDTH 750 0
DWIDTH 24 0
BBX 16 20 4 0
BITMAP
8001
8001
8001
8001
8001
8001
8001
8001
8001
8001
8001
8001
8001
8001
8001
8001
8001
8001
8001
8001
ENDCHAR
STARTCHAR afii57471-2
ENCODING -1
SWIDTH 750 0
DWIDTH 24 0
BBX 16 20 4 0
BITMAP
8001
8001
8001
8001
8001
8001
8001
8001
8001
8001
8001
8001
8001
8001
8001
8001
8001
8001
8001
8001
ENDCHAR
STARTCHAR afii57458-2
ENCODING -1
SWIDTH 164 0
DWIDTH 5 0
BBX 5 4 1 19
BITMAP
70
98
88
F0
ENDCHAR
STARTCHAR afii57457-2
ENCODING -1
SWIDTH 211 0
DWIDTH 7 0
BBX 7 5 1 19
BITMAP
02
12
96
BC
E0
ENDCHAR
STARTCHAR afii57494-2
ENCODING -1
SWIDTH 750 0
DWIDTH 24 0
BBX 16 20 4 0
BITMAP
8001
8001
8001
8001
8001
8001
8001
8001
8001
8001
8001
8001
8001
8001
8001
8001
8001
8001
8001
8001
ENDCHAR
STARTCHAR afii57459-2
ENCODING -1
SWIDTH 750 0
DWIDTH 24 0
BBX 16 20 4 0
BITMAP
8001
8001
8001
8001
8001
8001
8001
8001
8001
8001
8001
8001
8001
8001
8001
8001
8001
8001
8001
8001
ENDCHAR
STARTCHAR afii57455-2
ENCODING -1
SWIDTH 209 0
DWIDTH 7 0
BBX 4 7 2 19
BITMAP
30
50
50
70
30
40
80
ENDCHAR
STARTCHAR afii57452-2
ENCODING -1
SWIDTH 236 0
DWIDTH 8 0
BBX 7 6 1 19
BITMAP
06
0A
EA
2E
2A
70
ENDCHAR
STARTCHAR glyph1034
ENCODING -1
SWIDTH 750 0
DWIDTH 24 0
BBX 16 20 4 0
BITMAP
8001
8001
8001
8001
8001
8001
8001
8001
8001
8001
8001
8001
8001
8001
8001
8001
8001
8001
8001
8001
ENDCHAR
STARTCHAR glyph1035
ENCODING -1
SWIDTH 750 0
DWIDTH 24 0
BBX 16 20 4 0
BITMAP
8001
8001
8001
8001
8001
8001
8001
8001
8001
8001
8001
8001
8001
8001
8001
8001
8001
8001
8001
8001
ENDCHAR
STARTCHAR glyph1036
ENCODING -1
SWIDTH 750 0
DWIDTH 24 0
BBX 16 20 4 0
BITMAP
8001
8001
8001
8001
8001
8001
8001
8001
8001
8001
8001
8001
8001
8001
8001
8001
8001
8001
8001
8001
ENDCHAR
STARTCHAR afii62884-2
ENCODING -1
SWIDTH 211 0
DWIDTH 7 0
BBX 7 7 1 19
BITMAP
08
30
C0
12
92
BC
E0
ENDCHAR
STARTCHAR afii62881-2
ENCODING -1
SWIDTH 211 0
DWIDTH 7 0
BBX 7 9 1 19
BITMAP
08
30
C8
30
C0
12
92
BC
E0
ENDCHAR
STARTCHAR afii62886-2
ENCODING -1
SWIDTH 211 0
DWIDTH 7 0
BBX 7 7 1 19
BITMAP
12
92
BC
E0
08
30
C0
ENDCHAR
STARTCHAR afii62883-2
ENCODING -1
SWIDTH 211 0
DWIDTH 7 0
BBX 7 8 1 19
BITMAP
12
92
BC
E8
30
C8
30
C0
ENDCHAR
STARTCHAR afii62885-2
ENCODING -1
SWIDTH 211 0
DWIDTH 7 0
BBX 7 9 1 19
BITMAP
0C
14
1C
1C
60
12
92
BC
E0
ENDCHAR
STARTCHAR afii62882-2
ENCODING -1
SWIDTH 226 0
DWIDTH 7 0
BBX 8 10 0 19
BITMAP
06
0A
EA
2E
2A
70
09
49
5E
70
ENDCHAR
STARTCHAR afii57504-2
ENCODING -1
SWIDTH 750 0
DWIDTH 24 0
BBX 16 20 4 0
BITMAP
8001
8001
8001
8001
8001
8001
8001
8001
8001
8001
8001
8001
8001
8001
8001
8001
8001
8001
8001
8001
ENDCHAR
STARTCHAR afii57456-2
ENCODING -1
SWIDTH 201 0
DWIDTH 6 0
BBX 5 3 1 -1
BITMAP
08
30
C0
ENDCHAR
STARTCHAR afii57453-2
ENCODING -1
SWIDTH 201 0
DWIDTH 6 0
BBX 5 5 1 -4
BITMAP
08
30
C8
30
C0
ENDCHAR
STARTCHAR glyph1046
ENCODING -1
SWIDTH 750 0
DWIDTH 24 0
BBX 16 20 4 0
BITMAP
8001
8001
8001
8001
8001
8001
8001
8001
8001
8001
8001
8001
8001
8001
8001
8001
8001
8001
8001
8001
ENDCHAR
STARTCHAR glyph1047
ENCODING -1
SWIDTH 750 0
DWIDTH 24 0
BBX 16 20 4 0
BITMAP
8001
8001
8001
8001
8001
8001
8001
8001
8001
8001
8001
8001
8001
8001
8001
8001
8001
8001
8001
8001
ENDCHAR
STARTCHAR afii57543-3
ENCODING -1
SWIDTH 750 0
DWIDTH 24 0
BBX 16 20 4 0
BITMAP
8001
8001
8001
8001
8001
8001
8001
8001
8001
8001
8001
8001
8001
8001
8001
8001
8001
8001
8001
8001
ENDCHAR
STARTCHAR afii57454-3
ENCODING -1
SWIDTH 750 0
DWIDTH 24 0
BBX 16 20 4 0
BITMAP
8001
8001
8001
8001
8001
8001
8001
8001
8001
8001
8001
8001
8001
8001
8001
8001
8001
8001
8001
8001
ENDCHAR
STARTCHAR afii57451-3
ENCODING -1
SWIDTH 750 0
DWIDTH 24 0
BBX 16 20 4 0
BITMAP
8001
8001
8001
8001
8001
8001
8001
8001
8001
8001
8001
8001
8001
8001
8001
8001
8001
8001
8001
8001
ENDCHAR
STARTCHAR glyph1051
ENCODING -1
SWIDTH 750 0
DWIDTH 24 0
BBX 16 20 4 0
BITMAP
8001
8001
8001
8001
8001
8001
8001
8001
8001
8001
8001
8001
8001
8001
8001
8001
8001
8001
8001
8001
ENDCHAR
STARTCHAR glyph1052
ENCODING -1
SWIDTH 750 0
DWIDTH 24 0
BBX 16 20 4 0
BITMAP
8001
8001
8001
8001
8001
8001
8001
8001
8001
8001
8001
8001
8001
8001
8001
8001
8001
8001
8001
8001
ENDCHAR
STARTCHAR afii57471-3
ENCODING -1
SWIDTH 750 0
DWIDTH 24 0
BBX 16 20 4 0
BITMAP
8001
8001
8001
8001
8001
8001
8001
8001
8001
8001
8001
8001
8001
8001
8001
8001
8001
8001
8001
8001
ENDCHAR
STARTCHAR afii57458-3
ENCODING -1
SWIDTH 750 0
DWIDTH 24 0
BBX 16 20 4 0
BITMAP
8001
8001
8001
8001
8001
8001
8001
8001
8001
8001
8001
8001
8001
8001
8001
8001
8001
8001
8001
8001
ENDCHAR
STARTCHAR afii57457-3
ENCODING -1
SWIDTH 750 0
DWIDTH 24 0
BBX 16 20 4 0
BITMAP
8001
8001
8001
8001
8001
8001
8001
8001
8001
8001
8001
8001
8001
8001
8001
8001
8001
8001
8001
8001
ENDCHAR
STARTCHAR afii57494-3
ENCODING -1
SWIDTH 750 0
DWIDTH 24 0
BBX 16 20 4 0
BITMAP
8001
8001
8001
8001
8001
8001
8001
8001
8001
8001
8001
8001
8001
8001
8001
8001
8001
8001
8001
8001
ENDCHAR
STARTCHAR afii57459-3
ENCODING -1
SWIDTH 750 0
DWIDTH 24 0
BBX 16 20 4 0
BITMAP
8001
8001
8001
8001
8001
8001
8001
8001
8001
8001
8001
8001
8001
8001
8001
8001
8001
8001
8001
8001
ENDCHAR
STARTCHAR afii57455-3
ENCODING -1
SWIDTH 750 0
DWIDTH 24 0
BBX 16 20 4 0
BITMAP
8001
8001
8001
8001
8001
8001
8001
8001
8001
8001
8001
8001
8001
8001
8001
8001
8001
8001
8001
8001
ENDCHAR
STARTCHAR afii57452-3
ENCODING -1
SWIDTH 750 0
DWIDTH 24 0
BBX 16 20 4 0
BITMAP
8001
8001
8001
8001
8001
8001
8001
8001
8001
8001
8001
8001
8001
8001
8001
8001
8001
8001
8001
8001
ENDCHAR
STARTCHAR glyph1060
ENCODING -1
SWIDTH 750 0
DWIDTH 24 0
BBX 16 20 4 0
BITMAP
8001
8001
8001
8001
8001
8001
8001
8001
8001
8001
8001
8001
8001
8001
8001
8001
8001
8001
8001
8001
ENDCHAR
STARTCHAR glyph1061
ENCODING -1
SWIDTH 750 0
DWIDTH 24 0
BBX 16 20 4 0
BITMAP
8001
8001
8001
8001
8001
8001
8001
8001
8001
8001
8001
8001
8001
8001
8001
8001
8001
8001
8001
8001
ENDCHAR
STARTCHAR glyph1062
ENCODING -1
SWIDTH 750 0
DWIDTH 24 0
BBX 16 20 4 0
BITMAP
8001
8001
8001
8001
8001
8001
8001
8001
8001
8001
8001
8001
8001
8001
8001
8001
8001
8001
8001
8001
ENDCHAR
STARTCHAR afii62884-3
ENCODING -1
SWIDTH 750 0
DWIDTH 24 0
BBX 16 20 4 0
BITMAP
8001
8001
8001
8001
8001
8001
8001
8001
8001
8001
8001
8001
8001
8001
8001
8001
8001
8001
8001
8001
ENDCHAR
STARTCHAR afii62881-3
ENCODING -1
SWIDTH 750 0
DWIDTH 24 0
BBX 16 20 4 0
BITMAP
8001
8001
8001
8001
8001
8001
8001
8001
8001
8001
8001
8001
8001
8001
8001
8001
8001
8001
8001
8001
ENDCHAR
STARTCHAR afii62886-3
ENCODING -1
SWIDTH 750 0
DWIDTH 24 0
BBX 16 20 4 0
BITMAP
8001
8001
8001
8001
8001
8001
8001
8001
8001
8001
8001
8001
8001
8001
8001
8001
8001
8001
8001
8001
ENDCHAR
STARTCHAR afii62883-3
ENCODING -1
SWIDTH 750 0
DWIDTH 24 0
BBX 16 20 4 0
BITMAP
8001
8001
8001
8001
8001
8001
8001
8001
8001
8001
8001
8001
8001
8001
8001
8001
8001
8001
8001
8001
ENDCHAR
STARTCHAR afii62885-3
ENCODING -1
SWIDTH 750 0
DWIDTH 24 0
BBX 16 20 4 0
BITMAP
8001
8001
8001
8001
8001
8001
8001
8001
8001
8001
8001
8001
8001
8001
8001
8001
8001
8001
8001
8001
ENDCHAR
STARTCHAR afii62882-3
ENCODING -1
SWIDTH 750 0
DWIDTH 24 0
BBX 16 20 4 0
BITMAP
8001
8001
8001
8001
8001
8001
8001
8001
8001
8001
8001
8001
8001
8001
8001
8001
8001
8001
8001
8001
ENDCHAR
STARTCHAR afii57504-3
ENCODING -1
SWIDTH 750 0
DWIDTH 24 0
BBX 16 20 4 0
BITMAP
8001
8001
8001
8001
8001
8001
8001
8001
8001
8001
8001
8001
8001
8001
8001
8001
8001
8001
8001
8001
ENDCHAR
STARTCHAR afii57456-3
ENCODING -1
SWIDTH 750 0
DWIDTH 24 0
BBX 16 20 4 0
BITMAP
8001
8001
8001
8001
8001
8001
8001
8001
8001
8001
8001
8001
8001
8001
8001
8001
8001
8001
8001
8001
ENDCHAR
STARTCHAR afii57453-3
ENCODING -1
SWIDTH 750 0
DWIDTH 24 0
BBX 16 20 4 0
BITMAP
8001
8001
8001
8001
8001
8001
8001
8001
8001
8001
8001
8001
8001
8001
8001
8001
8001
8001
8001
8001
ENDCHAR
STARTCHAR glyph1072
ENCODING -1
SWIDTH 750 0
DWIDTH 24 0
BBX 16 20 4 0
BITMAP
8001
8001
8001
8001
8001
8001
8001
8001
8001
8001
8001
8001
8001
8001
8001
8001
8001
8001
8001
8001
ENDCHAR
STARTCHAR glyph1073
ENCODING -1
SWIDTH 750 0
DWIDTH 24 0
BBX 16 20 4 0
BITMAP
8001
8001
8001
8001
8001
8001
8001
8001
8001
8001
8001
8001
8001
8001
8001
8001
8001
8001
8001
8001
ENDCHAR
STARTCHAR afii57543-4
ENCODING -1
SWIDTH 750 0
DWIDTH 24 0
BBX 16 20 4 0
BITMAP
8001
8001
8001
8001
8001
8001
8001
8001
8001
8001
8001
8001
8001
8001
8001
8001
8001
8001
8001
8001
ENDCHAR
STARTCHAR afii57454-4
ENCODING -1
SWIDTH 750 0
DWIDTH 24 0
BBX 16 20 4 0
BITMAP
8001
8001
8001
8001
8001
8001
8001
8001
8001
8001
8001
8001
8001
8001
8001
8001
8001
8001
8001
8001
ENDCHAR
STARTCHAR afii57451-4
ENCODING -1
SWIDTH 750 0
DWIDTH 24 0
BBX 16 20 4 0
BITMAP
8001
8001
8001
8001
8001
8001
8001
8001
8001
8001
8001
8001
8001
8001
8001
8001
8001
8001
8001
8001
ENDCHAR
STARTCHAR glyph1077
ENCODING -1
SWIDTH 750 0
DWIDTH 24 0
BBX 16 20 4 0
BITMAP
8001
8001
8001
8001
8001
8001
8001
8001
8001
8001
8001
8001
8001
8001
8001
8001
8001
8001
8001
8001
ENDCHAR
STARTCHAR glyph1078
ENCODING -1
SWIDTH 750 0
DWIDTH 24 0
BBX 16 20 4 0
BITMAP
8001
8001
8001
8001
8001
8001
8001
8001
8001
8001
8001
8001
8001
8001
8001
8001
8001
8001
8001
8001
ENDCHAR
STARTCHAR afii57471-4
ENCODING -1
SWIDTH 750 0
DWIDTH 24 0
BBX 16 20 4 0
BITMAP
8001
8001
8001
8001
8001
8001
8001
8001
8001
8001
8001
8001
8001
8001
8001
8001
8001
8001
8001
8001
ENDCHAR
STARTCHAR afii57458-4
ENCODING -1
SWIDTH 750 0
DWIDTH 24 0
BBX 16 20 4 0
BITMAP
8001
8001
8001
8001
8001
8001
8001
8001
8001
8001
8001
8001
8001
8001
8001
8001
8001
8001
8001
8001
ENDCHAR
STARTCHAR afii57457-4
ENCODING -1
SWIDTH 750 0
DWIDTH 24 0
BBX 16 20 4 0
BITMAP
8001
8001
8001
8001
8001
8001
8001
8001
8001
8001
8001
8001
8001
8001
8001
8001
8001
8001
8001
8001
ENDCHAR
STARTCHAR afii57494-4
ENCODING -1
SWIDTH 750 0
DWIDTH 24 0
BBX 16 20 4 0
BITMAP
8001
8001
8001
8001
8001
8001
8001
8001
8001
8001
8001
8001
8001
8001
8001
8001
8001
8001
8001
8001
ENDCHAR
STARTCHAR afii57459-4
ENCODING -1
SWIDTH 750 0
DWIDTH 24 0
BBX 16 20 4 0
BITMAP
8001
8001
8001
8001
8001
8001
8001
8001
8001
8001
8001
8001
8001
8001
8001
8001
8001
8001
8001
8001
ENDCHAR
STARTCHAR afii57455-4
ENCODING -1
SWIDTH 750 0
DWIDTH 24 0
BBX 16 20 4 0
BITMAP
8001
8001
8001
8001
8001
8001
8001
8001
8001
8001
8001
8001
8001
8001
8001
8001
8001
8001
8001
8001
ENDCHAR
STARTCHAR afii57452-4
ENCODING -1
SWIDTH 750 0
DWIDTH 24 0
BBX 16 20 4 0
BITMAP
8001
8001
8001
8001
8001
8001
8001
8001
8001
8001
8001
8001
8001
8001
8001
8001
8001
8001
8001
8001
ENDCHAR
STARTCHAR glyph1086
ENCODING -1
SWIDTH 750 0
DWIDTH 24 0
BBX 16 20 4 0
BITMAP
8001
8001
8001
8001
8001
8001
8001
8001
8001
8001
8001
8001
8001
8001
8001
8001
8001
8001
8001
8001
ENDCHAR
STARTCHAR glyph1087
ENCODING -1
SWIDTH 750 0
DWIDTH 24 0
BBX 16 20 4 0
BITMAP
8001
8001
8001
8001
8001
8001
8001
8001
8001
8001
8001
8001
8001
8001
8001
8001
8001
8001
8001
8001
ENDCHAR
STARTCHAR glyph1088
ENCODING -1
SWIDTH 750 0
DWIDTH 24 0
BBX 16 20 4 0
BITMAP
8001
8001
8001
8001
8001
8001
8001
8001
8001
8001
8001
8001
8001
8001
8001
8001
8001
8001
8001
8001
ENDCHAR
STARTCHAR afii62884-4
ENCODING -1
SWIDTH 750 0
DWIDTH 24 0
BBX 16 20 4 0
BITMAP
8001
8001
8001
8001
8001
8001
8001
8001
8001
8001
8001
8001
8001
8001
8001
8001
8001
8001
8001
8001
ENDCHAR
STARTCHAR afii62881-4
ENCODING -1
SWIDTH 750 0
DWIDTH 24 0
BBX 16 20 4 0
BITMAP
8001
8001
8001
8001
8001
8001
8001
8001
8001
8001
8001
8001
8001
8001
8001
8001
8001
8001
8001
8001
ENDCHAR
STARTCHAR afii62886-4
ENCODING -1
SWIDTH 750 0
DWIDTH 24 0
BBX 16 20 4 0
BITMAP
8001
8001
8001
8001
8001
8001
8001
8001
8001
8001
8001
8001
8001
8001
8001
8001
8001
8001
8001
8001
ENDCHAR
STARTCHAR afii62883-4
ENCODING -1
SWIDTH 750 0
DWIDTH 24 0
BBX 16 20 4 0
BITMAP
8001
8001
8001
8001
8001
8001
8001
8001
8001
8001
8001
8001
8001
8001
8001
8001
8001
8001
8001
8001
ENDCHAR
STARTCHAR afii62885-4
ENCODING -1
SWIDTH 750 0
DWIDTH 24 0
BBX 16 20 4 0
BITMAP
8001
8001
8001
8001
8001
8001
8001
8001
8001
8001
8001
8001
8001
8001
8001
8001
8001
8001
8001
8001
ENDCHAR
STARTCHAR afii62882-4
ENCODING -1
SWIDTH 750 0
DWIDTH 24 0
BBX 16 20 4 0
BITMAP
8001
8001
8001
8001
8001
8001
8001
8001
8001
8001
8001
8001
8001
8001
8001
8001
8001
8001
8001
8001
ENDCHAR
STARTCHAR afii57504-4
ENCODING -1
SWIDTH 750 0
DWIDTH 24 0
BBX 16 20 4 0
BITMAP
8001
8001
8001
8001
8001
8001
8001
8001
8001
8001
8001
8001
8001
8001
8001
8001
8001
8001
8001
8001
ENDCHAR
STARTCHAR afii57456-4
ENCODING -1
SWIDTH 750 0
DWIDTH 24 0
BBX 16 20 4 0
BITMAP
8001
8001
8001
8001
8001
8001
8001
8001
8001
8001
8001
8001
8001
8001
8001
8001
8001
8001
8001
8001
ENDCHAR
STARTCHAR afii57453-4
ENCODING -1
SWIDTH 750 0
DWIDTH 24 0
BBX 16 20 4 0
BITMAP
8001
8001
8001
8001
8001
8001
8001
8001
8001
8001
8001
8001
8001
8001
8001
8001
8001
8001
8001
8001
ENDCHAR
STARTCHAR glyph1098
ENCODING -1
SWIDTH 750 0
DWIDTH 24 0
BBX 16 20 4 0
BITMAP
8001
8001
8001
8001
8001
8001
8001
8001
8001
8001
8001
8001
8001
8001
8001
8001
8001
8001
8001
8001
ENDCHAR
STARTCHAR glyph1099
ENCODING -1
SWIDTH 750 0
DWIDTH 24 0
BBX 16 20 4 0
BITMAP
8001
8001
8001
8001
8001
8001
8001
8001
8001
8001
8001
8001
8001
8001
8001
8001
8001
8001
8001
8001
ENDCHAR
STARTCHAR glyph1100
ENCODING -1
SWIDTH 318 0
DWIDTH 10 0
BBX 4 19 3 4
BITMAP
60
F0
F0
F0
F0
70
70
60
60
20
20
20
20
20
00
60
F0
F0
60
ENDCHAR
STARTCHAR glyph1101
ENCODING -1
SWIDTH 318 0
DWIDTH 10 0
BBX 4 4 3 4
BITMAP
60
F0
F0
60
ENDCHAR
STARTCHAR glyph1102
ENCODING -1
SWIDTH 318 0
DWIDTH 10 0
BBX 4 13 3 4
BITMAP
60
F0
F0
60
00
00
00
00
00
60
F0
F0
60
ENDCHAR
STARTCHAR glyph1103
ENCODING -1
SWIDTH 750 0
DWIDTH 24 0
BBX 16 20 4 0
BITMAP
8001
8001
8001
8001
8001
8001
8001
8001
8001
8001
8001
8001
8001
8001
8001
8001
8001
8001
8001
8001
ENDCHAR
STARTCHAR glyph1104
ENCODING -1
SWIDTH 750 0
DWIDTH 24 0
BBX 16 20 4 0
BITMAP
8001
8001
8001
8001
8001
8001
8001
8001
8001
8001
8001
8001
8001
8001
8001
8001
8001
8001
8001
8001
ENDCHAR
STARTCHAR glyph1105
ENCODING -1
SWIDTH 750 0
DWIDTH 24 0
BBX 16 20 4 0
BITMAP
8001
8001
8001
8001
8001
8001
8001
8001
8001
8001
8001
8001
8001
8001
8001
8001
8001
8001
8001
8001
ENDCHAR
STARTCHAR glyph1106
ENCODING -1
SWIDTH 750 0
DWIDTH 24 0
BBX 16 20 4 0
BITMAP
8001
8001
8001
8001
8001
8001
8001
8001
8001
8001
8001
8001
8001
8001
8001
8001
8001
8001
8001
8001
ENDCHAR
STARTCHAR glyph1107
ENCODING -1
SWIDTH 750 0
DWIDTH 24 0
BBX 16 20 4 0
BITMAP
8001
8001
8001
8001
8001
8001
8001
8001
8001
8001
8001
8001
8001
8001
8001
8001
8001
8001
8001
8001
ENDCHAR
STARTCHAR glyph1108
ENCODING -1
SWIDTH 750 0
DWIDTH 24 0
BBX 16 20 4 0
BITMAP
8001
8001
8001
8001
8001
8001
8001
8001
8001
8001
8001
8001
8001
8001
8001
8001
8001
8001
8001
8001
ENDCHAR
STARTCHAR glyph1109
ENCODING -1
SWIDTH 750 0
DWIDTH 24 0
BBX 16 20 4 0
BITMAP
8001
8001
8001
8001
8001
8001
8001
8001
8001
8001
8001
8001
8001
8001
8001
8001
8001
8001
8001
8001
ENDCHAR
STARTCHAR glyph1110
ENCODING -1
SWIDTH 750 0
DWIDTH 24 0
BBX 16 20 4 0
BITMAP
8001
8001
8001
8001
8001
8001
8001
8001
8001
8001
8001
8001
8001
8001
8001
8001
8001
8001
8001
8001
ENDCHAR
STARTCHAR glyph1111
ENCODING -1
SWIDTH 750 0
DWIDTH 24 0
BBX 16 20 4 0
BITMAP
8001
8001
8001
8001
8001
8001
8001
8001
8001
8001
8001
8001
8001
8001
8001
8001
8001
8001
8001
8001
ENDCHAR
STARTCHAR glyph1112
ENCODING -1
SWIDTH 750 0
DWIDTH 24 0
BBX 16 20 4 0
BITMAP
8001
8001
8001
8001
8001
8001
8001
8001
8001
8001
8001
8001
8001
8001
8001
8001
8001
8001
8001
8001
ENDCHAR
STARTCHAR glyph1113
ENCODING -1
SWIDTH 750 0
DWIDTH 24 0
BBX 16 20 4 0
BITMAP
8001
8001
8001
8001
8001
8001
8001
8001
8001
8001
8001
8001
8001
8001
8001
8001
8001
8001
8001
8001
ENDCHAR
STARTCHAR glyph1114
ENCODING -1
SWIDTH 750 0
DWIDTH 24 0
BBX 16 20 4 0
BITMAP
8001
8001
8001
8001
8001
8001
8001
8001
8001
8001
8001
8001
8001
8001
8001
8001
8001
8001
8001
8001
ENDCHAR
STARTCHAR glyph1115
ENCODING -1
SWIDTH 750 0
DWIDTH 24 0
BBX 16 20 4 0
BITMAP
8001
8001
8001
8001
8001
8001
8001
8001
8001
8001
8001
8001
8001
8001
8001
8001
8001
8001
8001
8001
ENDCHAR
STARTCHAR glyph1116
ENCODING -1
SWIDTH 750 0
DWIDTH 24 0
BBX 16 20 4 0
BITMAP
8001
8001
8001
8001
8001
8001
8001
8001
8001
8001
8001
8001
8001
8001
8001
8001
8001
8001
8001
8001
ENDCHAR
STARTCHAR glyph1117
ENCODING -1
SWIDTH 750 0
DWIDTH 24 0
BBX 16 20 4 0
BITMAP
8001
8001
8001
8001
8001
8001
8001
8001
8001
8001
8001
8001
8001
8001
8001
8001
8001
8001
8001
8001
ENDCHAR
STARTCHAR glyph1118
ENCODING -1
SWIDTH 750 0
DWIDTH 24 0
BBX 16 20 4 0
BITMAP
8001
8001
8001
8001
8001
8001
8001
8001
8001
8001
8001
8001
8001
8001
8001
8001
8001
8001
8001
8001
ENDCHAR
STARTCHAR glyph1119
ENCODING -1
SWIDTH 750 0
DWIDTH 24 0
BBX 16 20 4 0
BITMAP
8001
8001
8001
8001
8001
8001
8001
8001
8001
8001
8001
8001
8001
8001
8001
8001
8001
8001
8001
8001
ENDCHAR
STARTCHAR glyph1120
ENCODING -1
SWIDTH 750 0
DWIDTH 24 0
BBX 16 20 4 0
BITMAP
8001
8001
8001
8001
8001
8001
8001
8001
8001
8001
8001
8001
8001
8001
8001
8001
8001
8001
8001
8001
ENDCHAR
STARTCHAR glyph1121
ENCODING -1
SWIDTH 750 0
DWIDTH 24 0
BBX 16 20 4 0
BITMAP
8001
8001
8001
8001
8001
8001
8001
8001
8001
8001
8001
8001
8001
8001
8001
8001
8001
8001
8001
8001
ENDCHAR
STARTCHAR glyph1122
ENCODING -1
SWIDTH 750 0
DWIDTH 24 0
BBX 16 20 4 0
BITMAP
8001
8001
8001
8001
8001
8001
8001
8001
8001
8001
8001
8001
8001
8001
8001
8001
8001
8001
8001
8001
ENDCHAR
STARTCHAR glyph1123
ENCODING -1
SWIDTH 750 0
DWIDTH 24 0
BBX 16 20 4 0
BITMAP
8001
8001
8001
8001
8001
8001
8001
8001
8001
8001
8001
8001
8001
8001
8001
8001
8001
8001
8001
8001
ENDCHAR
STARTCHAR glyph1124
ENCODING -1
SWIDTH 750 0
DWIDTH 24 0
BBX 16 20 4 0
BITMAP
8001
8001
8001
8001
8001
8001
8001
8001
8001
8001
8001
8001
8001
8001
8001
8001
8001
8001
8001
8001
ENDCHAR
STARTCHAR glyph1125
ENCODING -1
SWIDTH 750 0
DWIDTH 24 0
BBX 16 20 4 0
BITMAP
8001
8001
8001
8001
8001
8001
8001
8001
8001
8001
8001
8001
8001
8001
8001
8001
8001
8001
8001
8001
ENDCHAR
STARTCHAR glyph1126
ENCODING -1
SWIDTH 750 0
DWIDTH 24 0
BBX 16 20 4 0
BITMAP
8001
8001
8001
8001
8001
8001
8001
8001
8001
8001
8001
8001
8001
8001
8001
8001
8001
8001
8001
8001
ENDCHAR
STARTCHAR afii57440-2
ENCODING -1
SWIDTH 125 0
DWIDTH 4 0
BBX 5 3 -1 5
BITMAP
F8
F8
F8
ENDCHAR
STARTCHAR afii57440-3
ENCODING -1
SWIDTH 1000 0
DWIDTH 32 0
BBX 33 3 -1 5
BITMAP
FFFFFFFF80
FFFFFFFF80
FFFFFFFF80
ENDCHAR
STARTCHAR afii57440-4
ENCODING -1
SWIDTH 2000 0
DWIDTH 64 0
BBX 65 3 -1 5
BITMAP
FFFFFFFFFFFFFFFF80
FFFFFFFFFFFFFFFF80
FFFFFFFFFFFFFFFF80
ENDCHAR
STARTCHAR glyph1134
ENCODING -1
SWIDTH 0 0
DWIDTH 0 0
BBX 5 2 -8 27
BITMAP
F0
38
ENDCHAR
STARTCHAR glyph1135
ENCODING -1
SWIDTH 0 0
DWIDTH 0 0
BBX 5 2 -14 27
BITMAP
F0
38
ENDCHAR
STARTCHAR glyph1136
ENCODING -1
SWIDTH 0 0
DWIDTH 0 0
BBX 6 4 -13 25
BITMAP
F0
78
38
1C
ENDCHAR
STARTCHAR glyph1147
ENCODING -1
SWIDTH 0 0
DWIDTH 0 0
BBX 9 2 -4 23
BITMAP
C180
3E00
ENDCHAR
STARTCHAR glyph1148
ENCODING -1
SWIDTH 0 0
DWIDTH 0 0
BBX 8 2 -4 23
BITMAP
3C
E7
ENDCHAR
STARTCHAR glyph1154
ENCODING -1
SWIDTH 0 0
DWIDTH 0 0
BBX 6 4 -10 19
BITMAP
3C
78
70
E0
ENDCHAR
STARTCHAR glyph1155
ENCODING -1
SWIDTH 0 0
DWIDTH 0 0
BBX 6 4 -8 19
BITMAP
F0
78
38
1C
ENDCHAR
STARTCHAR glyph1292
ENCODING -1
SWIDTH 0 0
DWIDTH 0 0
BBX 8 5 -4 24
BITMAP
FF
FF
00
C3
C3
ENDCHAR
STARTCHAR glyph1293
ENCODING -1
SWIDTH 0 0
DWIDTH 0 0
BBX 8 5 -4 24
BITMAP
0E
1C
38
C3
C3
ENDCHAR
STARTCHAR glyph1294
ENCODING -1
SWIDTH 0 0
DWIDTH 0 0
BBX 8 5 -4 24
BITMAP
E7
7E
3C
C3
C3
ENDCHAR
STARTCHAR glyph1295
ENCODING -1
SWIDTH 0 0
DWIDTH 0 0
BBX 8 5 -4 24
BITMAP
70
38
1C
C3
C3
ENDCHAR
STARTCHAR glyph1321
ENCODING -1
SWIDTH 244 0
DWIDTH 8 0
BBX 9 10 -1 5
BITMAP
0100
0100
0380
0180
0180
0080
0080
FF80
FF80
FF80
ENDCHAR
STARTCHAR glyph1322
ENCODING -1
SWIDTH 267 0
DWIDTH 9 0
BBX 10 13 -1 5
BITMAP
0300
0780
0F80
0980
08C0
0FC0
0FC0
0740
0040
0040
FFC0
FFC0
FFC0
ENDCHAR
STARTCHAR glyph1323
ENCODING -1
SWIDTH 262 0
DWIDTH 8 0
BBX 9 12 -1 5
BITMAP
0700
0700
0F80
0980
0880
0C80
0F80
0780
0080
FF80
FF80
FF80
ENDCHAR
STARTCHAR glyph1325
ENCODING -1
SWIDTH 244 0
DWIDTH 8 0
BBX 4 4 2 -1
BITMAP
40
F0
E0
20
ENDCHAR
STARTCHAR glyph1326
ENCODING -1
SWIDTH 244 0
DWIDTH 8 0
BBX 8 5 0 -2
BITMAP
04
47
7F
E2
20
ENDCHAR
STARTCHAR glyph1327
ENCODING -1
SWIDTH 244 0
DWIDTH 8 0
BBX 8 9 0 -6
BITMAP
20
78
70
14
0F
4E
F2
E0
20
ENDCHAR
STARTCHAR glyph1328
ENCODING -1
SWIDTH 244 0
DWIDTH 8 0
BBX 8 9 0 -6
BITMAP
04
47
7F
F2
20
08
0E
1E
04
ENDCHAR
STARTCHAR glyph1329
ENCODING -1
SWIDTH 244 0
DWIDTH 8 0
BBX 5 8 2 -5
BITMAP
40
70
F0
20
20
38
78
10
ENDCHAR
STARTCHAR glyph1330
ENCODING -1
SWIDTH 244 0
DWIDTH 8 0
BBX 9 9 0 -7
BITMAP
0400
4F00
FE00
E200
2200
2780
7F00
7100
1000
ENDCHAR
STARTCHAR glyph1331
ENCODING -1
SWIDTH 269 0
DWIDTH 9 0
BBX 10 10 -1 17
BITMAP
2000
3000
2000
1000
1000
1000
1000
17C0
1840
FFC0
ENDCHAR
STARTCHAR glyph1332
ENCODING -1
SWIDTH 207 0
DWIDTH 7 0
BBX 7 4 0 24
BITMAP
0E
32
FC
80
ENDCHAR
STARTCHAR glyph1333
ENCODING -1
SWIDTH 207 0
DWIDTH 7 0
BBX 6 5 0 23
BITMAP
18
20
1C
70
80
ENDCHAR
STARTCHAR glyph1334
ENCODING -1
SWIDTH 333 0
DWIDTH 11 0
BBX 5 4 3 19
BITMAP
D8
50
50
20
ENDCHAR
STARTCHAR glyph1335
ENCODING -1
SWIDTH 333 0
DWIDTH 11 0
BBX 5 4 3 19
BITMAP
20
50
50
D8
ENDCHAR
STARTCHAR glyph1343
ENCODING -1
SWIDTH 229 0
DWIDTH 7 0
BBX 8 23 -1 5
BITMAP
18
10
1C
70
80
10
30
70
30
30
30
10
10
10
10
10
10
10
10
18
1F
0F
07
ENDCHAR
STARTCHAR glyph1345
ENCODING -1
SWIDTH 229 0
DWIDTH 7 0
BBX 7 27 0 -4
BITMAP
20
60
E0
60
60
60
20
20
20
20
20
20
20
20
30
3E
1E
0E
00
00
00
00
18
20
1C
70
80
ENDCHAR
STARTCHAR glyph47
ENCODING -1
SWIDTH 229 0
DWIDTH 7 0
BBX 8 18 0 5
BITMAP
26
68
EC
67
68
60
20
20
20
20
20
20
20
20
30
3E
1E
0E
ENDCHAR
STARTCHAR glyph1349
ENCODING -1
SWIDTH 432 0
DWIDTH 14 0
BBX 14 23 1 -3
BITMAP
000C
0010
0010
001C
0010
0000
0070
00F0
00F8
0198
0188
01C8
01F8
00F8
0078
0008
0018
0030
0070
00E0
C3E0
3FC0
0F00
ENDCHAR
STARTCHAR glyph1351
ENCODING -1
SWIDTH 432 0
DWIDTH 14 0
BBX 14 23 1 -3
BITMAP
030C
0510
0710
031C
0310
0400
0870
00F0
00F8
0198
0188
01C8
01F8
00F8
0078
0008
0018
0030
0070
00E0
C3E0
3FC0
0F00
ENDCHAR
STARTCHAR glyph
ENCODING -1
SWIDTH 588 0
DWIDTH 19 0
BBX 18 18 1 -4
BITMAP
000100
000200
000200
000380
000200
200000
400FC0
401FC0
803FC0
804000
807F00
807F00
807F00
C00100
F80600
7FFE00
3FFC00
0FF000
ENDCHAR
STARTCHAR glyph1367
ENCODING -1
SWIDTH 713 0
DWIDTH 23 0
BBX 22 18 1 2
BITMAP
000800
009E00
01FC00
01C400
004000
400008
800008
80001C
80000C
800004
C00004
F00004
7FFFFC
3FFFFC
1FFFFC
004800
00C800
007000
ENDCHAR
STARTCHAR glyph1368
ENCODING -1
SWIDTH 244 0
DWIDTH 8 0
BBX 9 20 -1 2
BITMAP
0200
2780
7F00
7100
1000
0000
0000
0100
0100
0380
0180
0180
0080
0080
FF80
FF80
FF80
1300
1200
1E00
ENDCHAR
STARTCHAR glyph1369
ENCODING -1
SWIDTH 244 0
DWIDTH 8 0
BBX 9 20 -1 2
BITMAP
0200
2780
7F00
7100
1000
0000
0000
0100
0100
0380
0180
0180
0080
0080
FF80
FF80
FF80
1300
1200
1E00
ENDCHAR
STARTCHAR glyph1371
ENCODING -1
SWIDTH 713 0
DWIDTH 23 0
BBX 22 20 1 5
BITMAP
001000
013C00
03F800
038800
008000
002000
007800
007000
001000
000000
400008
800008
80001C
80000C
800004
C00004
F00004
7FFFFC
3FFFFC
1FFFFC
ENDCHAR
STARTCHAR glyph1372
ENCODING -1
SWIDTH 244 0
DWIDTH 8 0
BBX 9 20 -1 5
BITMAP
0600
6700
7F00
F200
2000
0C00
0E00
1E00
0400
0000
0100
0100
0380
0180
0180
0080
0080
FF80
FF80
FF80
ENDCHAR
STARTCHAR glyph1373
ENCODING -1
SWIDTH 244 0
DWIDTH 8 0
BBX 9 20 -1 5
BITMAP
0600
6700
7F00
F200
2000
0C00
0E00
1E00
0400
0000
0100
0100
0380
0180
0180
0080
0080
FF80
FF80
FF80
ENDCHAR
STARTCHAR glyph1383
ENCODING -1
SWIDTH 525 0
DWIDTH 17 0
BBX 16 28 1 -6
BITMAP
0080
0300
0300
01C0
0200
0000
0000
0000
3FFE
7FFE
FFFC
01E0
0620
1820
203F
403F
401F
8000
8000
8000
8000
C000
E000
7000
7F00
3FFF
1FFC
03F8
ENDCHAR
STARTCHAR glyph1384
ENCODING -1
SWIDTH 529 0
DWIDTH 17 0
BBX 18 17 -1 5
BITMAP
006000
008000
008000
006000
008000
000000
000000
078000
0FE000
1FF000
01F800
007C00
001E00
000F00
FFFFC0
FFFFC0
FFFFC0
ENDCHAR
STARTCHAR glyph1385
ENCODING -1
SWIDTH 529 0
DWIDTH 17 0
BBX 18 17 -1 5
BITMAP
006000
008000
008000
006000
008000
000000
000000
078000
0FE000
1FF000
01F800
007C00
001E00
000F00
FFFFC0
FFFFC0
FFFFC0
ENDCHAR
STARTCHAR glyph1387
ENCODING -1
SWIDTH 525 0
DWIDTH 17 0
BBX 16 31 1 -6
BITMAP
0200
0780
0700
0300
0100
03C0
0380
0180
0000
0000
0000
3FFE
7FFE
FFFC
01E0
0620
1820
203F
403F
401F
8000
8000
8000
8000
C000
E000
7000
7F00
3FFF
1FFC
03F8
ENDCHAR
STARTCHAR glyph1388
ENCODING -1
SWIDTH 529 0
DWIDTH 17 0
BBX 18 20 -1 5
BITMAP
010000
01C000
03C000
008000
008000
00E000
01E000
004000
000000
000000
078000
0FE000
1FF000
01F800
007C00
001E00
000F00
FFFFC0
FFFFC0
FFFFC0
ENDCHAR
STARTCHAR glyph1389
ENCODING -1
SWIDTH 529 0
DWIDTH 17 0
BBX 18 20 -1 5
BITMAP
010000
01C000
03C000
008000
008000
00E000
01E000
004000
000000
000000
078000
0FE000
1FF000
01F800
007C00
001E00
000F00
FFFFC0
FFFFC0
FFFFC0
ENDCHAR
STARTCHAR glyph1399
ENCODING -1
SWIDTH 525 0
DWIDTH 17 0
BBX 16 31 1 -6
BITMAP
0600
0700
0F00
02C0
00E0
0DE0
0E40
1E00
0400
0000
0000
3FFE
7FFE
FFFC
01E0
0620
1820
203F
403F
401F
8000
8000
8000
8000
C000
E000
7000
7F00
3FFF
1FFC
03F8
ENDCHAR
STARTCHAR glyph1400
ENCODING -1
SWIDTH 529 0
DWIDTH 17 0
BBX 18 20 -1 5
BITMAP
018000
01C000
03C000
00B000
003800
037800
039000
078000
010000
000000
078000
0FE000
1FF000
01F800
007C00
001E00
000F00
FFFFC0
FFFFC0
FFFFC0
ENDCHAR
STARTCHAR glyph1401
ENCODING -1
SWIDTH 529 0
DWIDTH 17 0
BBX 18 20 -1 5
BITMAP
018000
01C000
03C000
00B000
003800
037800
039000
078000
010000
000000
078000
0FE000
1FF000
01F800
007C00
001E00
000F00
FFFFC0
FFFFC0
FFFFC0
ENDCHAR
STARTCHAR glyph1409
ENCODING -1
SWIDTH 337 0
DWIDTH 11 0
BBX 9 16 2 2
BITMAP
0800
0C00
0E00
0700
0300
0180
0080
0080
0080
8080
FF80
FF80
FF80
1200
3200
1C00
ENDCHAR
STARTCHAR glyph1411
ENCODING -1
SWIDTH 337 0
DWIDTH 11 0
BBX 9 19 2 -1
BITMAP
0800
0C00
0E00
0700
0300
0180
0080
0080
0080
8080
FF80
FF80
FF80
0000
0000
1000
1C00
3C00
0800
ENDCHAR
STARTCHAR glyph1413
ENCODING -1
SWIDTH 337 0
DWIDTH 11 0
BBX 10 30 1 -1
BITMAP
4000
2000
2000
2000
2000
3000
1000
2780
38C0
FFC0
0000
0400
0600
0700
0380
0180
00C0
0040
0040
0040
4040
7FC0
7FC0
7FC0
0000
0000
0800
0E00
1E00
0400
ENDCHAR
STARTCHAR glyph1421
ENCODING -1
SWIDTH 337 0
DWIDTH 11 0
BBX 9 23 2 5
BITMAP
0400
4F00
FE00
E600
6000
0800
1E00
1C00
0C00
0000
0800
0C00
0E00
0700
0300
0180
0080
0080
0080
8080
FF80
FF80
FF80
ENDCHAR
STARTCHAR glyph1423
ENCODING -1
SWIDTH 337 0
DWIDTH 11 0
BBX 10 22 1 5
BITMAP
0400
4700
7F00
F200
2200
2380
3F80
7900
1000
0400
0600
0700
0380
0180
00C0
0040
0040
0040
4040
7FC0
7FC0
7FC0
ENDCHAR
STARTCHAR glyph1426
ENCODING -1
SWIDTH 488 0
DWIDTH 16 0
BBX 15 23 1 -3
BITMAP
0048
0050
0030
0020
0000
0000
0008
000C
000C
000E
0006
0006
0002
0002
0002
0006
0006
000C
001C
0078
C1F0
3FE0
0F80
ENDCHAR
STARTCHAR glyph1429
ENCODING -1
SWIDTH 488 0
DWIDTH 16 0
BBX 15 18 1 -4
BITMAP
0008
000C
000C
000E
0006
0006
0002
0002
0002
0006
0006
000C
001C
0078
C1FE
3FF2
0FA2
001C
ENDCHAR
STARTCHAR glyph1431
ENCODING -1
SWIDTH 488 0
DWIDTH 16 0
BBX 16 18 1 -4
BITMAP
0008
000C
000C
000E
0006
0006
0002
0002
0002
0006
0006
000C
001C
0078
C1F4
3FEF
0F8E
0002
ENDCHAR
STARTCHAR glyph1433
ENCODING -1
SWIDTH 488 0
DWIDTH 16 0
BBX 16 21 1 -7
BITMAP
0008
000C
000C
000E
0006
0006
0002
0002
0002
0006
0006
000C
001C
0078
C1F0
3FE0
0F80
0013
000A
000A
0004
ENDCHAR
STARTCHAR glyph1435
ENCODING -1
SWIDTH 488 0
DWIDTH 16 0
BBX 16 18 1 -4
BITMAP
0008
000C
000C
000E
0006
0006
0802
0E02
1E02
0406
0006
000C
001C
0078
C1F4
3FEF
0F8E
0002
ENDCHAR
STARTCHAR glyph1437
ENCODING -1
SWIDTH 488 0
DWIDTH 16 0
BBX 15 24 1 -3
BITMAP
0010
011C
01FC
03C8
0080
0000
0000
0008
000C
000C
000E
0006
0006
0002
0002
0002
0006
0006
000C
001C
0078
C1F0
3FE0
0F80
ENDCHAR
STARTCHAR glyph1439
ENCODING -1
SWIDTH 488 0
DWIDTH 16 0
BBX 15 27 1 -3
BITMAP
0020
0278
07F0
0710
0110
013C
03F8
0388
0080
0000
0008
000C
000C
000E
0006
0006
0002
0002
0002
0006
0006
000C
001C
0078
C1F0
3FE0
0F80
ENDCHAR
STARTCHAR glyph1441
ENCODING -1
SWIDTH 821 0
DWIDTH 26 0
BBX 25 22 1 -2
BITMAP
00001000
00003C00
00003800
00001800
00000000
00000000
00020100
00020900
00070980
20070880
40030880
40030C80
8001FF80
8001FF80
8001F380
80010000
80030000
C0060800
E03E1E00
7FFC1C00
7FF80400
1FC00000
ENDCHAR
STARTCHAR glyph1442
ENCODING -1
SWIDTH 530 0
DWIDTH 17 0
BBX 18 21 -1 -1
BITMAP
001000
001C00
003C00
000800
000000
000000
000080
020480
0204C0
020440
030440
038640
FFFFC0
FFFFC0
FCF9C0
000000
000000
000600
000700
000F00
000200
ENDCHAR
STARTCHAR glyph1443
ENCODING -1
SWIDTH 530 0
DWIDTH 17 0
BBX 18 21 -1 -1
BITMAP
001000
001C00
003C00
000800
000000
000000
000080
020480
0204C0
020440
030440
038640
FFFFC0
FFFFC0
FCF9C0
000000
000000
000600
000700
000F00
000200
ENDCHAR
STARTCHAR glyph1445
ENCODING -1
SWIDTH 821 0
DWIDTH 26 0
BBX 25 20 1 -6
BITMAP
00020100
00020900
00070980
20070880
40030880
40030C80
8001FF80
8001FF80
8001F380
80010000
80030000
C0060200
E03E2780
7FFC7F00
7FF87100
1FC01000
00000400
00000F00
00000E00
00000200
ENDCHAR
STARTCHAR glyph1446
ENCODING -1
SWIDTH 530 0
DWIDTH 17 0
BBX 18 20 -1 -6
BITMAP
000080
020480
0204C0
020440
030440
038640
FFFFC0
FFFFC0
FCF9C0
000000
000000
000180
0019C0
001FC0
003C80
000800
000300
000380
000780
000100
ENDCHAR
STARTCHAR glyph1447
ENCODING -1
SWIDTH 530 0
DWIDTH 17 0
BBX 18 20 -1 -6
BITMAP
000080
020480
0204C0
020440
030440
038640
FFFFC0
FFFFC0
FCF9C0
000000
000000
000180
0019C0
001FC0
003C80
000800
000300
000380
000780
000100
ENDCHAR
STARTCHAR glyph1449
ENCODING -1
SWIDTH 821 0
DWIDTH 26 0
BBX 25 30 1 -6
BITMAP
00002000
00007800
00007000
00003400
00000F00
00004E00
0000F600
0000E000
00006000
00000000
00020100
00020900
00070980
20070880
40030880
40030C80
8001FF80
8001FF80
8001F380
80010000
80030000
C0060200
E03E2780
7FFC7F00
7FF87100
1FC01000
00000400
00000F00
00000E00
00000200
ENDCHAR
STARTCHAR glyph1450
ENCODING -1
SWIDTH 530 0
DWIDTH 17 0
BBX 18 30 -1 -6
BITMAP
002000
003800
007800
001400
000700
004F00
007200
00F000
002000
000000
000080
020480
0204C0
020440
030440
038640
FFFFC0
FFFFC0
FCF9C0
000000
000000
000180
0019C0
001FC0
003C80
000800
000300
000380
000780
000100
ENDCHAR
STARTCHAR glyph1451
ENCODING -1
SWIDTH 530 0
DWIDTH 17 0
BBX 18 30 -1 -6
BITMAP
002000
003800
007800
001400
000700
004F00
007200
00F000
002000
000000
000080
020480
0204C0
020440
030440
038640
FFFFC0
FFFFC0
FCF9C0
000000
000000
000180
0019C0
001FC0
003C80
000800
000300
000380
000780
000100
ENDCHAR
STARTCHAR glyph1453
ENCODING -1
SWIDTH 1098 0
DWIDTH 35 0
BBX 34 16 1 -2
BITMAP
0002001F00
0002007F80
000700FFC0
200701C1C0
40030700C0
40031C01C0
8001FFFFC0
8001FFFFC0
8001FFFFC0
8001000000
8003000000
C006002000
E03E027800
7FFC07F000
7FF8071000
1FE0010000
ENDCHAR
STARTCHAR glyph1454
ENCODING -1
SWIDTH 846 0
DWIDTH 27 0
BBX 28 16 -1 -2
BITMAP
000007C0
02001FE0
02003FF0
02007870
0301C030
03870070
FFFFFFF0
FFFFFFF0
FCFFFFF0
00000000
00000000
00000400
00004F00
0000FE00
0000E600
00006000
ENDCHAR
STARTCHAR glyph1455
ENCODING -1
SWIDTH 846 0
DWIDTH 27 0
BBX 28 16 -1 -2
BITMAP
000007C0
02001FE0
02003FF0
02007870
0301C030
03870070
FFFFFFF0
FFFFFFF0
FCFFFFF0
00000000
00000000
00000400
00004F00
0000FE00
0000E600
00006000
ENDCHAR
STARTCHAR glyph1457
ENCODING -1
SWIDTH 1098 0
DWIDTH 35 0
BBX 34 26 1 -2
BITMAP
0000010000
000003C000
0000038000
000000A000
0000007800
0000027000
0000079000
0000070000
0000010000
0000000000
0002001F00
0002007F80
000700FFC0
200701C1C0
40030700C0
40031C01C0
8001FFFFC0
8001FFFFC0
8001FFFFC0
8001000000
8003000000
C006000000
E03E000000
7FFC000000
7FF8000000
1FE0000000
ENDCHAR
STARTCHAR glyph1458
ENCODING -1
SWIDTH 846 0
DWIDTH 27 0
BBX 28 19 -1 5
BITMAP
00002000
00007800
00007000
00003400
00000F00
00004E00
0000F600
0000E000
00006000
00000000
000007C0
02001FE0
02003FF0
02007870
0301C030
03870070
FFFFFFF0
FFFFFFF0
FCFFFFF0
ENDCHAR
STARTCHAR glyph1459
ENCODING -1
SWIDTH 846 0
DWIDTH 27 0
BBX 28 19 -1 5
BITMAP
00002000
00007800
00007000
00003400
00000F00
00004E00
0000F600
0000E000
00006000
00000000
000007C0
02001FE0
02003FF0
02007870
0301C030
03870070
FFFFFFF0
FFFFFFF0
FCFFFFF0
ENDCHAR
STARTCHAR glyph1461
ENCODING -1
SWIDTH 581 0
DWIDTH 19 0
BBX 20 20 -1 5
BITMAP
020000
020600
038700
038F00
0182C0
0100E0
010DE0
008E40
009E00
008400
008000
0083C0
009FE0
00BFF0
00F070
01C030
070070
FFFFF0
FFFFF0
FFFFF0
ENDCHAR
STARTCHAR glyph1463
ENCODING -1
SWIDTH 450 0
DWIDTH 14 0
BBX 14 30 1 -6
BITMAP
1800
1C00
3C00
0B00
0380
3780
3900
3800
1000
0780
0FC0
1FC0
13C0
0380
0780
0FC0
19F8
30F8
6078
4000
8000
8000
8000
C000
C000
F000
7E00
3FFC
1FF8
07E0
ENDCHAR
STARTCHAR glyph1464
ENCODING -1
SWIDTH 525 0
DWIDTH 17 0
BBX 16 21 -1 5
BITMAP
0200
0780
0700
0140
00F0
04E0
0F20
0E00
0200
0000
0000
03E0
0FF0
1FF8
1C00
1800
1C03
0E3E
FFFE
FFF8
FF80
ENDCHAR
STARTCHAR glyph1465
ENCODING -1
SWIDTH 394 0
DWIDTH 13 0
BBX 14 19 -1 5
BITMAP
0200
0780
0700
0340
00F0
04E0
0F60
0E00
0600
0000
0FC0
1FF0
1FF0
13F0
01E0
07C0
FFFC
FE7C
F83C
ENDCHAR
STARTCHAR glyph1468
ENCODING -1
SWIDTH 788 0
DWIDTH 25 0
BBX 24 16 1 -1
BITMAP
40000E
80001E
80003F
800033
800033
C0003F
F0000F
7FFFFF
3FFFFF
0FFFFF
000000
000000
000008
00000E
00001E
000004
ENDCHAR
STARTCHAR glyph1469
ENCODING -1
SWIDTH 267 0
DWIDTH 9 0
BBX 10 19 -1 -1
BITMAP
0300
0780
0F80
0980
08C0
0FC0
0FC0
0740
0040
0040
FFC0
FFC0
FFC0
0000
0000
0400
0F00
0E00
0200
ENDCHAR
STARTCHAR glyph1470
ENCODING -1
SWIDTH 262 0
DWIDTH 8 0
BBX 9 18 -1 -1
BITMAP
0700
0700
0F80
0980
0880
0C80
0F80
0780
0080
FF80
FF80
FF80
0000
0000
0800
1E00
1C00
0400
ENDCHAR
STARTCHAR glyph1472
ENCODING -1
SWIDTH 788 0
DWIDTH 25 0
BBX 24 22 1 -1
BITMAP
000008
00000E
00001E
000004
000000
000000
40000E
80001E
80003F
800033
800033
C0003F
F0000F
7FFFFF
3FFFFF
0FFFFF
000000
000000
001800
001C00
003C00
000800
ENDCHAR
STARTCHAR glyph1473
ENCODING -1
SWIDTH 267 0
DWIDTH 9 0
BBX 10 24 -1 -1
BITMAP
0800
0E00
1E00
0400
0000
0300
0780
0F80
0980
08C0
0FC0
0FC0
0740
0040
0040
FFC0
FFC0
FFC0
0000
0000
0400
0F00
0E00
0200
ENDCHAR
STARTCHAR glyph1474
ENCODING -1
SWIDTH 262 0
DWIDTH 8 0
BBX 9 24 -1 -1
BITMAP
0800
0E00
1E00
0400
0000
0000
0700
0700
0F80
0980
0880
0C80
0F80
0780
0080
FF80
FF80
FF80
0000
0000
0400
0F00
0E00
0200
ENDCHAR
STARTCHAR glyph1480
ENCODING -1
SWIDTH 788 0
DWIDTH 25 0
BBX 25 21 1 -6
BITMAP
40000E00
80001E00
80003F00
80003300
80003300
C0003F00
F0000F00
7FFFFF00
3FFFFF00
0FFFFF00
00000000
00000000
00000200
00002780
00007F00
00007100
00001000
00000400
00000F00
00000E00
00000200
ENDCHAR
STARTCHAR glyph1481
ENCODING -1
SWIDTH 267 0
DWIDTH 9 0
BBX 10 24 -1 -6
BITMAP
0300
0780
0F80
0980
08C0
0FC0
0FC0
0740
0040
0040
FFC0
FFC0
FFC0
0000
0000
0100
13C0
3F80
3980
1800
0200
0780
0700
0300
ENDCHAR
STARTCHAR glyph1482
ENCODING -1
SWIDTH 262 0
DWIDTH 8 0
BBX 9 23 -1 -6
BITMAP
0700
0700
0F80
0980
0880
0C80
0F80
0780
0080
FF80
FF80
FF80
0000
0000
0200
2780
7F00
7300
3000
0400
0F00
0E00
0600
ENDCHAR
STARTCHAR glyph1488
ENCODING -1
SWIDTH 581 0
DWIDTH 19 0
BBX 18 23 1 -2
BITMAP
001000
001C00
003C00
000800
000000
000000
000E00
001F00
001F80
003180
4031C0
403FC0
803FC0
800F40
800040
800040
800040
8000C0
C001C0
F00F80
7FFF00
3FFE00
0FF000
ENDCHAR
STARTCHAR glyph1490
ENCODING -1
SWIDTH 581 0
DWIDTH 19 0
BBX 18 26 1 -2
BITMAP
002000
007800
007000
001400
000F00
004E00
00F200
00E000
002000
000E00
001F00
001F80
003180
4031C0
403FC0
803FC0
800F40
800040
800040
800040
8000C0
C001C0
F00F80
7FFF00
3FFE00
0FF000
ENDCHAR
STARTCHAR glyph1492
ENCODING -1
SWIDTH 932 0
DWIDTH 30 0
BBX 30 17 0 5
BITMAP
00040000
001C0000
007C0000
01F80000
03C00000
06000000
0C000000
0E000000
0FE00000
07FF0000
83FFE000
801FF800
80007F00
E0001FC0
FFFFF3FC
7FFFE1FC
3FFF803C
ENDCHAR
STARTCHAR glyph1493
ENCODING -1
SWIDTH 394 0
DWIDTH 13 0
BBX 14 15 -1 5
BITMAP
0008
0078
01F8
03E0
0F00
1800
1000
3800
3F80
1FF0
0FF8
003C
FFFC
FFFC
FFFC
ENDCHAR
STARTCHAR glyph1494
ENCODING -1
SWIDTH 514 0
DWIDTH 16 0
BBX 17 15 -1 5
BITMAP
001000
007000
01F000
07E000
0F0000
180000
300000
380000
3F8000
1FE000
0FF000
007C00
FFFF80
FFCF80
FF8380
ENDCHAR
STARTCHAR glyph1496
ENCODING -1
SWIDTH 932 0
DWIDTH 30 0
BBX 30 18 0 5
BITMAP
00000100
00000F00
00003F00
0000FE00
0001F300
00039100
00030E00
0003C000
0003E000
4001F800
80003C00
80000E00
80000F00
80000B80
E00039C0
FFFFF0FC
7FFFE07C
1FFF803C
ENDCHAR
STARTCHAR glyph1497
ENCODING -1
SWIDTH 394 0
DWIDTH 13 0
BBX 14 18 -1 5
BITMAP
0010
00F0
03F0
0FE0
1F30
3910
31E0
3C00
3F00
1F80
03C0
00E0
0030
0018
000C
FFFC
FFFC
FFFC
ENDCHAR
STARTCHAR glyph1498
ENCODING -1
SWIDTH 514 0
DWIDTH 16 0
BBX 17 18 -1 5
BITMAP
001000
00F000
03F000
0FE000
1F3000
391000
31E000
3C0000
3E0000
1F8000
03C000
00E000
00F000
00B000
039C00
FF0F80
FE0780
F80380
ENDCHAR
STARTCHAR glyph1500
ENCODING -1
SWIDTH 601 0
DWIDTH 19 0
BBX 18 21 1 5
BITMAP
008000
01E400
01C700
00C780
000780
000380
002300
00E300
018100
010180
03F180
03F180
403180
806180
8FC180
8000C0
8000C0
E000C0
FFFFC0
7FFFC0
3FFFC0
ENDCHAR
STARTCHAR glyph1501
ENCODING -1
SWIDTH 394 0
DWIDTH 13 0
BBX 14 23 -1 5
BITMAP
0800
0E00
1E00
0400
0000
0010
00F0
03F0
0FC0
1E00
3800
3000
3C00
3F00
1F80
03C0
00E0
0030
0018
000C
FFFC
FFFC
FFFC
ENDCHAR
STARTCHAR glyph1502
ENCODING -1
SWIDTH 394 0
DWIDTH 13 0
BBX 14 23 -1 5
BITMAP
0800
0E00
1E00
0400
0000
0010
00F0
03F0
0FC0
1E00
3800
3000
3C00
3F00
1F80
03C0
00E0
0030
0018
000C
FFFC
FFFC
FFFC
ENDCHAR
STARTCHAR glyph1508
ENCODING -1
SWIDTH 601 0
DWIDTH 19 0
BBX 18 31 1 -6
BITMAP
000400
000700
000780
000780
000380
002300
00E300
018100
010180
03F180
03F180
403180
806180
8FC180
8000C0
8000C0
E000C0
FFFFC0
7FFFC0
3FFFC0
000000
000000
001000
011C00
01FC00
03C800
008000
002000
003800
007800
001000
ENDCHAR
STARTCHAR glyph1509
ENCODING -1
SWIDTH 394 0
DWIDTH 13 0
BBX 14 29 -1 -6
BITMAP
0010
00F0
03F0
0FC0
1E00
3800
3000
3C00
3F00
1F80
03C0
00E0
0030
0018
000C
FFFC
FFFC
FFFC
0000
0000
0080
08E0
0FE0
1E40
0400
0100
01C0
03C0
0080
ENDCHAR
STARTCHAR glyph1510
ENCODING -1
SWIDTH 394 0
DWIDTH 13 0
BBX 14 29 -1 -6
BITMAP
0010
00F0
03F0
0FC0
1E00
3800
3000
3C00
3F00
1F80
03C0
00E0
0030
0018
000C
FFFC
FFFC
FFFC
0000
0000
0080
08E0
0FE0
1E40
0400
0100
01C0
03C0
0080
ENDCHAR
STARTCHAR glyph1512
ENCODING -1
SWIDTH 932 0
DWIDTH 30 0
BBX 30 23 0 5
BITMAP
00000100
00000700
00001F00
00003E00
00007800
0001E100
00038F00
00023F00
0000FE00
0001F300
00039100
00030E00
0003C000
0003E000
4001F800
80003C00
80000E00
80000F00
80000B80
E00039C0
FFFFF0FC
7FFFE07C
1FFF803C
ENDCHAR
STARTCHAR glyph1513
ENCODING -1
SWIDTH 394 0
DWIDTH 13 0
BBX 14 23 -1 5
BITMAP
0010
0070
01F0
03E0
0F00
1C10
30F0
23F0
0FE0
1F30
3910
31E0
3C00
3F00
1F80
03C0
00E0
0030
0018
000C
FFFC
FFFC
FFFC
ENDCHAR
STARTCHAR glyph1514
ENCODING -1
SWIDTH 514 0
DWIDTH 16 0
BBX 17 23 -1 5
BITMAP
001000
007000
01F000
03E000
0F0000
1C1000
30F000
23F000
0FE000
1F3000
391000
31E000
3C0000
3E0000
1F8000
03C000
00E000
00F000
00B000
039C00
FF0F80
FE0780
F80380
ENDCHAR
STARTCHAR glyph1520
ENCODING -1
SWIDTH 932 0
DWIDTH 30 0
BBX 30 30 0 -2
BITMAP
00000100
00000700
00001F00
00003E00
00007800
0001E100
00038F00
00023F00
0000FC00
0001E000
00038000
00030000
0003C000
0003E000
4001F800
80003C00
80000E00
80000F00
80000B80
E00039C0
FFFFF0FC
7FFFE07C
1FFF803C
00000000
00000000
00080000
009E0000
01FC0000
01CC0000
00800000
ENDCHAR
STARTCHAR glyph1521
ENCODING -1
SWIDTH 394 0
DWIDTH 13 0
BBX 14 30 -1 -2
BITMAP
0010
0070
01F0
03E0
0F00
1C10
30F0
23F0
0FC0
1E00
3800
3000
3C00
3F00
1F80
03C0
00E0
0030
0018
000C
FFFC
FFFC
FFFC
0000
0000
0040
04E0
0FE0
0E60
0400
ENDCHAR
STARTCHAR glyph1522
ENCODING -1
SWIDTH 514 0
DWIDTH 16 0
BBX 17 30 -1 -2
BITMAP
001000
007000
01F000
03E000
0F0000
1C1000
30F000
23F000
0FC000
1E0000
380000
300000
3C0000
3E0000
1F8000
03C000
00E000
00F000
00B000
039C00
FF0F80
FE0780
F80380
000000
000000
060000
670000
7F0000
F20000
200000
ENDCHAR
STARTCHAR glyph1528
ENCODING -1
SWIDTH 932 0
DWIDTH 30 0
BBX 30 23 0 5
BITMAP
00018000
0001E300
00036F00
00031F00
00007C00
0000F100
0001CF00
00033F00
0000FC00
0001E000
00038000
00030000
0003C000
0003E000
4001F800
80003C00
80000E00
80000F00
80000B80
E00039C0
FFFFF0FC
7FFFE07C
1FFF803C
ENDCHAR
STARTCHAR glyph1529
ENCODING -1
SWIDTH 394 0
DWIDTH 13 0
BBX 14 23 -1 5
BITMAP
1800
1630
34F0
21F0
0780
0E10
38F0
23F0
0FC0
1E00
3800
3000
3C00
3F00
1F80
03C0
00E0
0030
0018
000C
FFFC
FFFC
FFFC
ENDCHAR
STARTCHAR glyph1530
ENCODING -1
SWIDTH 514 0
DWIDTH 16 0
BBX 17 23 -1 5
BITMAP
180000
163000
34F000
21F000
078000
0E1000
38F000
23F000
0FC000
1E0000
380000
300000
3C0000
3E0000
1F8000
03C000
00E000
00F000
00B000
039C00
FF0F80
FE0780
F80380
ENDCHAR
STARTCHAR glyph1532
ENCODING -1
SWIDTH 506 0
DWIDTH 16 0
BBX 15 29 1 -1
BITMAP
004C
0028
0028
0010
0000
0038
003C
003C
001C
0018
0008
0008
000C
000C
0004
1004
2004
4006
4006
8002
8002
8002
8002
8002
C006
F03C
7FFC
7FF8
1FE0
ENDCHAR
STARTCHAR glyph1533
ENCODING -1
SWIDTH 207 0
DWIDTH 7 0
BBX 8 23 -1 5
BITMAP
12
12
0C
0C
00
1C
1E
0E
0C
0C
04
06
06
06
06
06
06
03
03
03
FF
FF
FF
ENDCHAR
STARTCHAR glyph1534
ENCODING -1
SWIDTH 207 0
DWIDTH 7 0
BBX 8 23 -1 5
BITMAP
12
12
0C
0C
00
1C
1E
0E
0C
0C
04
06
06
06
06
06
06
03
03
03
FF
FF
FF
ENDCHAR
STARTCHAR glyph1536
ENCODING -1
SWIDTH 506 0
DWIDTH 16 0
BBX 15 29 1 -1
BITMAP
0020
0038
0078
0010
0000
0038
003C
003C
001C
0018
0008
0008
000C
000C
0004
1004
2004
4006
4006
8002
8002
8002
8002
8002
C006
F03C
7FFC
7FF8
1FE0
ENDCHAR
STARTCHAR glyph1537
ENCODING -1
SWIDTH 207 0
DWIDTH 7 0
BBX 8 23 -1 5
BITMAP
08
0E
1E
04
00
1C
1E
0E
0C
0C
04
06
06
06
06
06
06
03
03
03
FF
FF
FF
ENDCHAR
STARTCHAR glyph1538
ENCODING -1
SWIDTH 207 0
DWIDTH 7 0
BBX 8 23 -1 5
BITMAP
08
0E
1E
04
00
1C
1E
0E
0C
0C
04
06
06
06
06
06
06
03
03
03
FF
FF
FF
ENDCHAR
STARTCHAR glyph1540
ENCODING -1
SWIDTH 506 0
DWIDTH 16 0
BBX 15 29 1 -1
BITMAP
0030
002C
0068
0040
0000
0038
003C
003C
001C
0018
0008
0008
000C
000C
0004
1004
2004
4006
4006
8002
8002
8002
8002
8002
C006
F03C
7FFC
7FF8
1FE0
ENDCHAR
STARTCHAR glyph1541
ENCODING -1
SWIDTH 207 0
DWIDTH 7 0
BBX 8 23 -1 5
BITMAP
30
3C
6C
60
00
1C
1E
0E
0C
0C
04
06
06
06
06
06
06
03
03
03
FF
FF
FF
ENDCHAR
STARTCHAR glyph1542
ENCODING -1
SWIDTH 207 0
DWIDTH 7 0
BBX 8 23 -1 5
BITMAP
30
3C
6C
60
00
1C
1E
0E
0C
0C
04
06
06
06
06
06
06
03
03
03
FF
FF
FF
ENDCHAR
STARTCHAR glyph1544
ENCODING -1
SWIDTH 506 0
DWIDTH 16 0
BBX 15 32 1 -7
BITMAP
0020
0038
003C
003C
001C
0018
0008
0008
000C
000C
0004
1004
2004
4006
4006
8002
8002
8002
8002
8002
C006
F03C
7FFC
7FF8
1FE0
0000
0040
04E0
0E60
0680
01C0
00C0
ENDCHAR
STARTCHAR glyph1545
ENCODING -1
SWIDTH 207 0
DWIDTH 7 0
BBX 8 31 -1 -6
BITMAP
10
1C
1E
1E
0E
0C
0C
04
06
06
06
06
06
06
03
03
03
FF
FF
FF
00
00
06
67
7F
F2
20
0C
0E
1E
04
ENDCHAR
STARTCHAR glyph1546
ENCODING -1
SWIDTH 207 0
DWIDTH 7 0
BBX 8 31 -1 -6
BITMAP
10
1C
1E
1E
0E
0C
0C
04
06
06
06
06
06
06
03
03
03
FF
FF
FF
00
00
06
67
7F
F2
20
0C
0E
1E
04
ENDCHAR
STARTCHAR glyph1548
ENCODING -1
SWIDTH 525 0
DWIDTH 17 0
BBX 16 25 1 -6
BITMAP
0100
03C0
0380
0080
0000
0002
0002
0007
2007
4003
4001
8001
8001
8001
8001
8003
C007
E03E
7FFE
7FF8
1FE0
0100
03C0
0380
0080
ENDCHAR
STARTCHAR glyph1549
ENCODING -1
SWIDTH 244 0
DWIDTH 8 0
BBX 9 22 -1 -1
BITMAP
0400
0F00
0E00
0200
0000
0000
0100
0100
0380
0180
0180
0080
0080
FF80
FF80
FF80
0000
0000
0800
1E00
1C00
0400
ENDCHAR
STARTCHAR glyph1550
ENCODING -1
SWIDTH 244 0
DWIDTH 8 0
BBX 9 22 -1 -1
BITMAP
0400
0F00
0E00
0200
0000
0000
0100
0100
0380
0180
0180
0080
0080
FF80
FF80
FF80
0000
0000
0800
1E00
1C00
0400
ENDCHAR
STARTCHAR glyph1556
ENCODING -1
SWIDTH 525 0
DWIDTH 17 0
BBX 16 24 1 -5
BITMAP
0100
03C0
0380
0080
0000
0002
0002
0007
2007
4003
4001
8001
8001
8001
8001
8003
C007
E03E
7FFE
7FF8
1FE0
0240
0440
0380
ENDCHAR
STARTCHAR glyph1557
ENCODING -1
SWIDTH 244 0
DWIDTH 8 0
BBX 9 19 -1 2
BITMAP
0400
0F00
0E00
0200
0000
0000
0100
0100
0380
0180
0180
0080
0080
FF80
FF80
FF80
1300
1200
1E00
ENDCHAR
STARTCHAR glyph1558
ENCODING -1
SWIDTH 244 0
DWIDTH 8 0
BBX 9 19 -1 2
BITMAP
0400
0F00
0E00
0200
0000
0000
0100
0100
0380
0180
0180
0080
0080
FF80
FF80
FF80
1300
1200
1E00
ENDCHAR
STARTCHAR glyph1560
ENCODING -1
SWIDTH 525 0
DWIDTH 17 0
BBX 16 26 1 -2
BITMAP
0200
0780
0700
0340
00F0
04E0
0F60
0E00
0600
0000
0002
0002
0007
2007
4003
4001
8001
8001
8001
8001
8003
C007
E03E
7FFE
7FF8
1FE0
ENDCHAR
STARTCHAR glyph1562
ENCODING -1
SWIDTH 525 0
DWIDTH 17 0
BBX 16 27 1 -6
BITMAP
0300
0380
0780
0100
0000
0000
0000
3FFE
7FFE
FFFC
01E0
0620
1820
203F
413F
51DF
9FC0
BC80
8800
8200
C380
E780
7100
7F00
3FFF
1FFC
03F8
ENDCHAR
STARTCHAR glyph1563
ENCODING -1
SWIDTH 529 0
DWIDTH 17 0
BBX 18 27 -1 -6
BITMAP
008000
00E000
01E000
004000
000000
000000
078000
0FE000
1FF000
01F800
007C00
001E00
000F00
FFFFC0
FFFFC0
FFFFC0
000000
000000
002000
023800
03F800
079000
010000
004000
007000
00F000
002000
ENDCHAR
STARTCHAR glyph1564
ENCODING -1
SWIDTH 529 0
DWIDTH 17 0
BBX 18 27 -1 -6
BITMAP
008000
00E000
01E000
004000
000000
000000
078000
0FE000
1FF000
01F800
007C00
001E00
000F00
FFFFC0
FFFFC0
FFFFC0
000000
000000
002000
023800
03F800
079000
010000
004000
007000
00F000
002000
ENDCHAR
STARTCHAR glyph1571
ENCODING -1
SWIDTH 432 0
DWIDTH 14 0
BBX 13 17 1 -3
BITMAP
0070
00F0
00F8
0198
0188
01C8
01F8
00F8
0078
0008
0018
03B0
04F0
04E0
C7E0
3FC0
0F00
ENDCHAR
STARTCHAR glyph1583
ENCODING -1
SWIDTH 432 0
DWIDTH 14 0
BBX 13 24 1 -3
BITMAP
0020
0238
03F8
0790
0100
0000
0000
0070
00F0
00F8
0198
0188
01C8
01F8
00F8
0078
0008
0018
0030
0070
00E0
C3E0
3FC0
0F00
ENDCHAR
STARTCHAR glyph1587
ENCODING -1
SWIDTH 588 0
DWIDTH 19 0
BBX 20 13 -1 -4
BITMAP
180000
6803F0
9007F0
100FF0
201000
201FC0
201FC0
201FC0
300040
3E0180
1FFF80
0FFF00
03FC00
ENDCHAR
STARTCHAR glyph1589
ENCODING -1
SWIDTH 588 0
DWIDTH 19 0
BBX 18 18 1 -4
BITMAP
064000
028000
028000
010000
000000
200000
400FC0
401FC0
803FC0
804000
807F00
807F00
807F00
C00100
F80600
7FFE00
3FFC00
0FF000
ENDCHAR
STARTCHAR glyph1590
ENCODING -1
SWIDTH 244 0
DWIDTH 8 0
BBX 9 22 -1 -2
BITMAP
0C80
0500
0500
0200
0000
0100
0100
0380
0180
0180
0080
0080
FF80
FF80
FF80
0000
0000
0200
2780
7F00
7100
1000
ENDCHAR
STARTCHAR glyph1591
ENCODING -1
SWIDTH 244 0
DWIDTH 8 0
BBX 9 22 -1 -2
BITMAP
0C80
0500
0500
0200
0000
0100
0100
0380
0180
0180
0080
0080
FF80
FF80
FF80
0000
0000
0200
2780
7F00
7100
1000
ENDCHAR
STARTCHAR glyph1593
ENCODING -1
SWIDTH 432 0
DWIDTH 14 0
BBX 13 23 1 -3
BITMAP
0080
00E0
01E0
0040
0000
0000
0070
00F0
00F8
0198
0188
01C8
01F8
00F8
0078
0008
0018
0030
0070
00E0
C3E0
3FC0
0F00
ENDCHAR
STARTCHAR glyph1599
ENCODING -1
SWIDTH 588 0
DWIDTH 19 0
BBX 18 16 1 -7
BITMAP
200000
400FC0
401FC0
803FC0
804000
807F00
807F00
807F00
C00100
F80600
7FFE00
3FFC00
0FF000
006000
030000
00C000
ENDCHAR
STARTCHAR glyph1629
ENCODING -1
SWIDTH 821 0
DWIDTH 26 0
BBX 25 26 1 -2
BITMAP
00002000
00007800
00007000
00003400
00000F00
00004E00
0000F600
0000E000
00006000
00000000
00020100
00020900
00070980
20070880
40030880
40030C80
8001FF80
8001FF80
8001F380
80010000
80030000
C0060800
E03E1E00
7FFC1C00
7FF80400
1FC00000
ENDCHAR
STARTCHAR glyph1630
ENCODING -1
SWIDTH 530 0
DWIDTH 17 0
BBX 18 25 -1 -1
BITMAP
002000
003800
007800
001400
000700
004F00
007200
00F000
002000
000000
000080
020480
0204C0
020440
030440
038640
FFFFC0
FFFFC0
FCF9C0
000000
000000
000600
000700
000F00
000200
ENDCHAR
STARTCHAR glyph1631
ENCODING -1
SWIDTH 530 0
DWIDTH 17 0
BBX 18 25 -1 -1
BITMAP
002000
003800
007800
001400
000700
004F00
007200
00F000
002000
000000
000080
020480
0204C0
020440
030440
038640
FFFFC0
FFFFC0
FCF9C0
000000
000000
000600
000700
000F00
000200
ENDCHAR
STARTCHAR glyph1633
ENCODING -1
SWIDTH 1098 0
DWIDTH 35 0
BBX 34 22 1 -2
BITMAP
0000040000
00000F0000
00000E0000
0000020000
0000000000
0000000000
0002001F00
0002007F80
000700FFC0
200701C1C0
40030700C0
40031C01C0
8001FFFFC0
8001FFFFC0
8001FFFFC0
8001000000
8003000000
C00600C000
E03E00F000
7FFC00E000
7FF8004000
1FE0000000
ENDCHAR
STARTCHAR glyph1634
ENCODING -1
SWIDTH 846 0
DWIDTH 27 0
BBX 28 21 -1 -1
BITMAP
00008000
0001E000
0001C000
00004000
00000000
00000000
000007C0
02001FE0
02003FF0
02007870
0301C030
03870070
FFFFFFF0
FFFFFFF0
FCFFFFF0
00000000
00000000
00004000
0000F000
0000E000
00002000
ENDCHAR
STARTCHAR glyph1635
ENCODING -1
SWIDTH 846 0
DWIDTH 27 0
BBX 28 21 -1 -1
BITMAP
00008000
0001E000
0001C000
00004000
00000000
00000000
000007C0
02001FE0
02003FF0
02007870
0301C030
03870070
FFFFFFF0
FFFFFFF0
FCFFFFF0
00000000
00000000
00004000
0000F000
0000E000
00002000
ENDCHAR
STARTCHAR glyph1637
ENCODING -1
SWIDTH 450 0
DWIDTH 14 0
BBX 14 28 1 -6
BITMAP
0200
0780
0700
0100
0000
0000
0000
0780
0FC0
1FC0
13C0
0380
0780
0FC0
19F8
30F8
6078
4000
8200
8780
8700
C100
C000
F000
7E00
3FFC
1FF8
07E0
ENDCHAR
STARTCHAR glyph1638
ENCODING -1
SWIDTH 525 0
DWIDTH 17 0
BBX 16 22 -1 -1
BITMAP
0100
01C0
0380
0080
0000
0000
03E0
0FF0
1FF8
1C00
1800
1C03
0E3E
FFFE
FFF8
FF80
0000
0000
0020
0078
0070
0030
ENDCHAR
STARTCHAR glyph1639
ENCODING -1
SWIDTH 394 0
DWIDTH 13 0
BBX 14 22 -1 -1
BITMAP
0200
0780
0700
0100
0000
0000
0000
0FC0
1FF0
1FF0
13F0
01E0
07C0
FFFC
FE7C
F83C
0000
0000
0180
01C0
03C0
0080
ENDCHAR
STARTCHAR glyph1645
ENCODING -1
SWIDTH 244 0
DWIDTH 8 0
BBX 6 3 1 -2
BITMAP
0C
78
C0
ENDCHAR
STARTCHAR glyph1646
ENCODING -1
SWIDTH 244 0
DWIDTH 8 0
BBX 5 4 2 -5
BITMAP
60
78
D8
C0
ENDCHAR
STARTCHAR glyph1647
ENCODING -1
SWIDTH 244 0
DWIDTH 8 0
BBX 8 6 0 -4
BITMAP
06
6F
F6
6C
1E
0C
ENDCHAR
STARTCHAR glyph1648
ENCODING -1
SWIDTH 244 0
DWIDTH 8 0
BBX 2 3 3 -2
BITMAP
C0
00
C0
ENDCHAR
STARTCHAR glyph1649
ENCODING -1
SWIDTH 244 0
DWIDTH 8 0
BBX 5 3 2 -3
BITMAP
18
C0
30
ENDCHAR
STARTCHAR glyph1650
ENCODING -1
SWIDTH 812 0
DWIDTH 26 0
BBX 26 22 0 5
BITMAP
0000C000
0000B000
0001A000
00010000
00000100
00000F00
00003F00
0000FC00
0001E000
00038000
00030000
0003C000
0003F000
4001F800
80003C00
80000E00
80000300
80000180
E00000C0
FFFFFFC0
7FFFFFC0
1FFFFFC0
ENDCHAR
STARTCHAR glyph1651
ENCODING -1
SWIDTH 932 0
DWIDTH 30 0
BBX 30 22 0 5
BITMAP
0000C000
0000B000
0001A000
00010000
00000100
00000F00
00003F00
0000FC00
0001E000
00038000
00030000
0003C000
0003E000
4001F800
80003C00
80000E00
80000F00
80000B80
E00039C0
FFFFF0FC
7FFFE07C
1FFF803C
ENDCHAR
STARTCHAR glyph1654
ENCODING -1
SWIDTH 341 0
DWIDTH 11 0
BBX 11 2 0 4
BITMAP
FFE0
FFE0
ENDCHAR
STARTCHAR glyph1656
ENCODING -1
SWIDTH 543 0
DWIDTH 17 0
BBX 16 26 0 2
BITMAP
1800
2000
1C00
7000
8000
6008
700E
780F
7C0F
3C06
1E04
0F04
0104
0084
00C4
0048
0068
0028
0010
0010
0028
00C8
0188
03F8
03F8
03E0
ENDCHAR
STARTCHAR glyph1657
ENCODING -1
SWIDTH 600 0
DWIDTH 19 0
BBX 19 24 0 4
BITMAP
180000
200000
1C0000
700000
800000
300200
3C0600
3E0600
1F0600
1F8600
05C300
006300
006300
003300
001300
001300
000500
000D80
001980
003980
00F1E0
03F0E0
1FC060
7F0000
ENDCHAR
STARTCHAR glyph1658
ENCODING -1
SWIDTH 543 0
DWIDTH 17 0
BBX 15 27 1 -4
BITMAP
C010
E01C
F01E
F81E
780C
3C08
1E08
0208
0108
0188
0090
00D0
0050
0020
0020
0050
0190
0310
07F0
07F0
07C0
0000
0600
0800
0700
1C00
2000
ENDCHAR
STARTCHAR glyph1659
ENCODING -1
SWIDTH 600 0
DWIDTH 19 0
BBX 18 26 1 -3
BITMAP
600400
780C00
7C0C00
3E0C00
3F0C00
0B8600
00C600
00C600
006600
002600
002600
000A00
001B00
003300
007300
01E3C0
07E1C0
3F80C0
FE0000
000000
000000
000000
0C0000
100000
1C0000
700000
ENDCHAR
STARTCHAR glyph1660
ENCODING -1
SWIDTH 543 0
DWIDTH 17 0
BBX 15 23 1 2
BITMAP
0100
0600
C610
E39C
F61E
F81E
780C
3C08
1E08
0208
0108
0188
0090
00D0
0050
0020
0020
0050
0190
0310
07F0
07F0
07C0
ENDCHAR
STARTCHAR glyph1661
ENCODING -1
SWIDTH 600 0
DWIDTH 19 0
BBX 18 22 1 4
BITMAP
010000
020000
020000
638400
7A0C00
7C0C00
3E0C00
3F0C00
0B8600
00C600
00C600
006600
002600
002600
000A00
001B00
003300
007300
01E3C0
07E1C0
3F80C0
FE0000
ENDCHAR
STARTCHAR glyph1662
ENCODING -1
SWIDTH 543 0
DWIDTH 17 0
BBX 15 26 1 2
BITMAP
0012
000A
000C
0004
0000
C010
E01C
F01E
F81E
780C
3C08
1E08
0208
0108
0188
0090
00D0
0050
0020
0020
0050
0190
0310
07F0
07F0
07C0
ENDCHAR
STARTCHAR glyph1663
ENCODING -1
SWIDTH 600 0
DWIDTH 19 0
BBX 18 24 1 4
BITMAP
002400
001400
001800
000800
000000
600400
780C00
7C0C00
3E0C00
3F0C00
0B8600
00C600
00C600
006600
002600
002600
000A00
001B00
003300
007300
01E3C0
07E1C0
3F80C0
FE0000
ENDCHAR
STARTCHAR glyph1664
ENCODING -1
SWIDTH 543 0
DWIDTH 17 0
BBX 15 26 1 2
BITMAP
0010
001C
003C
0008
0000
C010
E01C
F01E
F81E
780C
3C08
1E08
0208
0108
0188
0090
00D0
0050
0020
0020
0050
0190
0310
07F0
07F0
07C0
ENDCHAR
STARTCHAR glyph1665
ENCODING -1
SWIDTH 600 0
DWIDTH 19 0
BBX 18 24 1 4
BITMAP
001000
001C00
003C00
000800
000000
600400
780C00
7C0C00
3E0C00
3F0C00
0B8600
00C600
00C600
006600
002600
002600
000A00
001B00
003300
007300
01E3C0
07E1C0
3F80C0
FE0000
ENDCHAR
STARTCHAR glyph1666
ENCODING -1
SWIDTH 543 0
DWIDTH 17 0
BBX 15 26 1 2
BITMAP
0018
0016
0034
0020
0000
C010
E01C
F01E
F81E
780C
3C08
1E08
0208
0108
0188
0090
00D0
0050
0020
0020
0050
0190
0310
07F0
07F0
07C0
ENDCHAR
STARTCHAR glyph1667
ENCODING -1
SWIDTH 600 0
DWIDTH 19 0
BBX 18 24 1 4
BITMAP
001000
003400
002C00
006000
000000
600400
780C00
7C0C00
3E0C00
3F0C00
0B8600
00C600
00C600
006600
002600
002600
000A00
001B00
003300
007300
01E3C0
07E1C0
3F80C0
FE0000
ENDCHAR
STARTCHAR glyph1668
ENCODING -1
SWIDTH 543 0
DWIDTH 17 0
BBX 15 28 1 -5
BITMAP
C010
E01C
F01E
F81E
780C
3C08
1E08
0208
0108
0188
0090
00D0
0050
0020
0020
0050
0190
0310
07F0
07F0
07C0
0000
0010
013C
03D8
01A0
0078
0030
ENDCHAR
STARTCHAR glyph1669
ENCODING -1
SWIDTH 600 0
DWIDTH 19 0
BBX 18 28 1 -5
BITMAP
600400
780C00
7C0C00
3E0C00
3F0C00
0B8600
00C600
00C600
006600
002600
002600
000A00
001B00
003300
007300
01E3C0
07E1C0
3F80C0
FE0000
000000
000000
000000
000180
001BC0
003D80
001B00
000780
000300
ENDCHAR
STARTCHAR glyph1670
ENCODING -1
SWIDTH 525 0
DWIDTH 17 0
BBX 14 18 2 5
BITMAP
1E70
7F78
FFC4
61C0
7080
3880
1880
1C00
0C00
0C00
0E00
0600
0600
0600
0600
0600
0200
0200
ENDCHAR
STARTCHAR glyph1671
ENCODING -1
SWIDTH 525 0
DWIDTH 17 0
BBX 12 19 3 4
BITMAP
0200
0200
0600
0600
0600
0600
0C00
0C00
0C00
1800
1800
3000
7000
FFE0
FFF0
FFF0
7FF0
6030
0010
ENDCHAR
STARTCHAR glyph1672
ENCODING -1
SWIDTH 543 0
DWIDTH 17 0
BBX 16 26 0 2
BITMAP
0E00
3200
FC00
8000
0000
6008
700E
780F
7C0F
3C06
1E04
0F04
0104
0084
00C4
0048
0068
0028
0010
0010
0028
00C8
0188
03F8
03F8
03E0
ENDCHAR
STARTCHAR glyph1673
ENCODING -1
SWIDTH 600 0
DWIDTH 19 0
BBX 18 24 1 4
BITMAP
0E0000
320000
FC0000
800000
000000
600400
780C00
7C0C00
3E0C00
3F0C00
0B8600
00C600
00C600
006600
002600
002600
000A00
001B00
003300
007300
01E3C0
07E1C0
3F80C0
FE0000
ENDCHAR
ENDFONT
