STARTFONT 2.1
FONT -FontForge-Arial-Book-R-Normal--40-380-75-75-P-214-ISO10646-1
SIZE 38 75 75
FONTBOUNDINGBOX 107 53 -27 -13
COMMENT "Generated by fontforge, http://fontforge.sourceforge.net"
COMMENT "Typeface (c) The Monotype Corporation plc. Data (c) The Monotype Corporation plc/Type Solutions Inc. 1990-1992. All Rights Reserved"
STARTPROPERTIES 40
FOUNDRY "FontForge"
FAMILY_NAME "Arial"
WEIGHT_NAME "Book"
SLANT "R"
SETWIDTH_NAME "Normal"
ADD_STYLE_NAME ""
PIXEL_SIZE 40
POINT_SIZE 380
RESOLUTION_X 75
RESOLUTION_Y 75
SPACING "P"
AVERAGE_WIDTH 214
CHARSET_REGISTRY "ISO10646"
CHARSET_ENCODING "1"
FONTNAME_REGISTRY ""
CHARSET_COLLECTIONS "ASCII ISOLatin1Encoding ISO8859-2 ISO8859-5 ISO8859-7 ISO8859-9 ISO8859-8 ISO8859-6 ISO8859-4 Symbol ISO10646-1"
FONT_NAME "ArialMT"
FACE_NAME "Arial"
COPYRIGHT "Typeface (c) The Monotype Corporation plc. Data (c) The Monotype Corporation plc/Type Solutions Inc. 1990-1992. All Rights Reserved"
FONT_VERSION "3.00"
FONT_ASCENT 32
FONT_DESCENT 8
UNDERLINE_POSITION -6
UNDERLINE_THICKNESS 3
X_HEIGHT 20
CAP_HEIGHT 28
RAW_ASCENT 799
RAW_DESCENT 200
NORM_SPACE 11
RELATIVE_WEIGHT 40
RELATIVE_SETWIDTH 50
SUPERSCRIPT_X 0
SUPERSCRIPT_Y 19
SUPERSCRIPT_SIZE 25
SUBSCRIPT_X 0
SUBSCRIPT_Y 5
SUBSCRIPT_SIZE 25
FIGURE_WIDTH 22
AVG_LOWERCASE_WIDTH 206
AVG_UPPERCASE_WIDTH 274
ENDPROPERTIES
CHARS 1777
STARTCHAR space
ENCODING 32
SWIDTH 277 0
DWIDTH 11 0
BBX 1 1 0 0
BITMAP
00
ENDCHAR
STARTCHAR exclam
ENCODING 33
SWIDTH 277 0
DWIDTH 14 0
BBX 4 29 5 0
BITMAP
F0
F0
F0
F0
F0
F0
F0
F0
F0
F0
F0
F0
F0
F0
70
60
60
60
60
60
60
60
00
00
00
F0
F0
F0
F0
ENDCHAR
STARTCHAR quotedbl
ENCODING 34
SWIDTH 354 0
DWIDTH 14 0
BBX 11 10 2 19
BITMAP
F1E0
F1E0
F1E0
F1E0
F1E0
F1E0
F1E0
60E0
60C0
60C0
ENDCHAR
STARTCHAR numbersign
ENCODING 35
SWIDTH 556 0
DWIDTH 22 0
BBX 22 29 0 0
BITMAP
00F0F0
00F0F0
01F1E0
01E1E0
01E1E0
01E1E0
01E1E0
FFFFFC
FFFFFC
FFFFFC
FFFFFC
03C3C0
078780
078780
078780
078780
078780
FFFFFC
FFFFFC
FFFFFC
FFFFFC
0F1F00
1E1E00
1E1E00
1E1E00
1E1E00
1E3E00
3C3C00
3C3C00
ENDCHAR
STARTCHAR dollar
ENCODING 36
SWIDTH 556 0
DWIDTH 22 0
BBX 19 35 1 -4
BITMAP
006000
006000
03F800
0FFE00
1FFF00
3E6F80
3C6780
7863C0
7863C0
786000
786000
7C6000
3E6000
3FE000
1FF000
0FFC00
03FF00
00FF80
007FC0
0067C0
0063E0
0061E0
F061E0
F061E0
F861E0
7863E0
7C63C0
3E67C0
1FFF80
0FFF00
03FC00
006000
006000
006000
006000
ENDCHAR
STARTCHAR percent
ENCODING 37
SWIDTH 889 0
DWIDTH 36 0
BBX 32 29 2 0
BITMAP
1F0001C0
3FC003C0
79E00380
70E00780
E0700700
E0700E00
E0701E00
E0701C00
E0703C00
E0703800
E0707000
70E0F000
79E0E000
3FC1E000
0F01C1F0
000383FC
0007879E
0007070E
000F0E07
000E0E07
001C0E07
003C0E07
00380E07
00780E07
00700E07
00E0070E
01E0079E
01C003FC
03C001F0
ENDCHAR
STARTCHAR ampersand
ENCODING 38
SWIDTH 666 0
DWIDTH 27 0
BBX 24 29 2 0
BITMAP
00F800
03FE00
07FF00
078F00
0F0780
0F0780
0F0780
0F0780
0F8F00
079F00
07FE00
03FC00
03F000
07F000
1FF800
3E7C00
7C3E3C
783E3C
F81F78
F00FF8
F007F0
F003F0
F003F0
F803F8
7C07FC
3E1FFE
3FFF3F
0FFE1E
03F00C
ENDCHAR
STARTCHAR quotesingle
ENCODING 39
SWIDTH 190 0
DWIDTH 8 0
BBX 4 10 2 19
BITMAP
F0
F0
F0
F0
F0
F0
F0
F0
60
60
ENDCHAR
STARTCHAR parenleft
ENCODING 40
SWIDTH 333 0
DWIDTH 13 0
BBX 10 37 2 -8
BITMAP
01C0
0380
0700
0700
0E00
1E00
1C00
3C00
3C00
3800
7800
7800
7800
F000
F000
F000
F000
F000
F000
F000
F000
F000
F000
F000
7800
7800
7800
3800
3C00
3C00
1E00
1E00
0E00
0700
0700
0380
01C0
ENDCHAR
STARTCHAR parenright
ENCODING 41
SWIDTH 333 0
DWIDTH 13 0
BBX 10 37 1 -8
BITMAP
E000
7000
7800
3800
1C00
1E00
0E00
0F00
0F00
0700
0780
0780
0780
03C0
03C0
03C0
03C0
03C0
03C0
03C0
03C0
03C0
03C0
03C0
0780
0780
0780
0700
0F00
0F00
1E00
1E00
1C00
3800
3800
7000
E000
ENDCHAR
STARTCHAR asterisk
ENCODING 42
SWIDTH 389 0
DWIDTH 16 0
BBX 13 12 1 17
BITMAP
0700
0700
0700
4710
F778
FFF8
3FE0
0F80
1DC0
3DE0
38E0
1040
ENDCHAR
STARTCHAR plus
ENCODING 43
SWIDTH 583 0
DWIDTH 23 0
BBX 19 19 2 5
BITMAP
00E000
00E000
00E000
00E000
00E000
00E000
00E000
00E000
FFFFE0
FFFFE0
FFFFE0
00E000
00E000
00E000
00E000
00E000
00E000
00E000
00E000
ENDCHAR
STARTCHAR comma
ENCODING 44
SWIDTH 277 0
DWIDTH 11 0
BBX 4 10 4 -6
BITMAP
F0
F0
F0
F0
30
30
30
60
60
C0
ENDCHAR
STARTCHAR hyphen
ENCODING 45
SWIDTH 333 0
DWIDTH 13 0
BBX 11 3 1 9
BITMAP
FFE0
FFE0
FFE0
ENDCHAR
STARTCHAR period
ENCODING 46
SWIDTH 277 0
DWIDTH 11 0
BBX 4 4 4 0
BITMAP
F0
F0
F0
F0
ENDCHAR
STARTCHAR slash
ENCODING 47
SWIDTH 277 0
DWIDTH 11 0
BBX 11 29 0 0
BITMAP
00E0
00E0
01C0
01C0
01C0
03C0
0380
0380
0380
0700
0700
0700
0700
0E00
0E00
0E00
1E00
1C00
1C00
1C00
3800
3800
3800
3800
7000
7000
7000
F000
E000
ENDCHAR
STARTCHAR zero
ENCODING 48
SWIDTH 556 0
DWIDTH 22 0
BBX 18 29 2 0
BITMAP
03F000
0FFC00
1FFE00
3FFF00
3E1F00
7C0F80
780780
780780
F007C0
F003C0
F003C0
F003C0
F003C0
F003C0
F003C0
F003C0
F003C0
F003C0
F003C0
F003C0
F003C0
780780
780780
7C0F80
3E1F00
3FFF00
1FFE00
0FFC00
03F000
ENDCHAR
STARTCHAR one
ENCODING 49
SWIDTH 556 0
DWIDTH 22 0
BBX 10 29 4 0
BITMAP
01C0
01C0
03C0
07C0
0FC0
1FC0
7FC0
FBC0
F3C0
C3C0
03C0
03C0
03C0
03C0
03C0
03C0
03C0
03C0
03C0
03C0
03C0
03C0
03C0
03C0
03C0
03C0
03C0
03C0
03C0
ENDCHAR
STARTCHAR two
ENCODING 50
SWIDTH 556 0
DWIDTH 22 0
BBX 19 29 1 0
BITMAP
03F800
0FFE00
3FFF80
3FFFC0
7E0FC0
7803E0
F001E0
F001E0
0001E0
0001E0
0001E0
0003C0
0007C0
000F80
001F00
003F00
007E00
00F800
01F000
07E000
0FC000
1F8000
3E0000
3C0000
780000
7FFFE0
FFFFE0
FFFFE0
FFFFE0
ENDCHAR
STARTCHAR three
ENCODING 51
SWIDTH 556 0
DWIDTH 22 0
BBX 18 29 2 0
BITMAP
07E000
1FF800
3FFC00
7FFE00
7C3E00
F81F00
F00F00
000F00
000F00
000F00
001E00
003C00
01F800
01F800
01FE00
000F00
000780
0003C0
0003C0
0003C0
0003C0
F003C0
F807C0
780780
7C1F80
3FFF00
3FFE00
0FFC00
03F000
ENDCHAR
STARTCHAR four
ENCODING 52
SWIDTH 556 0
DWIDTH 22 0
BBX 19 29 1 0
BITMAP
000E00
001E00
003E00
003E00
007E00
00FE00
00FE00
01FE00
03FE00
03DE00
07DE00
0F9E00
0F1E00
1F1E00
3E1E00
3C1E00
7C1E00
F81E00
FFFFE0
FFFFE0
FFFFE0
FFFFE0
001E00
001E00
001E00
001E00
001E00
001E00
001E00
ENDCHAR
STARTCHAR five
ENCODING 53
SWIDTH 556 0
DWIDTH 22 0
BBX 18 29 2 0
BITMAP
1FFF00
1FFF00
3FFF00
3FFF00
3C0000
3C0000
3C0000
7C0000
780000
79F800
7BFC00
7FFE00
FFFF00
FC1F80
F00780
0007C0
0003C0
0003C0
0003C0
0003C0
0003C0
F003C0
F00780
780780
7C1F00
3FFF00
3FFE00
0FFC00
03F000
ENDCHAR
STARTCHAR six
ENCODING 54
SWIDTH 556 0
DWIDTH 22 0
BBX 19 29 1 0
BITMAP
01FC00
07FF00
0FFF80
1FFFC0
3F07C0
3C03E0
7C01E0
780000
780000
F00000
F0F800
F3FE00
F7FF80
FFFF80
FE0FC0
FC03C0
F803E0
F001E0
F001E0
F001E0
F001E0
7001E0
7803E0
7C03C0
3E0FC0
1FFF80
1FFF00
07FE00
01F800
ENDCHAR
STARTCHAR seven
ENCODING 55
SWIDTH 556 0
DWIDTH 22 0
BBX 18 29 2 0
BITMAP
FFFFC0
FFFFC0
FFFFC0
FFFFC0
000380
000700
000F00
001E00
001C00
003C00
003800
007800
00F000
00F000
01E000
01E000
01E000
03C000
03C000
03C000
078000
078000
078000
078000
0F8000
0F0000
0F0000
0F0000
0F0000
ENDCHAR
STARTCHAR eight
ENCODING 56
SWIDTH 556 0
DWIDTH 22 0
BBX 18 29 2 0
BITMAP
03F000
0FFC00
1FFE00
3FFF00
7E1F00
7C0F80
780780
780780
780780
7C0F80
3E1F00
1FFE00
07F800
0FFC00
3FFF00
7C0F00
780780
F007C0
F003C0
F003C0
F003C0
F003C0
F007C0
780780
7E0F80
3FFF00
3FFF00
0FFC00
03F000
ENDCHAR
STARTCHAR nine
ENCODING 57
SWIDTH 556 0
DWIDTH 22 0
BBX 18 29 2 0
BITMAP
03F000
0FFC00
1FFE00
3FFF00
7E0F00
780780
F80780
F00380
F003C0
F003C0
F003C0
F003C0
F807C0
7807C0
7C1FC0
3FFFC0
3FFBC0
1FF3C0
07C3C0
0003C0
000780
000780
F00780
F80F00
7C1F00
7FFE00
3FFC00
1FF800
07E000
ENDCHAR
STARTCHAR colon
ENCODING 58
SWIDTH 277 0
DWIDTH 11 0
BBX 4 21 4 0
BITMAP
F0
F0
F0
F0
00
00
00
00
00
00
00
00
00
00
00
00
00
F0
F0
F0
F0
ENDCHAR
STARTCHAR semicolon
ENCODING 59
SWIDTH 277 0
DWIDTH 11 0
BBX 4 27 4 -6
BITMAP
F0
F0
F0
F0
00
00
00
00
00
00
00
00
00
00
00
00
00
F0
F0
F0
F0
30
30
30
60
60
C0
ENDCHAR
STARTCHAR less
ENCODING 60
SWIDTH 583 0
DWIDTH 23 0
BBX 19 19 2 5
BITMAP
000020
0001E0
0007E0
001FE0
00FFC0
03FE00
0FF000
7F8000
FE0000
F00000
FE0000
7F8000
0FF000
03FE00
00FFC0
001FE0
0007E0
0001E0
000020
ENDCHAR
STARTCHAR equal
ENCODING 61
SWIDTH 583 0
DWIDTH 23 0
BBX 19 12 2 8
BITMAP
FFFFE0
FFFFE0
FFFFE0
FFFFE0
000000
000000
000000
000000
FFFFE0
FFFFE0
FFFFE0
FFFFE0
ENDCHAR
STARTCHAR greater
ENCODING 62
SWIDTH 583 0
DWIDTH 23 0
BBX 19 19 2 5
BITMAP
800000
F00000
FC0000
FF0000
7FE000
0FF800
01FE00
003FC0
000FE0
0001E0
000FE0
003FC0
01FE00
0FF800
7FE000
FF0000
FC0000
F00000
800000
ENDCHAR
STARTCHAR question
ENCODING 63
SWIDTH 556 0
DWIDTH 22 0
BBX 18 29 2 0
BITMAP
03F800
0FFE00
3FFF00
3E1F80
780780
7807C0
F003C0
F003C0
0003C0
0007C0
000780
000F80
003F00
007E00
00FC00
00F800
01F000
03E000
03C000
03C000
03C000
03C000
000000
000000
000000
03C000
03C000
03C000
03C000
ENDCHAR
STARTCHAR at
ENCODING 64
SWIDTH 1015 0
DWIDTH 41 0
BBX 37 37 2 -8
BITMAP
0003FF0000
001FFFE000
007FFFF800
00FFFFFC00
03FE01FF00
07F0003F00
07C0000F80
0F800007C0
1E01F0F3C0
1C07FCF1E0
3C0FFFE0E0
381FFFE0F0
783F0FE0F0
703E07E070
707C03C070
E07803C070
E07803C070
E0F003C070
E0F0038070
E0F00380E0
E0F00780E0
E0F00781C0
E0F00F01C0
F0F81F0380
707C3F0700
707FFF1F00
783FEFFC00
381FCFF800
3C0F87E078
1E000001F0
1F800003E0
0FE0000FC0
07FC007F80
01FFFFFF00
00FFFFFC00
003FFFF000
0003FF8000
ENDCHAR
STARTCHAR A
ENCODING 65
SWIDTH 666 0
DWIDTH 27 0
BBX 27 29 0 0
BITMAP
003F0000
003F0000
007F8000
007F8000
00738000
00F3C000
00F1C000
00E1E000
01E1E000
01E0E000
01C0F000
03C07000
03C07800
07807800
07803800
07803C00
0FFFFC00
0FFFFE00
0FFFFE00
1FFFFE00
1E000F00
1E000F00
3C000780
3C000780
7C000780
780003C0
780003C0
F80003E0
F00001E0
ENDCHAR
STARTCHAR B
ENCODING 66
SWIDTH 666 0
DWIDTH 27 0
BBX 22 29 3 0
BITMAP
FFFE00
FFFFC0
FFFFE0
FFFFF0
F001F0
F000F8
F00078
F00078
F00078
F00078
F000F0
F001F0
FFFFE0
FFFFC0
FFFFC0
FFFFF0
F001F8
F00078
F0003C
F0003C
F0003C
F0003C
F0003C
F0007C
F001F8
FFFFF8
FFFFF0
FFFFC0
FFFF00
ENDCHAR
STARTCHAR C
ENCODING 67
SWIDTH 722 0
DWIDTH 29 0
BBX 25 29 2 0
BITMAP
007F8000
01FFE000
07FFF000
0FFFF800
1FC0FC00
3F003E00
3C003E00
7C001F00
78000F00
78000000
F0000000
F0000000
F0000000
F0000000
F0000000
F0000000
F0000000
F0000000
F0000400
78000780
78000F80
7C000F00
3E001F00
3F003E00
1FC0FE00
0FFFFC00
07FFF800
03FFE000
007F8000
ENDCHAR
STARTCHAR D
ENCODING 68
SWIDTH 722 0
DWIDTH 29 0
BBX 24 29 3 0
BITMAP
FFFF00
FFFFC0
FFFFE0
FFFFF0
F001F8
F0007C
F0003C
F0003E
F0001E
F0001E
F0000F
F0000F
F0000F
F0000F
F0000F
F0000F
F0000F
F0000F
F0000F
F0001E
F0001E
F0003E
F0003C
F0007C
F001F8
FFFFF0
FFFFE0
FFFFC0
FFFE00
ENDCHAR
STARTCHAR E
ENCODING 69
SWIDTH 666 0
DWIDTH 27 0
BBX 22 29 3 0
BITMAP
FFFFF8
FFFFF8
FFFFF8
FFFFF8
F00000
F00000
F00000
F00000
F00000
F00000
F00000
F00000
FFFFF0
FFFFF0
FFFFF0
FFFFF0
F00000
F00000
F00000
F00000
F00000
F00000
F00000
F00000
F00000
FFFFFC
FFFFFC
FFFFFC
FFFFFC
ENDCHAR
STARTCHAR F
ENCODING 70
SWIDTH 610 0
DWIDTH 24 0
BBX 19 29 3 0
BITMAP
FFFFE0
FFFFE0
FFFFE0
FFFFE0
F00000
F00000
F00000
F00000
F00000
F00000
F00000
F00000
FFFF80
FFFF80
FFFF80
FFFF80
F00000
F00000
F00000
F00000
F00000
F00000
F00000
F00000
F00000
F00000
F00000
F00000
F00000
ENDCHAR
STARTCHAR G
ENCODING 71
SWIDTH 777 0
DWIDTH 31 0
BBX 26 29 2 0
BITMAP
003FC000
01FFF800
07FFFC00
0FFFFE00
1FC07F00
1F001F00
3E000F80
7C000780
78000780
78000000
F8000000
F0000000
F0000000
F0000000
F003FFC0
F003FFC0
F003FFC0
F003FFC0
F80003C0
780003C0
780003C0
7C0003C0
3E0003C0
1F000FC0
1FE03FC0
0FFFFF80
03FFFE00
01FFF800
003FE000
ENDCHAR
STARTCHAR H
ENCODING 72
SWIDTH 722 0
DWIDTH 29 0
BBX 23 29 3 0
BITMAP
F0001E
F0001E
F0001E
F0001E
F0001E
F0001E
F0001E
F0001E
F0001E
F0001E
F0001E
FFFFFE
FFFFFE
FFFFFE
FFFFFE
F0001E
F0001E
F0001E
F0001E
F0001E
F0001E
F0001E
F0001E
F0001E
F0001E
F0001E
F0001E
F0001E
F0001E
ENDCHAR
STARTCHAR I
ENCODING 73
SWIDTH 277 0
DWIDTH 10 0
BBX 4 29 3 0
BITMAP
F0
F0
F0
F0
F0
F0
F0
F0
F0
F0
F0
F0
F0
F0
F0
F0
F0
F0
F0
F0
F0
F0
F0
F0
F0
F0
F0
F0
F0
ENDCHAR
STARTCHAR J
ENCODING 74
SWIDTH 500 0
DWIDTH 20 0
BBX 16 29 1 0
BITMAP
000F
000F
000F
000F
000F
000F
000F
000F
000F
000F
000F
000F
000F
000F
000F
000F
000F
000F
000F
000F
F00F
F00F
F00F
F81F
7C3E
7FFE
3FFC
1FF8
0FE0
ENDCHAR
STARTCHAR K
ENCODING 75
SWIDTH 666 0
DWIDTH 27 0
BBX 24 29 3 0
BITMAP
F0007E
F000FC
F001F8
F003F0
F007E0
F00FC0
F01F80
F03F00
F07E00
F0FC00
F1F800
F3F000
F7E000
FFF000
FFF800
FF7C00
FE3E00
FC1E00
F81F00
F00F80
F007C0
F003C0
F003E0
F001F0
F000F8
F00078
F0007C
F0003E
F0001F
ENDCHAR
STARTCHAR L
ENCODING 76
SWIDTH 556 0
DWIDTH 22 0
BBX 18 29 3 0
BITMAP
F00000
F00000
F00000
F00000
F00000
F00000
F00000
F00000
F00000
F00000
F00000
F00000
F00000
F00000
F00000
F00000
F00000
F00000
F00000
F00000
F00000
F00000
F00000
F00000
F00000
FFFFC0
FFFFC0
FFFFC0
FFFFC0
ENDCHAR
STARTCHAR M
ENCODING 77
SWIDTH 833 0
DWIDTH 33 0
BBX 27 29 3 0
BITMAP
FC0007E0
FC0007E0
FE000FE0
FE000FE0
FE000FE0
FF001FE0
F7001DE0
F7001DE0
F7803DE0
F38039E0
F38039E0
F3C079E0
F1C071E0
F1C071E0
F1C071E0
F0E0E1E0
F0E0E1E0
F0E0E1E0
F071E1E0
F071C1E0
F071C1E0
F07BC1E0
F03B81E0
F03B81E0
F03F81E0
F01F01E0
F01F01E0
F01F01E0
F00E01E0
ENDCHAR
STARTCHAR N
ENCODING 78
SWIDTH 722 0
DWIDTH 29 0
BBX 23 29 3 0
BITMAP
F8001E
F8001E
FC001E
FE001E
FE001E
FF001E
FF801E
F7801E
F7C01E
F3E01E
F1E01E
F1F01E
F0F81E
F0F81E
F07C1E
F03E1E
F03E1E
F01F1E
F00F1E
F00F9E
F007DE
F003DE
F003FE
F001FE
F000FE
F000FE
F0007E
F0003E
F0003E
ENDCHAR
STARTCHAR O
ENCODING 79
SWIDTH 777 0
DWIDTH 31 0
BBX 27 29 2 0
BITMAP
003F8000
01FFF000
07FFFC00
0FFFFE00
1FC07F00
3F001F00
3E000F80
7C0007C0
780003C0
780003C0
F80003E0
F00001E0
F00001E0
F00001E0
F00001E0
F00001E0
F00001E0
F00001E0
F00003E0
780003C0
780003C0
7C0007C0
3E000F80
1F001F00
1FC07F00
0FFFFE00
07FFFC00
01FFF000
003F8000
ENDCHAR
STARTCHAR P
ENCODING 80
SWIDTH 666 0
DWIDTH 27 0
BBX 22 29 3 0
BITMAP
FFFF00
FFFFE0
FFFFF0
FFFFF0
F001F8
F00078
F0007C
F0003C
F0003C
F0003C
F0003C
F0007C
F00078
F001F8
FFFFF0
FFFFF0
FFFFC0
FFFF00
F00000
F00000
F00000
F00000
F00000
F00000
F00000
F00000
F00000
F00000
F00000
ENDCHAR
STARTCHAR Q
ENCODING 81
SWIDTH 777 0
DWIDTH 31 0
BBX 27 31 2 -2
BITMAP
007F8000
01FFE000
07FFF800
0FFFFC00
1FC0FE00
3F003F00
3E001F00
7C000F80
78000780
78000780
F00007C0
F00003C0
F00003C0
F00003C0
F00003C0
F00003C0
F00003C0
F00003C0
F0000780
78000780
78020780
7C078F00
3E07FF00
3F01FE00
1FC0FC00
0FFFFE00
07FFFF00
01FFFFC0
007F87E0
000001C0
00000040
ENDCHAR
STARTCHAR R
ENCODING 82
SWIDTH 722 0
DWIDTH 29 0
BBX 25 29 3 0
BITMAP
FFFFC000
FFFFF000
FFFFF800
FFFFFC00
F000FC00
F0003E00
F0001E00
F0001E00
F0001E00
F0001E00
F0003E00
F000FC00
FFFFFC00
FFFFF800
FFFFF000
FFFF8000
F01F0000
F0078000
F003C000
F003E000
F001F000
F000F000
F000F800
F0007C00
F0003C00
F0003E00
F0001F00
F0000F00
F0000F80
ENDCHAR
STARTCHAR S
ENCODING 83
SWIDTH 666 0
DWIDTH 27 0
BBX 23 29 2 0
BITMAP
01FE00
07FFC0
1FFFE0
3FFFF0
3F01F8
7C00F8
78007C
78003C
78003C
780000
3C0000
3F8000
1FF800
07FF80
01FFE0
003FF8
0003FC
00007C
00003E
F0001E
F0001E
F8001E
78003E
7E003C
3F80FC
3FFFF8
0FFFF0
07FFE0
00FF00
ENDCHAR
STARTCHAR T
ENCODING 84
SWIDTH 610 0
DWIDTH 24 0
BBX 22 29 1 0
BITMAP
FFFFFC
FFFFFC
FFFFFC
FFFFFC
007800
007800
007800
007800
007800
007800
007800
007800
007800
007800
007800
007800
007800
007800
007800
007800
007800
007800
007800
007800
007800
007800
007800
007800
007800
ENDCHAR
STARTCHAR U
ENCODING 85
SWIDTH 722 0
DWIDTH 29 0
BBX 23 29 3 0
BITMAP
F0001E
F0001E
F0001E
F0001E
F0001E
F0001E
F0001E
F0001E
F0001E
F0001E
F0001E
F0001E
F0001E
F0001E
F0001E
F0001E
F0001E
F0001E
F0001E
F0001E
F0001E
F8003E
78003C
7C007C
3F01F8
3FFFF8
1FFFF0
07FFC0
01FF00
ENDCHAR
STARTCHAR V
ENCODING 86
SWIDTH 666 0
DWIDTH 27 0
BBX 27 29 0 0
BITMAP
F00001E0
F80003E0
780003C0
780003C0
7C0007C0
3C000780
3C000780
1E000F80
1E000F00
1F001F00
0F001E00
0F001E00
0F803E00
07803C00
07C07C00
03C07800
03C07800
03E0F800
01E0F000
01E0F000
01F1F000
00F1E000
00FBE000
007BC000
007BC000
007FC000
003F8000
003F8000
001F8000
ENDCHAR
STARTCHAR W
ENCODING 87
SWIDTH 943 0
DWIDTH 40 0
BBX 39 29 0 0
BITMAP
F000FE001E
F000FE001E
7800FE003C
7801FF003C
7801EF003C
7801EF003C
7801EF007C
3C03C78078
3C03C78078
3C03C78078
3C07C78078
1E0783C0F8
1E0783C0F0
1E0783C0F0
1E0F01E0F0
1E0F01E0F0
0F0F01E1E0
0F0F01E1E0
0F1E00F1E0
0F1E00F1E0
0F9E00F3E0
07BE007BC0
07BC007BC0
07BC007BC0
07BC007BC0
03F8003F80
03F8003F80
03F8003F80
03F8003F80
ENDCHAR
STARTCHAR X
ENCODING 88
SWIDTH 666 0
DWIDTH 27 0
BBX 27 29 0 0
BITMAP
3E000F80
1F001F00
0F003E00
0F803E00
07C07C00
03E0F800
01E0F000
01F1F000
00FBE000
007BC000
007FC000
003F8000
001F0000
001F0000
003F8000
007FC000
007BC000
00FBE000
01F1F000
01E0F000
03E0F800
07C07C00
07803C00
0F803E00
1F001F00
3E000F80
3C000780
7C0007C0
F80003E0
ENDCHAR
STARTCHAR Y
ENCODING 89
SWIDTH 666 0
DWIDTH 26 0
BBX 26 29 0 0
BITMAP
F80007C0
7C000F80
3C000F00
3E001F00
1F003E00
0F003C00
0F807C00
07C0F800
03C0F000
03E1F000
01E3E000
00F3C000
00FFC000
007F8000
003F0000
003F0000
001E0000
001E0000
001E0000
001E0000
001E0000
001E0000
001E0000
001E0000
001E0000
001E0000
001E0000
001E0000
001E0000
ENDCHAR
STARTCHAR Z
ENCODING 90
SWIDTH 610 0
DWIDTH 24 0
BBX 22 29 1 0
BITMAP
3FFFF8
3FFFF8
3FFFF8
3FFFF8
0000F8
0001F0
0003E0
0007C0
0007C0
000F80
001F00
003E00
007C00
007C00
00F800
01F000
03E000
03E000
07C000
0F8000
1F0000
1F0000
3E0000
7C0000
F80000
FFFFFC
FFFFFC
FFFFFC
FFFFFC
ENDCHAR
STARTCHAR bracketleft
ENCODING 91
SWIDTH 277 0
DWIDTH 11 0
BBX 8 37 2 -8
BITMAP
FF
FF
FF
F0
F0
F0
F0
F0
F0
F0
F0
F0
F0
F0
F0
F0
F0
F0
F0
F0
F0
F0
F0
F0
F0
F0
F0
F0
F0
F0
F0
F0
F0
F0
FF
FF
FF
ENDCHAR
STARTCHAR backslash
ENCODING 92
SWIDTH 277 0
DWIDTH 11 0
BBX 11 29 0 0
BITMAP
E000
E000
7000
7000
7000
7800
3800
3800
3800
1C00
1C00
1C00
1C00
0E00
0E00
0E00
0F00
0700
0700
0700
0380
0380
0380
0380
01C0
01C0
01C0
01E0
00E0
ENDCHAR
STARTCHAR bracketright
ENCODING 93
SWIDTH 277 0
DWIDTH 11 0
BBX 8 37 1 -8
BITMAP
FF
FF
FF
0F
0F
0F
0F
0F
0F
0F
0F
0F
0F
0F
0F
0F
0F
0F
0F
0F
0F
0F
0F
0F
0F
0F
0F
0F
0F
0F
0F
0F
0F
0F
FF
FF
FF
ENDCHAR
STARTCHAR asciicircum
ENCODING 94
SWIDTH 469 0
DWIDTH 19 0
BBX 17 15 1 14
BITMAP
01C000
03E000
03E000
07F000
077000
0F7800
0E3800
1E3C00
1E3C00
1C1C00
3C1E00
380E00
780F00
780F00
F00780
ENDCHAR
STARTCHAR underscore
ENCODING 95
SWIDTH 556 0
DWIDTH 22 0
BBX 23 3 -1 -8
BITMAP
FFFFFE
FFFFFE
FFFFFE
ENDCHAR
STARTCHAR grave
ENCODING 96
SWIDTH 333 0
DWIDTH 13 0
BBX 8 5 2 24
BITMAP
F8
7C
3C
1E
0F
ENDCHAR
STARTCHAR a
ENCODING 97
SWIDTH 556 0
DWIDTH 22 0
BBX 18 21 2 0
BITMAP
07F800
1FFE00
3FFF00
7C1F80
F80780
F00780
000780
001F80
03FF80
1FFF80
3FF780
7E0780
F80780
F00780
F00780
F00F80
F01F80
F83F80
7FFF80
3FE780
1F83C0
ENDCHAR
STARTCHAR b
ENCODING 98
SWIDTH 556 0
DWIDTH 22 0
BBX 18 29 2 0
BITMAP
F00000
F00000
F00000
F00000
F00000
F00000
F00000
F00000
F1F000
F7FC00
FFFE00
FE1F00
FC0F80
F80780
F80780
F003C0
F003C0
F003C0
F003C0
F003C0
F003C0
F003C0
F00780
F80780
FC0F80
FE1F00
FFFE00
F7FC00
F1F000
ENDCHAR
STARTCHAR c
ENCODING 99
SWIDTH 500 0
DWIDTH 20 0
BBX 17 21 2 0
BITMAP
03F000
0FFC00
1FFE00
3E1F00
7C0F00
780780
F80780
F00000
F00000
F00000
F00000
F00000
F00000
F00780
F00780
780F00
7C0F00
3E1E00
1FFE00
0FFC00
03F000
ENDCHAR
STARTCHAR d
ENCODING 100
SWIDTH 556 0
DWIDTH 22 0
BBX 18 29 2 0
BITMAP
0003C0
0003C0
0003C0
0003C0
0003C0
0003C0
0003C0
0003C0
03E3C0
0FFBC0
1FFFC0
3E1FC0
7C0FC0
7807C0
7807C0
F003C0
F003C0
F003C0
F003C0
F003C0
F003C0
F003C0
7807C0
7807C0
7C0FC0
3E1FC0
1FFFC0
0FFBC0
03E3C0
ENDCHAR
STARTCHAR e
ENCODING 101
SWIDTH 556 0
DWIDTH 22 0
BBX 18 21 2 0
BITMAP
03F000
0FFC00
1FFE00
3E1F00
780780
780780
7003C0
F003C0
FFFFC0
FFFFC0
FFFFC0
F00000
F00000
F00000
F80000
7803C0
7C0780
3E0F80
1FFF00
0FFE00
03F800
ENDCHAR
STARTCHAR f
ENCODING 102
SWIDTH 277 0
DWIDTH 12 0
BBX 13 29 1 0
BITMAP
03F8
0FF0
0FF0
1F00
1E00
1E00
1E00
1E00
FFE0
FFE0
FFE0
1E00
1E00
1E00
1E00
1E00
1E00
1E00
1E00
1E00
1E00
1E00
1E00
1E00
1E00
1E00
1E00
1E00
1E00
ENDCHAR
STARTCHAR g
ENCODING 103
SWIDTH 556 0
DWIDTH 22 0
BBX 18 29 2 -8
BITMAP
03E3C0
0FFBC0
1FFFC0
3E1FC0
7C0FC0
7807C0
7807C0
F003C0
F003C0
F003C0
F003C0
F003C0
F003C0
F003C0
7807C0
7807C0
7C0FC0
3E1FC0
1FFFC0
0FFBC0
07E3C0
0003C0
F003C0
F00780
F80780
7C1F80
7FFF00
1FFC00
07F000
ENDCHAR
STARTCHAR h
ENCODING 104
SWIDTH 556 0
DWIDTH 21 0
BBX 17 29 2 0
BITMAP
F00000
F00000
F00000
F00000
F00000
F00000
F00000
F00000
F1F800
F7FE00
FFFF00
FE1F00
FC0F80
F80780
F00780
F00780
F00780
F00780
F00780
F00780
F00780
F00780
F00780
F00780
F00780
F00780
F00780
F00780
F00780
ENDCHAR
STARTCHAR i
ENCODING 105
SWIDTH 222 0
DWIDTH 8 0
BBX 4 29 2 0
BITMAP
F0
F0
F0
F0
00
00
00
00
F0
F0
F0
F0
F0
F0
F0
F0
F0
F0
F0
F0
F0
F0
F0
F0
F0
F0
F0
F0
F0
ENDCHAR
STARTCHAR j
ENCODING 106
SWIDTH 222 0
DWIDTH 10 0
BBX 9 37 -2 -8
BITMAP
0780
0780
0780
0780
0000
0000
0000
0000
0780
0780
0780
0780
0780
0780
0780
0780
0780
0780
0780
0780
0780
0780
0780
0780
0780
0780
0780
0780
0780
0780
0780
0780
0780
0F80
7F00
FF00
FC00
ENDCHAR
STARTCHAR k
ENCODING 107
SWIDTH 500 0
DWIDTH 20 0
BBX 17 29 3 0
BITMAP
F00000
F00000
F00000
F00000
F00000
F00000
F00000
F00000
F01F00
F03E00
F07C00
F0F800
F1F000
F7E000
FFC000
FF8000
FF8000
FF8000
FFC000
F3E000
F1E000
F1F000
F0F800
F07800
F07C00
F03E00
F01E00
F01F00
F00F80
ENDCHAR
STARTCHAR l
ENCODING 108
SWIDTH 222 0
DWIDTH 8 0
BBX 4 29 2 0
BITMAP
F0
F0
F0
F0
F0
F0
F0
F0
F0
F0
F0
F0
F0
F0
F0
F0
F0
F0
F0
F0
F0
F0
F0
F0
F0
F0
F0
F0
F0
ENDCHAR
STARTCHAR m
ENCODING 109
SWIDTH 833 0
DWIDTH 34 0
BBX 28 21 3 0
BITMAP
F1F81F80
F3FC7FC0
F7FEFFE0
FE1FE3E0
F81F81F0
F80F80F0
F00F00F0
F00F00F0
F00F00F0
F00F00F0
F00F00F0
F00F00F0
F00F00F0
F00F00F0
F00F00F0
F00F00F0
F00F00F0
F00F00F0
F00F00F0
F00F00F0
F00F00F0
ENDCHAR
STARTCHAR n
ENCODING 110
SWIDTH 556 0
DWIDTH 21 0
BBX 17 21 2 0
BITMAP
F1F800
F7FE00
FFFF00
FE1F00
F80F80
F80780
F00780
F00780
F00780
F00780
F00780
F00780
F00780
F00780
F00780
F00780
F00780
F00780
F00780
F00780
F00780
ENDCHAR
STARTCHAR o
ENCODING 111
SWIDTH 556 0
DWIDTH 22 0
BBX 18 21 2 0
BITMAP
03F000
0FFC00
1FFE00
3E1F00
7C0F80
780780
F807C0
F003C0
F003C0
F003C0
F003C0
F003C0
F003C0
F003C0
F807C0
780780
7C0F80
3E1F00
1FFE00
0FFC00
03F000
ENDCHAR
STARTCHAR p
ENCODING 112
SWIDTH 556 0
DWIDTH 22 0
BBX 18 29 2 -8
BITMAP
F1F000
F3FC00
F7FE00
FE1F00
FC0F80
F80780
F80780
F003C0
F003C0
F003C0
F003C0
F003C0
F003C0
F003C0
F80780
F80780
FC0F80
FE1F00
FFFE00
F7FC00
F1F000
F00000
F00000
F00000
F00000
F00000
F00000
F00000
F00000
ENDCHAR
STARTCHAR q
ENCODING 113
SWIDTH 556 0
DWIDTH 22 0
BBX 18 29 2 -8
BITMAP
07E3C0
0FF3C0
1FFBC0
3E1FC0
7C0FC0
7807C0
F807C0
F003C0
F003C0
F003C0
F003C0
F003C0
F003C0
F003C0
7807C0
7807C0
7C0FC0
3E1FC0
1FFFC0
0FFBC0
03E3C0
0003C0
0003C0
0003C0
0003C0
0003C0
0003C0
0003C0
0003C0
ENDCHAR
STARTCHAR r
ENCODING 114
SWIDTH 333 0
DWIDTH 13 0
BBX 11 21 2 0
BITMAP
F3E0
F7E0
FFC0
FC40
F800
F800
F000
F000
F000
F000
F000
F000
F000
F000
F000
F000
F000
F000
F000
F000
F000
ENDCHAR
STARTCHAR s
ENCODING 115
SWIDTH 500 0
DWIDTH 19 0
BBX 17 21 1 0
BITMAP
0FE000
3FFC00
7FFE00
783E00
F01F00
F00F00
F00000
FC0000
7F8000
3FF000
1FFE00
03FF00
003F80
000F80
F00780
F00780
780F80
7C1F00
3FFE00
1FFC00
07F000
ENDCHAR
STARTCHAR t
ENCODING 116
SWIDTH 277 0
DWIDTH 11 0
BBX 11 28 0 0
BITMAP
0200
0E00
1E00
1E00
1E00
1E00
1E00
FFE0
FFE0
FFE0
1E00
1E00
1E00
1E00
1E00
1E00
1E00
1E00
1E00
1E00
1E00
1E00
1E00
1E00
1F00
1FE0
0FE0
07E0
ENDCHAR
STARTCHAR u
ENCODING 117
SWIDTH 556 0
DWIDTH 21 0
BBX 17 21 2 0
BITMAP
F00780
F00780
F00780
F00780
F00780
F00780
F00780
F00780
F00780
F00780
F00780
F00780
F00780
F00780
F00780
F00F80
F80F80
7C3F80
7FF780
3FE780
0F8780
ENDCHAR
STARTCHAR v
ENCODING 118
SWIDTH 500 0
DWIDTH 19 0
BBX 19 21 0 0
BITMAP
F001E0
F803E0
7803C0
7803C0
3C0780
3C0780
3C0780
1E0F00
1E0F00
1E0F00
0F0E00
0F1E00
0F1E00
071C00
07BC00
07BC00
03B800
03F800
03F800
01F000
01F000
ENDCHAR
STARTCHAR w
ENCODING 119
SWIDTH 722 0
DWIDTH 29 0
BBX 29 21 0 0
BITMAP
F0070078
F0070078
F00F8078
780F80F0
780F80F0
781DC0F0
3C1DC1E0
3C1DC1E0
3C39E1E0
1E38E3C0
1E38E3C0
1E78F3C0
0E707780
0F707780
0F707780
07603700
07E03F00
07E03F00
03E03E00
03C01E00
03C01E00
ENDCHAR
STARTCHAR x
ENCODING 120
SWIDTH 500 0
DWIDTH 18 0
BBX 18 21 0 0
BITMAP
F803C0
7C07C0
3C0F80
3E0F00
1E1F00
1F3E00
0FBC00
07FC00
07F800
03F000
01F000
03F000
03F800
07F800
0FFC00
0F3C00
1F1E00
3E1F00
3C0F00
7C0F80
F807C0
ENDCHAR
STARTCHAR y
ENCODING 121
SWIDTH 500 0
DWIDTH 19 0
BBX 19 29 0 -8
BITMAP
F001E0
7803E0
7803C0
7C03C0
3C07C0
3C0780
3E0780
1E0F80
1F0F00
0F0F00
0F0F00
0F9E00
079E00
07DE00
03DC00
03FC00
03FC00
01F800
01F800
01F800
00F000
00F000
00F000
01E000
01E000
03C000
1FC000
1F8000
1F0000
ENDCHAR
STARTCHAR z
ENCODING 122
SWIDTH 500 0
DWIDTH 20 0
BBX 18 21 1 0
BITMAP
7FFFC0
7FFFC0
7FFFC0
000F80
001F00
003F00
003E00
007C00
00F800
01F000
03E000
03E000
07C000
0F8000
1F0000
3E0000
7C0000
7C0000
FFFFC0
FFFFC0
FFFFC0
ENDCHAR
STARTCHAR braceleft
ENCODING 123
SWIDTH 333 0
DWIDTH 13 0
BBX 12 37 1 -8
BITMAP
01F0
03F0
07F0
0FF0
0F80
0F00
0F00
0F00
0F00
0F00
0F00
0F00
0F00
0F00
0F00
1E00
3C00
F800
E000
F800
3C00
1E00
0F00
0F00
0F00
0F00
0F00
0F00
0F00
0F00
0F00
0F00
0F80
0FF0
07F0
03F0
01F0
ENDCHAR
STARTCHAR bar
ENCODING 124
SWIDTH 259 0
DWIDTH 11 0
BBX 3 38 4 -9
BITMAP
E0
E0
E0
E0
E0
E0
E0
E0
E0
E0
E0
E0
E0
E0
E0
E0
E0
E0
E0
E0
E0
E0
E0
E0
E0
E0
E0
E0
E0
E0
E0
E0
E0
E0
E0
E0
E0
E0
ENDCHAR
STARTCHAR braceright
ENCODING 125
SWIDTH 333 0
DWIDTH 13 0
BBX 12 37 0 -8
BITMAP
F800
FC00
FE00
FF00
1F00
0F00
0F00
0F00
0F00
0F00
0F00
0F00
0F00
0F00
0F00
0780
03C0
01F0
0070
01F0
07C0
0780
0F00
0F00
0F00
0F00
0F00
0F00
0F00
0F00
0F00
0F00
1F00
FF00
FE00
FC00
F800
ENDCHAR
STARTCHAR asciitilde
ENCODING 126
SWIDTH 583 0
DWIDTH 23 0
BBX 20 7 1 10
BITMAP
1F0000
7FE030
FFF870
FFFFF0
E1FFF0
C03FE0
000F80
ENDCHAR
STARTCHAR space.dup1
ENCODING 160
SWIDTH 277 0
DWIDTH 11 0
BBX 1 1 0 0
BITMAP
00
ENDCHAR
STARTCHAR exclamdown
ENCODING 161
SWIDTH 333 0
DWIDTH 14 0
BBX 4 29 5 -8
BITMAP
F0
F0
F0
F0
00
00
00
60
60
60
60
60
60
60
60
F0
F0
F0
F0
F0
F0
F0
F0
F0
F0
F0
F0
F0
F0
ENDCHAR
STARTCHAR cent
ENCODING 162
SWIDTH 556 0
DWIDTH 22 0
BBX 18 37 2 -8
BITMAP
000400
000600
000E00
000C00
000C00
000C00
001800
001800
03F800
0FFC00
1FFF00
3E3F00
7C3780
787780
F86380
F06000
F06000
F0C000
F0C000
F0C000
F1C000
F183C0
7983C0
798780
7F0780
3F1F00
1FFE00
0FFC00
07F000
060000
060000
0E0000
0C0000
0C0000
0C0000
180000
080000
ENDCHAR
STARTCHAR sterling
ENCODING 163
SWIDTH 556 0
DWIDTH 22 0
BBX 20 29 0 0
BITMAP
00FC00
03FF00
07FF80
0F87C0
0F03C0
1E01E0
1E01E0
1E0000
1E0000
1E0000
1E0000
1F0000
0F0000
FFFC00
FFFC00
FFFC00
FFFC00
078000
078000
078000
078000
0F0000
0E0000
1E0000
7FF020
FFFFE0
7FFFF0
703FF0
4007E0
ENDCHAR
STARTCHAR currency
ENCODING 164
SWIDTH 556 0
DWIDTH 22 0
BBX 20 18 1 4
BITMAP
100080
78F1E0
FBFDF0
3FFFC0
1F0F80
1C0380
1C0380
3801C0
3801C0
3801C0
3801C0
1C0380
1C0380
1F0F80
3FFFC0
FBFDF0
78F1E0
100080
ENDCHAR
STARTCHAR yen
ENCODING 165
SWIDTH 556 0
DWIDTH 22 0
BBX 21 29 0 0
BITMAP
F00078
7800F0
7800F0
3C01E0
3C01E0
1E03C0
1E03C0
0F0780
0F0780
078F00
038E00
03DE00
01DC00
01FC00
7FFFF0
7FFFF0
7FFFF0
007000
007000
007000
7FFFF0
7FFFF0
7FFFF0
007000
007000
007000
007000
007000
007000
ENDCHAR
STARTCHAR brokenbar
ENCODING 166
SWIDTH 259 0
DWIDTH 11 0
BBX 3 38 4 -9
BITMAP
E0
E0
E0
E0
E0
E0
E0
E0
E0
E0
E0
E0
E0
E0
E0
E0
00
00
00
00
00
00
00
E0
E0
E0
E0
E0
E0
E0
E0
E0
E0
E0
E0
E0
E0
E0
ENDCHAR
STARTCHAR section
ENCODING 167
SWIDTH 556 0
DWIDTH 22 0
BBX 18 37 2 -8
BITMAP
03F000
0FF800
1FFC00
1E3E00
3C1E00
3C0F00
3C0F00
3C0000
1E0000
1F0000
0FC000
1FE000
7DF000
70FC00
E07E00
E03F00
E00F80
F007C0
7803C0
7C01C0
3E01C0
1F83C0
0FC780
03FF00
01FC00
00FC00
003E00
001E00
000F00
780F00
780F00
7C0F00
3C1F00
3E1E00
1FFE00
0FFC00
03F000
ENDCHAR
STARTCHAR dieresis
ENCODING 168
SWIDTH 333 0
DWIDTH 13 0
BBX 11 4 1 25
BITMAP
F1E0
F1E0
F1E0
F1E0
ENDCHAR
STARTCHAR copyright
ENCODING 169
SWIDTH 736 0
DWIDTH 29 0
BBX 29 29 0 0
BITMAP
001FC000
00FFF800
03FFFE00
07E03F00
0F800F80
1E0003C0
3C0FC1E0
383FF0E0
787FF8F0
70F87870
70E03C70
E1E01838
E1C00038
E1C00038
E1C00038
E1C00038
E1C00038
E1E01838
70E03C70
70F07870
787FF8F0
383FF0E0
3C0FC1E0
1E0003C0
0F800F80
07E03F00
03FFFE00
00FFF800
001FC000
ENDCHAR
STARTCHAR ordfeminine
ENCODING 170
SWIDTH 370 0
DWIDTH 15 0
BBX 13 15 1 14
BITMAP
1F80
3FE0
7FF0
F0F0
E070
0070
0FF0
3FF0
7870
E070
E070
F1F0
FFF0
7FF0
3E38
ENDCHAR
STARTCHAR guillemotleft
ENCODING 171
SWIDTH 556 0
DWIDTH 22 0
BBX 16 18 2 1
BITMAP
0387
070E
0F1E
0E1C
1E3C
3C78
3870
78F0
F1E0
F1E0
78F0
3870
3C78
1E3C
0E1C
0F1E
070E
0387
ENDCHAR
STARTCHAR logicalnot
ENCODING 172
SWIDTH 583 0
DWIDTH 23 0
BBX 19 12 2 8
BITMAP
FFFFE0
FFFFE0
FFFFE0
FFFFE0
0001E0
0001E0
0001E0
0001E0
0001E0
0001E0
0001E0
0001E0
ENDCHAR
STARTCHAR hyphen.dup2
ENCODING 173
SWIDTH 333 0
DWIDTH 13 0
BBX 11 3 1 9
BITMAP
FFE0
FFE0
FFE0
ENDCHAR
STARTCHAR registered
ENCODING 174
SWIDTH 736 0
DWIDTH 29 0
BBX 29 29 0 0
BITMAP
001FC000
00FFF800
03FFFE00
07E03F00
0F800F80
1E0003C0
3CFF81E0
38FFE0E0
78FFE0F0
70E0F070
70E07070
E0E07038
E0E0F038
E0FFE038
E0FFE038
E0FFC038
E0E78038
E0E3C038
70E1C070
70E1E070
78E0F0F0
38E0F0E0
3CE079E0
1E0003C0
0F800F80
07E03F00
03FFFE00
00FFF800
001FC000
ENDCHAR
STARTCHAR overscore
ENCODING 175
SWIDTH 552 0
DWIDTH 22 0
BBX 23 3 -1 31
BITMAP
FFFFFE
FFFFFE
FFFFFE
ENDCHAR
STARTCHAR degree
ENCODING 176
SWIDTH 399 0
DWIDTH 16 0
BBX 11 11 2 18
BITMAP
1F00
3F80
71C0
E0E0
C060
C060
C060
E0E0
71C0
3F80
1F00
ENDCHAR
STARTCHAR plusminus
ENCODING 177
SWIDTH 548 0
DWIDTH 22 0
BBX 19 24 1 0
BITMAP
00E000
00E000
00E000
00E000
00E000
00E000
00E000
00E000
FFFFE0
FFFFE0
FFFFE0
00E000
00E000
00E000
00E000
00E000
00E000
00E000
00E000
000000
000000
FFFFE0
FFFFE0
FFFFE0
ENDCHAR
STARTCHAR twosuperior
ENCODING 178
SWIDTH 333 0
DWIDTH 13 0
BBX 12 15 0 14
BITMAP
1F80
7FE0
70F0
E070
0070
0070
00E0
01E0
07C0
0F80
1E00
3C00
7800
FFF0
FFF0
ENDCHAR
STARTCHAR threesuperior
ENCODING 179
SWIDTH 333 0
DWIDTH 13 0
BBX 12 15 0 14
BITMAP
1FC0
7FE0
70F0
E070
0070
00E0
07C0
07E0
00E0
0070
0070
E070
70E0
7FE0
1F80
ENDCHAR
STARTCHAR acute
ENCODING 180
SWIDTH 333 0
DWIDTH 13 0
BBX 8 5 4 24
BITMAP
1F
3E
7C
78
F0
ENDCHAR
STARTCHAR mu1
ENCODING 181
SWIDTH 576 0
DWIDTH 23 0
BBX 17 29 3 -8
BITMAP
F00780
F00780
F00780
F00780
F00780
F00780
F00780
F00780
F00780
F00780
F00780
F00780
F00780
F00780
F00780
F80F80
F80F80
FC3F80
FFFF80
F7F780
F3E780
F00000
F00000
F00000
F00000
F00000
F00000
F00000
F00000
ENDCHAR
STARTCHAR paragraph
ENCODING 182
SWIDTH 537 0
DWIDTH 21 0
BBX 21 37 0 -8
BITMAP
07FFF8
1FFFF8
3FFFF8
7FE1C0
7FE1C0
FFE1C0
FFE1C0
FFE1C0
FFE1C0
FFE1C0
FFE1C0
7FE1C0
7FE1C0
3FE1C0
1FE1C0
07E1C0
00E1C0
00E1C0
00E1C0
00E1C0
00E1C0
00E1C0
00E1C0
00E1C0
00E1C0
00E1C0
00E1C0
00E1C0
00E1C0
00E1C0
00E1C0
00E1C0
00E1C0
00E1C0
00E1C0
00E1C0
00E1C0
ENDCHAR
STARTCHAR periodcentered
ENCODING 183
SWIDTH 277 0
DWIDTH 11 0
BBX 4 4 4 12
BITMAP
F0
F0
F0
F0
ENDCHAR
STARTCHAR cedilla
ENCODING 184
SWIDTH 333 0
DWIDTH 13 0
BBX 8 8 2 -8
BITMAP
18
18
3C
3F
07
07
FE
FC
ENDCHAR
STARTCHAR onesuperior
ENCODING 185
SWIDTH 333 0
DWIDTH 13 0
BBX 8 15 2 14
BITMAP
07
0F
1F
7F
FF
E7
87
07
07
07
07
07
07
07
07
ENDCHAR
STARTCHAR ordmasculine
ENCODING 186
SWIDTH 365 0
DWIDTH 15 0
BBX 13 15 1 14
BITMAP
0F80
3FE0
7FF0
78F0
F078
E038
E038
E038
E038
E038
F078
78F0
7FF0
3FE0
0F80
ENDCHAR
STARTCHAR guillemotright
ENCODING 187
SWIDTH 556 0
DWIDTH 22 0
BBX 16 18 4 1
BITMAP
E1C0
70E0
78F0
3870
3C78
1E3C
0E1C
0F1E
078F
078F
0F1E
0E1C
1E3C
3C78
3870
78F0
70E0
E1C0
ENDCHAR
STARTCHAR onequarter
ENCODING 188
SWIDTH 833 0
DWIDTH 33 0
BBX 31 29 2 0
BITMAP
070001E0
0F0001C0
1F000380
7F000780
FF000F00
E7000E00
87001C00
07003C00
07007800
07007000
0700E000
0701E000
0703C000
07038000
07078038
000F0078
000E0078
001C00F8
003C01F8
007803B8
007007B8
00E00738
01E00E38
03C01C38
03801FFE
07001FFE
0F000038
1E000038
1C000038
ENDCHAR
STARTCHAR onehalf
ENCODING 189
SWIDTH 833 0
DWIDTH 33 0
BBX 30 29 2 0
BITMAP
070001E0
0F0001C0
1F000380
7F000780
FF000F00
E7000E00
87001C00
07003C00
07007800
07007000
0700F000
0701E000
0703C000
07038000
070787E0
000F1FF8
000E3C3C
001C381C
003C001C
0078001C
00700038
00E000F8
01E001F0
03C003E0
03800780
07800F00
0F001E00
1E003FFC
1C003FFC
ENDCHAR
STARTCHAR threequarters
ENCODING 190
SWIDTH 833 0
DWIDTH 33 0
BBX 31 30 1 -1
BITMAP
1FC00070
7FE000F0
70F001E0
E07001C0
00700380
00E00780
03C00700
03E00E00
00E01E00
00703C00
00703800
E0707000
70E0F000
7FE0E000
1F81C038
0003C078
000780F8
000700F8
000F01F8
001E03B8
001C07B8
00380738
00780E38
00F01C38
00E01FFE
01E01FFE
03C00038
03800038
07000038
0F000000
ENDCHAR
STARTCHAR questiondown
ENCODING 191
SWIDTH 610 0
DWIDTH 24 0
BBX 18 29 3 -8
BITMAP
01E000
01E000
01E000
01E000
000000
000000
000000
01E000
01E000
01E000
01E000
03E000
03C000
07C000
0F8000
1F0000
3E0000
7C0000
780000
F00000
F00000
F003C0
F003C0
F80780
780780
7E1F00
3FFF00
1FFC00
07F000
ENDCHAR
STARTCHAR Agrave
ENCODING 192
SWIDTH 666 0
DWIDTH 27 0
BBX 27 36 0 0
BITMAP
00F80000
007C0000
003C0000
001E0000
000F0000
00000000
00000000
003F0000
003F0000
007F8000
007F8000
00738000
00F3C000
00F1C000
00E1E000
01E1E000
01E0E000
01C0F000
03C07000
03C07800
07807800
07803800
07803C00
0FFFFC00
0FFFFE00
0FFFFE00
1FFFFE00
1E000F00
1E000F00
3C000780
3C000780
7C000780
780003C0
780003C0
F80003E0
F00001E0
ENDCHAR
STARTCHAR Aacute
ENCODING 193
SWIDTH 666 0
DWIDTH 27 0
BBX 27 36 0 0
BITMAP
0007C000
000F8000
001F0000
001E0000
003C0000
00000000
00000000
003F0000
003F0000
007F8000
007F8000
00738000
00F3C000
00F1C000
00E1E000
01E1E000
01E0E000
01C0F000
03C07000
03C07800
07807800
07803800
07803C00
0FFFFC00
0FFFFE00
0FFFFE00
1FFFFE00
1E000F00
1E000F00
3C000780
3C000780
7C000780
780003C0
780003C0
F80003E0
F00001E0
ENDCHAR
STARTCHAR Acircumflex
ENCODING 194
SWIDTH 666 0
DWIDTH 27 0
BBX 27 36 0 0
BITMAP
001F0000
003F8000
007BC000
00F3C000
01E1E000
00000000
00000000
003F0000
003F0000
007F8000
007F8000
00738000
00F3C000
00F1C000
00E1E000
01E1E000
01E0E000
01C0F000
03C07000
03C07800
07807800
07803800
07803C00
0FFFFC00
0FFFFE00
0FFFFE00
1FFFFE00
1E000F00
1E000F00
3C000780
3C000780
7C000780
780003C0
780003C0
F80003E0
F00001E0
ENDCHAR
STARTCHAR Atilde
ENCODING 195
SWIDTH 666 0
DWIDTH 27 0
BBX 27 36 0 0
BITMAP
00787000
00FC7000
01FFF000
01C7E000
01C3C000
00000000
00000000
003F0000
003F0000
007F8000
007F8000
00738000
00F3C000
00F1C000
00E1E000
01E1E000
01E0E000
01C0F000
03C07000
03C07800
07807800
07803800
07803C00
0FFFFC00
0FFFFE00
0FFFFE00
1FFFFE00
1E000F00
1E000F00
3C000780
3C000780
7C000780
780003C0
780003C0
F80003E0
F00001E0
ENDCHAR
STARTCHAR Adieresis
ENCODING 196
SWIDTH 666 0
DWIDTH 27 0
BBX 27 35 0 0
BITMAP
00F1E000
00F1E000
00F1E000
00F1E000
00000000
00000000
003F0000
003F0000
007F8000
007F8000
00738000
00F3C000
00F1C000
00E1E000
01E1E000
01E0E000
01C0F000
03C07000
03C07800
07807800
07803800
07803C00
0FFFFC00
0FFFFE00
0FFFFE00
1FFFFE00
1E000F00
1E000F00
3C000780
3C000780
7C000780
780003C0
780003C0
F80003E0
F00001E0
ENDCHAR
STARTCHAR Aring
ENCODING 197
SWIDTH 666 0
DWIDTH 27 0
BBX 27 35 0 0
BITMAP
000E0000
00110000
00208000
00208000
00208000
00110000
003F0000
003F0000
007F8000
007F8000
00738000
00F3C000
00F1C000
00E1E000
01E1E000
01E0E000
01C0F000
03C07000
03C07800
07807800
07803800
07803C00
0FFFFC00
0FFFFE00
0FFFFE00
1FFFFE00
1E000F00
1E000F00
3C000780
3C000780
7C000780
780003C0
780003C0
F80003E0
F00001E0
ENDCHAR
STARTCHAR AE
ENCODING 198
SWIDTH 1000 0
DWIDTH 40 0
BBX 38 29 0 0
BITMAP
0007FFFFF8
0007FFFFF8
000FFFFFF8
000FFFFFF8
001F1E0000
001E1E0000
003E1E0000
003C1E0000
007C1E0000
00781E0000
00F81E0000
00F01E0000
00F01FFFF0
01E01FFFF0
01E01FFFF0
03C01FFFF0
03C01E0000
07FFFE0000
07FFFE0000
0FFFFE0000
0FFFFE0000
1E001E0000
1E001E0000
3C001E0000
3C001E0000
7C001FFFFC
78001FFFFC
F8001FFFFC
F0001FFFFC
ENDCHAR
STARTCHAR Ccedilla
ENCODING 199
SWIDTH 722 0
DWIDTH 29 0
BBX 25 37 2 -8
BITMAP
007F8000
01FFE000
07FFF000
0FFFF800
1FC0FC00
3F003E00
3C003E00
7C001F00
78000F00
78000000
F0000000
F0000000
F0000000
F0000000
F0000000
F0000000
F0000000
F0000000
F0000400
78000780
78000F80
7C000F00
3E001F00
3F003E00
1FC0FE00
0FFFFC00
07FFF800
03FFE000
007F8000
00180000
00180000
003C0000
003F0000
00070000
00070000
00FE0000
00FC0000
ENDCHAR
STARTCHAR Egrave
ENCODING 200
SWIDTH 666 0
DWIDTH 27 0
BBX 22 36 3 0
BITMAP
03E000
01F000
00F000
007800
003C00
000000
000000
FFFFF8
FFFFF8
FFFFF8
FFFFF8
F00000
F00000
F00000
F00000
F00000
F00000
F00000
F00000
FFFFF0
FFFFF0
FFFFF0
FFFFF0
F00000
F00000
F00000
F00000
F00000
F00000
F00000
F00000
F00000
FFFFFC
FFFFFC
FFFFFC
FFFFFC
ENDCHAR
STARTCHAR Eacute
ENCODING 201
SWIDTH 666 0
DWIDTH 27 0
BBX 22 36 3 0
BITMAP
001F00
003E00
007C00
007800
00F000
000000
000000
FFFFF8
FFFFF8
FFFFF8
FFFFF8
F00000
F00000
F00000
F00000
F00000
F00000
F00000
F00000
FFFFF0
FFFFF0
FFFFF0
FFFFF0
F00000
F00000
F00000
F00000
F00000
F00000
F00000
F00000
F00000
FFFFFC
FFFFFC
FFFFFC
FFFFFC
ENDCHAR
STARTCHAR Ecircumflex
ENCODING 202
SWIDTH 666 0
DWIDTH 27 0
BBX 22 36 3 0
BITMAP
007800
00FC00
01FE00
03CF00
078780
000000
000000
FFFFF8
FFFFF8
FFFFF8
FFFFF8
F00000
F00000
F00000
F00000
F00000
F00000
F00000
F00000
FFFFF0
FFFFF0
FFFFF0
FFFFF0
F00000
F00000
F00000
F00000
F00000
F00000
F00000
F00000
F00000
FFFFFC
FFFFFC
FFFFFC
FFFFFC
ENDCHAR
STARTCHAR Edieresis
ENCODING 203
SWIDTH 666 0
DWIDTH 27 0
BBX 22 35 3 0
BITMAP
078F00
078F00
078F00
078F00
000000
000000
FFFFF8
FFFFF8
FFFFF8
FFFFF8
F00000
F00000
F00000
F00000
F00000
F00000
F00000
F00000
FFFFF0
FFFFF0
FFFFF0
FFFFF0
F00000
F00000
F00000
F00000
F00000
F00000
F00000
F00000
F00000
FFFFFC
FFFFFC
FFFFFC
FFFFFC
ENDCHAR
STARTCHAR Igrave
ENCODING 204
SWIDTH 277 0
DWIDTH 10 0
BBX 8 36 0 0
BITMAP
F8
7C
3C
1E
0F
00
00
1E
1E
1E
1E
1E
1E
1E
1E
1E
1E
1E
1E
1E
1E
1E
1E
1E
1E
1E
1E
1E
1E
1E
1E
1E
1E
1E
1E
1E
ENDCHAR
STARTCHAR Iacute
ENCODING 205
SWIDTH 277 0
DWIDTH 10 0
BBX 8 36 2 0
BITMAP
1F
3E
7C
78
F0
00
00
78
78
78
78
78
78
78
78
78
78
78
78
78
78
78
78
78
78
78
78
78
78
78
78
78
78
78
78
78
ENDCHAR
STARTCHAR Icircumflex
ENCODING 206
SWIDTH 277 0
DWIDTH 10 0
BBX 12 36 -1 0
BITMAP
0F00
1F80
3FC0
79E0
F0F0
0000
0000
0F00
0F00
0F00
0F00
0F00
0F00
0F00
0F00
0F00
0F00
0F00
0F00
0F00
0F00
0F00
0F00
0F00
0F00
0F00
0F00
0F00
0F00
0F00
0F00
0F00
0F00
0F00
0F00
0F00
ENDCHAR
STARTCHAR Idieresis
ENCODING 207
SWIDTH 277 0
DWIDTH 10 0
BBX 11 35 0 0
BITMAP
F1E0
F1E0
F1E0
F1E0
0000
0000
1E00
1E00
1E00
1E00
1E00
1E00
1E00
1E00
1E00
1E00
1E00
1E00
1E00
1E00
1E00
1E00
1E00
1E00
1E00
1E00
1E00
1E00
1E00
1E00
1E00
1E00
1E00
1E00
1E00
ENDCHAR
STARTCHAR Eth
ENCODING 208
SWIDTH 722 0
DWIDTH 29 0
BBX 27 29 0 0
BITMAP
1FFFE000
1FFFF800
1FFFFC00
1FFFFE00
1E003F00
1E000F80
1E000780
1E0007C0
1E0003C0
1E0003C0
1E0001E0
1E0001E0
1E0001E0
FFFE01E0
FFFE01E0
FFFE01E0
1E0001E0
1E0001E0
1E0001E0
1E0003C0
1E0003C0
1E0007C0
1E000780
1E000F80
1E003F00
1FFFFE00
1FFFFC00
1FFFF800
1FFFC000
ENDCHAR
STARTCHAR Ntilde
ENCODING 209
SWIDTH 722 0
DWIDTH 29 0
BBX 23 36 3 0
BITMAP
00F0E0
01F8E0
03FFE0
038FC0
038780
000000
000000
F8001E
F8001E
FC001E
FE001E
FE001E
FF001E
FF801E
F7801E
F7C01E
F3E01E
F1E01E
F1F01E
F0F81E
F0F81E
F07C1E
F03E1E
F03E1E
F01F1E
F00F1E
F00F9E
F007DE
F003DE
F003FE
F001FE
F000FE
F000FE
F0007E
F0003E
F0003E
ENDCHAR
STARTCHAR Ograve
ENCODING 210
SWIDTH 777 0
DWIDTH 31 0
BBX 27 36 2 0
BITMAP
007C0000
003E0000
001E0000
000F0000
00078000
00000000
00000000
003F8000
01FFF000
07FFFC00
0FFFFE00
1FC07F00
3F001F00
3E000F80
7C0007C0
780003C0
780003C0
F80003E0
F00001E0
F00001E0
F00001E0
F00001E0
F00001E0
F00001E0
F00001E0
F00003E0
780003C0
780003C0
7C0007C0
3E000F80
1F001F00
1FC07F00
0FFFFE00
07FFFC00
01FFF000
003F8000
ENDCHAR
STARTCHAR Oacute
ENCODING 211
SWIDTH 777 0
DWIDTH 31 0
BBX 27 36 2 0
BITMAP
0003E000
0007C000
000F8000
000F0000
001E0000
00000000
00000000
003F8000
01FFF000
07FFFC00
0FFFFE00
1FC07F00
3F001F00
3E000F80
7C0007C0
780003C0
780003C0
F80003E0
F00001E0
F00001E0
F00001E0
F00001E0
F00001E0
F00001E0
F00001E0
F00003E0
780003C0
780003C0
7C0007C0
3E000F80
1F001F00
1FC07F00
0FFFFE00
07FFFC00
01FFF000
003F8000
ENDCHAR
STARTCHAR Ocircumflex
ENCODING 212
SWIDTH 777 0
DWIDTH 31 0
BBX 27 36 2 0
BITMAP
001F0000
001F8000
003BC000
0079E000
00F0F000
00000000
00000000
003F8000
01FFF000
07FFFC00
0FFFFE00
1FC07F00
3F001F00
3E000F80
7C0007C0
780003C0
780003C0
F80003E0
F00001E0
F00001E0
F00001E0
F00001E0
F00001E0
F00001E0
F00001E0
F00003E0
780003C0
780003C0
7C0007C0
3E000F80
1F001F00
1FC07F00
0FFFFE00
07FFFC00
01FFF000
003F8000
ENDCHAR
STARTCHAR Otilde
ENCODING 213
SWIDTH 777 0
DWIDTH 31 0
BBX 27 36 2 0
BITMAP
00787000
00FC7000
01FFF000
01C7E000
01C3C000
00000000
00000000
003F8000
01FFF000
07FFFC00
0FFFFE00
1FC07F00
3F001F00
3E000F80
7C0007C0
780003C0
780003C0
F80003E0
F00001E0
F00001E0
F00001E0
F00001E0
F00001E0
F00001E0
F00001E0
F00003E0
780003C0
780003C0
7C0007C0
3E000F80
1F001F00
1FC07F00
0FFFFE00
07FFFC00
01FFF000
003F8000
ENDCHAR
STARTCHAR Odieresis
ENCODING 214
SWIDTH 777 0
DWIDTH 31 0
BBX 27 35 2 0
BITMAP
00F1E000
00F1E000
00F1E000
00F1E000
00000000
00000000
003F8000
01FFF000
07FFFC00
0FFFFE00
1FC07F00
3F001F00
3E000F80
7C0007C0
780003C0
780003C0
F80003E0
F00001E0
F00001E0
F00001E0
F00001E0
F00001E0
F00001E0
F00001E0
F00003E0
780003C0
780003C0
7C0007C0
3E000F80
1F001F00
1FC07F00
0FFFFE00
07FFFC00
01FFF000
003F8000
ENDCHAR
STARTCHAR multiply
ENCODING 215
SWIDTH 583 0
DWIDTH 23 0
BBX 16 17 4 6
BITMAP
4002
E007
F00F
781E
3C3C
1E78
0FF0
07E0
03C0
07E0
0FF0
1E78
3C3C
781E
F00F
E007
4002
ENDCHAR
STARTCHAR Oslash
ENCODING 216
SWIDTH 777 0
DWIDTH 31 0
BBX 27 30 2 -1
BITMAP
003F80C0
01FFF1E0
07FFFFC0
0FFFFF80
1FC07F00
1F001F80
3E001F80
7C003FC0
78007BC0
7800F3C0
F001E3E0
F001C1E0
F00381E0
F00781E0
F00F01E0
F01E01E0
F03C01E0
F07801E0
F87003E0
78E003C0
7DE003C0
7FC007C0
3F800F80
3F001F80
1FC07F00
1FFFFE00
3FFFFC00
79FFF000
F07F8000
60000000
ENDCHAR
STARTCHAR Ugrave
ENCODING 217
SWIDTH 722 0
DWIDTH 29 0
BBX 23 36 3 0
BITMAP
03E000
01F000
00F000
007800
003C00
000000
000000
F0001E
F0001E
F0001E
F0001E
F0001E
F0001E
F0001E
F0001E
F0001E
F0001E
F0001E
F0001E
F0001E
F0001E
F0001E
F0001E
F0001E
F0001E
F0001E
F0001E
F0001E
F8003E
78003C
7C007C
3F01F8
3FFFF8
1FFFF0
07FFC0
01FF00
ENDCHAR
STARTCHAR Uacute
ENCODING 218
SWIDTH 722 0
DWIDTH 29 0
BBX 23 36 3 0
BITMAP
001F00
003E00
007C00
007800
00F000
000000
000000
F0001E
F0001E
F0001E
F0001E
F0001E
F0001E
F0001E
F0001E
F0001E
F0001E
F0001E
F0001E
F0001E
F0001E
F0001E
F0001E
F0001E
F0001E
F0001E
F0001E
F0001E
F8003E
78003C
7C007C
3F01F8
3FFFF8
1FFFF0
07FFC0
01FF00
ENDCHAR
STARTCHAR Ucircumflex
ENCODING 219
SWIDTH 722 0
DWIDTH 29 0
BBX 23 36 3 0
BITMAP
003C00
007E00
00FF00
01E780
03C3C0
000000
000000
F0001E
F0001E
F0001E
F0001E
F0001E
F0001E
F0001E
F0001E
F0001E
F0001E
F0001E
F0001E
F0001E
F0001E
F0001E
F0001E
F0001E
F0001E
F0001E
F0001E
F0001E
F8003E
78003C
7C007C
3F01F8
3FFFF8
1FFFF0
07FFC0
01FF00
ENDCHAR
STARTCHAR Udieresis
ENCODING 220
SWIDTH 722 0
DWIDTH 29 0
BBX 23 35 3 0
BITMAP
01E3C0
01E3C0
01E3C0
01E3C0
000000
000000
F0001E
F0001E
F0001E
F0001E
F0001E
F0001E
F0001E
F0001E
F0001E
F0001E
F0001E
F0001E
F0001E
F0001E
F0001E
F0001E
F0001E
F0001E
F0001E
F0001E
F0001E
F8003E
78003C
7C007C
3F01F8
3FFFF8
1FFFF0
07FFC0
01FF00
ENDCHAR
STARTCHAR Yacute
ENCODING 221
SWIDTH 666 0
DWIDTH 26 0
BBX 26 36 0 0
BITMAP
0003E000
0007C000
000F8000
000F0000
001E0000
00000000
00000000
F80007C0
7C000F80
3C000F00
3E001F00
1F003E00
0F003C00
0F807C00
07C0F800
03C0F000
03E1F000
01E3E000
00F3C000
00FFC000
007F8000
003F0000
003F0000
001E0000
001E0000
001E0000
001E0000
001E0000
001E0000
001E0000
001E0000
001E0000
001E0000
001E0000
001E0000
001E0000
ENDCHAR
STARTCHAR Thorn
ENCODING 222
SWIDTH 666 0
DWIDTH 27 0
BBX 22 29 3 0
BITMAP
F00000
F00000
F00000
F00000
F00000
F00000
FFFF00
FFFFE0
FFFFF0
FFFFF8
F001F8
F0007C
F0003C
F0003C
F0003C
F0003C
F0003C
F00078
F001F8
FFFFF0
FFFFF0
FFFFC0
FFFF00
F00000
F00000
F00000
F00000
F00000
F00000
ENDCHAR
STARTCHAR germandbls
ENCODING 223
SWIDTH 610 0
DWIDTH 24 0
BBX 20 29 3 0
BITMAP
03F000
1FFC00
3FFE00
7C1F00
780F00
F80700
F00700
F00F00
F01E00
F01E00
F03C00
F03800
F07800
F07800
F07800
F07C00
F03F00
F01F80
F00FC0
F003E0
F001F0
F000F0
F000F0
F080F0
F3C0F0
F1E3E0
F1FFC0
F0FF80
F03F00
ENDCHAR
STARTCHAR agrave
ENCODING 224
SWIDTH 556 0
DWIDTH 22 0
BBX 18 28 2 0
BITMAP
0F8000
07C000
03C000
01E000
00F000
000000
000000
07F800
1FFE00
3FFF00
7C1F80
F80780
F00780
000780
001F80
03FF80
1FFF80
3FF780
7E0780
F80780
F00780
F00780
F00F80
F01F80
F83F80
7FFF80
3FE780
1F83C0
ENDCHAR
STARTCHAR aacute
ENCODING 225
SWIDTH 556 0
DWIDTH 22 0
BBX 18 28 2 0
BITMAP
007C00
00F800
01F000
01E000
03C000
000000
000000
07F800
1FFE00
3FFF00
7C1F80
F80780
F00780
000780
001F80
03FF80
1FFF80
3FF780
7E0780
F80780
F00780
F00780
F00F80
F01F80
F83F80
7FFF80
3FE780
1F83C0
ENDCHAR
STARTCHAR acircumflex
ENCODING 226
SWIDTH 556 0
DWIDTH 22 0
BBX 18 28 2 0
BITMAP
01F000
03F800
07BC00
0F1E00
1E1E00
000000
000000
07F800
1FFE00
3FFF00
7C1F80
F80780
F00780
000780
001F80
03FF80
1FFF80
3FF780
7E0780
F80780
F00780
F00780
F00F80
F01F80
F83F80
7FFF80
3FE780
1F83C0
ENDCHAR
STARTCHAR atilde
ENCODING 227
SWIDTH 556 0
DWIDTH 22 0
BBX 18 28 2 0
BITMAP
0F0E00
1F8E00
3FFE00
38FC00
387800
000000
000000
07F800
1FFE00
3FFF00
7C1F80
F80780
F00780
000780
001F80
03FF80
1FFF80
3FF780
7E0780
F80780
F00780
F00780
F00F80
F01F80
F83F80
7FFF80
3FE780
1F83C0
ENDCHAR
STARTCHAR adieresis
ENCODING 228
SWIDTH 556 0
DWIDTH 22 0
BBX 18 27 2 0
BITMAP
0F1E00
0F1E00
0F1E00
0F1E00
000000
000000
07F800
1FFE00
3FFF00
7C1F80
F80780
F00780
000780
001F80
03FF80
1FFF80
3FF780
7E0780
F80780
F00780
F00780
F00F80
F01F80
F83F80
7FFF80
3FE780
1F83C0
ENDCHAR
STARTCHAR aring
ENCODING 229
SWIDTH 556 0
DWIDTH 22 0
BBX 18 30 2 0
BITMAP
00E000
011000
020800
020800
020800
011000
00E000
000000
000000
07F800
1FFE00
3FFF00
7C1F80
F80780
F00780
000780
001F80
03FF80
1FFF80
3FF780
7E0780
F80780
F00780
F00780
F00F80
F01F80
F83F80
7FFF80
3FE780
1F83C0
ENDCHAR
STARTCHAR ae
ENCODING 230
SWIDTH 889 0
DWIDTH 36 0
BBX 33 21 1 0
BITMAP
07F80FE000
1FFE3FF800
3FFF7FFC00
7C07F83E00
F803F00F00
F003E00F00
0003C00700
000FC00780
03FFFFFF80
1FFFFFFF80
3FFBFFFF80
7F03C00000
F803C00000
F003C00000
F003C00780
F007E00F00
F80FF01F00
7C3FF83E00
7FFC7FFC00
3FF83FF800
0FE00FE000
ENDCHAR
STARTCHAR ccedilla
ENCODING 231
SWIDTH 500 0
DWIDTH 20 0
BBX 17 29 2 -8
BITMAP
03F000
0FFC00
1FFE00
3E1F00
7C0F00
780780
F80780
F00000
F00000
F00000
F00000
F00000
F00000
F00780
F00780
780F00
7C0F00
3E1E00
1FFE00
0FFC00
03F000
018000
018000
03C000
03F000
007000
007000
0FE000
0FC000
ENDCHAR
STARTCHAR egrave
ENCODING 232
SWIDTH 556 0
DWIDTH 22 0
BBX 18 28 2 0
BITMAP
0F8000
07C000
03C000
01E000
00F000
000000
000000
03F000
0FFC00
1FFE00
3E1F00
780780
780780
7003C0
F003C0
FFFFC0
FFFFC0
FFFFC0
F00000
F00000
F00000
F80000
7803C0
7C0780
3E0F80
1FFF00
0FFE00
03F800
ENDCHAR
STARTCHAR eacute
ENCODING 233
SWIDTH 556 0
DWIDTH 22 0
BBX 18 28 2 0
BITMAP
007C00
00F800
01F000
01E000
03C000
000000
000000
03F000
0FFC00
1FFE00
3E1F00
780780
780780
7003C0
F003C0
FFFFC0
FFFFC0
FFFFC0
F00000
F00000
F00000
F80000
7803C0
7C0780
3E0F80
1FFF00
0FFE00
03F800
ENDCHAR
STARTCHAR ecircumflex
ENCODING 234
SWIDTH 556 0
DWIDTH 22 0
BBX 18 28 2 0
BITMAP
01F000
03F800
07BC00
0F1E00
1E1E00
000000
000000
03F000
0FFC00
1FFE00
3E1F00
780780
780780
7003C0
F003C0
FFFFC0
FFFFC0
FFFFC0
F00000
F00000
F00000
F80000
7803C0
7C0780
3E0F80
1FFF00
0FFE00
03F800
ENDCHAR
STARTCHAR edieresis
ENCODING 235
SWIDTH 556 0
DWIDTH 22 0
BBX 18 27 2 0
BITMAP
0F1E00
0F1E00
0F1E00
0F1E00
000000
000000
03F000
0FFC00
1FFE00
3E1F00
780780
780780
7003C0
F003C0
FFFFC0
FFFFC0
FFFFC0
F00000
F00000
F00000
F80000
7803C0
7C0780
3E0F80
1FFF00
0FFE00
03F800
ENDCHAR
STARTCHAR igrave
ENCODING 236
SWIDTH 277 0
DWIDTH 12 0
BBX 8 28 1 0
BITMAP
F8
7C
3C
1E
0F
00
00
1E
1E
1E
1E
1E
1E
1E
1E
1E
1E
1E
1E
1E
1E
1E
1E
1E
1E
1E
1E
1E
ENDCHAR
STARTCHAR iacute
ENCODING 237
SWIDTH 277 0
DWIDTH 12 0
BBX 8 28 3 0
BITMAP
1F
3E
7C
78
F0
00
00
78
78
78
78
78
78
78
78
78
78
78
78
78
78
78
78
78
78
78
78
78
ENDCHAR
STARTCHAR icircumflex
ENCODING 238
SWIDTH 277 0
DWIDTH 12 0
BBX 12 28 0 0
BITMAP
0F80
1FC0
3DC0
79E0
F0F0
0000
0000
0F00
0F00
0F00
0F00
0F00
0F00
0F00
0F00
0F00
0F00
0F00
0F00
0F00
0F00
0F00
0F00
0F00
0F00
0F00
0F00
0F00
ENDCHAR
STARTCHAR idieresis
ENCODING 239
SWIDTH 277 0
DWIDTH 12 0
BBX 11 27 1 0
BITMAP
F1E0
F1E0
F1E0
F1E0
0000
0000
1E00
1E00
1E00
1E00
1E00
1E00
1E00
1E00
1E00
1E00
1E00
1E00
1E00
1E00
1E00
1E00
1E00
1E00
1E00
1E00
1E00
ENDCHAR
STARTCHAR eth
ENCODING 240
SWIDTH 556 0
DWIDTH 22 0
BBX 20 29 1 0
BITMAP
03C100
01E780
00FF00
007C00
01FC00
07DE00
071F00
040F00
000780
03F7C0
0FFFC0
1FFFE0
3E0FE0
7C03E0
7801F0
F801F0
F000F0
F000F0
F000F0
F000F0
F000F0
F000F0
F801E0
7801E0
7C03C0
3E0FC0
1FFF80
0FFF00
03F800
ENDCHAR
STARTCHAR ntilde
ENCODING 241
SWIDTH 556 0
DWIDTH 21 0
BBX 17 28 2 0
BITMAP
0F0E00
1F8E00
3FFE00
38FC00
387800
000000
000000
F1F800
F7FE00
FFFF00
FE1F00
F80F80
F80780
F00780
F00780
F00780
F00780
F00780
F00780
F00780
F00780
F00780
F00780
F00780
F00780
F00780
F00780
F00780
ENDCHAR
STARTCHAR ograve
ENCODING 242
SWIDTH 556 0
DWIDTH 22 0
BBX 18 28 2 0
BITMAP
0F8000
07C000
03C000
01E000
00F000
000000
000000
03F000
0FFC00
1FFE00
3E1F00
7C0F80
780780
F807C0
F003C0
F003C0
F003C0
F003C0
F003C0
F003C0
F003C0
F807C0
780780
7C0F80
3E1F00
1FFE00
0FFC00
03F000
ENDCHAR
STARTCHAR oacute
ENCODING 243
SWIDTH 556 0
DWIDTH 22 0
BBX 18 28 2 0
BITMAP
007C00
00F800
01F000
01E000
03C000
000000
000000
03F000
0FFC00
1FFE00
3E1F00
7C0F80
780780
F807C0
F003C0
F003C0
F003C0
F003C0
F003C0
F003C0
F003C0
F807C0
780780
7C0F80
3E1F00
1FFE00
0FFC00
03F000
ENDCHAR
STARTCHAR ocircumflex
ENCODING 244
SWIDTH 556 0
DWIDTH 22 0
BBX 18 28 2 0
BITMAP
01F000
03F800
07BC00
0F1E00
1E1E00
000000
000000
03F000
0FFC00
1FFE00
3E1F00
7C0F80
780780
F807C0
F003C0
F003C0
F003C0
F003C0
F003C0
F003C0
F003C0
F807C0
780780
7C0F80
3E1F00
1FFE00
0FFC00
03F000
ENDCHAR
STARTCHAR otilde
ENCODING 245
SWIDTH 556 0
DWIDTH 22 0
BBX 18 28 2 0
BITMAP
078700
0FC700
1FFF00
1C7E00
1C3C00
000000
000000
03F000
0FFC00
1FFE00
3E1F00
7C0F80
780780
F807C0
F003C0
F003C0
F003C0
F003C0
F003C0
F003C0
F003C0
F807C0
780780
7C0F80
3E1F00
1FFE00
0FFC00
03F000
ENDCHAR
STARTCHAR odieresis
ENCODING 246
SWIDTH 556 0
DWIDTH 22 0
BBX 18 27 2 0
BITMAP
0F1E00
0F1E00
0F1E00
0F1E00
000000
000000
03F000
0FFC00
1FFE00
3E1F00
7C0F80
780780
F807C0
F003C0
F003C0
F003C0
F003C0
F003C0
F003C0
F003C0
F807C0
780780
7C0F80
3E1F00
1FFE00
0FFC00
03F000
ENDCHAR
STARTCHAR divide
ENCODING 247
SWIDTH 548 0
DWIDTH 22 0
BBX 20 15 2 7
BITMAP
00F000
00F000
00F000
00F000
000000
000000
FFFFF0
FFFFF0
FFFFF0
000000
000000
00F000
00F000
00F000
00F000
ENDCHAR
STARTCHAR oslash
ENCODING 248
SWIDTH 610 0
DWIDTH 23 0
BBX 18 23 3 -1
BITMAP
000180
03E3C0
0FFB80
1FFF00
3E1F00
7C1F80
781F80
F83B80
F07BC0
F073C0
F0E3C0
F1E3C0
F3C3C0
F383C0
F703C0
FF07C0
7E0780
7C0F80
3C1F00
7FFE00
77FC00
E1F000
200000
ENDCHAR
STARTCHAR ugrave
ENCODING 249
SWIDTH 556 0
DWIDTH 21 0
BBX 17 28 2 0
BITMAP
1F0000
0F8000
078000
03C000
01E000
000000
000000
F00780
F00780
F00780
F00780
F00780
F00780
F00780
F00780
F00780
F00780
F00780
F00780
F00780
F00780
F00780
F00F80
F80F80
7C3F80
7FF780
3FE780
0F8780
ENDCHAR
STARTCHAR uacute
ENCODING 250
SWIDTH 556 0
DWIDTH 21 0
BBX 17 28 2 0
BITMAP
007C00
00F800
01F000
01E000
03C000
000000
000000
F00780
F00780
F00780
F00780
F00780
F00780
F00780
F00780
F00780
F00780
F00780
F00780
F00780
F00780
F00780
F00F80
F80F80
7C3F80
7FF780
3FE780
0F8780
ENDCHAR
STARTCHAR ucircumflex
ENCODING 251
SWIDTH 556 0
DWIDTH 21 0
BBX 17 28 2 0
BITMAP
01E000
03F000
07F800
0F3C00
1E1E00
000000
000000
F00780
F00780
F00780
F00780
F00780
F00780
F00780
F00780
F00780
F00780
F00780
F00780
F00780
F00780
F00780
F00F80
F80F80
7C3F80
7FF780
3FE780
0F8780
ENDCHAR
STARTCHAR udieresis
ENCODING 252
SWIDTH 556 0
DWIDTH 21 0
BBX 17 27 2 0
BITMAP
3C7800
3C7800
3C7800
3C7800
000000
000000
F00780
F00780
F00780
F00780
F00780
F00780
F00780
F00780
F00780
F00780
F00780
F00780
F00780
F00780
F00780
F00F80
F80F80
7C3F80
7FF780
3FE780
0F8780
ENDCHAR
STARTCHAR yacute
ENCODING 253
SWIDTH 500 0
DWIDTH 19 0
BBX 19 36 0 -8
BITMAP
001F00
003E00
007C00
007800
00F000
000000
000000
F001E0
7803E0
7803C0
7C03C0
3C07C0
3C0780
3E0780
1E0F80
1F0F00
0F0F00
0F0F00
0F9E00
079E00
07DE00
03DC00
03FC00
03FC00
01F800
01F800
01F800
00F000
00F000
00F000
01E000
01E000
03C000
1FC000
1F8000
1F0000
ENDCHAR
STARTCHAR thorn
ENCODING 254
SWIDTH 556 0
DWIDTH 22 0
BBX 18 37 3 -8
BITMAP
F00000
F00000
F00000
F00000
F00000
F00000
F00000
F00000
F1F000
F7FC00
FFFE00
FE1F00
FC0F80
F80780
F00780
F003C0
F003C0
F003C0
F003C0
F003C0
F003C0
F003C0
F00780
F80780
F80F80
FE1F00
FFFE00
F7FC00
F1F000
F00000
F00000
F00000
F00000
F00000
F00000
F00000
F00000
ENDCHAR
STARTCHAR ydieresis
ENCODING 255
SWIDTH 500 0
DWIDTH 19 0
BBX 19 35 0 -8
BITMAP
0F1E00
0F1E00
0F1E00
0F1E00
000000
000000
F001E0
7803E0
7803C0
7C03C0
3C07C0
3C0780
3E0780
1E0F80
1F0F00
0F0F00
0F0F00
0F9E00
079E00
07DE00
03DC00
03FC00
03FC00
01F800
01F800
01F800
00F000
00F000
00F000
01E000
01E000
03C000
1FC000
1F8000
1F0000
ENDCHAR
STARTCHAR Amacron
ENCODING 256
SWIDTH 666 0
DWIDTH 27 0
BBX 27 34 0 0
BITMAP
01FFE000
01FFE000
01FFE000
00000000
00000000
003F0000
003F0000
007F8000
007F8000
00738000
00F3C000
00F1C000
00E1E000
01E1E000
01E0E000
01C0F000
03C07000
03C07800
07807800
07803800
07803C00
0FFFFC00
0FFFFE00
0FFFFE00
1FFFFE00
1E000F00
1E000F00
3C000780
3C000780
7C000780
780003C0
780003C0
F80003E0
F00001E0
ENDCHAR
STARTCHAR amacron
ENCODING 257
SWIDTH 556 0
DWIDTH 22 0
BBX 18 27 2 0
BITMAP
1FFE00
1FFE00
1FFE00
000000
000000
000000
07F800
1FFE00
3FFF00
7C1F80
F80780
F00780
000780
001F80
03FF80
1FFF80
3FF780
7E0780
F80780
F00780
F00780
F00F80
F01F80
F83F80
7FFF80
3FE780
1F83C0
ENDCHAR
STARTCHAR Abreve
ENCODING 258
SWIDTH 666 0
DWIDTH 27 0
BBX 27 36 0 0
BITMAP
00C06000
00E0E000
0060C000
007FC000
001F0000
00000000
00000000
003F0000
003F0000
007F8000
007F8000
00738000
00F3C000
00F1C000
00E1E000
01E1E000
01E0E000
01C0F000
03C07000
03C07800
07807800
07803800
07803C00
0FFFFC00
0FFFFE00
0FFFFE00
1FFFFE00
1E000F00
1E000F00
3C000780
3C000780
7C000780
780003C0
780003C0
F80003E0
F00001E0
ENDCHAR
STARTCHAR abreve
ENCODING 259
SWIDTH 556 0
DWIDTH 22 0
BBX 18 28 2 0
BITMAP
0C0600
0E0E00
060C00
07FC00
01F000
000000
000000
07F800
1FFE00
3FFF00
7C1F80
F80780
F00780
000780
001F80
03FF80
1FFF80
3FF780
7E0780
F80780
F00780
F00780
F00F80
F01F80
F83F80
7FFF80
3FE780
1F83C0
ENDCHAR
STARTCHAR Aogonek
ENCODING 260
SWIDTH 666 0
DWIDTH 27 0
BBX 31 37 0 -8
BITMAP
003F0000
003F0000
007F8000
007F8000
00738000
00F3C000
00F1C000
00E1E000
01E1E000
01E0E000
01C0F000
03C07000
03C07800
07807800
07803800
07803C00
0FFFFC00
0FFFFE00
0FFFFE00
1FFFFE00
1E000F00
1E000F00
3C000780
3C000780
7C000780
780003C0
780003C0
F80003E0
F00001E0
00000180
00000300
00000300
00000300
00000300
00000382
000001FE
000000FC
ENDCHAR
STARTCHAR aogonek
ENCODING 261
SWIDTH 556 0
DWIDTH 22 0
BBX 22 29 2 -8
BITMAP
07F800
1FFE00
3FFF00
7C1F80
F80780
F00780
000780
001F80
03FF80
1FFF80
3FF780
7E0780
F80780
F00780
F00780
F00F80
F01F80
F83F80
7FFF80
3FE780
1F83C0
000300
000600
000600
000600
000600
000704
0003FC
0001F8
ENDCHAR
STARTCHAR Cacute
ENCODING 262
SWIDTH 722 0
DWIDTH 29 0
BBX 25 36 2 0
BITMAP
0007C000
000F8000
001F0000
001E0000
003C0000
00000000
00000000
007F8000
01FFE000
07FFF000
0FFFF800
1FC0FC00
3F003E00
3C003E00
7C001F00
78000F00
78000000
F0000000
F0000000
F0000000
F0000000
F0000000
F0000000
F0000000
F0000000
F0000400
78000780
78000F80
7C000F00
3E001F00
3F003E00
1FC0FE00
0FFFFC00
07FFF800
03FFE000
007F8000
ENDCHAR
STARTCHAR cacute
ENCODING 263
SWIDTH 500 0
DWIDTH 20 0
BBX 17 28 2 0
BITMAP
007C00
00F800
01F000
01E000
03C000
000000
000000
03F000
0FFC00
1FFE00
3E1F00
7C0F00
780780
F80780
F00000
F00000
F00000
F00000
F00000
F00000
F00780
F00780
780F00
7C0F00
3E1E00
1FFE00
0FFC00
03F000
ENDCHAR
STARTCHAR Ccircumflex
ENCODING 264
SWIDTH 722 0
DWIDTH 29 0
BBX 25 36 2 0
BITMAP
003E0000
007F0000
00F78000
01E3C000
03C1E000
00000000
00000000
007F8000
01FFE000
07FFF000
0FFFF800
1FC0FC00
3F003E00
3C003E00
7C001F00
78000F00
78000000
F0000000
F0000000
F0000000
F0000000
F0000000
F0000000
F0000000
F0000000
F0000400
78000780
78000F80
7C000F00
3E001F00
3F003E00
1FC0FE00
0FFFFC00
07FFF800
03FFE000
007F8000
ENDCHAR
STARTCHAR ccircumflex
ENCODING 265
SWIDTH 500 0
DWIDTH 20 0
BBX 17 28 2 0
BITMAP
03E000
03F000
077800
0F3C00
1E1E00
000000
000000
03F000
0FFC00
1FFE00
3E1F00
7C0F00
780780
F80780
F00000
F00000
F00000
F00000
F00000
F00000
F00780
F00780
780F00
7C0F00
3E1E00
1FFE00
0FFC00
03F000
ENDCHAR
STARTCHAR Cdot
ENCODING 266
SWIDTH 722 0
DWIDTH 29 0
BBX 25 35 2 0
BITMAP
001E0000
001E0000
001E0000
001E0000
00000000
00000000
007F8000
01FFE000
07FFF000
0FFFF800
1FC0FC00
3F003E00
3C003E00
7C001F00
78000F00
78000000
F0000000
F0000000
F0000000
F0000000
F0000000
F0000000
F0000000
F0000000
F0000400
78000780
78000F80
7C000F00
3E001F00
3F003E00
1FC0FE00
0FFFFC00
07FFF800
03FFE000
007F8000
ENDCHAR
STARTCHAR cdot
ENCODING 267
SWIDTH 500 0
DWIDTH 20 0
BBX 17 27 2 0
BITMAP
00F000
00F000
00F000
00F000
000000
000000
03F000
0FFC00
1FFE00
3E1F00
7C0F00
780780
F80780
F00000
F00000
F00000
F00000
F00000
F00000
F00780
F00780
780F00
7C0F00
3E1E00
1FFE00
0FFC00
03F000
ENDCHAR
STARTCHAR Ccaron
ENCODING 268
SWIDTH 722 0
DWIDTH 29 0
BBX 25 36 2 0
BITMAP
03C1C000
01E3C000
00F78000
007F0000
003E0000
00000000
00000000
007F8000
01FFE000
07FFF000
0FFFF800
1FC0FC00
3F003E00
3C003E00
7C001F00
78000F00
78000000
F0000000
F0000000
F0000000
F0000000
F0000000
F0000000
F0000000
F0000000
F0000400
78000780
78000F80
7C000F00
3E001F00
3F003E00
1FC0FE00
0FFFFC00
07FFF800
03FFE000
007F8000
ENDCHAR
STARTCHAR ccaron
ENCODING 269
SWIDTH 500 0
DWIDTH 20 0
BBX 17 28 2 0
BITMAP
1E1E00
0F3C00
07F800
03F000
03E000
000000
000000
03F000
0FFC00
1FFE00
3E1F00
7C0F00
780780
F80780
F00000
F00000
F00000
F00000
F00000
F00000
F00780
F00780
780F00
7C0F00
3E1E00
1FFE00
0FFC00
03F000
ENDCHAR
STARTCHAR Dcaron
ENCODING 270
SWIDTH 722 0
DWIDTH 29 0
BBX 24 36 3 0
BITMAP
0F0F00
079E00
03FC00
01F800
00F000
000000
000000
FFFF00
FFFFC0
FFFFE0
FFFFF0
F001F8
F0007C
F0003C
F0003E
F0001E
F0001E
F0000F
F0000F
F0000F
F0000F
F0000F
F0000F
F0000F
F0000F
F0000F
F0001E
F0001E
F0003E
F0003C
F0007C
F001F8
FFFFF0
FFFFE0
FFFFC0
FFFE00
ENDCHAR
STARTCHAR dcaron
ENCODING 271
SWIDTH 614 0
DWIDTH 25 0
BBX 24 29 1 0
BITMAP
0003CF
0003CF
0003CF
0003CF
0003C3
0003C3
0003C7
0003CE
03E3CC
0FFBC0
1FFFC0
3E1FC0
7C0FC0
7807C0
7807C0
F003C0
F003C0
F003C0
F003C0
F003C0
F003C0
F003C0
7807C0
7807C0
7C0FC0
3E1FC0
1FFFC0
0FFBC0
03E3C0
ENDCHAR
STARTCHAR Dslash
ENCODING 272
SWIDTH 722 0
DWIDTH 29 0
BBX 27 29 0 0
BITMAP
1FFFE000
1FFFF800
1FFFFC00
1FFFFE00
1E003F00
1E000F80
1E000780
1E0007C0
1E0003C0
1E0003C0
1E0001E0
1E0001E0
1E0001E0
FFFE01E0
FFFE01E0
FFFE01E0
1E0001E0
1E0001E0
1E0001E0
1E0003C0
1E0003C0
1E0007C0
1E000780
1E000F80
1E003F00
1FFFFE00
1FFFFC00
1FFFF800
1FFFC000
ENDCHAR
STARTCHAR dmacron
ENCODING 273
SWIDTH 556 0
DWIDTH 22 0
BBX 21 29 1 0
BITMAP
0003C0
0003C0
00FFF8
00FFF8
0003C0
0003C0
0003C0
0003C0
03E3C0
0FFBC0
1FFFC0
3E1FC0
7C0FC0
7807C0
7807C0
F003C0
F003C0
F003C0
F003C0
F003C0
F003C0
F003C0
7807C0
7807C0
7C0FC0
3E1FC0
1FFFC0
0FFBC0
03E3C0
ENDCHAR
STARTCHAR Emacron
ENCODING 274
SWIDTH 666 0
DWIDTH 27 0
BBX 22 34 3 0
BITMAP
07FF80
07FF80
07FF80
000000
000000
FFFFF8
FFFFF8
FFFFF8
FFFFF8
F00000
F00000
F00000
F00000
F00000
F00000
F00000
F00000
FFFFF0
FFFFF0
FFFFF0
FFFFF0
F00000
F00000
F00000
F00000
F00000
F00000
F00000
F00000
F00000
FFFFFC
FFFFFC
FFFFFC
FFFFFC
ENDCHAR
STARTCHAR emacron
ENCODING 275
SWIDTH 556 0
DWIDTH 22 0
BBX 18 27 2 0
BITMAP
1FFE00
1FFE00
1FFE00
000000
000000
000000
03F000
0FFC00
1FFE00
3E1F00
780780
780780
7003C0
F003C0
FFFFC0
FFFFC0
FFFFC0
F00000
F00000
F00000
F80000
7803C0
7C0780
3E0F80
1FFF00
0FFE00
03F800
ENDCHAR
STARTCHAR Ebreve
ENCODING 276
SWIDTH 666 0
DWIDTH 27 0
BBX 22 36 3 0
BITMAP
060300
070700
030600
03FE00
00F800
000000
000000
FFFFF8
FFFFF8
FFFFF8
FFFFF8
F00000
F00000
F00000
F00000
F00000
F00000
F00000
F00000
FFFFF0
FFFFF0
FFFFF0
FFFFF0
F00000
F00000
F00000
F00000
F00000
F00000
F00000
F00000
F00000
FFFFFC
FFFFFC
FFFFFC
FFFFFC
ENDCHAR
STARTCHAR ebreve
ENCODING 277
SWIDTH 556 0
DWIDTH 22 0
BBX 18 28 2 0
BITMAP
0C0600
0E0E00
060C00
07FC00
01F000
000000
000000
03F000
0FFC00
1FFE00
3E1F00
780780
780780
7003C0
F003C0
FFFFC0
FFFFC0
FFFFC0
F00000
F00000
F00000
F80000
7803C0
7C0780
3E0F80
1FFF00
0FFE00
03F800
ENDCHAR
STARTCHAR Edot
ENCODING 278
SWIDTH 666 0
DWIDTH 27 0
BBX 22 35 3 0
BITMAP
007800
007800
007800
007800
000000
000000
FFFFF8
FFFFF8
FFFFF8
FFFFF8
F00000
F00000
F00000
F00000
F00000
F00000
F00000
F00000
FFFFF0
FFFFF0
FFFFF0
FFFFF0
F00000
F00000
F00000
F00000
F00000
F00000
F00000
F00000
F00000
FFFFFC
FFFFFC
FFFFFC
FFFFFC
ENDCHAR
STARTCHAR edot
ENCODING 279
SWIDTH 556 0
DWIDTH 22 0
BBX 18 27 2 0
BITMAP
01E000
01E000
01E000
01E000
000000
000000
03F000
0FFC00
1FFE00
3E1F00
780780
780780
7003C0
F003C0
FFFFC0
FFFFC0
FFFFC0
F00000
F00000
F00000
F80000
7803C0
7C0780
3E0F80
1FFF00
0FFE00
03F800
ENDCHAR
STARTCHAR Eogonek
ENCODING 280
SWIDTH 666 0
DWIDTH 27 0
BBX 22 37 3 -8
BITMAP
FFFFF8
FFFFF8
FFFFF8
FFFFF8
F00000
F00000
F00000
F00000
F00000
F00000
F00000
F00000
FFFFF0
FFFFF0
FFFFF0
FFFFF0
F00000
F00000
F00000
F00000
F00000
F00000
F00000
F00000
F00000
FFFFFC
FFFFFC
FFFFFC
FFFFFC
000300
000600
000600
000600
000600
000704
0003FC
0001F8
ENDCHAR
STARTCHAR eogonek
ENCODING 281
SWIDTH 556 0
DWIDTH 22 0
BBX 18 29 2 -8
BITMAP
03F000
0FFC00
1FFE00
3E1F00
780780
780780
7003C0
F003C0
FFFFC0
FFFFC0
FFFFC0
F00000
F00000
F00000
F80000
7803C0
7C0780
3E0F80
1FFF00
0FFE00
03F800
00C000
018000
018000
018000
018000
01C100
00FF00
007E00
ENDCHAR
STARTCHAR Ecaron
ENCODING 282
SWIDTH 666 0
DWIDTH 27 0
BBX 22 36 3 0
BITMAP
078780
03CF00
01FE00
00FC00
007800
000000
000000
FFFFF8
FFFFF8
FFFFF8
FFFFF8
F00000
F00000
F00000
F00000
F00000
F00000
F00000
F00000
FFFFF0
FFFFF0
FFFFF0
FFFFF0
F00000
F00000
F00000
F00000
F00000
F00000
F00000
F00000
F00000
FFFFFC
FFFFFC
FFFFFC
FFFFFC
ENDCHAR
STARTCHAR ecaron
ENCODING 283
SWIDTH 556 0
DWIDTH 22 0
BBX 18 28 2 0
BITMAP
1E1E00
0F3C00
07F800
03F000
01E000
000000
000000
03F000
0FFC00
1FFE00
3E1F00
780780
780780
7003C0
F003C0
FFFFC0
FFFFC0
FFFFC0
F00000
F00000
F00000
F80000
7803C0
7C0780
3E0F80
1FFF00
0FFE00
03F800
ENDCHAR
STARTCHAR Gcircumflex
ENCODING 284
SWIDTH 777 0
DWIDTH 31 0
BBX 26 36 2 0
BITMAP
000F0000
001F8000
003FC000
0079E000
00F0F000
00000000
00000000
003FC000
01FFF800
07FFFC00
0FFFFE00
1FC07F00
1F001F00
3E000F80
7C000780
78000780
78000000
F8000000
F0000000
F0000000
F0000000
F003FFC0
F003FFC0
F003FFC0
F003FFC0
F80003C0
780003C0
780003C0
7C0003C0
3E0003C0
1F000FC0
1FE03FC0
0FFFFF80
03FFFE00
01FFF800
003FE000
ENDCHAR
STARTCHAR gcircumflex
ENCODING 285
SWIDTH 556 0
DWIDTH 22 0
BBX 18 36 2 -8
BITMAP
03E000
03F000
077800
0F3C00
1E1E00
000000
000000
03E3C0
0FFBC0
1FFFC0
3E1FC0
7C0FC0
7807C0
7807C0
F003C0
F003C0
F003C0
F003C0
F003C0
F003C0
F003C0
7807C0
7807C0
7C0FC0
3E1FC0
1FFFC0
0FFBC0
07E3C0
0003C0
F003C0
F00780
F80780
7C1F80
7FFF00
1FFC00
07F000
ENDCHAR
STARTCHAR Gbreve
ENCODING 286
SWIDTH 777 0
DWIDTH 31 0
BBX 26 36 2 0
BITMAP
00603000
00707000
00306000
003FE000
000F8000
00000000
00000000
003FC000
01FFF800
07FFFC00
0FFFFE00
1FC07F00
1F001F00
3E000F80
7C000780
78000780
78000000
F8000000
F0000000
F0000000
F0000000
F003FFC0
F003FFC0
F003FFC0
F003FFC0
F80003C0
780003C0
780003C0
7C0003C0
3E0003C0
1F000FC0
1FE03FC0
0FFFFF80
03FFFE00
01FFF800
003FE000
ENDCHAR
STARTCHAR gbreve
ENCODING 287
SWIDTH 556 0
DWIDTH 22 0
BBX 18 36 2 -8
BITMAP
0C0600
0E0E00
060C00
07FC00
01F000
000000
000000
03E3C0
0FFBC0
1FFFC0
3E1FC0
7C0FC0
7807C0
7807C0
F003C0
F003C0
F003C0
F003C0
F003C0
F003C0
F003C0
7807C0
7807C0
7C0FC0
3E1FC0
1FFFC0
0FFBC0
07E3C0
0003C0
F003C0
F00780
F80780
7C1F80
7FFF00
1FFC00
07F000
ENDCHAR
STARTCHAR Gdot
ENCODING 288
SWIDTH 777 0
DWIDTH 31 0
BBX 26 35 2 0
BITMAP
000F0000
000F0000
000F0000
000F0000
00000000
00000000
003FC000
01FFF800
07FFFC00
0FFFFE00
1FC07F00
1F001F00
3E000F80
7C000780
78000780
78000000
F8000000
F0000000
F0000000
F0000000
F003FFC0
F003FFC0
F003FFC0
F003FFC0
F80003C0
780003C0
780003C0
7C0003C0
3E0003C0
1F000FC0
1FE03FC0
0FFFFF80
03FFFE00
01FFF800
003FE000
ENDCHAR
STARTCHAR gdot
ENCODING 289
SWIDTH 556 0
DWIDTH 22 0
BBX 18 35 2 -8
BITMAP
00F000
00F000
00F000
00F000
000000
000000
03E3C0
0FFBC0
1FFFC0
3E1FC0
7C0FC0
7807C0
7807C0
F003C0
F003C0
F003C0
F003C0
F003C0
F003C0
F003C0
7807C0
7807C0
7C0FC0
3E1FC0
1FFFC0
0FFBC0
07E3C0
0003C0
F003C0
F00780
F80780
7C1F80
7FFF00
1FFC00
07F000
ENDCHAR
STARTCHAR Gcedilla
ENCODING 290
SWIDTH 777 0
DWIDTH 31 0
BBX 26 37 2 -8
BITMAP
003FC000
01FFF800
07FFFC00
0FFFFE00
1FC07F00
1F001F00
3E000F80
7C000780
78000780
78000000
F8000000
F0000000
F0000000
F0000000
F003FFC0
F003FFC0
F003FFC0
F003FFC0
F80003C0
780003C0
780003C0
7C0003C0
3E0003C0
1F000FC0
1FE03FC0
0FFFFF80
03FFFE00
01FFF800
003FE000
000C0000
000C0000
000F0000
001F8000
00038000
00038000
007F8000
007E0000
ENDCHAR
STARTCHAR gcedilla
ENCODING 291
SWIDTH 556 0
DWIDTH 22 0
BBX 18 39 2 -8
BITMAP
004000
00E000
01C000
018000
018000
01E000
01E000
01E000
000000
000000
07E3C0
0FFBC0
1FFFC0
3E1FC0
7C0FC0
7807C0
7807C0
F003C0
F003C0
F003C0
F003C0
F003C0
F003C0
F003C0
7807C0
7807C0
7C0FC0
3E1FC0
1FFFC0
0FFBC0
03E3C0
0003C0
F003C0
F00780
F80780
7C1F80
7FFF00
1FFC00
07F000
ENDCHAR
STARTCHAR Hcircumflex
ENCODING 292
SWIDTH 722 0
DWIDTH 29 0
BBX 23 36 3 0
BITMAP
007C00
00FE00
01EF00
03C780
078780
000000
000000
F0001E
F0001E
F0001E
F0001E
F0001E
F0001E
F0001E
F0001E
F0001E
F0001E
F0001E
FFFFFE
FFFFFE
FFFFFE
FFFFFE
F0001E
F0001E
F0001E
F0001E
F0001E
F0001E
F0001E
F0001E
F0001E
F0001E
F0001E
F0001E
F0001E
F0001E
ENDCHAR
STARTCHAR hcircumflex
ENCODING 293
SWIDTH 556 0
DWIDTH 21 0
BBX 17 36 2 0
BITMAP
00F000
01F800
03FC00
079E00
0F0F00
000000
000000
F00000
F00000
F00000
F00000
F00000
F00000
F00000
F00000
F1F800
F7FE00
FFFF00
FE1F00
FC0F80
F80780
F00780
F00780
F00780
F00780
F00780
F00780
F00780
F00780
F00780
F00780
F00780
F00780
F00780
F00780
F00780
ENDCHAR
STARTCHAR Hbar
ENCODING 294
SWIDTH 722 0
DWIDTH 29 0
BBX 29 29 0 0
BITMAP
1E0003C0
1E0003C0
1E0003C0
FFFFFFF8
FFFFFFF8
FFFFFFF8
FFFFFFF8
1E0003C0
1E0003C0
1E0003C0
1E0003C0
1FFFFFC0
1FFFFFC0
1FFFFFC0
1FFFFFC0
1E0003C0
1E0003C0
1E0003C0
1E0003C0
1E0003C0
1E0003C0
1E0003C0
1E0003C0
1E0003C0
1E0003C0
1E0003C0
1E0003C0
1E0003C0
1E0003C0
ENDCHAR
STARTCHAR hbar
ENCODING 295
SWIDTH 556 0
DWIDTH 21 0
BBX 19 29 0 0
BITMAP
3C0000
3C0000
3C0000
3C0000
FFF800
FFF800
3C0000
3C0000
3C7E00
3DFF80
3FFFC0
3F87C0
3E03E0
3E01E0
3C01E0
3C01E0
3C01E0
3C01E0
3C01E0
3C01E0
3C01E0
3C01E0
3C01E0
3C01E0
3C01E0
3C01E0
3C01E0
3C01E0
3C01E0
ENDCHAR
STARTCHAR Itilde
ENCODING 296
SWIDTH 277 0
DWIDTH 10 0
BBX 13 36 -1 0
BITMAP
3838
7E70
FFF0
E7F0
E1E0
0000
0000
0F00
0F00
0F00
0F00
0F00
0F00
0F00
0F00
0F00
0F00
0F00
0F00
0F00
0F00
0F00
0F00
0F00
0F00
0F00
0F00
0F00
0F00
0F00
0F00
0F00
0F00
0F00
0F00
0F00
ENDCHAR
STARTCHAR itilde
ENCODING 297
SWIDTH 277 0
DWIDTH 12 0
BBX 13 28 0 0
BITMAP
3C38
7E38
FFF8
E3F0
E1E0
0000
0000
0F00
0F00
0F00
0F00
0F00
0F00
0F00
0F00
0F00
0F00
0F00
0F00
0F00
0F00
0F00
0F00
0F00
0F00
0F00
0F00
0F00
ENDCHAR
STARTCHAR Imacron
ENCODING 298
SWIDTH 277 0
DWIDTH 10 0
BBX 12 34 -1 0
BITMAP
FFF0
FFF0
FFF0
0000
0000
0F00
0F00
0F00
0F00
0F00
0F00
0F00
0F00
0F00
0F00
0F00
0F00
0F00
0F00
0F00
0F00
0F00
0F00
0F00
0F00
0F00
0F00
0F00
0F00
0F00
0F00
0F00
0F00
0F00
ENDCHAR
STARTCHAR imacron
ENCODING 299
SWIDTH 277 0
DWIDTH 12 0
BBX 12 27 0 0
BITMAP
FFF0
FFF0
FFF0
0000
0000
0000
0F00
0F00
0F00
0F00
0F00
0F00
0F00
0F00
0F00
0F00
0F00
0F00
0F00
0F00
0F00
0F00
0F00
0F00
0F00
0F00
0F00
ENDCHAR
STARTCHAR Ibreve
ENCODING 300
SWIDTH 277 0
DWIDTH 10 0
BBX 11 36 0 0
BITMAP
C060
E060
70C0
3FC0
1F00
0000
0000
1E00
1E00
1E00
1E00
1E00
1E00
1E00
1E00
1E00
1E00
1E00
1E00
1E00
1E00
1E00
1E00
1E00
1E00
1E00
1E00
1E00
1E00
1E00
1E00
1E00
1E00
1E00
1E00
1E00
ENDCHAR
STARTCHAR ibreve
ENCODING 301
SWIDTH 277 0
DWIDTH 12 0
BBX 11 28 0 0
BITMAP
C060
E0E0
60C0
7F80
1F00
0000
0000
0F00
0F00
0F00
0F00
0F00
0F00
0F00
0F00
0F00
0F00
0F00
0F00
0F00
0F00
0F00
0F00
0F00
0F00
0F00
0F00
0F00
ENDCHAR
STARTCHAR Iogonek
ENCODING 302
SWIDTH 277 0
DWIDTH 10 0
BBX 9 37 3 -8
BITMAP
F000
F000
F000
F000
F000
F000
F000
F000
F000
F000
F000
F000
F000
F000
F000
F000
F000
F000
F000
F000
F000
F000
F000
F000
F000
F000
F000
F000
F000
C000
E000
E000
E000
F080
FF80
7F80
3E00
ENDCHAR
STARTCHAR iogonek
ENCODING 303
SWIDTH 222 0
DWIDTH 8 0
BBX 9 37 2 -8
BITMAP
F000
F000
F000
F000
0000
0000
0000
0000
F000
F000
F000
F000
F000
F000
F000
F000
F000
F000
F000
F000
F000
F000
F000
F000
F000
F000
F000
F000
F000
E000
E000
E000
E000
F080
FF80
7F80
3E00
ENDCHAR
STARTCHAR Idotaccent
ENCODING 304
SWIDTH 277 0
DWIDTH 10 0
BBX 4 35 3 0
BITMAP
F0
F0
F0
F0
00
00
F0
F0
F0
F0
F0
F0
F0
F0
F0
F0
F0
F0
F0
F0
F0
F0
F0
F0
F0
F0
F0
F0
F0
F0
F0
F0
F0
F0
F0
ENDCHAR
STARTCHAR dotlessi
ENCODING 305
SWIDTH 277 0
DWIDTH 12 0
BBX 4 21 4 0
BITMAP
F0
F0
F0
F0
F0
F0
F0
F0
F0
F0
F0
F0
F0
F0
F0
F0
F0
F0
F0
F0
F0
ENDCHAR
STARTCHAR IJ
ENCODING 306
SWIDTH 734 0
DWIDTH 29 0
BBX 23 29 4 0
BITMAP
F0001E
F0001E
F0001E
F0001E
F0001E
F0001E
F0001E
F0001E
F0001E
F0001E
F0001E
F0001E
F0001E
F0001E
F0001E
F0001E
F0001E
F0001E
F0001E
F0001E
F1E01E
F1E01E
F1E01E
F1F03E
F0F87C
F0FFFC
F07FF8
F03FF0
F01FC0
ENDCHAR
STARTCHAR ij
ENCODING 307
SWIDTH 443 0
DWIDTH 18 0
BBX 14 37 3 -8
BITMAP
F03C
F03C
F03C
F03C
0000
0000
0000
0000
F03C
F03C
F03C
F03C
F03C
F03C
F03C
F03C
F03C
F03C
F03C
F03C
F03C
F03C
F03C
F03C
F03C
F03C
F03C
F03C
F03C
003C
003C
003C
003C
007C
03F8
07F8
07E0
ENDCHAR
STARTCHAR Jcircumflex
ENCODING 308
SWIDTH 500 0
DWIDTH 20 0
BBX 20 36 1 0
BITMAP
001F00
003F80
003BC0
0079E0
00F0F0
000000
000000
000F00
000F00
000F00
000F00
000F00
000F00
000F00
000F00
000F00
000F00
000F00
000F00
000F00
000F00
000F00
000F00
000F00
000F00
000F00
000F00
F00F00
F00F00
F00F00
F81F00
7C3E00
7FFE00
3FFC00
1FF800
0FE000
ENDCHAR
STARTCHAR jcircumflex
ENCODING 309
SWIDTH 222 0
DWIDTH 10 0
BBX 13 36 -2 -8
BITMAP
0780
0FC0
1FE0
3CF0
7878
0000
0000
0780
0780
0780
0780
0780
0780
0780
0780
0780
0780
0780
0780
0780
0780
0780
0780
0780
0780
0780
0780
0780
0780
0780
0780
0780
0F80
7F00
FF00
FC00
ENDCHAR
STARTCHAR Kcedilla
ENCODING 310
SWIDTH 666 0
DWIDTH 27 0
BBX 24 37 3 -8
BITMAP
F0007E
F000FC
F001F8
F003F0
F007E0
F00FC0
F01F80
F03F00
F07E00
F0FC00
F1F800
F3F000
F7E000
FFF000
FFF800
FF7C00
FE3E00
FC1E00
F81F00
F00F80
F007C0
F003C0
F003E0
F001F0
F000F8
F00078
F0007C
F0003E
F0001F
000000
003C00
003E00
000700
000700
000F00
00FE00
00FC00
ENDCHAR
STARTCHAR kcedilla
ENCODING 311
SWIDTH 500 0
DWIDTH 20 0
BBX 17 37 3 -8
BITMAP
F00000
F00000
F00000
F00000
F00000
F00000
F00000
F00000
F01F00
F03E00
F07C00
F0F800
F1F000
F7E000
FFC000
FF8000
FF8000
FF8000
FFC000
F3E000
F1E000
F1F000
F0F800
F07800
F07C00
F03E00
F01E00
F01F00
F00F80
000000
01E000
01F000
007000
003800
007000
07F000
07C000
ENDCHAR
STARTCHAR kgreenlandic
ENCODING 312
SWIDTH 500 0
DWIDTH 20 0
BBX 17 21 2 0
BITMAP
F01F00
F03E00
F07C00
F0F800
F1F000
F3E000
F7C000
FF8000
FF8000
FFC000
FFE000
F9E000
F1F000
F0F800
F07800
F07C00
F03E00
F01E00
F01F00
F00F80
F00780
ENDCHAR
STARTCHAR Lacute
ENCODING 313
SWIDTH 556 0
DWIDTH 22 0
BBX 18 36 3 0
BITMAP
03E000
07C000
0F8000
0F0000
1E0000
000000
000000
F00000
F00000
F00000
F00000
F00000
F00000
F00000
F00000
F00000
F00000
F00000
F00000
F00000
F00000
F00000
F00000
F00000
F00000
F00000
F00000
F00000
F00000
F00000
F00000
F00000
FFFFC0
FFFFC0
FFFFC0
FFFFC0
ENDCHAR
STARTCHAR lacute
ENCODING 314
SWIDTH 222 0
DWIDTH 8 0
BBX 8 36 1 0
BITMAP
1F
3E
7C
78
F0
00
00
78
78
78
78
78
78
78
78
78
78
78
78
78
78
78
78
78
78
78
78
78
78
78
78
78
78
78
78
78
ENDCHAR
STARTCHAR Lcedilla
ENCODING 315
SWIDTH 556 0
DWIDTH 22 0
BBX 18 37 3 -8
BITMAP
F00000
F00000
F00000
F00000
F00000
F00000
F00000
F00000
F00000
F00000
F00000
F00000
F00000
F00000
F00000
F00000
F00000
F00000
F00000
F00000
F00000
F00000
F00000
F00000
F00000
FFFFC0
FFFFC0
FFFFC0
FFFFC0
000000
00F000
00F800
003800
001C00
003800
03F800
03E000
ENDCHAR
STARTCHAR lcedilla
ENCODING 316
SWIDTH 222 0
DWIDTH 8 0
BBX 8 37 0 -8
BITMAP
3C
3C
3C
3C
3C
3C
3C
3C
3C
3C
3C
3C
3C
3C
3C
3C
3C
3C
3C
3C
3C
3C
3C
3C
3C
3C
3C
3C
3C
00
3C
3E
0F
07
0F
FE
F8
ENDCHAR
STARTCHAR Lcaron
ENCODING 317
SWIDTH 556 0
DWIDTH 22 0
BBX 17 29 3 0
BITMAP
F01E00
F01E00
F01E00
F01E00
F00600
F00600
F00600
F00C00
F01C00
F01800
F00000
F00000
F00000
F00000
F00000
F00000
F00000
F00000
F00000
F00000
F00000
F00000
F00000
F00000
F00000
FFFF80
FFFF80
FFFF80
FFFF80
ENDCHAR
STARTCHAR lcaron
ENCODING 318
SWIDTH 291 0
DWIDTH 12 0
BBX 9 29 3 0
BITMAP
F780
F780
F780
F780
F180
F180
F380
F300
F600
F000
F000
F000
F000
F000
F000
F000
F000
F000
F000
F000
F000
F000
F000
F000
F000
F000
F000
F000
F000
ENDCHAR
STARTCHAR Ldot
ENCODING 319
SWIDTH 556 0
DWIDTH 22 0
BBX 18 29 3 0
BITMAP
F00000
F00000
F00000
F00000
F00000
F00000
F00000
F00000
F00000
F00000
F00000
F00000
F01E00
F01E00
F01E00
F01E00
F00000
F00000
F00000
F00000
F00000
F00000
F00000
F00000
F00000
FFFFC0
FFFFC0
FFFFC0
FFFFC0
ENDCHAR
STARTCHAR ldot
ENCODING 320
SWIDTH 333 0
DWIDTH 13 0
BBX 11 29 2 0
BITMAP
F000
F000
F000
F000
F000
F000
F000
F000
F000
F000
F000
F000
F000
F1E0
F1E0
F1E0
F1E0
F000
F000
F000
F000
F000
F000
F000
F000
F000
F000
F000
F000
ENDCHAR
STARTCHAR Lslash
ENCODING 321
SWIDTH 556 0
DWIDTH 22 0
BBX 21 29 0 0
BITMAP
1E0000
1E0000
1E0000
1E0000
1E0000
1E0000
1E0400
1E0C00
1E3C00
1E7800
1EF000
1FE000
1F8000
1F0000
1E0000
3E0000
7E0000
FE0000
DE0000
9E0000
1E0000
1E0000
1E0000
1E0000
1E0000
1E0000
1FFFF8
1FFFF8
1FFFF8
ENDCHAR
STARTCHAR lslash
ENCODING 322
SWIDTH 222 0
DWIDTH 9 0
BBX 10 29 0 0
BITMAP
1E00
1E00
1E00
1E00
1E00
1E00
1E00
1E00
1E00
1E00
1E40
1FC0
1FC0
1F80
1E00
7E00
FE00
FE00
9E00
1E00
1E00
1E00
1E00
1E00
1E00
1E00
1E00
1E00
1E00
ENDCHAR
STARTCHAR Nacute
ENCODING 323
SWIDTH 722 0
DWIDTH 29 0
BBX 23 36 3 0
BITMAP
000F80
001F00
003E00
003C00
007800
000000
000000
F8001E
F8001E
FC001E
FE001E
FE001E
FF001E
FF801E
F7801E
F7C01E
F3E01E
F1E01E
F1F01E
F0F81E
F0F81E
F07C1E
F03E1E
F03E1E
F01F1E
F00F1E
F00F9E
F007DE
F003DE
F003FE
F001FE
F000FE
F000FE
F0007E
F0003E
F0003E
ENDCHAR
STARTCHAR nacute
ENCODING 324
SWIDTH 556 0
DWIDTH 21 0
BBX 17 28 2 0
BITMAP
003E00
007C00
00F800
00F000
01E000
000000
000000
F1F800
F7FE00
FFFF00
FE1F00
F80F80
F80780
F00780
F00780
F00780
F00780
F00780
F00780
F00780
F00780
F00780
F00780
F00780
F00780
F00780
F00780
F00780
ENDCHAR
STARTCHAR Ncedilla
ENCODING 325
SWIDTH 722 0
DWIDTH 29 0
BBX 23 37 3 -8
BITMAP
F8001E
F8001E
FC001E
FE001E
FE001E
FF001E
FF801E
F7801E
F7C01E
F3E01E
F1E01E
F1F01E
F0F81E
F0F81E
F07C1E
F03E1E
F03E1E
F01F1E
F00F1E
F00F9E
F007DE
F003DE
F003FE
F001FE
F000FE
F000FE
F0007E
F0003E
F0003E
000000
007C00
007E00
000E00
000F00
000E00
01FE00
01F800
ENDCHAR
STARTCHAR ncedilla
ENCODING 326
SWIDTH 556 0
DWIDTH 21 0
BBX 17 29 2 -8
BITMAP
F1F800
F7FE00
FFFF00
FE1F00
F80F80
F80780
F00780
F00780
F00780
F00780
F00780
F00780
F00780
F00780
F00780
F00780
F00780
F00780
F00780
F00780
F00780
000000
01E000
01F000
007800
003800
007800
07F000
07E000
ENDCHAR
STARTCHAR Ncaron
ENCODING 327
SWIDTH 722 0
DWIDTH 29 0
BBX 23 36 3 0
BITMAP
078780
03C700
01EF00
00FE00
007C00
000000
000000
F8001E
F8001E
FC001E
FE001E
FE001E
FF001E
FF801E
F7801E
F7C01E
F3E01E
F1E01E
F1F01E
F0F81E
F0F81E
F07C1E
F03E1E
F03E1E
F01F1E
F00F1E
F00F9E
F007DE
F003DE
F003FE
F001FE
F000FE
F000FE
F0007E
F0003E
F0003E
ENDCHAR
STARTCHAR ncaron
ENCODING 328
SWIDTH 556 0
DWIDTH 21 0
BBX 17 28 2 0
BITMAP
3C3C00
1E3C00
0F7800
07F000
03E000
000000
000000
F1F800
F7FE00
FFFF00
FE1F00
F80F80
F80780
F00780
F00780
F00780
F00780
F00780
F00780
F00780
F00780
F00780
F00780
F00780
F00780
F00780
F00780
F00780
ENDCHAR
STARTCHAR napostrophe
ENCODING 329
SWIDTH 604 0
DWIDTH 24 0
BBX 22 29 0 0
BITMAP
F00000
F00000
F00000
F00000
300000
300000
300000
600000
678FC0
C7BFF0
07FFF8
07F0F8
07C07C
07C03C
07803C
07803C
07803C
07803C
07803C
07803C
07803C
07803C
07803C
07803C
07803C
07803C
07803C
07803C
07803C
ENDCHAR
STARTCHAR Eng
ENCODING 330
SWIDTH 723 0
DWIDTH 29 0
BBX 24 29 3 0
BITMAP
F0FF80
F3FFE0
F7FFF0
FFFFF8
FF81FC
FE007C
FC003E
F8001E
F8001E
F0001F
F0000F
F0000F
F0000F
F0000F
F0000F
F0000F
F0000F
F0000F
F0000F
F0001F
F0001E
F0001E
F0003E
F0003C
F010FC
F01FF8
F03FF8
F03FE0
F00FC0
ENDCHAR
STARTCHAR eng
ENCODING 331
SWIDTH 556 0
DWIDTH 22 0
BBX 17 29 2 -8
BITMAP
F1F800
F7FE00
FFFF00
FE1F00
FC0F80
F80780
F80780
F00780
F00780
F00780
F00780
F00780
F00780
F00780
F00780
F00780
F00780
F00780
F00780
F00780
F00780
000780
000780
000780
000780
000F80
007F00
007F00
007C00
ENDCHAR
STARTCHAR Omacron
ENCODING 332
SWIDTH 777 0
DWIDTH 31 0
BBX 27 34 2 0
BITMAP
01FFE000
01FFE000
01FFE000
00000000
00000000
003F8000
01FFF000
07FFFC00
0FFFFE00
1FC07F00
3F001F00
3E000F80
7C0007C0
780003C0
780003C0
F80003E0
F00001E0
F00001E0
F00001E0
F00001E0
F00001E0
F00001E0
F00001E0
F00003E0
780003C0
780003C0
7C0007C0
3E000F80
1F001F00
1FC07F00
0FFFFE00
07FFFC00
01FFF000
003F8000
ENDCHAR
STARTCHAR omacron
ENCODING 333
SWIDTH 556 0
DWIDTH 22 0
BBX 18 27 2 0
BITMAP
1FFE00
1FFE00
1FFE00
000000
000000
000000
03F000
0FFC00
1FFE00
3E1F00
7C0F80
780780
F807C0
F003C0
F003C0
F003C0
F003C0
F003C0
F003C0
F003C0
F807C0
780780
7C0F80
3E1F00
1FFE00
0FFC00
03F000
ENDCHAR
STARTCHAR Obreve
ENCODING 334
SWIDTH 777 0
DWIDTH 31 0
BBX 27 36 2 0
BITMAP
00C06000
00E0E000
0060C000
007FC000
001F0000
00000000
00000000
003F8000
01FFF000
07FFFC00
0FFFFE00
1FC07F00
3F001F00
3E000F80
7C0007C0
780003C0
780003C0
F80003E0
F00001E0
F00001E0
F00001E0
F00001E0
F00001E0
F00001E0
F00001E0
F00003E0
780003C0
780003C0
7C0007C0
3E000F80
1F001F00
1FC07F00
0FFFFE00
07FFFC00
01FFF000
003F8000
ENDCHAR
STARTCHAR obreve
ENCODING 335
SWIDTH 556 0
DWIDTH 22 0
BBX 18 28 2 0
BITMAP
0C0E00
0C0C00
0E1C00
07F800
01F000
000000
000000
03F000
0FFC00
1FFE00
3E1F00
7C0F80
780780
F807C0
F003C0
F003C0
F003C0
F003C0
F003C0
F003C0
F003C0
F807C0
780780
7C0F80
3E1F00
1FFE00
0FFC00
03F000
ENDCHAR
STARTCHAR Odblacute
ENCODING 336
SWIDTH 777 0
DWIDTH 31 0
BBX 27 36 2 0
BITMAP
001E3C00
003C7800
0078F000
0070E000
00E1C000
00000000
00000000
003F8000
01FFF000
07FFFC00
0FFFFE00
1FC07F00
3F001F00
3E000F80
7C0007C0
780003C0
780003C0
F80003E0
F00001E0
F00001E0
F00001E0
F00001E0
F00001E0
F00001E0
F00001E0
F00003E0
780003C0
780003C0
7C0007C0
3E000F80
1F001F00
1FC07F00
0FFFFE00
07FFFC00
01FFF000
003F8000
ENDCHAR
STARTCHAR odblacute
ENCODING 337
SWIDTH 556 0
DWIDTH 22 0
BBX 18 28 2 0
BITMAP
03C780
078F00
0F1E00
0E1C00
1C3800
000000
000000
03F000
0FFC00
1FFE00
3E1F00
7C0F80
780780
F807C0
F003C0
F003C0
F003C0
F003C0
F003C0
F003C0
F003C0
F807C0
780780
7C0F80
3E1F00
1FFE00
0FFC00
03F000
ENDCHAR
STARTCHAR OE
ENCODING 338
SWIDTH 1000 0
DWIDTH 40 0
BBX 36 29 3 0
BITMAP
01FC3FFFE0
07FF3FFFE0
0FFFBFFFE0
1FFFBFFFE0
3F87FC0000
3E01FC0000
7C00FC0000
78007C0000
78007C0000
F8007C0000
F0003C0000
F0003C0000
F0003FFFC0
F0003FFFC0
F0003FFFC0
F0003FFFC0
F0003C0000
F0003C0000
F0003C0000
F8007C0000
78007C0000
78007C0000
7C00FC0000
3E01FC0000
3F87FC0000
1FFFBFFFF0
0FFF3FFFF0
07FE3FFFF0
01FC3FFFF0
ENDCHAR
STARTCHAR oe
ENCODING 339
SWIDTH 943 0
DWIDTH 38 0
BBX 35 21 1 0
BITMAP
01F803F800
0FFF0FFE00
1FFF9FFF00
3F0FFE0F80
7C03FC07C0
7801F803C0
7801F001C0
F000F001E0
F000FFFFE0
F000FFFFE0
F000FFFFE0
F000F00000
F000F00000
F000F00000
F801F801E0
7801F803E0
7C03FC07C0
3F0FFF0F80
1FFF9FFF80
0FFE0FFE00
03F803F800
ENDCHAR
STARTCHAR Racute
ENCODING 340
SWIDTH 722 0
DWIDTH 29 0
BBX 25 36 3 0
BITMAP
003E0000
007C0000
00F80000
00F00000
01E00000
00000000
00000000
FFFFC000
FFFFF000
FFFFF800
FFFFFC00
F000FC00
F0003E00
F0001E00
F0001E00
F0001E00
F0001E00
F0003E00
F000FC00
FFFFFC00
FFFFF800
FFFFF000
FFFF8000
F01F0000
F0078000
F003C000
F003E000
F001F000
F000F000
F000F800
F0007C00
F0003C00
F0003E00
F0001F00
F0000F00
F0000F80
ENDCHAR
STARTCHAR racute
ENCODING 341
SWIDTH 333 0
DWIDTH 13 0
BBX 11 28 2 0
BITMAP
07C0
0F80
1F00
1E00
3C00
0000
0000
F3E0
F7E0
FFC0
FC40
F800
F800
F000
F000
F000
F000
F000
F000
F000
F000
F000
F000
F000
F000
F000
F000
F000
ENDCHAR
STARTCHAR Rcedilla
ENCODING 342
SWIDTH 722 0
DWIDTH 29 0
BBX 25 37 3 -8
BITMAP
FFFFC000
FFFFF000
FFFFF800
FFFFFC00
F000FC00
F0003E00
F0001E00
F0001E00
F0001E00
F0001E00
F0003E00
F000FC00
FFFFFC00
FFFFF800
FFFFF000
FFFF8000
F01F0000
F0078000
F003C000
F003E000
F001F000
F000F000
F000F800
F0007C00
F0003C00
F0003E00
F0001F00
F0000F00
F0000F80
00000000
007C0000
007E0000
000E0000
000F0000
000E0000
01FE0000
01F80000
ENDCHAR
STARTCHAR rcedilla
ENCODING 343
SWIDTH 333 0
DWIDTH 13 0
BBX 11 29 2 -8
BITMAP
F3E0
F7E0
FFC0
FC40
F800
F800
F000
F000
F000
F000
F000
F000
F000
F000
F000
F000
F000
F000
F000
F000
F000
0000
1E00
1F00
0780
0380
0700
7F00
7C00
ENDCHAR
STARTCHAR Rcaron
ENCODING 344
SWIDTH 722 0
DWIDTH 29 0
BBX 25 36 3 0
BITMAP
0F0F0000
079E0000
03FC0000
01F80000
00F00000
00000000
00000000
FFFFC000
FFFFF000
FFFFF800
FFFFFC00
F000FC00
F0003E00
F0001E00
F0001E00
F0001E00
F0001E00
F0003E00
F000FC00
FFFFFC00
FFFFF800
FFFFF000
FFFF8000
F01F0000
F0078000
F003C000
F003E000
F001F000
F000F000
F000F800
F0007C00
F0003C00
F0003E00
F0001F00
F0000F00
F0000F80
ENDCHAR
STARTCHAR rcaron
ENCODING 345
SWIDTH 333 0
DWIDTH 13 0
BBX 12 28 2 0
BITMAP
F0F0
79E0
3FC0
1F80
0F00
0000
0000
F3E0
F7E0
FFC0
FC40
F800
F800
F000
F000
F000
F000
F000
F000
F000
F000
F000
F000
F000
F000
F000
F000
F000
ENDCHAR
STARTCHAR Sacute
ENCODING 346
SWIDTH 666 0
DWIDTH 27 0
BBX 23 36 2 0
BITMAP
001F00
003E00
007C00
007800
00F000
000000
000000
01FE00
07FFC0
1FFFE0
3FFFF0
3F01F8
7C00F8
78007C
78003C
78003C
780000
3C0000
3F8000
1FF800
07FF80
01FFE0
003FF8
0003FC
00007C
00003E
F0001E
F0001E
F8001E
78003E
7E003C
3F80FC
3FFFF8
0FFFF0
07FFE0
00FF00
ENDCHAR
STARTCHAR sacute
ENCODING 347
SWIDTH 500 0
DWIDTH 19 0
BBX 17 28 1 0
BITMAP
00F800
01F000
03E000
03C000
078000
000000
000000
0FE000
3FFC00
7FFE00
783E00
F01F00
F00F00
F00000
FC0000
7F8000
3FF000
1FFE00
03FF00
003F80
000F80
F00780
F00780
780F80
7C1F00
3FFE00
1FFC00
07F000
ENDCHAR
STARTCHAR Scircumflex
ENCODING 348
SWIDTH 666 0
DWIDTH 27 0
BBX 23 36 2 0
BITMAP
007C00
00FE00
01EF00
03C780
0783C0
000000
000000
01FE00
07FFC0
1FFFE0
3FFFF0
3F01F8
7C00F8
78007C
78003C
78003C
780000
3C0000
3F8000
1FF800
07FF80
01FFE0
003FF8
0003FC
00007C
00003E
F0001E
F0001E
F8001E
78003E
7E003C
3F80FC
3FFFF8
0FFFF0
07FFE0
00FF00
ENDCHAR
STARTCHAR scircumflex
ENCODING 349
SWIDTH 500 0
DWIDTH 19 0
BBX 17 28 1 0
BITMAP
03E000
07F000
0F7800
0E3C00
1E1E00
000000
000000
0FE000
3FFC00
7FFE00
783E00
F01F00
F00F00
F00000
FC0000
7F8000
3FF000
1FFE00
03FF00
003F80
000F80
F00780
F00780
780F80
7C1F00
3FFE00
1FFC00
07F000
ENDCHAR
STARTCHAR Scedilla
ENCODING 350
SWIDTH 666 0
DWIDTH 27 0
BBX 23 37 2 -8
BITMAP
01FE00
07FFC0
1FFFE0
3FFFF0
3F01F8
7C00F8
78007C
78003C
78003C
780000
3C0000
3F8000
1FF800
07FF80
01FFE0
003FF8
0003FC
00007C
00003E
F0001E
F0001E
F8001E
78003E
7E003C
3F80FC
3FFFF8
0FFFF0
07FFE0
00FF00
001800
001800
003C00
003F00
000700
000700
00FE00
00FC00
ENDCHAR
STARTCHAR scedilla
ENCODING 351
SWIDTH 500 0
DWIDTH 19 0
BBX 17 29 1 -8
BITMAP
0FE000
3FFC00
7FFE00
783E00
F01F00
F00F00
F00000
FC0000
7F8000
3FF000
1FFE00
03FF00
003F80
000F80
F00780
F00780
780F80
7C1F00
3FFE00
1FFC00
07F000
00C000
00C000
01E000
01F800
003800
003800
07F000
07E000
ENDCHAR
STARTCHAR Scaron
ENCODING 352
SWIDTH 666 0
DWIDTH 27 0
BBX 23 36 2 0
BITMAP
03C3C0
01E780
00FF00
007E00
003C00
000000
000000
01FE00
07FFC0
1FFFE0
3FFFF0
3F01F8
7C00F8
78007C
78003C
78003C
780000
3C0000
3F8000
1FF800
07FF80
01FFE0
003FF8
0003FC
00007C
00003E
F0001E
F0001E
F8001E
78003E
7E003C
3F80FC
3FFFF8
0FFFF0
07FFE0
00FF00
ENDCHAR
STARTCHAR scaron
ENCODING 353
SWIDTH 500 0
DWIDTH 19 0
BBX 17 28 1 0
BITMAP
3C3C00
1E7800
0FF000
07E000
03C000
000000
000000
0FE000
3FFC00
7FFE00
783E00
F01F00
F00F00
F00000
FC0000
7F8000
3FF000
1FFE00
03FF00
003F80
000F80
F00780
F00780
780F80
7C1F00
3FFE00
1FFC00
07F000
ENDCHAR
STARTCHAR Tcedilla
ENCODING 354
SWIDTH 610 0
DWIDTH 24 0
BBX 22 39 1 -10
BITMAP
FFFFFC
FFFFFC
FFFFFC
FFFFFC
007800
007800
007800
007800
007800
007800
007800
007800
007800
007800
007800
007800
007800
007800
007800
007800
007800
007800
007800
007800
007800
007800
007800
007800
007800
000000
000000
007800
007800
007800
007800
001800
003800
007000
006000
ENDCHAR
STARTCHAR tcedilla
ENCODING 355
SWIDTH 277 0
DWIDTH 11 0
BBX 11 38 0 -10
BITMAP
0200
0E00
1E00
1E00
1E00
1E00
1E00
FFE0
FFE0
FFE0
1E00
1E00
1E00
1E00
1E00
1E00
1E00
1E00
1E00
1E00
1E00
1E00
1E00
1E00
1F00
1FE0
0FE0
07E0
0000
0000
0780
0780
0780
0780
0180
0180
0700
0600
ENDCHAR
STARTCHAR Tcaron
ENCODING 356
SWIDTH 610 0
DWIDTH 24 0
BBX 22 36 1 0
BITMAP
078780
03CF00
01FE00
00FC00
007800
000000
000000
FFFFFC
FFFFFC
FFFFFC
FFFFFC
007800
007800
007800
007800
007800
007800
007800
007800
007800
007800
007800
007800
007800
007800
007800
007800
007800
007800
007800
007800
007800
007800
007800
007800
007800
ENDCHAR
STARTCHAR tcaron
ENCODING 357
SWIDTH 375 0
DWIDTH 15 0
BBX 15 29 0 0
BITMAP
001E
021E
0E1E
1E1E
1E06
1E06
1E0C
1E18
FFC0
FFC0
FFC0
1E00
1E00
1E00
1E00
1E00
1E00
1E00
1E00
1E00
1E00
1E00
1E00
1E00
1E00
1E00
1FC0
0FC0
07C0
ENDCHAR
STARTCHAR Tbar
ENCODING 358
SWIDTH 610 0
DWIDTH 24 0
BBX 22 29 1 0
BITMAP
FFFFFC
FFFFFC
FFFFFC
FFFFFC
007800
007800
007800
007800
007800
007800
007800
007800
007800
007800
1FFFE0
1FFFE0
1FFFE0
007800
007800
007800
007800
007800
007800
007800
007800
007800
007800
007800
007800
ENDCHAR
STARTCHAR tbar
ENCODING 359
SWIDTH 277 0
DWIDTH 11 0
BBX 11 28 0 0
BITMAP
0200
0E00
1E00
1E00
1E00
1E00
1E00
FFE0
FFE0
FFE0
1E00
1E00
1E00
1E00
1E00
FFE0
FFE0
FFE0
1E00
1E00
1E00
1E00
1E00
1E00
1F00
1FE0
0FE0
07E0
ENDCHAR
STARTCHAR Utilde
ENCODING 360
SWIDTH 722 0
DWIDTH 29 0
BBX 23 36 3 0
BITMAP
01E1C0
03F9C0
03FFC0
079F80
070F00
000000
000000
F0001E
F0001E
F0001E
F0001E
F0001E
F0001E
F0001E
F0001E
F0001E
F0001E
F0001E
F0001E
F0001E
F0001E
F0001E
F0001E
F0001E
F0001E
F0001E
F0001E
F0001E
F8003E
78003C
7C007C
3F01F8
3FFFF8
1FFFF0
07FFC0
01FF00
ENDCHAR
STARTCHAR utilde
ENCODING 361
SWIDTH 556 0
DWIDTH 21 0
BBX 17 28 2 0
BITMAP
0E0E00
1F9C00
3FFC00
39FC00
387800
000000
000000
F00780
F00780
F00780
F00780
F00780
F00780
F00780
F00780
F00780
F00780
F00780
F00780
F00780
F00780
F00780
F00F80
F80F80
7C3F80
7FF780
3FE780
0F8780
ENDCHAR
STARTCHAR Umacron
ENCODING 362
SWIDTH 722 0
DWIDTH 29 0
BBX 23 34 3 0
BITMAP
07FF80
07FF80
07FF80
000000
000000
F0001E
F0001E
F0001E
F0001E
F0001E
F0001E
F0001E
F0001E
F0001E
F0001E
F0001E
F0001E
F0001E
F0001E
F0001E
F0001E
F0001E
F0001E
F0001E
F0001E
F0001E
F8003E
78003C
7C007C
3F01F8
3FFFF8
1FFFF0
07FFC0
01FF00
ENDCHAR
STARTCHAR umacron
ENCODING 363
SWIDTH 556 0
DWIDTH 21 0
BBX 17 27 2 0
BITMAP
1FFE00
1FFE00
1FFE00
000000
000000
000000
F00780
F00780
F00780
F00780
F00780
F00780
F00780
F00780
F00780
F00780
F00780
F00780
F00780
F00780
F00780
F00F80
F80F80
7C3F80
7FF780
3FE780
0F8780
ENDCHAR
STARTCHAR Ubreve
ENCODING 364
SWIDTH 722 0
DWIDTH 29 0
BBX 23 36 3 0
BITMAP
030180
030300
018700
01FE00
007C00
000000
000000
F0001E
F0001E
F0001E
F0001E
F0001E
F0001E
F0001E
F0001E
F0001E
F0001E
F0001E
F0001E
F0001E
F0001E
F0001E
F0001E
F0001E
F0001E
F0001E
F0001E
F0001E
F8003E
78003C
7C007C
3F01F8
3FFFF8
1FFFF0
07FFC0
01FF00
ENDCHAR
STARTCHAR ubreve
ENCODING 365
SWIDTH 556 0
DWIDTH 21 0
BBX 17 28 2 0
BITMAP
180C00
1C1C00
0C1800
0FF800
03E000
000000
000000
F00780
F00780
F00780
F00780
F00780
F00780
F00780
F00780
F00780
F00780
F00780
F00780
F00780
F00780
F00780
F00F80
F80F80
7C3F80
7FF780
3FE780
0F8780
ENDCHAR
STARTCHAR Uring
ENCODING 366
SWIDTH 722 0
DWIDTH 29 0
BBX 23 36 3 0
BITMAP
003800
004400
008200
008200
008200
004400
003800
F0001E
F0001E
F0001E
F0001E
F0001E
F0001E
F0001E
F0001E
F0001E
F0001E
F0001E
F0001E
F0001E
F0001E
F0001E
F0001E
F0001E
F0001E
F0001E
F0001E
F0001E
F8003E
78003C
7C007C
3F01F8
3FFFF8
1FFFF0
07FFC0
01FF00
ENDCHAR
STARTCHAR uring
ENCODING 367
SWIDTH 556 0
DWIDTH 21 0
BBX 17 30 2 0
BITMAP
03C000
046000
082000
082000
0C2000
046000
03C000
000000
000000
F00780
F00780
F00780
F00780
F00780
F00780
F00780
F00780
F00780
F00780
F00780
F00780
F00780
F00780
F00780
F00F80
F80F80
7C3F80
7FF780
3FE780
0F8780
ENDCHAR
STARTCHAR Udblacute
ENCODING 368
SWIDTH 722 0
DWIDTH 29 0
BBX 23 36 3 0
BITMAP
0078F0
00F1E0
01E3C0
01C380
038700
000000
000000
F0001E
F0001E
F0001E
F0001E
F0001E
F0001E
F0001E
F0001E
F0001E
F0001E
F0001E
F0001E
F0001E
F0001E
F0001E
F0001E
F0001E
F0001E
F0001E
F0001E
F0001E
F8003E
78003C
7C007C
3F01F8
3FFFF8
1FFFF0
07FFC0
01FF00
ENDCHAR
STARTCHAR udblacute
ENCODING 369
SWIDTH 556 0
DWIDTH 21 0
BBX 17 28 2 0
BITMAP
03C780
078F00
0F1E00
0E1C00
1C3800
000000
000000
F00780
F00780
F00780
F00780
F00780
F00780
F00780
F00780
F00780
F00780
F00780
F00780
F00780
F00780
F00780
F00F80
F80F80
7C3F80
7FF780
3FE780
0F8780
ENDCHAR
STARTCHAR Uogonek
ENCODING 370
SWIDTH 722 0
DWIDTH 29 0
BBX 23 37 3 -8
BITMAP
F0001E
F0001E
F0001E
F0001E
F0001E
F0001E
F0001E
F0001E
F0001E
F0001E
F0001E
F0001E
F0001E
F0001E
F0001E
F0001E
F0001E
F0001E
F0001E
F0001E
F0001E
F8003E
78003C
7C007C
7F01F8
3FFFF8
1FFFF0
0FFFC0
01FF00
003000
007000
007000
007000
007800
007FC0
003FC0
001F80
ENDCHAR
STARTCHAR uogonek
ENCODING 371
SWIDTH 556 0
DWIDTH 21 0
BBX 22 29 2 -8
BITMAP
F00380
F00380
F00380
F00380
F00380
F00380
F00380
F00380
F00380
F00380
F00380
F00380
F00380
F00380
F00380
F00780
F80F80
7C1F80
7FFF80
3FF380
0FC380
000300
000700
000700
000700
000780
0007FC
0003FC
0001F8
ENDCHAR
STARTCHAR Wcircumflex
ENCODING 372
SWIDTH 943 0
DWIDTH 40 0
BBX 39 36 0 0
BITMAP
00003C0000
00007E0000
0000FF0000
0001E78000
0003C3C000
0000000000
0000000000
F000FE001E
F000FE001E
7800FE003C
7801FF003C
7801EF003C
7801EF003C
7801EF007C
3C03C78078
3C03C78078
3C03C78078
3C07C78078
1E0783C0F8
1E0783C0F0
1E0783C0F0
1E0F01E0F0
1E0F01E0F0
0F0F01E1E0
0F0F01E1E0
0F1E00F1E0
0F1E00F1E0
0F9E00F3E0
07BE007BC0
07BC007BC0
07BC007BC0
07BC007BC0
03F8003F80
03F8003F80
03F8003F80
03F8003F80
ENDCHAR
STARTCHAR wcircumflex
ENCODING 373
SWIDTH 722 0
DWIDTH 29 0
BBX 29 28 0 0
BITMAP
00078000
000FC000
001FE000
003CF000
00787800
00000000
00000000
F0070078
F0070078
F00F8078
780F80F0
780F80F0
781DC0F0
3C1DC1E0
3C1DC1E0
3C39E1E0
1E38E3C0
1E38E3C0
1E78F3C0
0E707780
0F707780
0F707780
07603700
07E03F00
07E03F00
03E03E00
03C01E00
03C01E00
ENDCHAR
STARTCHAR Ycircumflex
ENCODING 374
SWIDTH 666 0
DWIDTH 26 0
BBX 26 36 0 0
BITMAP
001F0000
003F0000
007B8000
00F3C000
01E1E000
00000000
00000000
F80007C0
7C000F80
3C000F00
3E001F00
1F003E00
0F003C00
0F807C00
07C0F800
03C0F000
03E1F000
01E3E000
00F3C000
00FFC000
007F8000
003F0000
003F0000
001E0000
001E0000
001E0000
001E0000
001E0000
001E0000
001E0000
001E0000
001E0000
001E0000
001E0000
001E0000
001E0000
ENDCHAR
STARTCHAR ycircumflex
ENCODING 375
SWIDTH 500 0
DWIDTH 19 0
BBX 19 36 0 -8
BITMAP
00F000
01F800
03FC00
079E00
0F0F00
000000
000000
F001E0
7803E0
7803C0
7C03C0
3C07C0
3C0780
3E0780
1E0F80
1F0F00
0F0F00
0F0F00
0F9E00
079E00
07DE00
03DC00
03FC00
03FC00
01F800
01F800
01F800
00F000
00F000
00F000
01E000
01E000
03C000
1FC000
1F8000
1F0000
ENDCHAR
STARTCHAR Ydieresis
ENCODING 376
SWIDTH 666 0
DWIDTH 26 0
BBX 26 35 0 0
BITMAP
00F1E000
00F1E000
00F1E000
00F1E000
00000000
00000000
F80007C0
7C000F80
3C000F00
3E001F00
1F003E00
0F003C00
0F807C00
07C0F800
03C0F000
03E1F000
01E3E000
00F3C000
00FFC000
007F8000
003F0000
003F0000
001E0000
001E0000
001E0000
001E0000
001E0000
001E0000
001E0000
001E0000
001E0000
001E0000
001E0000
001E0000
001E0000
ENDCHAR
STARTCHAR Zacute
ENCODING 377
SWIDTH 610 0
DWIDTH 24 0
BBX 22 36 1 0
BITMAP
001F00
003E00
007C00
007800
00F000
000000
000000
3FFFF8
3FFFF8
3FFFF8
3FFFF8
0000F8
0001F0
0003E0
0007C0
0007C0
000F80
001F00
003E00
007C00
007C00
00F800
01F000
03E000
03E000
07C000
0F8000
1F0000
1F0000
3E0000
7C0000
F80000
FFFFFC
FFFFFC
FFFFFC
FFFFFC
ENDCHAR
STARTCHAR zacute
ENCODING 378
SWIDTH 500 0
DWIDTH 20 0
BBX 18 28 1 0
BITMAP
003E00
007C00
00F800
00F000
01E000
000000
000000
7FFFC0
7FFFC0
7FFFC0
000F80
001F00
003F00
003E00
007C00
00F800
01F000
03E000
03E000
07C000
0F8000
1F0000
3E0000
7C0000
7C0000
FFFFC0
FFFFC0
FFFFC0
ENDCHAR
STARTCHAR Zdot
ENCODING 379
SWIDTH 610 0
DWIDTH 24 0
BBX 22 35 1 0
BITMAP
007800
007800
007800
007800
000000
000000
3FFFF8
3FFFF8
3FFFF8
3FFFF8
0000F8
0001F0
0003E0
0007C0
0007C0
000F80
001F00
003E00
007C00
007C00
00F800
01F000
03E000
03E000
07C000
0F8000
1F0000
1F0000
3E0000
7C0000
F80000
FFFFFC
FFFFFC
FFFFFC
FFFFFC
ENDCHAR
STARTCHAR zdot
ENCODING 380
SWIDTH 500 0
DWIDTH 20 0
BBX 18 27 1 0
BITMAP
01E000
01E000
01E000
01E000
000000
000000
7FFFC0
7FFFC0
7FFFC0
000F80
001F00
003F00
003E00
007C00
00F800
01F000
03E000
03E000
07C000
0F8000
1F0000
3E0000
7C0000
7C0000
FFFFC0
FFFFC0
FFFFC0
ENDCHAR
STARTCHAR Zcaron
ENCODING 381
SWIDTH 610 0
DWIDTH 24 0
BBX 22 36 1 0
BITMAP
078780
03C780
01EF00
00FE00
007C00
000000
000000
3FFFF8
3FFFF8
3FFFF8
3FFFF8
0000F8
0001F0
0003E0
0007C0
0007C0
000F80
001F00
003E00
007C00
007C00
00F800
01F000
03E000
03E000
07C000
0F8000
1F0000
1F0000
3E0000
7C0000
F80000
FFFFFC
FFFFFC
FFFFFC
FFFFFC
ENDCHAR
STARTCHAR zcaron
ENCODING 382
SWIDTH 500 0
DWIDTH 20 0
BBX 18 28 1 0
BITMAP
0F0F00
0F1E00
07BC00
03F800
01F000
000000
000000
7FFFC0
7FFFC0
7FFFC0
000F80
001F00
003F00
003E00
007C00
00F800
01F000
03E000
03E000
07C000
0F8000
1F0000
3E0000
7C0000
7C0000
FFFFC0
FFFFC0
FFFFC0
ENDCHAR
STARTCHAR longs
ENCODING 383
SWIDTH 222 0
DWIDTH 8 0
BBX 10 29 2 0
BITMAP
1FC0
7FC0
7F80
F800
F000
F000
F000
F000
F000
F000
F000
F000
F000
F000
F000
F000
F000
F000
F000
F000
F000
F000
F000
F000
F000
F000
F000
F000
F000
ENDCHAR
STARTCHAR uni018F
ENCODING 399
SWIDTH 752 0
DWIDTH 30 0
BBX 26 29 2 0
BITMAP
007F8000
01FFE000
07FFF800
0FFFFC00
0FC07E00
1F001F00
1E000F00
3E000780
0C000780
00000380
000003C0
000003C0
FFFFFFC0
FFFFFFC0
FFFFFFC0
FFFFFFC0
F00003C0
F00003C0
F00003C0
78000780
78000780
7C000F80
3E001F00
3F003F00
1FC0FE00
0FFFFC00
07FFF800
03FFF000
007F8000
ENDCHAR
STARTCHAR florin
ENCODING 402
SWIDTH 556 0
DWIDTH 22 0
BBX 20 37 1 -8
BITMAP
0007E0
001FF0
001FE0
003E00
003C00
003C00
003C00
003C00
07FF80
07FF80
07FF80
007800
007800
00F800
00F000
00F000
00F000
00F000
00F000
01F000
01E000
01E000
01E000
01E000
01E000
03C000
03C000
03C000
03C000
03C000
03C000
078000
078000
078000
FF8000
FF0000
FE0000
ENDCHAR
STARTCHAR Ohorn
ENCODING 416
SWIDTH 857 0
DWIDTH 34 0
BBX 31 29 2 0
BITMAP
003F801E
01FFF01E
07FFFC1E
0FFFFE1E
1FC07F06
1F001F06
3E000F8C
7C0007CC
780003F8
780003E0
F80003E0
F00001E0
F00001E0
F00001E0
F00001E0
F00001E0
F00001E0
F00001E0
F00003E0
780003C0
780003C0
7C0007C0
3E000F80
1F001F00
1FC07F00
0FFFFE00
07FFFC00
01FFF000
003F8000
ENDCHAR
STARTCHAR ohorn
ENCODING 417
SWIDTH 655 0
DWIDTH 26 0
BBX 23 21 2 0
BITMAP
03F81E
0FFE1E
1FFF1E
3E0F86
7C07C6
7803C6
F803CC
F001FC
F001F8
F001F0
F001E0
F001E0
F001E0
F001E0
F803E0
7803C0
7C07C0
3E0F80
1FFF00
0FFE00
03F800
ENDCHAR
STARTCHAR Uhorn
ENCODING 431
SWIDTH 854 0
DWIDTH 34 0
BBX 30 29 3 0
BITMAP
F0001E3C
F0001E3C
F0001E3C
F0001E0C
F0001E0C
F0001E0C
F0001E18
F0001E38
F0001FF0
F0001FC0
F0001E00
F0001E00
F0001E00
F0001E00
F0001E00
F0001E00
F0001E00
F0001E00
F0001E00
F0001E00
F0001E00
F8003C00
78003C00
7C007C00
3F01F800
3FFFF800
1FFFE000
07FFC000
01FF0000
ENDCHAR
STARTCHAR uhorn
ENCODING 432
SWIDTH 669 0
DWIDTH 27 0
BBX 23 21 2 0
BITMAP
F0079E
F0079E
F0079E
F00786
F00786
F00786
F0078C
F0079C
F007F8
F007E0
F00780
F00780
F00780
F00780
F00780
F00F80
F80F80
7C3F80
7FF780
3FE780
0F8780
ENDCHAR
STARTCHAR uni01CD
ENCODING 461
SWIDTH 666 0
DWIDTH 27 0
BBX 27 36 0 0
BITMAP
01E1E000
00F3C000
007F8000
003F0000
001F0000
00000000
00000000
003F0000
003F0000
007F8000
007F8000
00738000
00F3C000
00F1C000
00E1E000
01E1E000
01E0E000
01C0F000
03C07000
03C07800
07807800
07803800
07803C00
0FFFFC00
0FFFFE00
0FFFFE00
1FFFFE00
1E000F00
1E000F00
3C000780
3C000780
7C000780
780003C0
780003C0
F80003E0
F00001E0
ENDCHAR
STARTCHAR uni01CE
ENCODING 462
SWIDTH 556 0
DWIDTH 22 0
BBX 18 29 2 0
BITMAP
0F0F00
079E00
03BC00
03F800
01F000
000000
000000
000000
07F800
1FFE00
3FFF00
7C1F80
F80780
F00780
000780
001F80
03FF80
1FFF80
3FF780
7E0780
F80780
F00780
F00780
F00F80
F01F80
F83F80
7FFF80
3FE780
1F83C0
ENDCHAR
STARTCHAR uni01CF
ENCODING 463
SWIDTH 277 0
DWIDTH 10 0
BBX 12 36 0 0
BITMAP
F0F0
F1E0
7BC0
3F80
1F00
0000
0000
1E00
1E00
1E00
1E00
1E00
1E00
1E00
1E00
1E00
1E00
1E00
1E00
1E00
1E00
1E00
1E00
1E00
1E00
1E00
1E00
1E00
1E00
1E00
1E00
1E00
1E00
1E00
1E00
1E00
ENDCHAR
STARTCHAR uni01D0
ENCODING 464
SWIDTH 222 0
DWIDTH 8 0
BBX 12 29 0 0
BITMAP
F0F0
F1E0
7BC0
3F80
1F00
0000
0000
0000
1E00
1E00
1E00
1E00
1E00
1E00
1E00
1E00
1E00
1E00
1E00
1E00
1E00
1E00
1E00
1E00
1E00
1E00
1E00
1E00
1E00
ENDCHAR
STARTCHAR uni01D1
ENCODING 465
SWIDTH 777 0
DWIDTH 31 0
BBX 27 36 2 0
BITMAP
00F0F000
0079E000
003BC000
003F8000
001F0000
00000000
00000000
003F8000
01FFF000
07FFFC00
0FFFFE00
1FC07F00
3F001F00
3E000F80
7C0007C0
780003C0
780003C0
F80003E0
F00001E0
F00001E0
F00001E0
F00001E0
F00001E0
F00001E0
F00001E0
F00003E0
780003C0
780003C0
7C0007C0
3E000F80
1F001F00
1FC07F00
0FFFFE00
07FFFC00
01FFF000
003F8000
ENDCHAR
STARTCHAR uni01D2
ENCODING 466
SWIDTH 556 0
DWIDTH 22 0
BBX 18 29 2 0
BITMAP
1E1E00
0F3C00
07B800
03F000
01F000
000000
000000
000000
03F000
0FFC00
1FFE00
3E1F00
7C0F80
780780
F807C0
F003C0
F003C0
F003C0
F003C0
F003C0
F003C0
F003C0
F807C0
780780
7C0F80
3E1F00
1FFE00
0FFC00
03F000
ENDCHAR
STARTCHAR uni01D3
ENCODING 467
SWIDTH 722 0
DWIDTH 29 0
BBX 23 36 3 0
BITMAP
03C3C0
01E780
00EF00
00FE00
007C00
000000
000000
F0001E
F0001E
F0001E
F0001E
F0001E
F0001E
F0001E
F0001E
F0001E
F0001E
F0001E
F0001E
F0001E
F0001E
F0001E
F0001E
F0001E
F0001E
F0001E
F0001E
F0001E
F8003E
78003C
7C007C
3F01F8
3FFFF8
1FFFF0
07FFC0
01FF00
ENDCHAR
STARTCHAR uni01D4
ENCODING 468
SWIDTH 556 0
DWIDTH 21 0
BBX 17 29 2 0
BITMAP
3C3C00
1E3800
0F7800
07F000
03E000
000000
000000
000000
F00780
F00780
F00780
F00780
F00780
F00780
F00780
F00780
F00780
F00780
F00780
F00780
F00780
F00780
F00780
F00F80
F80F80
7C3F80
7FF780
3FE780
0F8780
ENDCHAR
STARTCHAR uni01D5
ENCODING 469
SWIDTH 722 0
DWIDTH 29 0
BBX 23 37 3 0
BITMAP
01FFC0
01FFC0
000000
000000
01C1C0
01C1C0
01C1C0
000000
F0001E
F0001E
F0001E
F0001E
F0001E
F0001E
F0001E
F0001E
F0001E
F0001E
F0001E
F0001E
F0001E
F0001E
F0001E
F0001E
F0001E
F0001E
F0001E
F0001E
F0001E
F8003E
78003C
7C007C
3F01F8
3FFFF8
1FFFF0
07FFC0
01FF00
ENDCHAR
STARTCHAR uni01D6
ENCODING 470
SWIDTH 556 0
DWIDTH 21 0
BBX 17 34 2 0
BITMAP
3FFC00
3FFC00
3FFC00
000000
000000
000000
000000
3C7800
3C7800
3C7800
3C7800
000000
000000
F00780
F00780
F00780
F00780
F00780
F00780
F00780
F00780
F00780
F00780
F00780
F00780
F00780
F00780
F00780
F00F80
F80F80
7C3F80
7FF780
3FE780
0F8780
ENDCHAR
STARTCHAR uni01D7
ENCODING 471
SWIDTH 722 0
DWIDTH 29 0
BBX 23 36 3 0
BITMAP
000F80
001E00
003800
01C1C0
01C1C0
01C1C0
000000
F0001E
F0001E
F0001E
F0001E
F0001E
F0001E
F0001E
F0001E
F0001E
F0001E
F0001E
F0001E
F0001E
F0001E
F0001E
F0001E
F0001E
F0001E
F0001E
F0001E
F0001E
F8003E
78003C
7C007C
3F01F8
3FFFF8
1FFFF0
07FFC0
01FF00
ENDCHAR
STARTCHAR uni01D8
ENCODING 472
SWIDTH 556 0
DWIDTH 21 0
BBX 17 36 2 0
BITMAP
007C00
007800
00F000
01E000
01C000
000000
000000
000000
000000
3C7800
3C7800
3C7800
3C7800
000000
000000
F00780
F00780
F00780
F00780
F00780
F00780
F00780
F00780
F00780
F00780
F00780
F00780
F00780
F00780
F00780
F00F80
F80F80
7C3F80
7FF780
3FE780
0F8780
ENDCHAR
STARTCHAR uni01D9
ENCODING 473
SWIDTH 722 0
DWIDTH 29 0
BBX 23 36 3 0
BITMAP
00E700
007E00
003C00
01C1C0
01C1C0
01C1C0
000000
F0001E
F0001E
F0001E
F0001E
F0001E
F0001E
F0001E
F0001E
F0001E
F0001E
F0001E
F0001E
F0001E
F0001E
F0001E
F0001E
F0001E
F0001E
F0001E
F0001E
F0001E
F8003E
78003C
7C007C
3F01F8
3FFFF8
1FFFF0
07FFC0
01FF00
ENDCHAR
STARTCHAR uni01DA
ENCODING 474
SWIDTH 556 0
DWIDTH 21 0
BBX 17 35 2 0
BITMAP
3C3C00
1E3800
0F7800
07F000
03E000
000000
000000
000000
3C7800
3C7800
3C7800
3C7800
000000
000000
F00780
F00780
F00780
F00780
F00780
F00780
F00780
F00780
F00780
F00780
F00780
F00780
F00780
F00780
F00780
F00F80
F80F80
7C3F80
7FF780
3FE780
0F8780
ENDCHAR
STARTCHAR uni01DB
ENCODING 475
SWIDTH 722 0
DWIDTH 29 0
BBX 23 36 3 0
BITMAP
01F000
007800
001C00
01C1C0
01C1C0
01C1C0
000000
F0001E
F0001E
F0001E
F0001E
F0001E
F0001E
F0001E
F0001E
F0001E
F0001E
F0001E
F0001E
F0001E
F0001E
F0001E
F0001E
F0001E
F0001E
F0001E
F0001E
F0001E
F8003E
78003C
7C007C
3F01F8
3FFFF8
1FFFF0
07FFC0
01FF00
ENDCHAR
STARTCHAR uni01DC
ENCODING 476
SWIDTH 556 0
DWIDTH 21 0
BBX 17 36 2 0
BITMAP
1F0000
0F8000
078000
03C000
01E000
000000
000000
000000
000000
3C7800
3C7800
3C7800
3C7800
000000
000000
F00780
F00780
F00780
F00780
F00780
F00780
F00780
F00780
F00780
F00780
F00780
F00780
F00780
F00780
F00780
F00F80
F80F80
7C3F80
7FF780
3FE780
0F8780
ENDCHAR
STARTCHAR Aringacute
ENCODING 506
SWIDTH 666 0
DWIDTH 27 0
BBX 27 40 0 0
BITMAP
0001F000
0003E000
0007C000
00078000
000F0000
000E0000
00110000
00208000
00208000
00208000
00110000
003F0000
003F0000
007F8000
007F8000
00738000
00F3C000
00F1C000
00E1E000
01E1E000
01E0E000
01C0F000
03C07000
03C07800
07807800
07803800
07803C00
0FFFFC00
0FFFFE00
0FFFFE00
1FFFFE00
1E000F00
1E000F00
3C000780
3C000780
7C000780
780003C0
780003C0
F80003E0
F00001E0
ENDCHAR
STARTCHAR aringacute
ENCODING 507
SWIDTH 556 0
DWIDTH 22 0
BBX 18 36 2 0
BITMAP
003E00
007C00
00F800
00F000
01E000
000000
00E000
011000
020800
020800
020800
011000
00E000
000000
000000
07F800
1FFE00
3FFF00
7C1F80
F80780
F00780
000780
001F80
03FF80
1FFF80
3FF780
7E0780
F80780
F00780
F00780
F00F80
F01F80
F83F80
7FFF80
3FE780
1F83C0
ENDCHAR
STARTCHAR AEacute
ENCODING 508
SWIDTH 1000 0
DWIDTH 40 0
BBX 38 36 0 0
BITMAP
00001E0000
00003C0000
0000780000
0000700000
0000E00000
0000000000
0000000000
0007FFFFF8
0007FFFFF8
000FFFFFF8
000FFFFFF8
001F1E0000
001E1E0000
003E1E0000
003C1E0000
007C1E0000
00781E0000
00F81E0000
00F01E0000
00F01FFFF0
01E01FFFF0
01E01FFFF0
03C01FFFF0
03C01E0000
07FFFE0000
07FFFE0000
0FFFFE0000
0FFFFE0000
1E001E0000
1E001E0000
3C001E0000
3C001E0000
7C001FFFFC
78001FFFFC
F8001FFFFC
F0001FFFFC
ENDCHAR
STARTCHAR aeacute
ENCODING 509
SWIDTH 889 0
DWIDTH 36 0
BBX 33 28 1 0
BITMAP
00003E0000
00007C0000
0000F80000
0000F00000
0001E00000
0000000000
0000000000
07F80FE000
1FFE3FF800
3FFF7FFC00
7C07F83E00
F803F00F00
F003E00F00
0003C00700
000FC00780
03FFFFFF80
1FFFFFFF80
3FFBFFFF80
7F03C00000
F803C00000
F003C00000
F003C00780
F007E00F00
F80FF01F00
7C3FF83E00
7FFC7FFC00
3FF83FF800
0FE00FE000
ENDCHAR
STARTCHAR Oslashacute
ENCODING 510
SWIDTH 777 0
DWIDTH 31 0
BBX 27 37 2 -1
BITMAP
0003E000
0007C000
000F8000
000F0000
001E0000
00000000
00000000
003F80C0
01FFF1E0
07FFFFC0
0FFFFF80
1FC07F00
1F001F80
3E001F80
7C003FC0
78007BC0
7800F3C0
F001E3E0
F001C1E0
F00381E0
F00781E0
F00F01E0
F01E01E0
F03C01E0
F07801E0
F87003E0
78E003C0
7DE003C0
7FC007C0
3F800F80
3F001F80
1FC07F00
1FFFFE00
3FFFFC00
79FFF000
F07F8000
60000000
ENDCHAR
STARTCHAR oslashacute
ENCODING 511
SWIDTH 610 0
DWIDTH 23 0
BBX 18 29 3 -1
BITMAP
003E00
007C00
00F800
00F000
01E000
000000
000180
03E3C0
0FFB80
1FFF00
3E1F00
7C1F80
781F80
F83B80
F07BC0
F073C0
F0E3C0
F1E3C0
F3C3C0
F383C0
F703C0
FF07C0
7E0780
7C0F80
3C1F00
7FFE00
77FC00
E1F000
200000
ENDCHAR
STARTCHAR uni0259
ENCODING 601
SWIDTH 556 0
DWIDTH 22 0
BBX 20 21 1 0
BITMAP
03F800
0FFF00
3FFF80
7E0FC0
7C03E0
F801E0
F001E0
0000F0
0000F0
0000F0
FFFFF0
FFFFF0
FFFFF0
F000F0
F001E0
7801E0
7C03C0
3E0FC0
1FFF80
0FFF00
03FC00
ENDCHAR
STARTCHAR circumflex
ENCODING 710
SWIDTH 333 0
DWIDTH 13 0
BBX 12 5 1 24
BITMAP
0F00
1F80
3FC0
79E0
F0F0
ENDCHAR
STARTCHAR caron
ENCODING 711
SWIDTH 333 0
DWIDTH 13 0
BBX 12 5 1 23
BITMAP
F0F0
79E0
3FC0
1F80
0F00
ENDCHAR
STARTCHAR macron
ENCODING 713
SWIDTH 333 0
DWIDTH 13 0
BBX 12 3 0 24
BITMAP
FFF0
FFF0
FFF0
ENDCHAR
STARTCHAR breve
ENCODING 728
SWIDTH 333 0
DWIDTH 13 0
BBX 11 5 0 24
BITMAP
C060
E0E0
60C0
7FC0
1F00
ENDCHAR
STARTCHAR dotaccent
ENCODING 729
SWIDTH 333 0
DWIDTH 13 0
BBX 4 4 5 24
BITMAP
F0
F0
F0
F0
ENDCHAR
STARTCHAR ring
ENCODING 730
SWIDTH 333 0
DWIDTH 13 0
BBX 7 7 3 22
BITMAP
38
44
82
82
82
44
38
ENDCHAR
STARTCHAR ogonek
ENCODING 731
SWIDTH 333 0
DWIDTH 13 0
BBX 9 8 3 -8
BITMAP
6000
C000
C000
C000
C000
E080
7F80
3F00
ENDCHAR
STARTCHAR tilde
ENCODING 732
SWIDTH 333 0
DWIDTH 13 0
BBX 13 5 0 24
BITMAP
3C38
7E38
FFF8
E3F0
E1E0
ENDCHAR
STARTCHAR hungarumlaut
ENCODING 733
SWIDTH 333 0
DWIDTH 13 0
BBX 14 5 1 24
BITMAP
1E3C
3C78
78F0
70E0
E1C0
ENDCHAR
STARTCHAR combininggraveaccent
ENCODING 768
SWIDTH 0 0
DWIDTH 0 0
BBX 8 5 -10 31
BITMAP
F8
7C
3C
1E
0F
ENDCHAR
STARTCHAR combiningacuteaccent
ENCODING 769
SWIDTH 0 0
DWIDTH 0 0
BBX 8 5 -8 31
BITMAP
1F
3E
7C
78
F0
ENDCHAR
STARTCHAR combiningtildeaccent
ENCODING 771
SWIDTH 0 0
DWIDTH 0 0
BBX 14 5 -18 30
BITMAP
3C1C
7F3C
FFFC
E3F8
E0F0
ENDCHAR
STARTCHAR combininghookabove
ENCODING 777
SWIDTH 0 0
DWIDTH 0 0
BBX 8 6 -9 30
BITMAP
FC
FE
07
07
1E
18
ENDCHAR
STARTCHAR combiningdotbelow
ENCODING 803
SWIDTH 0 0
DWIDTH 0 0
BBX 4 4 -15 -6
BITMAP
F0
F0
F0
F0
ENDCHAR
STARTCHAR semicolon.dup3
ENCODING 894
SWIDTH 277 0
DWIDTH 11 0
BBX 4 27 4 -6
BITMAP
F0
F0
F0
F0
00
00
00
00
00
00
00
00
00
00
00
00
00
F0
F0
F0
F0
30
30
30
60
60
C0
ENDCHAR
STARTCHAR tonos
ENCODING 900
SWIDTH 333 0
DWIDTH 13 0
BBX 8 5 4 24
BITMAP
1F
3E
7C
78
F0
ENDCHAR
STARTCHAR dieresistonos
ENCODING 901
SWIDTH 333 0
DWIDTH 13 0
BBX 14 5 0 24
BITMAP
01E0
E3DC
E79C
E71C
EE1C
ENDCHAR
STARTCHAR Alphatonos
ENCODING 902
SWIDTH 667 0
DWIDTH 27 0
BBX 27 29 0 0
BITMAP
0F3F0000
1E3F0000
1C7F8000
3C7F8000
38738000
70F3C000
00F1C000
00E1E000
01E1E000
01E0E000
01C0F000
03C07000
03C07800
07807800
07803800
07803C00
0FFFFC00
0FFFFE00
0FFFFE00
1FFFFE00
1E000F00
1E000F00
3C000780
3C000780
7C000780
780003C0
780003C0
F80003E0
F00001E0
ENDCHAR
STARTCHAR anoteleia
ENCODING 903
SWIDTH 277 0
DWIDTH 11 0
BBX 4 4 4 17
BITMAP
F0
F0
F0
F0
ENDCHAR
STARTCHAR Epsilontonos
ENCODING 904
SWIDTH 784 0
DWIDTH 31 0
BBX 30 29 -2 0
BITMAP
1E3FFFF8
3C3FFFF8
383FFFF8
783FFFF8
703C0000
E03C0000
003C0000
003C0000
003C0000
003C0000
003C0000
003C0000
003FFFF0
003FFFF0
003FFFF0
003FFFF0
003C0000
003C0000
003C0000
003C0000
003C0000
003C0000
003C0000
003C0000
003C0000
003FFFFC
003FFFFC
003FFFFC
003FFFFC
ENDCHAR
STARTCHAR Etatonos
ENCODING 905
SWIDTH 837 0
DWIDTH 34 0
BBX 33 29 -2 0
BITMAP
1E78000780
3C78000780
3878000780
7878000780
7078000780
E078000780
0078000780
0078000780
0078000780
0078000780
0078000780
007FFFFF80
007FFFFF80
007FFFFF80
007FFFFF80
0078000780
0078000780
0078000780
0078000780
0078000780
0078000780
0078000780
0078000780
0078000780
0078000780
0078000780
0078000780
0078000780
0078000780
ENDCHAR
STARTCHAR Iotatonos
ENCODING 906
SWIDTH 383 0
DWIDTH 15 0
BBX 13 29 -2 0
BITMAP
1E78
3C78
3878
7878
7078
E078
0078
0078
0078
0078
0078
0078
0078
0078
0078
0078
0078
0078
0078
0078
0078
0078
0078
0078
0078
0078
0078
0078
0078
ENDCHAR
STARTCHAR Omicrontonos
ENCODING 908
SWIDTH 774 0
DWIDTH 31 0
BBX 31 29 -2 0
BITMAP
1E03F800
3C1FFF00
387FFFC0
78FFFFE0
71FC07F0
E3F001F0
03E000F8
07C0007C
0780003C
0780003C
0F80003E
0F00001E
0F00001E
0F00001E
0F00001E
0F00001E
0F00001E
0F00001E
0F00003E
0780003C
0780003C
07C0007C
03E000F8
03F001F0
01FC07F0
00FFFFE0
007FFFC0
001FFF00
0003F800
ENDCHAR
STARTCHAR Upsilontonos
ENCODING 910
SWIDTH 855 0
DWIDTH 33 0
BBX 35 29 -2 0
BITMAP
1E7C0003E0
3C3E0007C0
381E000780
781F000F80
700F000F00
E007801E00
0007C03E00
0003C03C00
0003E07C00
0001F0F800
0000F0F000
0000F9F000
00007FE000
00003FC000
00003FC000
00001F8000
00000F0000
00000F0000
00000F0000
00000F0000
00000F0000
00000F0000
00000F0000
00000F0000
00000F0000
00000F0000
00000F0000
00000F0000
00000F0000
ENDCHAR
STARTCHAR Omegatonos
ENCODING 911
SWIDTH 752 0
DWIDTH 30 0
BBX 30 29 -2 0
BITMAP
1E07F800
3C1FFE00
383FFF80
78FC0FC0
70F807C0
E1F003E0
03E001F0
03C000F0
03C000F0
07C000F8
07800078
07800078
07800078
07800078
07800078
07800078
07800078
03800070
03C000F0
03C000F0
01E000E0
01E001E0
00F003C0
00780780
007C0F00
0FFE1FFC
0FFE1FFC
0FFE1FFC
0FFE1FFC
ENDCHAR
STARTCHAR iotadieresistonos
ENCODING 912
SWIDTH 222 0
DWIDTH 10 0
BBX 14 29 -2 0
BITMAP
01E0
E3DC
E79C
E71C
EE1C
0000
0000
0000
0780
0780
0780
0780
0780
0780
0780
0780
0780
0780
0780
0780
0780
0780
0780
0780
0780
0780
0780
0780
0780
ENDCHAR
STARTCHAR Alpha
ENCODING 913
SWIDTH 666 0
DWIDTH 27 0
BBX 27 29 0 0
BITMAP
003F0000
003F0000
007F8000
007F8000
00738000
00F3C000
00F1C000
00E1E000
01E1E000
01E0E000
01C0F000
03C07000
03C07800
07807800
07803800
07803C00
0FFFFC00
0FFFFE00
0FFFFE00
1FFFFE00
1E000F00
1E000F00
3C000780
3C000780
7C000780
780003C0
780003C0
F80003E0
F00001E0
ENDCHAR
STARTCHAR Beta
ENCODING 914
SWIDTH 666 0
DWIDTH 27 0
BBX 22 29 3 0
BITMAP
FFFE00
FFFFC0
FFFFE0
FFFFF0
F001F0
F000F8
F00078
F00078
F00078
F00078
F000F0
F001F0
FFFFE0
FFFFC0
FFFFC0
FFFFF0
F001F8
F00078
F0003C
F0003C
F0003C
F0003C
F0003C
F0007C
F001F8
FFFFF8
FFFFF0
FFFFC0
FFFF00
ENDCHAR
STARTCHAR Gamma
ENCODING 915
SWIDTH 550 0
DWIDTH 22 0
BBX 20 29 3 0
BITMAP
FFFFF0
FFFFF0
FFFFF0
FFFFF0
F00000
F00000
F00000
F00000
F00000
F00000
F00000
F00000
F00000
F00000
F00000
F00000
F00000
F00000
F00000
F00000
F00000
F00000
F00000
F00000
F00000
F00000
F00000
F00000
F00000
ENDCHAR
STARTCHAR Delta
ENCODING 916
SWIDTH 667 0
DWIDTH 27 0
BBX 25 29 1 0
BITMAP
003E0000
003E0000
003E0000
007F0000
007F0000
00FF8000
00F78000
00F78000
01F7C000
01E3C000
01E3E000
03C1E000
03C1E000
07C1F000
0780F000
0780F000
0F007800
0F007800
1F007C00
1E003C00
1E003C00
3E003E00
3C001E00
3C001E00
78000F00
7FFFFF00
FFFFFF80
FFFFFF80
FFFFFF80
ENDCHAR
STARTCHAR Epsilon
ENCODING 917
SWIDTH 666 0
DWIDTH 27 0
BBX 22 29 3 0
BITMAP
FFFFF8
FFFFF8
FFFFF8
FFFFF8
F00000
F00000
F00000
F00000
F00000
F00000
F00000
F00000
FFFFF0
FFFFF0
FFFFF0
FFFFF0
F00000
F00000
F00000
F00000
F00000
F00000
F00000
F00000
F00000
FFFFFC
FFFFFC
FFFFFC
FFFFFC
ENDCHAR
STARTCHAR Zeta
ENCODING 918
SWIDTH 610 0
DWIDTH 24 0
BBX 22 29 1 0
BITMAP
3FFFF8
3FFFF8
3FFFF8
3FFFF8
0000F8
0001F0
0003E0
0007C0
0007C0
000F80
001F00
003E00
007C00
007C00
00F800
01F000
03E000
03E000
07C000
0F8000
1F0000
1F0000
3E0000
7C0000
F80000
FFFFFC
FFFFFC
FFFFFC
FFFFFC
ENDCHAR
STARTCHAR Eta
ENCODING 919
SWIDTH 722 0
DWIDTH 29 0
BBX 23 29 3 0
BITMAP
F0001E
F0001E
F0001E
F0001E
F0001E
F0001E
F0001E
F0001E
F0001E
F0001E
F0001E
FFFFFE
FFFFFE
FFFFFE
FFFFFE
F0001E
F0001E
F0001E
F0001E
F0001E
F0001E
F0001E
F0001E
F0001E
F0001E
F0001E
F0001E
F0001E
F0001E
ENDCHAR
STARTCHAR Theta
ENCODING 920
SWIDTH 777 0
DWIDTH 31 0
BBX 27 29 2 0
BITMAP
003F8000
01FFF000
07FFFC00
0FFFFE00
1FC07F00
3F001F00
3E000F80
7C0007C0
780003C0
780003C0
F80003E0
F00001E0
F0FFE1E0
F0FFE1E0
F0FFE1E0
F0FFE1E0
F00001E0
F00001E0
F00003E0
780003C0
780003C0
7C0007C0
3E000F80
3F001F00
1FC07F00
0FFFFE00
07FFFC00
01FFF000
003F8000
ENDCHAR
STARTCHAR Iota
ENCODING 921
SWIDTH 277 0
DWIDTH 10 0
BBX 4 29 3 0
BITMAP
F0
F0
F0
F0
F0
F0
F0
F0
F0
F0
F0
F0
F0
F0
F0
F0
F0
F0
F0
F0
F0
F0
F0
F0
F0
F0
F0
F0
F0
ENDCHAR
STARTCHAR Kappa
ENCODING 922
SWIDTH 666 0
DWIDTH 27 0
BBX 24 29 3 0
BITMAP
F0007E
F000FC
F001F8
F003F0
F007E0
F00FC0
F01F80
F03F00
F07E00
F0FC00
F1F800
F3F000
F7E000
FFF000
FFF800
FF7C00
FE3E00
FC1E00
F81F00
F00F80
F007C0
F003C0
F003E0
F001F0
F000F8
F00078
F0007C
F0003E
F0001F
ENDCHAR
STARTCHAR Lambda
ENCODING 923
SWIDTH 667 0
DWIDTH 27 0
BBX 25 29 1 0
BITMAP
003E0000
003E0000
003E0000
007F0000
007F0000
00FF8000
00F78000
00F78000
01F3C000
01E3C000
01E3C000
03C1E000
03C1E000
07C1F000
0780F000
0780F000
0F807800
0F007800
0F007C00
1E003C00
1E003C00
3E003E00
3C001E00
3C001E00
78000F00
78000F00
F8000F80
F0000780
F0000780
ENDCHAR
STARTCHAR Mu
ENCODING 924
SWIDTH 833 0
DWIDTH 33 0
BBX 27 29 3 0
BITMAP
FC0007E0
FC0007E0
FE000FE0
FE000FE0
FE000FE0
FF001FE0
F7001DE0
F7001DE0
F7803DE0
F38039E0
F38039E0
F3C079E0
F1C071E0
F1C071E0
F1C071E0
F0E0E1E0
F0E0E1E0
F0E0E1E0
F071E1E0
F071C1E0
F071C1E0
F07BC1E0
F03B81E0
F03B81E0
F03F81E0
F01F01E0
F01F01E0
F01F01E0
F00E01E0
ENDCHAR
STARTCHAR Nu
ENCODING 925
SWIDTH 722 0
DWIDTH 29 0
BBX 23 29 3 0
BITMAP
F8001E
F8001E
FC001E
FE001E
FE001E
FF001E
FF801E
F7801E
F7C01E
F3E01E
F1E01E
F1F01E
F0F81E
F0F81E
F07C1E
F03E1E
F03E1E
F01F1E
F00F1E
F00F9E
F007DE
F003DE
F003FE
F001FE
F000FE
F000FE
F0007E
F0003E
F0003E
ENDCHAR
STARTCHAR Xi
ENCODING 926
SWIDTH 649 0
DWIDTH 26 0
BBX 22 29 2 0
BITMAP
7FFFF8
7FFFF8
7FFFF8
7FFFF8
000000
000000
000000
000000
000000
000000
000000
000000
3FFFF0
3FFFF0
3FFFF0
3FFFF0
000000
000000
000000
000000
000000
000000
000000
000000
000000
FFFFFC
FFFFFC
FFFFFC
FFFFFC
ENDCHAR
STARTCHAR Omicron
ENCODING 927
SWIDTH 777 0
DWIDTH 31 0
BBX 27 29 2 0
BITMAP
003F8000
01FFF000
07FFFC00
0FFFFE00
1FC07F00
3F001F00
3E000F80
7C0007C0
780003C0
780003C0
F80003E0
F00001E0
F00001E0
F00001E0
F00001E0
F00001E0
F00001E0
F00001E0
F00003E0
780003C0
780003C0
7C0007C0
3E000F80
1F001F00
1FC07F00
0FFFFE00
07FFFC00
01FFF000
003F8000
ENDCHAR
STARTCHAR Pi
ENCODING 928
SWIDTH 722 0
DWIDTH 29 0
BBX 23 29 3 0
BITMAP
FFFFFE
FFFFFE
FFFFFE
FFFFFE
F0001E
F0001E
F0001E
F0001E
F0001E
F0001E
F0001E
F0001E
F0001E
F0001E
F0001E
F0001E
F0001E
F0001E
F0001E
F0001E
F0001E
F0001E
F0001E
F0001E
F0001E
F0001E
F0001E
F0001E
F0001E
ENDCHAR
STARTCHAR Rho
ENCODING 929
SWIDTH 666 0
DWIDTH 27 0
BBX 22 29 3 0
BITMAP
FFFF00
FFFFE0
FFFFF0
FFFFF0
F001F8
F00078
F0007C
F0003C
F0003C
F0003C
F0003C
F0007C
F00078
F001F8
FFFFF0
FFFFF0
FFFFC0
FFFF00
F00000
F00000
F00000
F00000
F00000
F00000
F00000
F00000
F00000
F00000
F00000
ENDCHAR
STARTCHAR Sigma
ENCODING 931
SWIDTH 618 0
DWIDTH 25 0
BBX 20 29 3 0
BITMAP
FFFFE0
FFFFE0
FFFFE0
FFFFE0
F80000
7C0000
3E0000
1F0000
0F8000
07C000
03E000
01F000
00F800
007C00
007C00
00F800
01F000
03E000
07C000
0F8000
1F8000
1F0000
3E0000
7C0000
F80000
FFFFF0
FFFFF0
FFFFF0
FFFFF0
ENDCHAR
STARTCHAR Tau
ENCODING 932
SWIDTH 610 0
DWIDTH 24 0
BBX 22 29 1 0
BITMAP
FFFFFC
FFFFFC
FFFFFC
FFFFFC
007800
007800
007800
007800
007800
007800
007800
007800
007800
007800
007800
007800
007800
007800
007800
007800
007800
007800
007800
007800
007800
007800
007800
007800
007800
ENDCHAR
STARTCHAR Upsilon
ENCODING 933
SWIDTH 666 0
DWIDTH 26 0
BBX 26 29 0 0
BITMAP
F80007C0
7C000F80
3C000F00
3E001F00
1F003E00
0F003C00
0F807C00
07C0F800
03C0F000
03E1F000
01E3E000
00F3C000
00FFC000
007F8000
003F0000
003F0000
001E0000
001E0000
001E0000
001E0000
001E0000
001E0000
001E0000
001E0000
001E0000
001E0000
001E0000
001E0000
001E0000
ENDCHAR
STARTCHAR Phi
ENCODING 934
SWIDTH 797 0
DWIDTH 32 0
BBX 28 29 2 0
BITMAP
000F0000
000F0000
000F0000
000F0000
00FFF000
03FFFC00
0FFFFF00
1FFFFF80
3F8F0FC0
7C0F03E0
780F01E0
F80F01F0
F00F00F0
F00F00F0
F00F00F0
F00F00F0
F00F00F0
F80F01F0
780F01E0
7E0F07E0
3F8F1FC0
1FFFFF80
0FFFFF00
07FFFC00
00FFF000
000F0000
000F0000
000F0000
000F0000
ENDCHAR
STARTCHAR Chi
ENCODING 935
SWIDTH 666 0
DWIDTH 27 0
BBX 27 29 0 0
BITMAP
3E000F80
1F001F00
0F003E00
0F803E00
07C07C00
03E0F800
01E0F000
01F1F000
00FBE000
007BC000
007FC000
003F8000
001F0000
001F0000
003F8000
007FC000
007BC000
00FBE000
01F1F000
01E0F000
03E0F800
07C07C00
07803C00
0F803E00
1F001F00
3E000F80
3C000780
7C0007C0
F80003E0
ENDCHAR
STARTCHAR Psi
ENCODING 936
SWIDTH 835 0
DWIDTH 33 0
BBX 27 29 3 0
BITMAP
F00F01E0
F00F01E0
F00F01E0
F00F01E0
F00F01E0
F00F01E0
F00F01E0
F00F01E0
F00F01E0
F00F01E0
F00F01E0
F00F01E0
F80F03E0
780F03C0
7C0F07C0
3E0F0F80
1F8F3F80
0FFFFF00
07FFFC00
00FFF000
000F0000
000F0000
000F0000
000F0000
000F0000
000F0000
000F0000
000F0000
000F0000
ENDCHAR
STARTCHAR Omega
ENCODING 937
SWIDTH 747 0
DWIDTH 30 0
BBX 26 29 2 0
BITMAP
007F8000
01FFE000
03FFF800
0FFFFC00
0FC0FC00
1F807E00
3E003F00
3E001F00
3C000F00
7C000F80
78000780
78000780
78000780
78000780
78000780
78000780
78000780
38000700
3C000F00
3C000F00
1C000E00
1E001E00
0F003C00
07807800
07C0F000
FFE1FFC0
FFE1FFC0
FFE1FFC0
FFE1FFC0
ENDCHAR
STARTCHAR Iotadieresis
ENCODING 938
SWIDTH 277 0
DWIDTH 10 0
BBX 11 35 0 0
BITMAP
F1E0
F1E0
F1E0
F1E0
0000
0000
1E00
1E00
1E00
1E00
1E00
1E00
1E00
1E00
1E00
1E00
1E00
1E00
1E00
1E00
1E00
1E00
1E00
1E00
1E00
1E00
1E00
1E00
1E00
1E00
1E00
1E00
1E00
1E00
1E00
ENDCHAR
STARTCHAR Upsilondieresis
ENCODING 939
SWIDTH 666 0
DWIDTH 26 0
BBX 26 35 0 0
BITMAP
00F1E000
00F1E000
00F1E000
00F1E000
00000000
00000000
F80007C0
7C000F80
3C000F00
3E001F00
1F003E00
0F003C00
0F807C00
07C0F800
03C0F000
03E1F000
01E3E000
00F3C000
00FFC000
007F8000
003F0000
003F0000
001E0000
001E0000
001E0000
001E0000
001E0000
001E0000
001E0000
001E0000
001E0000
001E0000
001E0000
001E0000
001E0000
ENDCHAR
STARTCHAR alphatonos
ENCODING 940
SWIDTH 578 0
DWIDTH 23 0
BBX 21 28 1 0
BITMAP
000F80
001F00
003E00
003C00
007800
000000
000000
03F078
0FFC70
1FFEF0
3E0FF0
7C07F0
7803E0
F803E0
F001E0
F001E0
F001C0
F001C0
F001C0
F001C0
F001E0
F803E0
7803E0
7C07E0
3E0FF0
1FFEF0
0FFCF0
03F078
ENDCHAR
STARTCHAR epsilontonos
ENCODING 941
SWIDTH 445 0
DWIDTH 18 0
BBX 16 28 1 0
BITMAP
01F0
01E0
03C0
0380
0700
0000
0000
07E0
1FF8
3FFE
3C3C
7808
7800
7800
7800
3E00
1FC0
0FC0
3FC0
7C00
F800
F000
F004
F00E
7C3F
7FFE
3FF8
0FE0
ENDCHAR
STARTCHAR etatonos
ENCODING 942
SWIDTH 556 0
DWIDTH 21 0
BBX 17 36 2 -8
BITMAP
003E00
007C00
00F800
00F000
01E000
000000
000000
F1F800
F7FE00
FFFF00
FE1F00
FC0F80
F80780
F80780
F00780
F00780
F00780
F00780
F00780
F00780
F00780
F00780
F00780
F00780
F00780
F00780
F00780
F00780
000780
000780
000780
000780
000780
000780
000780
000780
ENDCHAR
STARTCHAR iotatonos
ENCODING 943
SWIDTH 222 0
DWIDTH 10 0
BBX 8 28 2 0
BITMAP
1F
3E
7C
78
F0
00
00
78
78
78
78
78
78
78
78
78
78
78
78
78
78
78
78
78
78
78
78
78
ENDCHAR
STARTCHAR upsilondieresistonos
ENCODING 944
SWIDTH 546 0
DWIDTH 21 0
BBX 17 28 2 0
BITMAP
007800
38F700
38E700
39C700
398700
000000
000000
F00780
F00780
F00780
F00780
F00780
F00780
F00780
F00780
F00780
F00780
F00780
F00780
F00780
F00780
F00780
F80F80
780F00
7E3F00
3FFE00
1FFC00
07F000
ENDCHAR
STARTCHAR alpha
ENCODING 945
SWIDTH 578 0
DWIDTH 23 0
BBX 21 21 1 0
BITMAP
03F078
0FFC70
1FFEF0
3E0FF0
7C07F0
7803E0
F803E0
F001E0
F001E0
F001C0
F001C0
F001C0
F001C0
F001E0
F803E0
7803E0
7C07E0
3E0FF0
1FFEF0
0FFCF0
03F078
ENDCHAR
STARTCHAR beta
ENCODING 946
SWIDTH 575 0
DWIDTH 23 0
BBX 19 37 2 -8
BITMAP
03F000
0FFC00
3FFE00
7C1F00
780F00
F00780
F00780
F00780
F00780
F00780
F00F00
F03E00
F1FC00
F1E000
F1FE00
F01F80
F007C0
F003C0
F001E0
F001E0
F001E0
F001E0
F801E0
F803E0
FC03C0
FF0FC0
F7FF80
F3FF00
F0FC00
F00000
F00000
F00000
F00000
F00000
F00000
F00000
F00000
ENDCHAR
STARTCHAR gamma
ENCODING 947
SWIDTH 500 0
DWIDTH 20 0
BBX 18 29 1 -8
BITMAP
F003C0
F003C0
F807C0
780780
780780
7C0F80
3C0F00
3C0F00
1E1E00
1E1E00
1E1E00
0F3C00
0F3C00
0F3C00
07F800
07F800
07F800
03F000
03F000
03F000
01E000
01E000
01E000
01E000
01E000
01E000
01E000
01E000
01E000
ENDCHAR
STARTCHAR delta
ENCODING 948
SWIDTH 556 0
DWIDTH 22 0
BBX 18 29 2 0
BITMAP
3FFF00
3FFF00
3FFF00
1E0000
0F0000
078000
03C000
01F000
03F800
0FFC00
1FFE00
3E1F00
7C0F80
780780
F807C0
F003C0
F003C0
F003C0
F003C0
F003C0
F003C0
F003C0
780780
780780
7C0F80
3E1F00
1FFE00
0FFC00
03F000
ENDCHAR
STARTCHAR epsilon
ENCODING 949
SWIDTH 445 0
DWIDTH 18 0
BBX 16 21 1 0
BITMAP
07E0
1FF8
3FFE
3C3C
7808
7800
7800
7800
3E00
1FC0
0FC0
3FC0
7C00
F800
F000
F004
F00E
7C3F
7FFE
3FF8
0FE0
ENDCHAR
STARTCHAR zeta
ENCODING 950
SWIDTH 440 0
DWIDTH 18 0
BBX 16 37 1 -8
BITMAP
1FFF
1FFF
1FFF
001E
0078
00F0
01E0
03C0
0780
0780
0F00
1E00
3E00
3C00
7C00
7800
7800
F000
F000
F000
F000
F000
F000
F000
7800
7C00
3FF0
1FFC
07FE
000F
0007
0007
0007
001E
007E
007C
00F0
ENDCHAR
STARTCHAR eta
ENCODING 951
SWIDTH 556 0
DWIDTH 21 0
BBX 17 29 2 -8
BITMAP
F1F800
F7FE00
FFFF00
FE1F00
FC0F80
F80780
F80780
F00780
F00780
F00780
F00780
F00780
F00780
F00780
F00780
F00780
F00780
F00780
F00780
F00780
F00780
000780
000780
000780
000780
000780
000780
000780
000780
ENDCHAR
STARTCHAR theta
ENCODING 952
SWIDTH 556 0
DWIDTH 22 0
BBX 18 29 2 0
BITMAP
03F000
0FFC00
1FFE00
3E1F00
3C0F00
780780
780780
780780
F003C0
F003C0
F003C0
F003C0
F003C0
FFFFC0
FFFFC0
FFFFC0
F003C0
F003C0
F003C0
F003C0
F003C0
780780
780780
780780
3C0F00
3E1F00
1FFE00
0FFC00
03F000
ENDCHAR
STARTCHAR iota
ENCODING 953
SWIDTH 222 0
DWIDTH 10 0
BBX 4 21 3 0
BITMAP
F0
F0
F0
F0
F0
F0
F0
F0
F0
F0
F0
F0
F0
F0
F0
F0
F0
F0
F0
F0
F0
ENDCHAR
STARTCHAR kappa
ENCODING 954
SWIDTH 500 0
DWIDTH 20 0
BBX 17 21 2 0
BITMAP
F01F00
F03E00
F07C00
F0F800
F1F000
F3E000
F7C000
FF8000
FF0000
FF0000
FF8000
FFC000
F3E000
F1F000
F0F000
F0F800
F07C00
F03E00
F01F00
F01F00
F00F80
ENDCHAR
STARTCHAR lambda
ENCODING 955
SWIDTH 500 0
DWIDTH 20 0
BBX 19 29 0 0
BITMAP
078000
078000
078000
03C000
03C000
03E000
01E000
01E000
01F000
01F000
03F800
03F800
03F800
07BC00
07BC00
07BC00
0F1E00
0F1E00
1F1F00
1E0F00
1E0F00
3C0780
3C0780
3C0780
7803C0
7803C0
F803E0
F001E0
F001E0
ENDCHAR
STARTCHAR mu
ENCODING 956
SWIDTH 576 0
DWIDTH 23 0
BBX 17 29 3 -8
BITMAP
F00780
F00780
F00780
F00780
F00780
F00780
F00780
F00780
F00780
F00780
F00780
F00780
F00780
F00780
F00780
F80F80
F80F80
FC3F80
FFFF80
F7F780
F3E780
F00000
F00000
F00000
F00000
F00000
F00000
F00000
F00000
ENDCHAR
STARTCHAR nu
ENCODING 957
SWIDTH 500 0
DWIDTH 19 0
BBX 19 21 0 0
BITMAP
F001E0
F803E0
7803C0
7803C0
3C0780
3C0780
3C0780
1E0F00
1E0F00
1E0F00
0F0E00
0F1E00
0F1E00
071C00
07BC00
07BC00
03B800
03F800
03F800
01F000
01F000
ENDCHAR
STARTCHAR xi
ENCODING 958
SWIDTH 447 0
DWIDTH 18 0
BBX 15 37 2 -8
BITMAP
03F8
0FF8
1FF8
3E00
7C00
7800
7800
7800
7C00
3E00
1FF8
0FF8
07F8
0F80
1E00
3C00
7800
7800
F000
F000
F000
F000
F000
F800
7800
7E00
3FF0
1FFC
03FC
001E
000E
000E
000E
003C
00FC
01F8
01C0
ENDCHAR
STARTCHAR omicron
ENCODING 959
SWIDTH 556 0
DWIDTH 22 0
BBX 18 21 2 0
BITMAP
03F000
0FFC00
1FFE00
3E1F00
7C0F80
780780
F807C0
F003C0
F003C0
F003C0
F003C0
F003C0
F003C0
F003C0
F807C0
780780
7C0F80
3E1F00
1FFE00
0FFC00
03F000
ENDCHAR
STARTCHAR pi
ENCODING 960
SWIDTH 689 0
DWIDTH 28 0
BBX 26 21 1 0
BITMAP
FFFFFFC0
FFFFFFC0
FFFFFFC0
07807800
07807800
07807800
07807800
07807800
07807800
07807800
07807800
07807800
07807800
07807800
07807800
07807800
07807800
07807800
07807800
07807800
07807800
ENDCHAR
STARTCHAR rho
ENCODING 961
SWIDTH 568 0
DWIDTH 23 0
BBX 19 29 2 -8
BITMAP
03F800
0FFE00
1FFF00
3E0F80
7C07C0
7803C0
7803C0
F001E0
F001E0
F001E0
F001E0
F001E0
F001E0
F001E0
F803C0
F803C0
FC07C0
FE0F80
FFFF00
F7FE00
F1F800
F00000
F00000
F00000
F00000
F00000
F00000
F00000
F00000
ENDCHAR
STARTCHAR sigma1
ENCODING 962
SWIDTH 481 0
DWIDTH 19 0
BBX 16 29 2 -8
BITMAP
00FE
03FF
0FFF
1F80
3E00
3C00
7800
7800
F000
F000
F000
F000
F000
F000
F800
7800
7C00
3F00
1FE0
0FF8
03FC
007E
001E
001E
001E
003E
03FC
07F8
07E0
ENDCHAR
STARTCHAR sigma
ENCODING 963
SWIDTH 617 0
DWIDTH 25 0
BBX 22 21 2 0
BITMAP
03FFFC
0FFFFC
1FFFFC
3E0F80
7C07C0
7803C0
F803E0
F001E0
F001E0
F001E0
F001E0
F001E0
F001E0
F001E0
F803E0
7803C0
7C07C0
3E0F80
1FFF00
0FFE00
03F800
ENDCHAR
STARTCHAR tau
ENCODING 964
SWIDTH 395 0
DWIDTH 16 0
BBX 12 21 2 0
BITMAP
FFF0
FFF0
FFF0
0F00
0F00
0F00
0F00
0F00
0F00
0F00
0F00
0F00
0F00
0F00
0F00
0F00
0F00
0F00
0F00
0F00
0F00
ENDCHAR
STARTCHAR upsilon
ENCODING 965
SWIDTH 546 0
DWIDTH 21 0
BBX 17 21 2 0
BITMAP
F00780
F00780
F00780
F00780
F00780
F00780
F00780
F00780
F00780
F00780
F00780
F00780
F00780
F00780
F00780
F80F80
780F00
7E3F00
3FFE00
1FFC00
07F000
ENDCHAR
STARTCHAR phi
ENCODING 966
SWIDTH 648 0
DWIDTH 26 0
BBX 22 29 2 -8
BITMAP
071F80
0F3FC0
1E7FE0
3C7CF0
787878
787878
F0783C
F0783C
F0783C
F0783C
F0783C
F0783C
F0783C
F87878
787878
7C78F8
3C78F0
3F7BE0
1FFFC0
07FF80
03FE00
007800
007800
007800
007800
007800
007800
007800
007800
ENDCHAR
STARTCHAR chi
ENCODING 967
SWIDTH 524 0
DWIDTH 21 0
BBX 19 29 1 -8
BITMAP
7801E0
7C03E0
3C03C0
3C07C0
1E0780
1E0F80
0F0F00
0F1E00
079E00
07BC00
03FC00
03F800
01F800
01F000
01F000
01F800
03F800
03FC00
07BC00
079E00
0F1E00
0F0F00
1E0F00
3E0780
3C0780
7C03C0
7803C0
F803E0
F001E0
ENDCHAR
STARTCHAR psi
ENCODING 968
SWIDTH 712 0
DWIDTH 29 0
BBX 25 29 2 -8
BITMAP
E01C0380
E01C0380
E01C0380
E01C0380
E01C0380
E01C0380
E01C0380
E01C0380
E01C0380
E01C0380
E01C0380
E01C0380
E01C0380
E01C0380
F01C0780
701C0700
781C0F00
3F1C7E00
1FFFFC00
0FFFF800
01FFC000
001C0000
001C0000
001C0000
001C0000
001C0000
001C0000
001C0000
001C0000
ENDCHAR
STARTCHAR omega
ENCODING 969
SWIDTH 780 0
DWIDTH 31 0
BBX 27 21 2 0
BITMAP
1C000700
3C000780
38000380
780003C0
780003C0
780E03C0
F00E01E0
F00E01E0
F00E01E0
F00E01E0
F00E01E0
F00E01E0
F00E01E0
F00E01E0
F80E03E0
781F03C0
781B07C0
3E3B8780
3FF1FF80
1FE0FF00
07C07C00
ENDCHAR
STARTCHAR iotadieresis
ENCODING 970
SWIDTH 222 0
DWIDTH 10 0
BBX 11 27 0 0
BITMAP
F1E0
F1E0
F1E0
F1E0
0000
0000
1E00
1E00
1E00
1E00
1E00
1E00
1E00
1E00
1E00
1E00
1E00
1E00
1E00
1E00
1E00
1E00
1E00
1E00
1E00
1E00
1E00
ENDCHAR
STARTCHAR upsilondieresis
ENCODING 971
SWIDTH 546 0
DWIDTH 21 0
BBX 17 27 2 0
BITMAP
0F1E00
0F1E00
0F1E00
0F1E00
000000
000000
F00780
F00780
F00780
F00780
F00780
F00780
F00780
F00780
F00780
F00780
F00780
F00780
F00780
F00780
F00780
F80F80
780F00
7E3F00
3FFE00
1FFC00
07F000
ENDCHAR
STARTCHAR omicrontonos
ENCODING 972
SWIDTH 556 0
DWIDTH 22 0
BBX 18 28 2 0
BITMAP
007C00
00F800
01F000
01E000
03C000
000000
000000
03F000
0FFC00
1FFE00
3E1F00
7C0F80
780780
F807C0
F003C0
F003C0
F003C0
F003C0
F003C0
F003C0
F003C0
F807C0
780780
7C0F80
3E1F00
1FFE00
0FFC00
03F000
ENDCHAR
STARTCHAR upsilontonos
ENCODING 973
SWIDTH 546 0
DWIDTH 21 0
BBX 17 28 2 0
BITMAP
007C00
00F800
00F000
01E000
01C000
000000
000000
F00780
F00780
F00780
F00780
F00780
F00780
F00780
F00780
F00780
F00780
F00780
F00780
F00780
F00780
F00780
F80F80
780F00
7E3F00
3FFE00
1FFC00
07F000
ENDCHAR
STARTCHAR omegatonos
ENCODING 974
SWIDTH 780 0
DWIDTH 31 0
BBX 27 28 2 0
BITMAP
0007C000
000F8000
000F0000
001E0000
001C0000
00000000
00000000
1C000700
3C000780
38000380
780003C0
780003C0
780E03C0
F00E01E0
F00E01E0
F00E01E0
F00E01E0
F00E01E0
F00E01E0
F00E01E0
F00E01E0
F80E03E0
781F03C0
781B07C0
3E3B8780
3FF1FF80
1FE0FF00
07C07C00
ENDCHAR
STARTCHAR afii10023
ENCODING 1025
SWIDTH 667 0
DWIDTH 27 0
BBX 22 35 3 0
BITMAP
078F00
078F00
078F00
078F00
000000
000000
FFFFF8
FFFFF8
FFFFF8
FFFFF8
F00000
F00000
F00000
F00000
F00000
F00000
F00000
F00000
FFFFF0
FFFFF0
FFFFF0
FFFFF0
F00000
F00000
F00000
F00000
F00000
F00000
F00000
F00000
F00000
FFFFFC
FFFFFC
FFFFFC
FFFFFC
ENDCHAR
STARTCHAR afii10051
ENCODING 1026
SWIDTH 864 0
DWIDTH 35 0
BBX 33 29 1 0
BITMAP
FFFFFC0000
FFFFFC0000
FFFFFC0000
FFFFFC0000
0078000000
0078000000
0078000000
0078000000
0078000000
0078000000
00783FC000
0079FFF000
007FFFFC00
007FFFFE00
007F807E00
007C001F00
0078000F00
0078000780
0078000780
0078000780
0078000780
0078000780
0078000F80
0078001F00
0078003F00
00780FFE00
00781FFC00
00781FF800
00780FE000
ENDCHAR
STARTCHAR afii10052
ENCODING 1027
SWIDTH 541 0
DWIDTH 22 0
BBX 19 36 3 0
BITMAP
003E00
007C00
00F800
00F000
01E000
000000
000000
FFFFE0
FFFFE0
FFFFE0
FFFFE0
F00000
F00000
F00000
F00000
F00000
F00000
F00000
F00000
F00000
F00000
F00000
F00000
F00000
F00000
F00000
F00000
F00000
F00000
F00000
F00000
F00000
F00000
F00000
F00000
F00000
ENDCHAR
STARTCHAR afii10053
ENCODING 1028
SWIDTH 718 0
DWIDTH 29 0
BBX 25 29 2 0
BITMAP
007F8000
01FFE000
07FFF800
0FFFFC00
1F80FC00
3E003E00
3C001E00
78001F00
78000C00
70000000
F0000000
F0000000
FFFE0000
FFFE0000
FFFE0000
FFFE0000
F0000000
F0000000
F0000000
78000600
78000F80
7C000F80
3C001F00
3F003F00
1FC0FE00
0FFFFC00
07FFF800
03FFF000
007F8000
ENDCHAR
STARTCHAR afii10054
ENCODING 1029
SWIDTH 666 0
DWIDTH 27 0
BBX 23 29 2 0
BITMAP
01FE00
07FFC0
1FFFE0
3FFFF0
3F01F8
7C00F8
78007C
78003C
78003C
780000
3C0000
3F8000
1FF800
07FF80
01FFE0
003FF8
0003FC
00007C
00003E
F0001E
F0001E
F8001E
78003E
7E003C
3F80FC
3FFFF8
0FFFF0
07FFE0
00FF00
ENDCHAR
STARTCHAR afii10055
ENCODING 1030
SWIDTH 277 0
DWIDTH 10 0
BBX 4 29 3 0
BITMAP
F0
F0
F0
F0
F0
F0
F0
F0
F0
F0
F0
F0
F0
F0
F0
F0
F0
F0
F0
F0
F0
F0
F0
F0
F0
F0
F0
F0
F0
ENDCHAR
STARTCHAR afii10056
ENCODING 1031
SWIDTH 277 0
DWIDTH 10 0
BBX 11 35 0 0
BITMAP
F1E0
F1E0
F1E0
F1E0
0000
0000
1E00
1E00
1E00
1E00
1E00
1E00
1E00
1E00
1E00
1E00
1E00
1E00
1E00
1E00
1E00
1E00
1E00
1E00
1E00
1E00
1E00
1E00
1E00
1E00
1E00
1E00
1E00
1E00
1E00
ENDCHAR
STARTCHAR afii10057
ENCODING 1032
SWIDTH 500 0
DWIDTH 20 0
BBX 16 29 1 0
BITMAP
000F
000F
000F
000F
000F
000F
000F
000F
000F
000F
000F
000F
000F
000F
000F
000F
000F
000F
000F
000F
F00F
F00F
F00F
F81F
7C3E
7FFE
3FFC
1FF8
0FE0
ENDCHAR
STARTCHAR afii10058
ENCODING 1033
SWIDTH 1057 0
DWIDTH 42 0
BBX 40 29 0 0
BITMAP
07FFFE0000
07FFFE0000
07FFFE0000
07FFFE0000
07801E0000
07801E0000
07801E0000
07801E0000
07801E0000
07801E0000
07801E0000
07801E0000
07801FFFC0
07801FFFF8
07801FFFFC
07801FFFFE
07801E007E
07801E001F
07801E000F
07801E000F
07801E000F
07801E000F
07801E000F
07801E001E
07801E003E
4F001FFFFE
FF001FFFFC
FE001FFFF8
7C001FFFE0
ENDCHAR
STARTCHAR afii10059
ENCODING 1034
SWIDTH 1010 0
DWIDTH 40 0
BBX 35 29 3 0
BITMAP
F003C00000
F003C00000
F003C00000
F003C00000
F003C00000
F003C00000
F003C00000
F003C00000
F003C00000
F003C00000
F003C00000
F003C00000
FFFFFFF800
FFFFFFFF00
FFFFFFFF80
FFFFFFFFC0
F003C00FC0
F003C003E0
F003C001E0
F003C001E0
F003C001E0
F003C001E0
F003C001E0
F003C003E0
F003C007C0
F003FFFFC0
F003FFFF80
F003FFFF00
F003FFFC00
ENDCHAR
STARTCHAR afii10060
ENCODING 1035
SWIDTH 854 0
DWIDTH 33 0
BBX 30 29 1 0
BITMAP
FFFFFC00
FFFFFC00
FFFFFC00
FFFFFC00
00780000
00780000
00780000
00780000
00780000
00780000
00780000
00787F00
007BFFE0
007FFFF0
007F81F8
007C00F8
00780078
0078003C
0078003C
0078003C
0078003C
0078003C
0078003C
0078003C
0078003C
0078003C
0078003C
0078003C
0078003C
ENDCHAR
STARTCHAR afii10061
ENCODING 1036
SWIDTH 582 0
DWIDTH 23 0
BBX 20 36 3 0
BITMAP
003C00
007800
00F000
00E000
01C000
000000
000000
F001F0
F007F0
F00FF0
F01F00
F01E00
F03E00
F03C00
F07C00
F07800
F0F800
F0F000
F1F000
FFE000
FF8000
FFE000
F3F000
F0F800
F07800
F07C00
F03C00
F01E00
F01F00
F00F00
F00F80
F00780
F007C0
F003E0
F001E0
F001F0
ENDCHAR
STARTCHAR afii10062
ENCODING 1038
SWIDTH 635 0
DWIDTH 25 0
BBX 23 36 2 0
BITMAP
030180
030380
018700
01FE00
007C00
000000
000000
F0001E
F8001E
78003C
7C003C
3C0078
3E0078
1E00F0
1F00F0
0F01E0
0F81E0
0781C0
07C3C0
03C380
03E780
01E700
01FF00
00FF00
00FE00
007E00
007C00
003C00
003800
003800
007000
007000
10E000
1FE000
1FC000
0F8000
ENDCHAR
STARTCHAR afii10145
ENCODING 1039
SWIDTH 718 0
DWIDTH 29 0
BBX 22 37 4 -8
BITMAP
F0003C
F0003C
F0003C
F0003C
F0003C
F0003C
F0003C
F0003C
F0003C
F0003C
F0003C
F0003C
F0003C
F0003C
F0003C
F0003C
F0003C
F0003C
F0003C
F0003C
F0003C
F0003C
F0003C
F0003C
F0003C
FFFFFC
FFFFFC
FFFFFC
FFFFFC
007800
007800
007800
007800
007800
007800
007800
007800
ENDCHAR
STARTCHAR afii10017
ENCODING 1040
SWIDTH 666 0
DWIDTH 27 0
BBX 27 29 0 0
BITMAP
003F0000
003F0000
007F8000
007F8000
00738000
00F3C000
00F1C000
00E1E000
01E1E000
01E0E000
01C0F000
03C07000
03C07800
07807800
07803800
07803C00
0FFFFC00
0FFFFE00
0FFFFE00
1FFFFE00
1E000F00
1E000F00
3C000780
3C000780
7C000780
780003C0
780003C0
F80003E0
F00001E0
ENDCHAR
STARTCHAR afii10018
ENCODING 1041
SWIDTH 656 0
DWIDTH 26 0
BBX 21 29 3 0
BITMAP
FFFFC0
FFFFC0
FFFFC0
FFFFC0
F00000
F00000
F00000
F00000
F00000
F00000
F00000
F00000
FFFE00
FFFFC0
FFFFE0
FFFFF0
F003F0
F000F8
F00078
F00078
F00078
F00078
F00078
F000F8
F003F0
FFFFF0
FFFFE0
FFFFC0
FFFE00
ENDCHAR
STARTCHAR afii10019
ENCODING 1042
SWIDTH 666 0
DWIDTH 27 0
BBX 22 29 3 0
BITMAP
FFFE00
FFFFC0
FFFFE0
FFFFF0
F001F0
F000F8
F00078
F00078
F00078
F00078
F000F0
F001F0
FFFFE0
FFFFC0
FFFFC0
FFFFF0
F001F8
F00078
F0003C
F0003C
F0003C
F0003C
F0003C
F0007C
F001F8
FFFFF8
FFFFF0
FFFFC0
FFFF00
ENDCHAR
STARTCHAR afii10020
ENCODING 1043
SWIDTH 541 0
DWIDTH 22 0
BBX 19 29 3 0
BITMAP
FFFFE0
FFFFE0
FFFFE0
FFFFE0
F00000
F00000
F00000
F00000
F00000
F00000
F00000
F00000
F00000
F00000
F00000
F00000
F00000
F00000
F00000
F00000
F00000
F00000
F00000
F00000
F00000
F00000
F00000
F00000
F00000
ENDCHAR
STARTCHAR afii10021
ENCODING 1044
SWIDTH 677 0
DWIDTH 27 0
BBX 26 36 0 -7
BITMAP
07FFFE00
07FFFE00
07FFFE00
07FFFE00
07801E00
07801E00
07801E00
07801E00
07801E00
07801E00
07801E00
07801E00
07801E00
07801E00
07801E00
07801E00
07001E00
0F001E00
0F001E00
0F001E00
0F001E00
0F001E00
0F001E00
1E001E00
1E001E00
FFFFFFC0
FFFFFFC0
FFFFFFC0
FFFFFFC0
F00003C0
F00003C0
F00003C0
F00003C0
F00003C0
F00003C0
F00003C0
ENDCHAR
STARTCHAR afii10022
ENCODING 1045
SWIDTH 666 0
DWIDTH 27 0
BBX 22 29 3 0
BITMAP
FFFFF8
FFFFF8
FFFFF8
FFFFF8
F00000
F00000
F00000
F00000
F00000
F00000
F00000
F00000
FFFFF0
FFFFF0
FFFFF0
FFFFF0
F00000
F00000
F00000
F00000
F00000
F00000
F00000
F00000
F00000
FFFFFC
FFFFFC
FFFFFC
FFFFFC
ENDCHAR
STARTCHAR afii10024
ENCODING 1046
SWIDTH 923 0
DWIDTH 37 0
BBX 38 29 -1 0
BITMAP
F80078007C
FE007801FC
FF007803FC
0F807807C0
0780780F80
03C0780F00
03C0780F00
01E0781E00
01E0781E00
01F0783C00
00F0787C00
007C78F800
003FFFF000
001FFFE000
003FFFF000
007C78F800
00F8787C00
01F0783E00
03E0781F00
03C0780F00
07C0780F80
0780780780
0F807807C0
1F007803E0
1E007801E0
3E007801F0
3C007800F0
7800780078
F80078007C
ENDCHAR
STARTCHAR afii10025
ENCODING 1047
SWIDTH 604 0
DWIDTH 24 0
BBX 20 29 2 0
BITMAP
01FC00
07FF00
0FFF80
1F07C0
3E03C0
3C03E0
7C01E0
7801E0
7801E0
1801E0
0003E0
0003C0
000780
007F00
007F00
007FC0
0007E0
0001E0
0001F0
0000F0
3000F0
F000F0
F800F0
7C01F0
7C03E0
3F07C0
1FFF80
0FFF00
01FC00
ENDCHAR
STARTCHAR afii10026
ENCODING 1048
SWIDTH 718 0
DWIDTH 29 0
BBX 23 29 3 0
BITMAP
F0003E
F0007E
F0007E
F000FE
F000FE
F001FE
F003FE
F003DE
F007DE
F00F9E
F00F1E
F01F1E
F01E1E
F03C1E
F07C1E
F0781E
F0F81E
F1F01E
F1E01E
F3E01E
F3C01E
F7801E
FF801E
FF001E
FE001E
FE001E
FC001E
FC001E
F8001E
ENDCHAR
STARTCHAR afii10027
ENCODING 1049
SWIDTH 718 0
DWIDTH 29 0
BBX 23 36 3 0
BITMAP
060300
030300
038700
01FE00
00F800
000000
000000
F0003E
F0007E
F0007E
F000FE
F000FE
F001FE
F003FE
F003DE
F007DE
F00F9E
F00F1E
F01F1E
F01E1E
F03C1E
F07C1E
F0781E
F0F81E
F1F01E
F1E01E
F3E01E
F3C01E
F7801E
FF801E
FF001E
FE001E
FE001E
FC001E
FC001E
F8001E
ENDCHAR
STARTCHAR afii10028
ENCODING 1050
SWIDTH 582 0
DWIDTH 23 0
BBX 20 29 3 0
BITMAP
F001F0
F007F0
F00FF0
F01F00
F01E00
F03E00
F03C00
F07C00
F07800
F0F800
F0F000
F1F000
FFE000
FF8000
FFE000
F3F000
F0F800
F07800
F07C00
F03C00
F01E00
F01F00
F00F00
F00F80
F00780
F007C0
F003E0
F001E0
F001F0
ENDCHAR
STARTCHAR afii10029
ENCODING 1051
SWIDTH 656 0
DWIDTH 26 0
BBX 22 29 1 0
BITMAP
07FFFC
07FFFC
07FFFC
07FFFC
07803C
07803C
07803C
07803C
07803C
07803C
07803C
07803C
07803C
07803C
07803C
07803C
07803C
07803C
07803C
07803C
07803C
07803C
07803C
07803C
07803C
4F003C
FF003C
FE003C
7C003C
ENDCHAR
STARTCHAR afii10030
ENCODING 1052
SWIDTH 833 0
DWIDTH 33 0
BBX 27 29 3 0
BITMAP
FC0007E0
FC0007E0
FE000FE0
FE000FE0
FE000FE0
FF001FE0
F7001DE0
F7001DE0
F7803DE0
F38039E0
F38039E0
F3C079E0
F1C071E0
F1C071E0
F1C071E0
F0E0E1E0
F0E0E1E0
F0E0E1E0
F071E1E0
F071C1E0
F071C1E0
F07BC1E0
F03B81E0
F03B81E0
F03F81E0
F01F01E0
F01F01E0
F01F01E0
F00E01E0
ENDCHAR
STARTCHAR afii10031
ENCODING 1053
SWIDTH 722 0
DWIDTH 29 0
BBX 23 29 3 0
BITMAP
F0001E
F0001E
F0001E
F0001E
F0001E
F0001E
F0001E
F0001E
F0001E
F0001E
F0001E
FFFFFE
FFFFFE
FFFFFE
FFFFFE
F0001E
F0001E
F0001E
F0001E
F0001E
F0001E
F0001E
F0001E
F0001E
F0001E
F0001E
F0001E
F0001E
F0001E
ENDCHAR
STARTCHAR afii10032
ENCODING 1054
SWIDTH 777 0
DWIDTH 31 0
BBX 27 29 2 0
BITMAP
003F8000
01FFF000
07FFFC00
0FFFFE00
1FC07F00
3F001F00
3E000F80
7C0007C0
780003C0
780003C0
F80003E0
F00001E0
F00001E0
F00001E0
F00001E0
F00001E0
F00001E0
F00001E0
F00003E0
780003C0
780003C0
7C0007C0
3E000F80
1F001F00
1FC07F00
0FFFFE00
07FFFC00
01FFF000
003F8000
ENDCHAR
STARTCHAR afii10033
ENCODING 1055
SWIDTH 718 0
DWIDTH 29 0
BBX 23 29 3 0
BITMAP
FFFFFE
FFFFFE
FFFFFE
FFFFFE
F0001E
F0001E
F0001E
F0001E
F0001E
F0001E
F0001E
F0001E
F0001E
F0001E
F0001E
F0001E
F0001E
F0001E
F0001E
F0001E
F0001E
F0001E
F0001E
F0001E
F0001E
F0001E
F0001E
F0001E
F0001E
ENDCHAR
STARTCHAR afii10034
ENCODING 1056
SWIDTH 666 0
DWIDTH 27 0
BBX 22 29 3 0
BITMAP
FFFF00
FFFFE0
FFFFF0
FFFFF0
F001F8
F00078
F0007C
F0003C
F0003C
F0003C
F0003C
F0007C
F00078
F001F8
FFFFF0
FFFFF0
FFFFC0
FFFF00
F00000
F00000
F00000
F00000
F00000
F00000
F00000
F00000
F00000
F00000
F00000
ENDCHAR
STARTCHAR afii10035
ENCODING 1057
SWIDTH 722 0
DWIDTH 29 0
BBX 25 29 2 0
BITMAP
007F8000
01FFE000
07FFF000
0FFFF800
1FC0FC00
3F003E00
3C003E00
7C001F00
78000F00
78000000
F0000000
F0000000
F0000000
F0000000
F0000000
F0000000
F0000000
F0000000
F0000400
78000780
78000F80
7C000F00
3E001F00
3F003E00
1FC0FE00
0FFFFC00
07FFF800
03FFE000
007F8000
ENDCHAR
STARTCHAR afii10036
ENCODING 1058
SWIDTH 610 0
DWIDTH 24 0
BBX 22 29 1 0
BITMAP
FFFFFC
FFFFFC
FFFFFC
FFFFFC
007800
007800
007800
007800
007800
007800
007800
007800
007800
007800
007800
007800
007800
007800
007800
007800
007800
007800
007800
007800
007800
007800
007800
007800
007800
ENDCHAR
STARTCHAR afii10037
ENCODING 1059
SWIDTH 635 0
DWIDTH 25 0
BBX 23 29 2 0
BITMAP
F0001E
F8001E
78003C
7C003C
3C0078
3E0078
1E00F0
1F00F0
0F01E0
0F81E0
0781C0
07C3C0
03C380
03E780
01E700
01FF00
00FF00
00FE00
007E00
007C00
003C00
003800
003800
007000
007000
10E000
1FE000
1FC000
0F8000
ENDCHAR
STARTCHAR afii10038
ENCODING 1060
SWIDTH 760 0
DWIDTH 30 0
BBX 26 29 2 0
BITMAP
001E0000
001E0000
001E0000
001E0000
00FFC000
07FFF800
0FFFFC00
1FFFFE00
3F1E3F00
7C1E0F80
781E0780
F81E07C0
F01E03C0
F01E03C0
F01E03C0
F01E03C0
F01E03C0
F81E07C0
781E0780
7C1E0F80
3F1E3F00
1FFFFE00
0FFFFC00
07FFF800
00FFC000
001E0000
001E0000
001E0000
001E0000
ENDCHAR
STARTCHAR afii10039
ENCODING 1061
SWIDTH 666 0
DWIDTH 27 0
BBX 27 29 0 0
BITMAP
3E000F80
1F001F00
0F003E00
0F803E00
07C07C00
03E0F800
01E0F000
01F1F000
00FBE000
007BC000
007FC000
003F8000
001F0000
001F0000
003F8000
007FC000
007BC000
00FBE000
01F1F000
01E0F000
03E0F800
07C07C00
07803C00
0F803E00
1F001F00
3E000F80
3C000780
7C0007C0
F80003E0
ENDCHAR
STARTCHAR afii10040
ENCODING 1062
SWIDTH 739 0
DWIDTH 30 0
BBX 26 37 3 -8
BITMAP
F0001E00
F0001E00
F0001E00
F0001E00
F0001E00
F0001E00
F0001E00
F0001E00
F0001E00
F0001E00
F0001E00
F0001E00
F0001E00
F0001E00
F0001E00
F0001E00
F0001E00
F0001E00
F0001E00
F0001E00
F0001E00
F0001E00
F0001E00
F0001E00
F0001E00
FFFFFFC0
FFFFFFC0
FFFFFFC0
FFFFFFC0
000003C0
000003C0
000003C0
000003C0
000003C0
000003C0
000003C0
000003C0
ENDCHAR
STARTCHAR afii10041
ENCODING 1063
SWIDTH 666 0
DWIDTH 27 0
BBX 21 29 3 0
BITMAP
F00078
F00078
F00078
F00078
F00078
F00078
F00078
F00078
F00078
F00078
F00078
F00078
F00078
780078
7C00F8
7E07F8
3FFFF8
1FFF78
07F878
000078
000078
000078
000078
000078
000078
000078
000078
000078
000078
ENDCHAR
STARTCHAR afii10042
ENCODING 1064
SWIDTH 916 0
DWIDTH 37 0
BBX 32 29 2 0
BITMAP
F003C00F
F003C00F
F003C00F
F003C00F
F003C00F
F003C00F
F003C00F
F003C00F
F003C00F
F003C00F
F003C00F
F003C00F
F003C00F
F003C00F
F003C00F
F003C00F
F003C00F
F003C00F
F003C00F
F003C00F
F003C00F
F003C00F
F003C00F
F003C00F
F003C00F
FFFFFFFF
FFFFFFFF
FFFFFFFF
FFFFFFFF
ENDCHAR
STARTCHAR afii10043
ENCODING 1065
SWIDTH 937 0
DWIDTH 38 0
BBX 35 37 2 -8
BITMAP
F003C00F00
F003C00F00
F003C00F00
F003C00F00
F003C00F00
F003C00F00
F003C00F00
F003C00F00
F003C00F00
F003C00F00
F003C00F00
F003C00F00
F003C00F00
F003C00F00
F003C00F00
F003C00F00
F003C00F00
F003C00F00
F003C00F00
F003C00F00
F003C00F00
F003C00F00
F003C00F00
F003C00F00
F003C00F00
FFFFFFFFE0
FFFFFFFFE0
FFFFFFFFE0
FFFFFFFFE0
00000001E0
00000001E0
00000001E0
00000001E0
00000001E0
00000001E0
00000001E0
00000001E0
ENDCHAR
STARTCHAR afii10044
ENCODING 1066
SWIDTH 791 0
DWIDTH 32 0
BBX 30 29 0 0
BITMAP
FFF80000
FFF80000
FFF80000
FFF80000
00780000
00780000
00780000
00780000
00780000
00780000
00780000
00780000
007FFF00
007FFFE0
007FFFF0
007FFFF8
007801F8
0078007C
0078003C
0078003C
0078003C
0078003C
0078003C
0078007C
007801F8
007FFFF8
007FFFF0
007FFFE0
007FFF00
ENDCHAR
STARTCHAR afii10045
ENCODING 1067
SWIDTH 885 0
DWIDTH 35 0
BBX 29 29 3 0
BITMAP
F0000078
F0000078
F0000078
F0000078
F0000078
F0000078
F0000078
F0000078
F0000078
F0000078
F0000078
F0000078
FFFF0078
FFFFE078
FFFFF078
FFFFF878
F001F878
F0007C78
F0003C78
F0003C78
F0003C78
F0003C78
F0003C78
F0007878
F001F878
FFFFF078
FFFFF078
FFFFC078
FFFF0078
ENDCHAR
STARTCHAR afii10046
ENCODING 1068
SWIDTH 656 0
DWIDTH 26 0
BBX 21 29 3 0
BITMAP
F00000
F00000
F00000
F00000
F00000
F00000
F00000
F00000
F00000
F00000
F00000
F00000
FFFE00
FFFFC0
FFFFE0
FFFFF0
F003F0
F000F8
F00078
F00078
F00078
F00078
F00078
F000F0
F003F0
FFFFE0
FFFFE0
FFFFC0
FFFE00
ENDCHAR
STARTCHAR afii10047
ENCODING 1069
SWIDTH 718 0
DWIDTH 29 0
BBX 25 29 2 0
BITMAP
00FF0000
03FFC000
0FFFF000
1FFFF800
1F80FC00
3E003E00
7C001E00
7C000F00
18000F00
00000700
00000780
00000780
003FFF80
003FFF80
003FFF80
003FFF80
00000780
00000780
00000780
30000F00
F8000F00
F8001F00
7C003E00
7E007E00
3F81FC00
1FFFF800
0FFFF000
07FFE000
00FF0000
ENDCHAR
STARTCHAR afii10048
ENCODING 1070
SWIDTH 1010 0
DWIDTH 40 0
BBX 35 29 3 0
BITMAP
F0001FC000
F000FFF800
F001FFFC00
F003FFFE00
F007F07F00
F00FC01F80
F01F800F80
F01F0007C0
F01E0003C0
F03E0003C0
F03C0001E0
F03C0001E0
FFFC0001E0
FFFC0001E0
FFFC0001E0
FFFC0001E0
F03C0001E0
F03C0001E0
F03C0001E0
F01E0003C0
F01E0003C0
F01F0007C0
F00F800F80
F00FC01F80
F007F07F00
F003FFFE00
F001FFFC00
F000FFF800
F0001FC000
ENDCHAR
STARTCHAR afii10049
ENCODING 1071
SWIDTH 722 0
DWIDTH 29 0
BBX 25 29 1 0
BITMAP
01FFFF80
07FFFF80
0FFFFF80
1FFFFF80
1F800780
3E000780
3C000780
3C000780
3C000780
3C000780
3E000780
1F800780
1FFFFF80
0FFFFF80
07FFFF80
00FFFF80
007C0780
00F00780
01E00780
03E00780
07C00780
07800780
0F800780
1F000780
1E000780
3E000780
7C000780
78000780
F8000780
ENDCHAR
STARTCHAR afii10065
ENCODING 1072
SWIDTH 556 0
DWIDTH 22 0
BBX 18 21 2 0
BITMAP
07F800
1FFE00
3FFF00
7C1F80
F80780
F00780
000780
001F80
03FF80
1FFF80
3FF780
7E0780
F80780
F00780
F00780
F00F80
F01F80
F83F80
7FFF80
3FE780
1F83C0
ENDCHAR
STARTCHAR afii10066
ENCODING 1073
SWIDTH 572 0
DWIDTH 23 0
BBX 19 30 2 0
BITMAP
0000E0
01FFE0
07FFC0
1FFF80
3E0000
380000
700000
700000
700000
E1F800
E7FE00
EFFF00
FE0F80
FC07C0
F803C0
F803C0
F001E0
F001E0
F001E0
F001E0
F001E0
F001E0
7001E0
7803C0
7803C0
3C07C0
3E0F80
1FFF00
0FFE00
03F800
ENDCHAR
STARTCHAR afii10067
ENCODING 1074
SWIDTH 531 0
DWIDTH 21 0
BBX 16 21 3 0
BITMAP
FFF0
FFF8
FFFC
F03E
F01E
F01E
F01E
F01E
F03C
FFF8
FFF8
FFFC
F01E
F00F
F00F
F00F
F00F
F01F
FFFE
FFFC
FFF0
ENDCHAR
STARTCHAR afii10068
ENCODING 1075
SWIDTH 364 0
DWIDTH 15 0
BBX 12 21 3 0
BITMAP
FFF0
FFF0
FFF0
F000
F000
F000
F000
F000
F000
F000
F000
F000
F000
F000
F000
F000
F000
F000
F000
F000
F000
ENDCHAR
STARTCHAR afii10069
ENCODING 1076
SWIDTH 583 0
DWIDTH 23 0
BBX 20 27 0 -6
BITMAP
03FFC0
03FFC0
03FFC0
0383C0
0383C0
0383C0
0383C0
0383C0
0703C0
0703C0
0703C0
0703C0
0703C0
0E03C0
0E03C0
0C03C0
1C03C0
3803C0
FFFFF0
FFFFF0
FFFFF0
E00070
E00070
E00070
E00070
E00070
E00070
ENDCHAR
STARTCHAR afii10070
ENCODING 1077
SWIDTH 556 0
DWIDTH 22 0
BBX 18 21 2 0
BITMAP
03F000
0FFC00
1FFE00
3E1F00
780780
780780
7003C0
F003C0
FFFFC0
FFFFC0
FFFFC0
F00000
F00000
F00000
F80000
7803C0
7C0780
3E0F80
1FFF00
0FFE00
03F800
ENDCHAR
STARTCHAR afii10072
ENCODING 1078
SWIDTH 668 0
DWIDTH 27 0
BBX 28 21 -1 0
BITMAP
780F01E0
7C0F03E0
7E0F07E0
0E0F0700
0F0F0F00
070F0E00
078F1E00
038F1C00
03CF3C00
00FFF000
01FFF800
03CF3C00
078F1E00
0F8F1F00
0F0F0F00
1F0F0F80
1E0F0780
3E0F07C0
7C0F03E0
780F01E0
F80F01F0
ENDCHAR
STARTCHAR afii10073
ENCODING 1079
SWIDTH 458 0
DWIDTH 18 0
BBX 15 21 1 0
BITMAP
07E0
1FF0
3FF8
3C7C
783C
303C
003C
0078
03F8
03F0
03F8
003C
003E
001E
601E
E01E
F03E
787C
7FFC
3FF8
0FE0
ENDCHAR
STARTCHAR afii10074
ENCODING 1080
SWIDTH 558 0
DWIDTH 21 0
BBX 17 21 2 0
BITMAP
F00F80
F00F80
F01F80
F01F80
F03F80
F03F80
F07780
F07780
F0E780
F0E780
F1C780
F3C780
F38780
F70780
F70780
FE0780
FE0780
FC0780
FC0780
F80780
F80780
ENDCHAR
STARTCHAR afii10075
ENCODING 1081
SWIDTH 558 0
DWIDTH 21 0
BBX 17 28 2 0
BITMAP
180C00
181800
0C3800
0FF000
03E000
000000
000000
F00F80
F00F80
F01F80
F01F80
F03F80
F03F80
F07780
F07780
F0E780
F0E780
F1C780
F3C780
F38780
F70780
F70780
FE0780
FE0780
FC0780
FC0780
F80780
F80780
ENDCHAR
STARTCHAR afii10076
ENCODING 1082
SWIDTH 437 0
DWIDTH 18 0
BBX 16 21 2 0
BITMAP
F01E
F03E
F07E
F070
F0F0
F0E0
F1E0
F1C0
F3C0
FF00
FF80
F3C0
F1E0
F1F0
F0F0
F0F8
F078
F07C
F03E
F01E
F01F
ENDCHAR
STARTCHAR afii10077
ENCODING 1083
SWIDTH 583 0
DWIDTH 22 0
BBX 20 21 0 0
BITMAP
0FFFF0
0FFFF0
0FFFF0
0F00F0
0F00F0
0F00F0
0F00F0
0F00F0
0F00F0
0F00F0
0F00F0
0F00F0
0F00F0
0F00F0
0F00F0
0F00F0
0F00F0
0F00F0
FF00F0
FE00F0
FC00F0
ENDCHAR
STARTCHAR afii10078
ENCODING 1084
SWIDTH 687 0
DWIDTH 28 0
BBX 22 21 3 0
BITMAP
FC00FC
FC00FC
FE01FC
FE01FC
FE01FC
F703FC
F703BC
F703BC
F303BC
F3873C
F3873C
F1873C
F1CE3C
F1CE3C
F1CE3C
F0FC3C
F0FC3C
F0FC3C
F0783C
F0783C
F0703C
ENDCHAR
STARTCHAR afii10079
ENCODING 1085
SWIDTH 552 0
DWIDTH 21 0
BBX 17 21 2 0
BITMAP
F00780
F00780
F00780
F00780
F00780
F00780
F00780
F00780
F00780
FFFF80
FFFF80
FFFF80
F00780
F00780
F00780
F00780
F00780
F00780
F00780
F00780
F00780
ENDCHAR
STARTCHAR afii10080
ENCODING 1086
SWIDTH 556 0
DWIDTH 22 0
BBX 18 21 2 0
BITMAP
03F000
0FFC00
1FFE00
3E1F00
7C0F80
780780
F807C0
F003C0
F003C0
F003C0
F003C0
F003C0
F003C0
F003C0
F807C0
780780
7C0F80
3E1F00
1FFE00
0FFC00
03F000
ENDCHAR
STARTCHAR afii10081
ENCODING 1087
SWIDTH 541 0
DWIDTH 21 0
BBX 17 21 2 0
BITMAP
FFFF80
FFFF80
FFFF80
F00780
F00780
F00780
F00780
F00780
F00780
F00780
F00780
F00780
F00780
F00780
F00780
F00780
F00780
F00780
F00780
F00780
F00780
ENDCHAR
STARTCHAR afii10082
ENCODING 1088
SWIDTH 556 0
DWIDTH 22 0
BBX 18 29 2 -8
BITMAP
F1F000
F3FC00
F7FE00
FE1F00
FC0F80
F80780
F80780
F003C0
F003C0
F003C0
F003C0
F003C0
F003C0
F003C0
F80780
F80780
FC0F80
FE1F00
FFFE00
F7FC00
F1F000
F00000
F00000
F00000
F00000
F00000
F00000
F00000
F00000
ENDCHAR
STARTCHAR afii10083
ENCODING 1089
SWIDTH 500 0
DWIDTH 20 0
BBX 17 21 2 0
BITMAP
03F000
0FFC00
1FFE00
3E1F00
7C0F00
780780
F80780
F00000
F00000
F00000
F00000
F00000
F00000
F00780
F00780
780F00
7C0F00
3E1E00
1FFE00
0FFC00
03F000
ENDCHAR
STARTCHAR afii10084
ENCODING 1090
SWIDTH 458 0
DWIDTH 18 0
BBX 18 21 0 0
BITMAP
FFFFC0
FFFFC0
FFFFC0
01E000
01E000
01E000
01E000
01E000
01E000
01E000
01E000
01E000
01E000
01E000
01E000
01E000
01E000
01E000
01E000
01E000
01E000
ENDCHAR
STARTCHAR afii10085
ENCODING 1091
SWIDTH 500 0
DWIDTH 19 0
BBX 19 29 0 -8
BITMAP
F001E0
7803E0
7803C0
7C03C0
3C07C0
3C0780
3E0780
1E0F80
1F0F00
0F0F00
0F0F00
0F9E00
079E00
07DE00
03DC00
03FC00
03FC00
01F800
01F800
01F800
00F000
00F000
00F000
01E000
01E000
03C000
1FC000
1F8000
1F0000
ENDCHAR
STARTCHAR afii10086
ENCODING 1092
SWIDTH 822 0
DWIDTH 33 0
BBX 29 37 2 -8
BITMAP
00078000
00078000
00078000
00078000
00078000
00078000
00078000
00078000
07E79F00
0FF7BFC0
1FFFFFE0
3E1FE1E0
7C0FC0F0
780FC0F0
F0078078
F0078078
F0078078
F0078078
F0078078
F0078078
F0078078
F0078078
F80780F8
780FC0F0
7C0FC1F0
3E1FE3E0
1FFFFFE0
0FF7BFC0
07E79F00
00078000
00078000
00078000
00078000
00078000
00078000
00078000
00078000
ENDCHAR
STARTCHAR afii10087
ENCODING 1093
SWIDTH 500 0
DWIDTH 18 0
BBX 18 21 0 0
BITMAP
F803C0
7C07C0
3C0F80
3E0F00
1E1F00
1F3E00
0FBC00
07FC00
07F800
03F000
01F000
03F000
03F800
07F800
0FFC00
0F3C00
1F1E00
3E1F00
3C0F00
7C0F80
F807C0
ENDCHAR
STARTCHAR afii10088
ENCODING 1094
SWIDTH 572 0
DWIDTH 23 0
BBX 20 29 2 -8
BITMAP
F003C0
F003C0
F003C0
F003C0
F003C0
F003C0
F003C0
F003C0
F003C0
F003C0
F003C0
F003C0
F003C0
F003C0
F003C0
F003C0
F003C0
F003C0
FFFFF0
FFFFF0
FFFFF0
000070
000070
000070
000070
000070
000070
000070
000070
ENDCHAR
STARTCHAR afii10089
ENCODING 1095
SWIDTH 520 0
DWIDTH 21 0
BBX 17 21 1 0
BITMAP
F00780
F00780
F00780
F00780
F00780
F00780
F00780
F00780
F00780
780780
7C1F80
3FFF80
1FFF80
0FE780
000780
000780
000780
000780
000780
000780
000780
ENDCHAR
STARTCHAR afii10090
ENCODING 1096
SWIDTH 802 0
DWIDTH 32 0
BBX 26 21 3 0
BITMAP
F01E03C0
F01E03C0
F01E03C0
F01E03C0
F01E03C0
F01E03C0
F01E03C0
F01E03C0
F01E03C0
F01E03C0
F01E03C0
F01E03C0
F01E03C0
F01E03C0
F01E03C0
F01E03C0
F01E03C0
F01E03C0
FFFFFFC0
FFFFFFC0
FFFFFFC0
ENDCHAR
STARTCHAR afii10091
ENCODING 1097
SWIDTH 822 0
DWIDTH 33 0
BBX 29 29 3 -8
BITMAP
F01E03C0
F01E03C0
F01E03C0
F01E03C0
F01E03C0
F01E03C0
F01E03C0
F01E03C0
F01E03C0
F01E03C0
F01E03C0
F01E03C0
F01E03C0
F01E03C0
F01E03C0
F01E03C0
F01E03C0
F01E03C0
FFFFFFF8
FFFFFFF8
FFFFFFF8
00000038
00000038
00000038
00000038
00000038
00000038
00000038
00000038
ENDCHAR
STARTCHAR afii10092
ENCODING 1098
SWIDTH 625 0
DWIDTH 25 0
BBX 22 21 2 0
BITMAP
FF8000
FF8000
FF8000
078000
078000
078000
078000
078000
07FF80
07FFE0
07FFF8
0780F8
07807C
07803C
07803C
07803C
07807C
0780F8
07FFF8
07FFF0
07FF80
ENDCHAR
STARTCHAR afii10093
ENCODING 1099
SWIDTH 718 0
DWIDTH 29 0
BBX 24 21 2 0
BITMAP
F0000F
F0000F
F0000F
F0000F
F0000F
F0000F
F0000F
F0000F
FFF00F
FFFC0F
FFFF0F
F01F0F
F00F8F
F0078F
F0078F
F0078F
F00F8F
F01F0F
FFFF0F
FFFE0F
FFF80F
ENDCHAR
STARTCHAR afii10094
ENCODING 1100
SWIDTH 520 0
DWIDTH 21 0
BBX 17 21 2 0
BITMAP
F00000
F00000
F00000
F00000
F00000
F00000
F00000
F00000
FFF000
FFFC00
FFFF00
F01F00
F00F80
F00780
F00780
F00780
F00F80
F01F00
FFFF00
FFFE00
FFF800
ENDCHAR
STARTCHAR afii10095
ENCODING 1101
SWIDTH 510 0
DWIDTH 20 0
BBX 17 21 2 0
BITMAP
07E000
1FF800
3FFC00
7C3E00
F81F00
F00F00
300F00
000780
000780
01FF80
01FF80
01FF80
000780
F00780
F00780
780F00
780F00
3C3E00
3FFE00
1FFC00
07F000
ENDCHAR
STARTCHAR afii10096
ENCODING 1102
SWIDTH 750 0
DWIDTH 30 0
BBX 26 21 2 0
BITMAP
F003F000
F00FFC00
F01FFE00
F03E1F00
F07C0F80
F0780780
F0F807C0
F0F003C0
F0F003C0
FFF003C0
FFF003C0
FFF003C0
F0F003C0
F0F003C0
F0F807C0
F0780780
F07C0F80
F03E1F00
F01FFE00
F00FFC00
F003F000
ENDCHAR
STARTCHAR afii10097
ENCODING 1103
SWIDTH 541 0
DWIDTH 22 0
BBX 18 21 1 0
BITMAP
07FFC0
1FFFC0
3FFFC0
3E03C0
7803C0
7803C0
7803C0
7803C0
7C03C0
3E03C0
1FFFC0
0FFFC0
01FFC0
07C3C0
0F83C0
1F03C0
3E03C0
3C03C0
7C03C0
F803C0
F003C0
ENDCHAR
STARTCHAR afii10071
ENCODING 1105
SWIDTH 556 0
DWIDTH 22 0
BBX 18 27 2 0
BITMAP
0F1E00
0F1E00
0F1E00
0F1E00
000000
000000
03F000
0FFC00
1FFE00
3E1F00
780780
780780
7003C0
F003C0
FFFFC0
FFFFC0
FFFFC0
F00000
F00000
F00000
F80000
7803C0
7C0780
3E0F80
1FFF00
0FFE00
03F800
ENDCHAR
STARTCHAR afii10099
ENCODING 1106
SWIDTH 556 0
DWIDTH 21 0
BBX 19 37 0 -8
BITMAP
3C0000
3C0000
3C0000
FFF800
FFF800
3C0000
3C0000
3C0000
3C7E00
3DFF80
3FFFC0
3F87C0
3E03E0
3E01E0
3C01E0
3C01E0
3C01E0
3C01E0
3C01E0
3C01E0
3C01E0
3C01E0
3C01E0
3C01E0
3C01E0
3C01E0
3C01E0
3C01E0
3C01E0
0001E0
0001E0
0001E0
0001E0
0001E0
0007C0
000FC0
000F80
ENDCHAR
STARTCHAR afii10100
ENCODING 1107
SWIDTH 364 0
DWIDTH 15 0
BBX 12 28 3 0
BITMAP
03E0
07C0
0780
0F00
0E00
0000
0000
FFF0
FFF0
FFF0
F000
F000
F000
F000
F000
F000
F000
F000
F000
F000
F000
F000
F000
F000
F000
F000
F000
F000
ENDCHAR
STARTCHAR afii10101
ENCODING 1108
SWIDTH 510 0
DWIDTH 20 0
BBX 17 21 2 0
BITMAP
03F000
0FFC00
1FFE00
3E1F00
7C0F80
780780
F80600
F00000
F00000
FFC000
FFC000
FFC000
F00000
F00780
F00780
780F00
780F00
3E1E00
3FFE00
1FF800
07F000
ENDCHAR
STARTCHAR afii10102
ENCODING 1109
SWIDTH 500 0
DWIDTH 19 0
BBX 17 21 1 0
BITMAP
0FE000
3FFC00
7FFE00
783E00
F01F00
F00F00
F00000
FC0000
7F8000
3FF000
1FFE00
03FF00
003F80
000F80
F00780
F00780
780F80
7C1F00
3FFE00
1FFC00
07F000
ENDCHAR
STARTCHAR afii10103
ENCODING 1110
SWIDTH 222 0
DWIDTH 8 0
BBX 4 29 2 0
BITMAP
F0
F0
F0
F0
00
00
00
00
F0
F0
F0
F0
F0
F0
F0
F0
F0
F0
F0
F0
F0
F0
F0
F0
F0
F0
F0
F0
F0
ENDCHAR
STARTCHAR afii10104
ENCODING 1111
SWIDTH 277 0
DWIDTH 12 0
BBX 11 27 1 0
BITMAP
F1E0
F1E0
F1E0
F1E0
0000
0000
1E00
1E00
1E00
1E00
1E00
1E00
1E00
1E00
1E00
1E00
1E00
1E00
1E00
1E00
1E00
1E00
1E00
1E00
1E00
1E00
1E00
ENDCHAR
STARTCHAR afii10105
ENCODING 1112
SWIDTH 222 0
DWIDTH 10 0
BBX 9 37 -2 -8
BITMAP
0780
0780
0780
0780
0000
0000
0000
0000
0780
0780
0780
0780
0780
0780
0780
0780
0780
0780
0780
0780
0780
0780
0780
0780
0780
0780
0780
0780
0780
0780
0780
0780
0780
0F80
7F00
FF00
FC00
ENDCHAR
STARTCHAR afii10106
ENCODING 1113
SWIDTH 906 0
DWIDTH 36 0
BBX 34 21 0 0
BITMAP
0FFFF80000
0FFFF80000
0FFFF80000
0F00780000
0F00780000
0F00780000
0F00780000
0F00780000
0F007FF800
0F007FFE00
0F007FFF80
0F00780F80
0F007807C0
0F007803C0
0F007803C0
0F007803C0
0F007807C0
0F00780F80
FE007FFF80
FE007FFF00
FC007FFC00
ENDCHAR
STARTCHAR afii10107
ENCODING 1114
SWIDTH 812 0
DWIDTH 33 0
BBX 29 21 2 0
BITMAP
F01E0000
F01E0000
F01E0000
F01E0000
F01E0000
F01E0000
F01E0000
F01E0000
F01E0000
FFFFFF00
FFFFFFC0
FFFFFFF0
F01E01F0
F01E00F8
F01E0078
F01E0078
F01E0078
F01E01F0
F01FFFF0
F01FFFE0
F01FFF80
ENDCHAR
STARTCHAR afii10108
ENCODING 1115
SWIDTH 556 0
DWIDTH 21 0
BBX 19 29 0 0
BITMAP
3C0000
3C0000
3C0000
FFF800
FFF800
3C0000
3C0000
3C0000
3C7E00
3DFF80
3FFFC0
3F87C0
3E03E0
3E01E0
3C01E0
3C01E0
3C01E0
3C01E0
3C01E0
3C01E0
3C01E0
3C01E0
3C01E0
3C01E0
3C01E0
3C01E0
3C01E0
3C01E0
3C01E0
ENDCHAR
STARTCHAR afii10109
ENCODING 1116
SWIDTH 437 0
DWIDTH 18 0
BBX 16 28 2 0
BITMAP
01F0
03E0
03C0
0780
0700
0000
0000
F01E
F03E
F07E
F070
F0F0
F0E0
F1E0
F1C0
F3C0
FF00
FF80
F3C0
F1E0
F1F0
F0F0
F0F8
F078
F07C
F03E
F01E
F01F
ENDCHAR
STARTCHAR afii10110
ENCODING 1118
SWIDTH 500 0
DWIDTH 19 0
BBX 19 36 0 -8
BITMAP
060700
060600
070E00
03FC00
00F800
000000
000000
F001E0
7803E0
7803C0
7C03C0
3C07C0
3C0780
3E0780
1E0F80
1F0F00
0F0F00
0F0F00
0F9E00
079E00
07DE00
03DC00
03FC00
03FC00
01F800
01F800
01F800
00F000
00F000
00F000
01E000
01E000
03C000
1FC000
1F8000
1F0000
ENDCHAR
STARTCHAR afii10193
ENCODING 1119
SWIDTH 552 0
DWIDTH 21 0
BBX 17 29 2 -8
BITMAP
F00780
F00780
F00780
F00780
F00780
F00780
F00780
F00780
F00780
F00780
F00780
F00780
F00780
F00780
F00780
F00780
F00780
F00780
FFFF80
FFFF80
FFFF80
01C000
01C000
01C000
01C000
01C000
01C000
01C000
01C000
ENDCHAR
STARTCHAR afii10050
ENCODING 1168
SWIDTH 488 0
DWIDTH 20 0
BBX 16 37 3 0
BITMAP
000F
000F
000F
000F
000F
000F
000F
000F
FFFF
FFFF
FFFF
FFFF
F000
F000
F000
F000
F000
F000
F000
F000
F000
F000
F000
F000
F000
F000
F000
F000
F000
F000
F000
F000
F000
F000
F000
F000
F000
ENDCHAR
STARTCHAR afii10098
ENCODING 1169
SWIDTH 411 0
DWIDTH 16 0
BBX 12 29 3 0
BITMAP
00F0
00F0
00F0
00F0
00F0
00F0
00F0
00F0
FFF0
FFF0
FFF0
F000
F000
F000
F000
F000
F000
F000
F000
F000
F000
F000
F000
F000
F000
F000
F000
F000
F000
ENDCHAR
STARTCHAR uni0492
ENCODING 1170
SWIDTH 541 0
DWIDTH 22 0
BBX 22 29 0 0
BITMAP
1FFFFC
1FFFFC
1FFFFC
1FFFFC
1E0000
1E0000
1E0000
1E0000
1E0000
1E0000
1E0000
1E0000
FFFE00
FFFE00
FFFE00
FFFE00
1E0000
1E0000
1E0000
1E0000
1E0000
1E0000
1E0000
1E0000
1E0000
1E0000
1E0000
1E0000
1E0000
ENDCHAR
STARTCHAR uni0493
ENCODING 1171
SWIDTH 364 0
DWIDTH 15 0
BBX 14 21 1 0
BITMAP
3FFC
3FFC
3FFC
3C00
3C00
3C00
3C00
3C00
FFC0
FFC0
FFC0
3C00
3C00
3C00
3C00
3C00
3C00
3C00
3C00
3C00
3C00
ENDCHAR
STARTCHAR uni0496
ENCODING 1174
SWIDTH 923 0
DWIDTH 37 0
BBX 36 37 1 -8
BITMAP
F800F001F0
FE00F007F0
FF00F00FF0
FF00F00FF0
0F80F01F00
0780F01E00
07C0F03E00
03C0F03C00
03E0F07C00
01E0F07800
01F8F1F800
00FFFFF000
007FFFE000
003FFFC000
007FFFE000
00FCF1F000
01F0F0F800
03E0F07C00
03C0F03C00
07C0F01E00
0780F01F00
0F00F00F00
1F00F00F80
1E00F00780
3E00F007C0
3C00F003F0
7C00F003F0
7800F001F0
F800F001F0
00000000F0
00000000F0
00000000F0
00000000F0
00000000F0
00000000F0
00000000F0
00000000F0
ENDCHAR
STARTCHAR uni0497
ENCODING 1175
SWIDTH 668 0
DWIDTH 27 0
BBX 27 27 0 -6
BITMAP
7C0F03E0
7E0F07E0
7F0F0FE0
0F0F0F00
0F8F1F00
078F1E00
07CF3E00
03CF3C00
01FFF800
00FFF000
01FFF800
03CF3C00
078F1E00
0F8F1F00
0F0F0F00
1F0F0F80
1E0F0780
3E0F07C0
7C0F03E0
780F03E0
F80F01E0
000001E0
000001E0
000001E0
000001E0
000001E0
000001E0
ENDCHAR
STARTCHAR uni049A
ENCODING 1178
SWIDTH 582 0
DWIDTH 23 0
BBX 20 37 3 -8
BITMAP
F001F0
F007F0
F00FF0
F00FF0
F01F00
F01E00
F03E00
F03C00
F07C00
F07800
F1F800
FFF000
FFC000
FFC000
FFE000
F3F000
F0F800
F07C00
F03C00
F03E00
F01E00
F00F00
F00F80
F00780
F007C0
F003F0
F003F0
F001F0
F001F0
0000F0
0000F0
0000F0
0000F0
0000F0
0000F0
0000F0
0000F0
ENDCHAR
STARTCHAR uni049B
ENCODING 1179
SWIDTH 437 0
DWIDTH 18 0
BBX 15 27 3 -6
BITMAP
F03E
F07E
F0FE
F0F0
F1F0
F1E0
F3E0
F3C0
FF80
FE00
FF80
F7C0
F3E0
F1E0
F0F0
F0F8
F078
F07C
F03E
F03E
F01E
001E
001E
001E
001E
001E
001E
ENDCHAR
STARTCHAR uni049C
ENCODING 1180
SWIDTH 582 0
DWIDTH 23 0
BBX 20 29 3 0
BITMAP
F001F0
F007F0
F00FF0
F01FF0
F31F00
F33E00
F33C00
F37800
F3F800
F3F000
F3F000
FFE000
FFC000
FF8000
FFC000
F3E000
F3F000
F3F000
F37800
F37C00
F33C00
F31E00
F31F00
F30F00
F00780
F007C0
F003C0
F001E0
F001F0
ENDCHAR
STARTCHAR uni049D
ENCODING 1181
SWIDTH 437 0
DWIDTH 18 0
BBX 15 21 3 0
BITMAP
F03C
F0FC
F6FC
F6E0
F7E0
F7E0
F7E0
F7C0
FFC0
FE00
FF80
F7C0
F7E0
F7F0
F6F0
F6F0
F6F8
F678
F07C
F03C
F03E
ENDCHAR
STARTCHAR uni04A2
ENCODING 1186
SWIDTH 722 0
DWIDTH 29 0
BBX 26 37 3 -8
BITMAP
F0001E00
F0001E00
F0001E00
F0001E00
F0001E00
F0001E00
F0001E00
F0001E00
F0001E00
F0001E00
F0001E00
FFFFFE00
FFFFFE00
FFFFFE00
FFFFFE00
F0001E00
F0001E00
F0001E00
F0001E00
F0001E00
F0001E00
F0001E00
F0001E00
F0001E00
F0001E00
F0001FC0
F0001FC0
F0001FC0
F0001FC0
000003C0
000003C0
000003C0
000003C0
000003C0
000003C0
000003C0
000003C0
ENDCHAR
STARTCHAR uni04A3
ENCODING 1187
SWIDTH 552 0
DWIDTH 22 0
BBX 18 27 3 -6
BITMAP
F00F00
F00F00
F00F00
F00F00
F00F00
F00F00
F00F00
F00F00
F00F00
FFFF00
FFFF00
FFFF00
F00F00
F00F00
F00F00
F00F00
F00F00
F00F00
F00FC0
F00FC0
F00FC0
0003C0
0003C0
0003C0
0003C0
0003C0
0003C0
ENDCHAR
STARTCHAR uni04AE
ENCODING 1198
SWIDTH 556 0
DWIDTH 22 0
BBX 22 29 0 0
BITMAP
F8007C
780078
7C00F8
3C00F0
3E01F0
1E01E0
1F03E0
0F03C0
0F87C0
07CF80
03CF00
03FF00
01FE00
01FE00
00FC00
00FC00
007800
007800
007800
007800
007800
007800
007800
007800
007800
007800
007800
007800
007800
ENDCHAR
STARTCHAR uni04AF
ENCODING 1199
SWIDTH 500 0
DWIDTH 20 0
BBX 20 29 0 -8
BITMAP
F000F0
7801E0
7801E0
7C03E0
3C03C0
3C03C0
3E07C0
1E0780
1F0F80
0F0F00
0F0F00
0F9F00
079E00
079E00
03FC00
03FC00
03FC00
01F800
01F800
01F800
00F000
00F000
00F000
00F000
00F000
00F000
00F000
00F000
00F000
ENDCHAR
STARTCHAR uni04B0
ENCODING 1200
SWIDTH 556 0
DWIDTH 22 0
BBX 22 29 0 0
BITMAP
F8007C
780078
7C00F8
3C00F0
1E01E0
1E01E0
0F03C0
0F03C0
078780
03CF00
03CF00
01FE00
01FE00
7FFFF8
7FFFF8
7FFFF8
7FFFF8
007800
007800
007800
007800
007800
007800
007800
007800
007800
007800
007800
007800
ENDCHAR
STARTCHAR uni04B1
ENCODING 1201
SWIDTH 500 0
DWIDTH 20 0
BBX 20 29 0 -8
BITMAP
F000F0
7801E0
7801E0
7C03E0
3C03C0
3C03C0
3E07C0
1E0780
1F0F80
0F0F00
0F0F00
0F9F00
079E00
079E00
03FC00
03FC00
03FC00
01F800
01F800
01F800
00F000
3FFFC0
3FFFC0
3FFFC0
00F000
00F000
00F000
00F000
00F000
ENDCHAR
STARTCHAR uni04B2
ENCODING 1202
SWIDTH 666 0
DWIDTH 27 0
BBX 25 37 1 -8
BITMAP
7C000F80
3E001F00
1E001E00
1F003E00
0F807C00
07C0F800
03C0F000
03E1F000
01F3E000
00F3C000
00FFC000
007F8000
003F0000
003F0000
003F0000
007F0000
007F8000
00FFC000
01F3C000
01E1E000
03E1F000
07C0F800
07807800
0F807C00
1F003E00
3E001F80
3C001F80
7C000F80
F8000780
00000780
00000780
00000780
00000780
00000780
00000780
00000780
00000780
ENDCHAR
STARTCHAR uni04B3
ENCODING 1203
SWIDTH 500 0
DWIDTH 20 0
BBX 20 27 0 -6
BITMAP
7C03E0
3E07C0
1E0780
1F0F80
0F9F00
079E00
07FE00
03FC00
01F800
00F800
01F800
03FC00
03FC00
07FE00
0F9F00
0F0F00
1F0F80
3E07C0
3C03F0
7C03F0
F801F0
0000F0
0000F0
0000F0
0000F0
0000F0
0000F0
ENDCHAR
STARTCHAR uni04B8
ENCODING 1208
SWIDTH 666 0
DWIDTH 27 0
BBX 21 29 3 0
BITMAP
F00078
F00078
F00078
F00078
F00078
F00078
F00078
F03078
F03078
F03078
F03078
F03078
F83078
7C30F8
7E33F8
3FFFF8
3FFFF8
0FFF78
03F878
003078
003078
003078
003078
003078
000078
000078
000078
000078
000078
ENDCHAR
STARTCHAR uni04B9
ENCODING 1209
SWIDTH 520 0
DWIDTH 21 0
BBX 18 21 1 0
BITMAP
F003C0
F003C0
F003C0
F003C0
F003C0
F0C3C0
F0C3C0
F0C3C0
F8C3C0
78C3C0
7CCFC0
3FFFC0
1FFFC0
07F3C0
00C3C0
00C3C0
00C3C0
00C3C0
0003C0
0003C0
0003C0
ENDCHAR
STARTCHAR uni04BA
ENCODING 1210
SWIDTH 666 0
DWIDTH 27 0
BBX 23 29 3 0
BITMAP
F00000
F00000
F00000
F00000
F00000
F00000
F00000
F00000
F00000
F00000
F07F80
F7FFE0
FFFFF8
FFFFF8
FF00FC
F8007C
F0003E
F0003E
F0001E
F0001E
F0001E
F0001E
F0001E
F0001E
F0001E
F0001E
F0001E
F0001E
F0001E
ENDCHAR
STARTCHAR uni04BB
ENCODING 1211
SWIDTH 556 0
DWIDTH 21 0
BBX 17 29 2 0
BITMAP
F00000
F00000
F00000
F00000
F00000
F00000
F00000
F00000
F1F800
F7FE00
FFFF00
FE1F00
FC0F80
F80780
F00780
F00780
F00780
F00780
F00780
F00780
F00780
F00780
F00780
F00780
F00780
F00780
F00780
F00780
F00780
ENDCHAR
STARTCHAR uni018F.dup4
ENCODING 1240
SWIDTH 752 0
DWIDTH 30 0
BBX 26 29 2 0
BITMAP
007F8000
01FFE000
07FFF800
0FFFFC00
0FC07E00
1F001F00
1E000F00
3E000780
0C000780
00000380
000003C0
000003C0
FFFFFFC0
FFFFFFC0
FFFFFFC0
FFFFFFC0
F00003C0
F00003C0
F00003C0
78000780
78000780
7C000F80
3E001F00
3F003F00
1FC0FE00
0FFFFC00
07FFF800
03FFF000
007F8000
ENDCHAR
STARTCHAR uni0259.dup5
ENCODING 1241
SWIDTH 556 0
DWIDTH 22 0
BBX 20 21 1 0
BITMAP
03F800
0FFF00
3FFF80
7E0FC0
7C03E0
F801E0
F001E0
0000F0
0000F0
0000F0
FFFFF0
FFFFF0
FFFFF0
F000F0
F001E0
7801E0
7C03C0
3E0FC0
1FFF80
0FFF00
03FC00
ENDCHAR
STARTCHAR uni04E8
ENCODING 1256
SWIDTH 777 0
DWIDTH 31 0
BBX 27 29 2 0
BITMAP
003FC000
01FFF000
07FFFC00
0FFFFE00
1FC07F00
1F001F00
3C000F80
7C0007C0
780003C0
780003C0
F00001E0
F00001E0
FFFFFFE0
FFFFFFE0
FFFFFFE0
FFFFFFE0
F00001E0
F00001E0
F00001E0
780003C0
780003C0
7C0007C0
3E000F80
1F001F00
1FC07F00
0FFFFE00
07FFFC00
01FFF000
003F8000
ENDCHAR
STARTCHAR uni04E9
ENCODING 1257
SWIDTH 556 0
DWIDTH 22 0
BBX 20 21 1 0
BITMAP
01FC00
0FFF00
1FFF80
3E07C0
7C03E0
7801E0
7000E0
F000F0
FFFFF0
FFFFF0
FFFFF0
F000F0
F000F0
F000F0
7801E0
7801E0
7C03E0
3F0FC0
1FFF80
0FFF00
03F800
ENDCHAR
STARTCHAR sheva
ENCODING 1456
SWIDTH 333 0
DWIDTH 13 0
BBX 3 7 5 -8
BITMAP
E0
E0
E0
00
E0
E0
E0
ENDCHAR
STARTCHAR hatafsegol
ENCODING 1457
SWIDTH 333 0
DWIDTH 13 0
BBX 11 7 1 -8
BITMAP
EEE0
EEE0
EEE0
0000
38E0
38E0
38E0
ENDCHAR
STARTCHAR hatafpatah
ENCODING 1458
SWIDTH 333 0
DWIDTH 13 0
BBX 11 7 1 -8
BITMAP
FEE0
FEE0
00E0
0000
00E0
00E0
00E0
ENDCHAR
STARTCHAR hatafqamats
ENCODING 1459
SWIDTH 333 0
DWIDTH 13 0
BBX 10 7 1 -8
BITMAP
FDC0
FDC0
31C0
3000
31C0
01C0
01C0
ENDCHAR
STARTCHAR hiriq
ENCODING 1460
SWIDTH 333 0
DWIDTH 13 0
BBX 3 3 5 -7
BITMAP
E0
E0
E0
ENDCHAR
STARTCHAR tsere
ENCODING 1461
SWIDTH 333 0
DWIDTH 13 0
BBX 8 3 3 -7
BITMAP
E7
E7
E7
ENDCHAR
STARTCHAR segol
ENCODING 1462
SWIDTH 333 0
DWIDTH 13 0
BBX 8 7 3 -8
BITMAP
E7
E7
E7
00
38
38
38
ENDCHAR
STARTCHAR patah
ENCODING 1463
SWIDTH 333 0
DWIDTH 13 0
BBX 8 2 3 -6
BITMAP
FF
FF
ENDCHAR
STARTCHAR qamats
ENCODING 1464
SWIDTH 333 0
DWIDTH 13 0
BBX 8 5 2 -8
BITMAP
FF
FF
18
18
18
ENDCHAR
STARTCHAR holam
ENCODING 1465
SWIDTH 333 0
DWIDTH 13 0
BBX 3 3 5 23
BITMAP
E0
E0
E0
ENDCHAR
STARTCHAR holam.dup6
ENCODING 1466
SWIDTH 333 0
DWIDTH 13 0
BBX 3 3 5 23
BITMAP
E0
E0
E0
ENDCHAR
STARTCHAR qubuts
ENCODING 1467
SWIDTH 333 0
DWIDTH 13 0
BBX 11 7 1 -8
BITMAP
E000
E000
EE00
0E00
0EE0
00E0
00E0
ENDCHAR
STARTCHAR dagesh
ENCODING 1468
SWIDTH 333 0
DWIDTH 13 0
BBX 3 3 5 10
BITMAP
E0
E0
E0
ENDCHAR
STARTCHAR meteg
ENCODING 1469
SWIDTH 333 0
DWIDTH 13 0
BBX 2 7 6 -8
BITMAP
C0
C0
C0
C0
C0
C0
C0
ENDCHAR
STARTCHAR maqaf
ENCODING 1470
SWIDTH 382 0
DWIDTH 15 0
BBX 10 3 2 18
BITMAP
FFC0
FFC0
FFC0
ENDCHAR
STARTCHAR rafe
ENCODING 1471
SWIDTH 333 0
DWIDTH 13 0
BBX 8 2 3 24
BITMAP
FF
FF
ENDCHAR
STARTCHAR paseq
ENCODING 1472
SWIDTH 274 0
DWIDTH 10 0
BBX 4 25 3 0
BITMAP
F0
F0
F0
F0
F0
F0
F0
F0
F0
F0
F0
F0
F0
F0
F0
F0
F0
F0
F0
F0
F0
F0
F0
F0
F0
ENDCHAR
STARTCHAR shindot
ENCODING 1473
SWIDTH 333 0
DWIDTH 13 0
BBX 3 3 15 23
BITMAP
E0
E0
E0
ENDCHAR
STARTCHAR sindot
ENCODING 1474
SWIDTH 333 0
DWIDTH 13 0
BBX 3 3 -5 23
BITMAP
E0
E0
E0
ENDCHAR
STARTCHAR sofpasuq
ENCODING 1475
SWIDTH 277 0
DWIDTH 11 0
BBX 4 21 4 0
BITMAP
F0
F0
F0
F0
00
00
00
00
00
00
00
00
00
00
00
00
00
F0
F0
F0
F0
ENDCHAR
STARTCHAR alef
ENCODING 1488
SWIDTH 562 0
DWIDTH 23 0
BBX 20 21 2 0
BITMAP
F801E0
7C01E0
3E01E0
1E01E0
1F03E0
0F83C0
0783C0
0FC3C0
1FE780
3FFF80
3CFF00
7CFE00
787C00
783E00
781E00
781F00
780F80
F00780
F007C0
F003E0
F001F0
ENDCHAR
STARTCHAR bet
ENCODING 1489
SWIDTH 541 0
DWIDTH 22 0
BBX 20 21 1 0
BITMAP
FFC000
7FF800
7FFC00
007E00
001F00
000F00
000F80
000780
000780
000780
000780
000780
000780
000780
000780
000780
000780
000780
FFFFF0
FFFFF0
FFFFF0
ENDCHAR
STARTCHAR gimel
ENCODING 1490
SWIDTH 398 0
DWIDTH 16 0
BBX 13 21 1 0
BITMAP
3F80
3FC0
3FE0
01F0
00F0
00F0
00F0
00F0
00F0
00F0
00F0
00F0
03F0
0FF0
1FF0
3CF0
38F0
7878
7078
F078
E078
ENDCHAR
STARTCHAR dalet
ENCODING 1491
SWIDTH 508 0
DWIDTH 20 0
BBX 18 21 1 0
BITMAP
FFFFC0
FFFFC0
FFFFC0
003C00
003C00
003C00
003C00
003C00
003C00
003C00
003C00
003C00
003C00
003C00
003C00
003C00
003C00
003C00
003C00
003C00
003C00
ENDCHAR
STARTCHAR he
ENCODING 1492
SWIDTH 602 0
DWIDTH 24 0
BBX 18 21 3 0
BITMAP
3FF000
FFFC00
FFFF00
C03F00
000F80
000780
0007C0
0003C0
0003C0
F003C0
F003C0
F003C0
F003C0
F003C0
F003C0
F003C0
F003C0
F003C0
F003C0
F003C0
F003C0
ENDCHAR
STARTCHAR vav
ENCODING 1493
SWIDTH 246 0
DWIDTH 10 0
BBX 4 21 3 0
BITMAP
F0
F0
F0
F0
F0
F0
F0
F0
F0
F0
F0
F0
F0
F0
F0
F0
F0
F0
F0
F0
F0
ENDCHAR
STARTCHAR zayin
ENCODING 1494
SWIDTH 382 0
DWIDTH 15 0
BBX 12 21 2 0
BITMAP
FFF0
FFF0
FFF0
0F80
1F00
1E00
3C00
3C00
3C00
3C00
3C00
3C00
3C00
1E00
1E00
1E00
1E00
1E00
1E00
1E00
1E00
ENDCHAR
STARTCHAR het
ENCODING 1495
SWIDTH 598 0
DWIDTH 24 0
BBX 18 21 3 0
BITMAP
7FF000
FFFC00
FFFF00
F01F80
F00780
F007C0
F003C0
F003C0
F003C0
F003C0
F003C0
F003C0
F003C0
F003C0
F003C0
F003C0
F003C0
F003C0
F003C0
F003C0
F003C0
ENDCHAR
STARTCHAR tet
ENCODING 1496
SWIDTH 589 0
DWIDTH 24 0
BBX 18 21 3 0
BITMAP
F01E00
F07F00
F0FF80
F0C780
F083C0
F003C0
F003C0
F003C0
F003C0
F003C0
F003C0
F003C0
F003C0
F003C0
F003C0
780780
780780
3E1F00
1FFE00
0FFC00
03F000
ENDCHAR
STARTCHAR yod
ENCODING 1497
SWIDTH 246 0
DWIDTH 10 0
BBX 4 11 3 10
BITMAP
F0
F0
F0
F0
F0
F0
F0
F0
F0
F0
F0
ENDCHAR
STARTCHAR finalkaf
ENCODING 1498
SWIDTH 509 0
DWIDTH 20 0
BBX 16 29 1 -8
BITMAP
FFC0
FFF0
FFF8
00FC
003E
001E
001F
000F
000F
000F
000F
000F
000F
000F
000F
000F
000F
000F
000F
000F
000F
000F
000F
000F
000F
000F
000F
000F
000F
ENDCHAR
STARTCHAR kaf
ENCODING 1499
SWIDTH 460 0
DWIDTH 18 0
BBX 14 21 2 0
BITMAP
7E00
FFC0
FFE0
41F0
00F0
0078
0078
003C
003C
003C
003C
003C
003C
003C
0078
0078
00F0
41F0
FFE0
FFC0
7E00
ENDCHAR
STARTCHAR lamed
ENCODING 1500
SWIDTH 462 0
DWIDTH 19 0
BBX 16 29 1 0
BITMAP
F000
F000
F000
F000
F000
F000
F000
F000
FFFF
FFFF
FFFF
000F
000F
000F
000F
000F
000F
001E
003E
007C
0078
00F0
01F0
01E0
01E0
01E0
01E0
01E0
01E0
ENDCHAR
STARTCHAR finalmem
ENCODING 1501
SWIDTH 598 0
DWIDTH 24 0
BBX 18 21 3 0
BITMAP
7FF000
FFFC00
FFFF00
F01F80
F00780
F007C0
F003C0
F003C0
F003C0
F003C0
F003C0
F003C0
F003C0
F003C0
F003C0
F003C0
F003C0
F003C0
FFFFC0
FFFFC0
FFFFC0
ENDCHAR
STARTCHAR mem
ENCODING 1502
SWIDTH 601 0
DWIDTH 24 0
BBX 19 21 2 0
BITMAP
F03E00
F0FF00
F9FF80
7BC7C0
7F83C0
3F01C0
3F01E0
3E01E0
1E01E0
1E01E0
3C01E0
3C01E0
3C01E0
3C01E0
7801E0
7801E0
7801E0
7801E0
78FFE0
F0FFE0
F0FFE0
ENDCHAR
STARTCHAR finalnun
ENCODING 1503
SWIDTH 246 0
DWIDTH 10 0
BBX 4 29 3 -8
BITMAP
F0
F0
F0
F0
F0
F0
F0
F0
F0
F0
F0
F0
F0
F0
F0
F0
F0
F0
F0
F0
F0
F0
F0
F0
F0
F0
F0
F0
F0
ENDCHAR
STARTCHAR nun
ENCODING 1504
SWIDTH 352 0
DWIDTH 14 0
BBX 10 21 1 0
BITMAP
FC00
FF00
FF80
0780
07C0
03C0
03C0
03C0
03C0
03C0
03C0
03C0
03C0
03C0
03C0
03C0
03C0
03C0
FFC0
FFC0
FFC0
ENDCHAR
STARTCHAR samekh
ENCODING 1505
SWIDTH 574 0
DWIDTH 23 0
BBX 19 21 2 0
BITMAP
03F800
0FFE00
1FFF00
3E0F80
7C07C0
7803C0
7803C0
F001E0
F001E0
F001E0
F001E0
F001E0
F001E0
F001E0
7803C0
7803C0
7C07C0
3E0F80
1FFF00
0FFE00
03F800
ENDCHAR
STARTCHAR ayin
ENCODING 1506
SWIDTH 529 0
DWIDTH 21 0
BBX 18 23 0 -2
BITMAP
3C03C0
3C03C0
3E03C0
1E03C0
1E03C0
1E03C0
1E03C0
1F03C0
0F03C0
0F03C0
0F03C0
0F0380
0F8780
078780
078780
078F00
079F00
07BE00
03FC00
1FF000
FFC000
FF0000
700000
ENDCHAR
STARTCHAR finalpe
ENCODING 1507
SWIDTH 566 0
DWIDTH 23 0
BBX 18 29 2 -8
BITMAP
3FF000
FFFC00
FFFF00
F03F00
F00F80
F00780
F003C0
F003C0
F003C0
F003C0
F803C0
7F03C0
7F03C0
1F03C0
0003C0
0003C0
0003C0
0003C0
0003C0
0003C0
0003C0
0003C0
0003C0
0003C0
0003C0
0003C0
0003C0
0003C0
0003C0
ENDCHAR
STARTCHAR pe
ENCODING 1508
SWIDTH 546 0
DWIDTH 22 0
BBX 18 21 2 0
BITMAP
3FE000
FFF800
FFFE00
F03F00
F00F80
F00F80
F00780
F003C0
F803C0
7F03C0
7F03C0
1F03C0
0003C0
0007C0
000780
000F80
001F00
407E00
FFFC00
FFF800
7FC000
ENDCHAR
STARTCHAR finaltsadi
ENCODING 1509
SWIDTH 461 0
DWIDTH 18 0
BBX 16 29 0 -8
BITMAP
F00F
780F
780F
7C0F
3C0F
3E1E
1E1E
1F1E
0F1E
0FBC
07F8
07F0
03E0
03C0
03C0
03C0
03C0
03C0
03C0
03C0
03C0
03C0
03C0
03C0
03C0
03C0
03C0
03C0
03C0
ENDCHAR
STARTCHAR tsadi
ENCODING 1510
SWIDTH 478 0
DWIDTH 19 0
BBX 17 21 0 0
BITMAP
F80780
780780
7C0780
3E0780
1E0780
1F0780
0F0F00
0F8F00
079E00
03FE00
03F800
01F000
01F000
00F000
007800
007C00
003C00
001E00
7FFF00
7FFF00
7FFF00
ENDCHAR
STARTCHAR qof
ENCODING 1511
SWIDTH 549 0
DWIDTH 22 0
BBX 17 29 3 -8
BITMAP
FFFF80
FFFF80
FFFF80
000780
000780
000780
000780
000780
000780
F00F00
F00F00
F01E00
F03E00
F03C00
F07C00
F07800
F07800
F07800
F07800
F07800
F07800
F00000
F00000
F00000
F00000
F00000
F00000
F00000
F00000
ENDCHAR
STARTCHAR resh
ENCODING 1512
SWIDTH 509 0
DWIDTH 20 0
BBX 17 21 0 0
BITMAP
FFC000
FFF800
FFFC00
007E00
001F00
000F00
000F80
000780
000780
000780
000780
000780
000780
000780
000780
000780
000780
000780
000780
000780
000780
ENDCHAR
STARTCHAR shin
ENCODING 1513
SWIDTH 694 0
DWIDTH 28 0
BBX 24 21 2 0
BITMAP
F03C0F
F03C0F
F03C0F
F03C0F
F03C0F
F03C1F
F07C1E
F0781E
F0781E
F1F81E
7FF01E
7FE01E
7F001C
78003C
3C003C
3C0078
1E00F8
1F83F0
0FFFE0
03FFC0
00FE00
ENDCHAR
STARTCHAR tav
ENCODING 1514
SWIDTH 642 0
DWIDTH 26 0
BBX 22 21 1 0
BITMAP
7FFF00
7FFFE0
7FFFF0
0781F8
0780F8
078078
07803C
07803C
07803C
07803C
07803C
07803C
07803C
07803C
07803C
07803C
07803C
0F803C
7F803C
FF003C
FE003C
ENDCHAR
STARTCHAR doublevav
ENCODING 1520
SWIDTH 493 0
DWIDTH 20 0
BBX 14 21 3 0
BITMAP
F03C
F03C
F03C
F03C
F03C
F03C
F03C
F03C
F03C
F03C
F03C
F03C
F03C
F03C
F03C
F03C
F03C
F03C
F03C
F03C
F03C
ENDCHAR
STARTCHAR vavyod
ENCODING 1521
SWIDTH 493 0
DWIDTH 20 0
BBX 14 21 3 0
BITMAP
F03C
F03C
F03C
F03C
F03C
F03C
F03C
F03C
F03C
F03C
F03C
003C
003C
003C
003C
003C
003C
003C
003C
003C
003C
ENDCHAR
STARTCHAR doubleyod
ENCODING 1522
SWIDTH 493 0
DWIDTH 20 0
BBX 14 11 3 10
BITMAP
F03C
F03C
F03C
F03C
F03C
F03C
F03C
F03C
F03C
F03C
F03C
ENDCHAR
STARTCHAR geresh
ENCODING 1523
SWIDTH 235 0
DWIDTH 9 0
BBX 6 8 2 13
BITMAP
3C
38
78
70
70
60
E0
C0
ENDCHAR
STARTCHAR gershayim
ENCODING 1524
SWIDTH 416 0
DWIDTH 17 0
BBX 13 8 2 13
BITMAP
3C78
3870
78F0
70E0
70E0
60C0
E1C0
C180
ENDCHAR
STARTCHAR afii57388
ENCODING 1548
SWIDTH 318 0
DWIDTH 13 0
BBX 6 12 3 5
BITMAP
10
30
60
60
C0
C0
E0
F8
FC
FC
7C
38
ENDCHAR
STARTCHAR afii57403
ENCODING 1563
SWIDTH 318 0
DWIDTH 13 0
BBX 6 19 3 5
BITMAP
10
30
60
60
C0
C0
E0
F8
FC
FC
7C
38
00
00
38
7C
7C
7C
38
ENDCHAR
STARTCHAR afii57407
ENCODING 1567
SWIDTH 356 0
DWIDTH 14 0
BBX 12 24 2 5
BITMAP
0F80
38C0
7060
70F0
F1F0
F1F0
F9F0
F8E0
F800
7C00
7C00
3C00
1C00
0C00
0400
0400
0400
0000
0000
0E00
1F00
1F00
1F00
0E00
ENDCHAR
STARTCHAR afii57409
ENCODING 1569
SWIDTH 412 0
DWIDTH 17 0
BBX 13 14 2 3
BITMAP
0700
1FC0
1FC0
3080
6000
6000
F018
FCF8
FFF0
7FC0
1F00
1C00
1800
2000
ENDCHAR
STARTCHAR afii52400
ENCODING 1570
SWIDTH 207 0
DWIDTH 8 0
BBX 8 27 1 5
BITMAP
E1
9E
00
08
18
18
18
18
18
18
18
18
18
1C
1C
1C
0C
0C
0C
0C
0C
0C
0C
0C
0C
08
08
ENDCHAR
STARTCHAR afii57411
ENCODING 1571
SWIDTH 207 0
DWIDTH 8 0
BBX 5 30 2 5
BITMAP
18
38
48
60
38
C0
00
10
30
30
30
30
30
30
30
30
30
38
38
38
18
18
18
18
18
18
18
18
10
10
ENDCHAR
STARTCHAR afii57412
ENCODING 1572
SWIDTH 432 0
DWIDTH 17 0
BBX 16 26 1 -4
BITMAP
00C0
01C0
0240
0300
01C0
0600
0000
001C
003E
003F
0063
0063
0071
007F
003F
001F
0001
0003
0007
0006
000E
001C
007C
C1F8
3FF0
07C0
ENDCHAR
STARTCHAR afii57413
ENCODING 1573
SWIDTH 207 0
DWIDTH 8 0
BBX 6 33 1 -4
BITMAP
08
18
18
18
18
18
18
18
18
18
1C
1C
1C
0C
0C
0C
0C
0C
0C
0C
0C
0C
08
08
00
00
00
18
38
48
60
38
C0
ENDCHAR
STARTCHAR afii57414
ENCODING 1574
SWIDTH 638 0
DWIDTH 26 0
BBX 24 23 1 -2
BITMAP
0C0000
1C0000
24001E
30003F
1C007F
6000E3
000181
000180
100300
200200
200600
200600
4007FE
4007FE
C003FE
C00006
C0000C
C0003C
E000F8
F80FF0
7FFFE0
3FFF80
0FFC00
ENDCHAR
STARTCHAR afii57415
ENCODING 1575
SWIDTH 207 0
DWIDTH 8 0
BBX 3 24 4 5
BITMAP
40
C0
C0
C0
C0
C0
C0
C0
C0
C0
E0
E0
E0
60
60
60
60
60
60
60
60
60
40
40
ENDCHAR
STARTCHAR afii57416
ENCODING 1576
SWIDTH 713 0
DWIDTH 29 0
BBX 28 21 1 -2
BITMAP
40000020
40000020
80000070
80000070
80000030
80000010
80000010
C0000010
E0000010
78000010
7FFFFFF0
1FFFFFF0
07FFFFF0
00000000
00000000
00000000
00040000
00070000
000F8000
00070000
00030000
ENDCHAR
STARTCHAR afii57417
ENCODING 1577
SWIDTH 282 0
DWIDTH 11 0
BBX 12 21 -1 6
BITMAP
0300
0380
67C0
7380
F980
7000
3000
0000
0000
0C00
0F00
0FC0
0FE0
1BF0
10F0
1030
3030
38F0
3FE0
3FC0
1F80
ENDCHAR
STARTCHAR afii57418
ENCODING 1578
SWIDTH 713 0
DWIDTH 29 0
BBX 28 20 1 6
BITMAP
00018000
0001C000
0033E000
0039C000
007CC000
00380000
00180000
40000020
40000020
80000070
80000070
80000030
80000010
80000010
C0000010
E0000010
78000010
7FFFFFF0
1FFFFFF0
07FFFFF0
ENDCHAR
STARTCHAR afii57419
ENCODING 1579
SWIDTH 713 0
DWIDTH 29 0
BBX 28 24 1 6
BITMAP
00180000
001C0000
003E0000
001C0000
000D8000
0001C000
0033E000
0039C000
007CC000
00380000
00180000
40000020
40000020
80000070
80000070
80000030
80000010
80000010
C0000010
E0000010
78000010
7FFFFFF0
1FFFFFF0
07FFFFF0
ENDCHAR
STARTCHAR afii57420
ENCODING 1580
SWIDTH 562 0
DWIDTH 23 0
BBX 20 24 1 -8
BITMAP
0FFFE0
3FFFE0
3FFFC0
40FF00
03E000
070000
1C0000
300000
200000
403000
403C00
807C00
803800
801800
800000
800000
C00000
E00000
700000
7C0000
3FC000
1FFFF0
07FFC0
00FF00
ENDCHAR
STARTCHAR afii57421
ENCODING 1581
SWIDTH 562 0
DWIDTH 23 0
BBX 20 24 1 -8
BITMAP
0FFFE0
3FFFE0
3FFFC0
40FF00
03E000
070000
1C0000
300000
200000
400000
400000
800000
800000
800000
800000
800000
C00000
E00000
700000
7C0000
3FC000
1FFFF0
07FFC0
00FF00
ENDCHAR
STARTCHAR afii57422
ENCODING 1582
SWIDTH 562 0
DWIDTH 23 0
BBX 20 33 1 -8
BITMAP
00C000
00E000
01F000
00E000
006000
000000
000000
000000
000000
0FFFE0
3FFFE0
3FFFC0
40FF00
03E000
070000
1C0000
300000
200000
400000
400000
800000
800000
800000
800000
800000
C00000
E00000
700000
7C0000
3FC000
1FFFF0
07FFC0
00FF00
ENDCHAR
STARTCHAR afii57423
ENCODING 1583
SWIDTH 337 0
DWIDTH 14 0
BBX 12 15 2 6
BITMAP
0200
0380
03C0
01C0
0060
0060
0020
0030
0010
0010
0010
8010
FFF0
FFF0
7FF0
ENDCHAR
STARTCHAR afii57424
ENCODING 1584
SWIDTH 337 0
DWIDTH 14 0
BBX 12 24 2 6
BITMAP
1000
1C00
3E00
1C00
0C00
0000
0000
0000
0000
0200
0380
03C0
01C0
0060
0060
0020
0030
0010
0010
0010
8010
FFF0
FFF0
7FF0
ENDCHAR
STARTCHAR afii57425
ENCODING 1585
SWIDTH 488 0
DWIDTH 20 0
BBX 19 21 1 -4
BITMAP
000080
0000C0
0001C0
0001C0
0000E0
000060
000060
000020
000020
000020
000020
000060
000060
0000E0
0001C0
0003C0
000780
001F00
E07C00
1FF800
03E000
ENDCHAR
STARTCHAR afii57426
ENCODING 1586
SWIDTH 488 0
DWIDTH 20 0
BBX 19 30 1 -4
BITMAP
000C00
000E00
001F00
000E00
000600
000000
000000
000000
000000
000080
0000C0
0001C0
0001C0
0000E0
000060
000060
000020
000020
000020
000020
000060
000060
0000E0
0001C0
0003C0
000780
001F00
E07C00
1FF800
03E000
ENDCHAR
STARTCHAR afii57427
ENCODING 1587
SWIDTH 821 0
DWIDTH 33 0
BBX 32 20 1 -3
BITMAP
00002002
00002026
00006027
00007023
20003023
20003021
40003031
40001079
80001FFF
80001FFF
80001FCF
80001000
80003000
80003000
C0006000
E001E000
F80FC000
7FFF8000
3FFE0000
0FF80000
ENDCHAR
STARTCHAR afii57428
ENCODING 1588
SWIDTH 821 0
DWIDTH 33 0
BBX 32 33 1 -3
BITMAP
00000180
000001C0
000003E0
000001C0
000000D8
0000001C
0000033E
0000039C
000007CC
00000380
00000180
00000000
00000000
00002002
00002026
00006027
00007023
20003023
20003021
40003031
40001079
80001FFF
80001FFF
80001FCF
80001000
80003000
80003000
C0006000
E001E000
F80FC000
7FFF8000
3FFE0000
0FF80000
ENDCHAR
STARTCHAR afii57429
ENCODING 1589
SWIDTH 1098 0
DWIDTH 44 0
BBX 43 20 1 -3
BITMAP
000040003F00
00004000FFC0
0000C001FFC0
0000E00783E0
2000600E00E0
2000601C00E0
4000607000E0
400021E001E0
80003FFFFFE0
80003FFFFFE0
80003FFFFFE0
800020000000
800020000000
800040000000
C000C0000000
C003C0000000
F00F80000000
7FFF00000000
3FFE00000000
0FF000000000
ENDCHAR
STARTCHAR afii57430
ENCODING 1590
SWIDTH 1098 0
DWIDTH 44 0
BBX 43 27 1 -3
BITMAP
000000200000
000000380000
0000007C0000
000000380000
000000180000
000000000000
000000000000
000040003F00
00004000FFC0
0000C001FFC0
0000E00783E0
2000600E00E0
2000601C00E0
4000607000E0
400021E001E0
80003FFFFFE0
80003FFFFFE0
80003FFFFFE0
800020000000
800020000000
800040000000
C000C0000000
C003C0000000
F00F80000000
7FFF00000000
3FFE00000000
0FF000000000
ENDCHAR
STARTCHAR afii57431
ENCODING 1591
SWIDTH 581 0
DWIDTH 23 0
BBX 24 25 -1 6
BITMAP
020000
030000
03E000
03E000
01E000
018000
00C000
00C000
00C000
00C000
00E000
006000
006000
006000
006000
0060FC
0063FE
004FFE
007E0F
00F007
01C007
07800F
FFFFFF
FFFFFF
FFFFFF
ENDCHAR
STARTCHAR afii57432
ENCODING 1592
SWIDTH 581 0
DWIDTH 23 0
BBX 24 25 -1 6
BITMAP
020000
030000
03E000
03E000
01E000
018100
00C1C0
00C3E0
00C1C0
00C0C0
00E000
006000
006000
006000
006000
0060FC
0063FE
004FFE
007E0F
00F007
01C007
07800F
FFFFFF
FFFFFF
FFFFFF
ENDCHAR
STARTCHAR afii57433
ENCODING 1593
SWIDTH 543 0
DWIDTH 22 0
BBX 18 30 1 -8
BITMAP
0F8000
1FC000
3FE000
7C0000
E00000
C00000
C00300
E01F00
FC7E00
7FFC00
3FF000
1FC000
0F0000
1C0000
380000
700000
600000
600000
C00000
C00000
C00000
C00000
C00000
E00000
F00000
780000
3F8000
1FFFC0
0FFF80
01FE00
ENDCHAR
STARTCHAR afii57434
ENCODING 1594
SWIDTH 543 0
DWIDTH 22 0
BBX 18 39 1 -8
BITMAP
060000
070000
0F8000
070000
030000
000000
000000
000000
000000
0F8000
1FC000
3FE000
7C0000
E00000
C00000
C00300
E01F00
FC7E00
7FFC00
3FF000
1FC000
0F0000
1C0000
380000
700000
600000
600000
C00000
C00000
C00000
C00000
C00000
E00000
F00000
780000
3F8000
1FFFC0
0FFF80
01FE00
ENDCHAR
STARTCHAR afii57440
ENCODING 1600
SWIDTH 207 0
DWIDTH 8 0
BBX 9 3 -1 6
BITMAP
FF80
FF80
FF80
ENDCHAR
STARTCHAR afii57441
ENCODING 1601
SWIDTH 788 0
DWIDTH 32 0
BBX 31 22 1 6
BITMAP
00000180
000001C0
000003E0
000001C0
000000C0
00000000
00000000
00000000
00000000
40000038
4000007C
800000FC
800000CE
800001C6
800001C6
800001E6
C00001FE
E00000FE
7E00003E
3FFFFFFE
1FFFFFFE
03FFFFFE
ENDCHAR
STARTCHAR afii57442
ENCODING 1602
SWIDTH 581 0
DWIDTH 23 0
BBX 22 30 1 -3
BITMAP
0000C0
0000E0
0019F0
001CE0
003E60
001C00
000C00
000000
000000
000000
0000E0
0003F0
0003F8
000638
200618
20061C
4007FC
4007FC
4001F4
800004
800004
800004
800004
80000C
C0001C
E00078
7803F8
7FFFF0
1FFFC0
07FE00
ENDCHAR
STARTCHAR afii57443
ENCODING 1603
SWIDTH 601 0
DWIDTH 24 0
BBX 23 26 1 6
BITMAP
000020
000020
000038
00003E
00003E
00001E
000118
000718
000C18
001818
00100C
00300C
003F8C
003F8C
00018C
20018C
60038C
40070C
C3FC0E
C00006
C00006
E00006
F80006
7FFFFE
7FFFFE
1FFFFE
ENDCHAR
STARTCHAR afii57444
ENCODING 1604
SWIDTH 506 0
DWIDTH 20 0
BBX 19 32 1 0
BITMAP
000100
000100
0003C0
0003E0
0003E0
0001E0
000180
000180
000180
000080
0000C0
0000C0
0000C0
0000C0
0000C0
0800C0
1000C0
1000E0
200060
200060
600060
400060
C00060
C00060
C00060
C00060
E000E0
F001C0
780FC0
7FFF80
3FFF00
0FF800
ENDCHAR
STARTCHAR afii57445
ENCODING 1605
SWIDTH 337 0
DWIDTH 14 0
BBX 13 22 1 -8
BITMAP
0780
0FC0
0FE0
18F0
0078
03F8
1FF8
7FF8
7C00
E000
C000
C000
C000
6000
6000
6000
3000
3000
3000
1000
1000
1000
ENDCHAR
STARTCHAR afii57446
ENCODING 1606
SWIDTH 525 0
DWIDTH 21 0
BBX 20 26 1 -3
BITMAP
006000
007000
00F800
007000
003000
000000
000020
000020
000060
000070
200030
200030
400010
400010
800010
800010
800010
800010
800030
800030
C00070
E001E0
F80FE0
7FFFC0
3FFF00
0FFC00
ENDCHAR
STARTCHAR afii57447
ENCODING 1607
SWIDTH 282 0
DWIDTH 11 0
BBX 9 12 1 6
BITMAP
2000
3800
3E00
3F00
6F80
4380
4180
C180
E380
FF00
FF00
7C00
ENDCHAR
STARTCHAR afii57448
ENCODING 1608
SWIDTH 432 0
DWIDTH 17 0
BBX 16 19 1 -4
BITMAP
001C
003E
003F
0063
0063
0071
007F
003F
001F
0001
0003
0007
0006
000E
001C
007C
C1F8
3FF0
07C0
ENDCHAR
STARTCHAR afii57449
ENCODING 1609
SWIDTH 638 0
DWIDTH 26 0
BBX 24 21 1 -2
BITMAP
00001E
00003F
00007F
0000E3
000181
000180
100300
200200
200600
200600
4007FE
4007FE
C003FE
C00006
C0000C
C0003C
E000F8
F80FF0
7FFFE0
3FFF80
0FFC00
ENDCHAR
STARTCHAR afii57450
ENCODING 1610
SWIDTH 638 0
DWIDTH 26 0
BBX 24 27 1 -8
BITMAP
00001E
00003F
00007F
0000E3
000181
000180
100300
200200
200600
200600
4007FE
4007FE
C003FE
C00006
C0000C
C0003C
E000F8
F80FF0
7FFFE0
3FFF80
0FFE00
000700
00CF80
00E700
01F300
00E000
006000
ENDCHAR
STARTCHAR afii57451
ENCODING 1611
SWIDTH 201 0
DWIDTH 8 0
BBX 7 7 1 24
BITMAP
06
3C
F8
C6
3E
F8
C0
ENDCHAR
STARTCHAR afii57452
ENCODING 1612
SWIDTH 236 0
DWIDTH 9 0
BBX 7 9 1 24
BITMAP
06
0E
0A
6A
EE
26
2E
3A
60
ENDCHAR
STARTCHAR afii57453
ENCODING 1613
SWIDTH 201 0
DWIDTH 8 0
BBX 7 7 1 -5
BITMAP
06
3C
F0
C6
3C
F0
C0
ENDCHAR
STARTCHAR afii57454
ENCODING 1614
SWIDTH 201 0
DWIDTH 8 0
BBX 7 4 1 24
BITMAP
06
3C
F0
C0
ENDCHAR
STARTCHAR afii57455
ENCODING 1615
SWIDTH 209 0
DWIDTH 8 0
BBX 6 9 2 24
BITMAP
18
1C
24
34
38
1C
14
20
C0
ENDCHAR
STARTCHAR afii57456
ENCODING 1616
SWIDTH 201 0
DWIDTH 8 0
BBX 7 4 1 -1
BITMAP
06
3C
F0
C0
ENDCHAR
STARTCHAR afii57457
ENCODING 1617
SWIDTH 211 0
DWIDTH 8 0
BBX 9 6 1 24
BITMAP
0080
0880
9980
9F80
FF00
E000
ENDCHAR
STARTCHAR afii57458
ENCODING 1618
SWIDTH 164 0
DWIDTH 7 0
BBX 5 7 1 24
BITMAP
70
78
98
88
88
F0
60
ENDCHAR
STARTCHAR uni0653
ENCODING 1619
SWIDTH 207 0
DWIDTH 8 0
BBX 7 2 0 28
BITMAP
E0
1E
ENDCHAR
STARTCHAR uni0654
ENCODING 1620
SWIDTH 207 0
DWIDTH 8 0
BBX 5 6 1 29
BITMAP
18
38
48
60
38
C0
ENDCHAR
STARTCHAR uni0655
ENCODING 1621
SWIDTH 207 0
DWIDTH 8 0
BBX 5 6 1 -3
BITMAP
18
38
48
60
38
C0
ENDCHAR
STARTCHAR afii57392
ENCODING 1632
SWIDTH 525 0
DWIDTH 21 0
BBX 6 9 7 9
BITMAP
40
60
78
7C
FC
F8
78
38
08
ENDCHAR
STARTCHAR afii57393
ENCODING 1633
SWIDTH 525 0
DWIDTH 21 0
BBX 8 23 6 6
BITMAP
40
60
70
F8
F8
7C
3C
1E
1E
0E
0E
07
07
07
07
03
03
03
03
02
02
02
02
ENDCHAR
STARTCHAR afii57394
ENCODING 1634
SWIDTH 525 0
DWIDTH 21 0
BBX 12 23 4 6
BITMAP
4010
6010
7030
F870
FFF0
7FE0
3FC0
1E00
1E00
0F00
0F00
0700
0780
0780
0380
0380
0380
0180
0180
0180
0180
0080
0080
ENDCHAR
STARTCHAR afii57395
ENCODING 1635
SWIDTH 525 0
DWIDTH 21 0
BBX 17 23 3 6
BITMAP
402080
402080
607180
F8FF80
FFFF00
FFBE00
7F0000
3C0000
3C0000
1C0000
1E0000
0E0000
0E0000
070000
070000
070000
030000
030000
030000
020000
020000
020000
020000
ENDCHAR
STARTCHAR afii57396
ENCODING 1636
SWIDTH 525 0
DWIDTH 21 0
BBX 11 23 5 6
BITMAP
0080
0180
0380
0E00
1800
2000
6000
7800
FE00
FF80
FF80
3F00
0E00
0600
0C00
1800
3000
3000
7800
7F00
7FE0
3FC0
07C0
ENDCHAR
STARTCHAR afii57397
ENCODING 1637
SWIDTH 525 0
DWIDTH 21 0
BBX 13 14 4 10
BITMAP
0700
0FC0
1FE0
31F0
2078
4038
4018
4008
C008
C010
F030
FFE0
7FC0
3F00
ENDCHAR
STARTCHAR afii57398
ENCODING 1638
SWIDTH 525 0
DWIDTH 21 0
BBX 12 23 4 6
BITMAP
8000
C0C0
FF80
FF80
FF80
7F80
0080
0080
0080
0080
0080
0080
0080
00C0
00C0
00C0
00E0
00F0
0070
0070
0070
0030
0010
ENDCHAR
STARTCHAR afii57399
ENCODING 1639
SWIDTH 525 0
DWIDTH 21 0
BBX 16 23 2 6
BITMAP
8000
C001
C001
E003
F003
F007
F807
F80E
7C0C
3C18
1E18
0E10
0630
0720
0320
0340
0140
01C0
01C0
0080
0080
0080
0080
ENDCHAR
STARTCHAR afii57400
ENCODING 1640
SWIDTH 525 0
DWIDTH 21 0
BBX 17 23 2 6
BITMAP
008000
008000
008000
018000
01C000
02C000
02C000
026000
026000
027000
043000
043800
0C3C00
0C1E00
181F00
380F80
700F80
F00780
E00780
E00380
C00380
C00180
800080
ENDCHAR
STARTCHAR afii57401
ENCODING 1641
SWIDTH 525 0
DWIDTH 21 0
BBX 13 23 4 6
BITMAP
0F00
1F80
3F80
71C0
40C0
C0C0
E0C0
FFC0
FFC0
3FC0
00C0
00C0
00C0
00E0
00E0
00E0
00F0
00F0
0078
0078
0070
0030
0010
ENDCHAR
STARTCHAR afii57381
ENCODING 1642
SWIDTH 525 0
DWIDTH 21 0
BBX 15 27 3 4
BITMAP
3806
7C0C
7C0C
7C18
3818
0030
0030
0060
0060
00C0
00C0
0180
0180
0380
0300
0300
0600
0600
0C00
0C00
1800
1800
3038
307C
607C
607C
C038
ENDCHAR
STARTCHAR afii57461
ENCODING 1643
SWIDTH 318 0
DWIDTH 13 0
BBX 5 9 4 1
BITMAP
70
F8
F8
F8
78
30
70
60
40
ENDCHAR
STARTCHAR afii57388.dup7
ENCODING 1644
SWIDTH 318 0
DWIDTH 13 0
BBX 6 12 3 5
BITMAP
10
30
60
60
C0
C0
E0
F8
FC
FC
7C
38
ENDCHAR
STARTCHAR afii63167
ENCODING 1645
SWIDTH 525 0
DWIDTH 21 0
BBX 14 14 3 15
BITMAP
0780
0780
77B0
3B70
1FE0
679C
FCFC
FCFC
6798
1FE0
3B70
77B0
0780
0780
ENDCHAR
STARTCHAR glyph1320
ENCODING 1646
SWIDTH 713 0
DWIDTH 29 0
BBX 28 13 1 6
BITMAP
40000020
40000020
80000070
80000070
80000030
80000010
80000010
C0000010
E0000010
78000010
7FFFFFF0
1FFFFFF0
07FFFFF0
ENDCHAR
STARTCHAR glyph1324
ENCODING 1647
SWIDTH 581 0
DWIDTH 23 0
BBX 22 20 1 -3
BITMAP
0000E0
0003F0
0003F8
000638
200618
20061C
4007FC
4007FC
4001F4
800004
800004
800004
800004
80000C
C0001C
E00078
7803F8
7FFFF0
1FFFC0
07FE00
ENDCHAR
STARTCHAR uni0670
ENCODING 1648
SWIDTH 0 0
DWIDTH 0 0
BBX 2 10 -1 22
BITMAP
80
80
80
C0
40
40
40
40
40
40
ENDCHAR
STARTCHAR uni0671
ENCODING 1649
SWIDTH 207 0
DWIDTH 8 0
BBX 8 31 1 5
BITMAP
07
1B
23
FF
FE
80
00
08
18
18
18
18
18
18
18
18
18
1C
1C
1C
0C
0C
0C
0C
0C
0C
0C
0C
0C
08
08
ENDCHAR
STARTCHAR uni0672
ENCODING 1650
SWIDTH 207 0
DWIDTH 8 0
BBX 6 31 2 5
BITMAP
18
38
40
60
3C
E0
00
10
30
30
30
30
30
30
30
30
30
38
38
38
18
18
18
18
18
18
18
18
18
10
10
ENDCHAR
STARTCHAR uni0673
ENCODING 1651
SWIDTH 207 0
DWIDTH 8 0
BBX 6 32 2 -3
BITMAP
10
30
30
30
30
30
30
30
30
30
38
38
38
18
18
18
18
18
18
18
18
18
10
10
00
00
0C
1C
20
30
1C
F0
ENDCHAR
STARTCHAR uni0654.dup8
ENCODING 1652
SWIDTH 207 0
DWIDTH 8 0
BBX 5 6 1 29
BITMAP
18
38
48
60
38
C0
ENDCHAR
STARTCHAR uni0675
ENCODING 1653
SWIDTH 207 0
DWIDTH 8 0
BBX 8 24 3 5
BITMAP
43
C7
C8
CC
C7
D8
C0
C0
C0
C0
E0
E0
E0
60
60
60
60
60
60
60
60
60
40
40
ENDCHAR
STARTCHAR uni0676
ENCODING 1654
SWIDTH 432 0
DWIDTH 17 0
BBX 18 28 1 -4
BITMAP
000180
000380
000400
000600
0003C0
000400
000000
000000
000000
001C00
003E00
003F00
006300
006300
007100
007F00
003F00
001F00
000100
000300
000700
000600
000E00
001C00
007C00
C1F800
3FF000
07C000
ENDCHAR
STARTCHAR uni0677
ENCODING 1655
SWIDTH 432 0
DWIDTH 17 0
BBX 18 29 1 -4
BITMAP
018000
03C180
02C380
034400
038600
01C3C0
014400
060000
0C0000
000000
001C00
003E00
003F00
006300
006300
007100
007F00
003F00
001F00
000100
000300
000700
000600
000E00
001C00
007C00
C1F800
3FF000
07C000
ENDCHAR
STARTCHAR uni0678
ENCODING 1656
SWIDTH 638 0
DWIDTH 26 0
BBX 26 29 1 -2
BITMAP
00000180
000003C0
00000200
00000300
000001C0
00000600
00000000
00000000
00001E00
00003F00
00007F00
0000E300
00018100
00018000
10030000
20020000
20060000
20060000
4007FE00
4007FE00
C003FE00
C0000600
C0000C00
C0003C00
E000F800
F80FF000
7FFFE000
3FFF8000
0FFC0000
ENDCHAR
STARTCHAR uni0679
ENCODING 1657
SWIDTH 713 0
DWIDTH 29 0
BBX 28 27 1 6
BITMAP
00200000
00380000
00100000
00100000
00100000
00080000
0009E000
000FF000
000C3000
00101000
00FFF000
00FFF000
00000000
00000000
40000020
40000020
80000070
80000070
80000030
80000010
80000010
C0000010
E0000010
78000010
7FFFFFF0
1FFFFFF0
07FFFFF0
ENDCHAR
STARTCHAR uni067A
ENCODING 1658
SWIDTH 713 0
DWIDTH 29 0
BBX 28 24 1 6
BITMAP
00080000
000E0000
001E0000
001E0000
00040000
00040000
00070000
000F0000
000F0000
00020000
00000000
40000020
40000020
80000070
80000070
80000030
80000010
80000010
C0000010
E0000010
78000010
7FFFFFF0
1FFFFFF0
07FFFFF0
ENDCHAR
STARTCHAR uni067B
ENCODING 1659
SWIDTH 713 0
DWIDTH 29 0
BBX 28 26 1 -7
BITMAP
40000020
40000020
80000070
80000070
80000030
80000010
80000010
C0000010
E0000010
78000010
7FFFFFF0
1FFFFFF0
07FFFFF0
00000000
00000000
00000000
00040000
00070000
000F8000
00070000
00030000
00020000
00038000
0007C000
00038000
00018000
ENDCHAR
STARTCHAR uni067C
ENCODING 1660
SWIDTH 713 0
DWIDTH 29 0
BBX 28 25 1 1
BITMAP
00018000
0001C000
0033E000
0039C000
007CC000
00380000
00180000
40000020
40000020
80000070
80000070
80000030
80000010
80000010
C0000010
E0000010
78000010
7FFFFFF0
1FFFFFF0
07FFFFF0
00098000
00088000
00088000
000F0000
000E0000
ENDCHAR
STARTCHAR uni067D
ENCODING 1661
SWIDTH 713 0
DWIDTH 29 0
BBX 28 24 1 6
BITMAP
00020000
00038000
00478000
00778000
00F10000
00F00000
00240000
00070000
000F0000
000F0000
00020000
40000020
40000020
80000070
80000070
80000030
80000010
80000010
C0000010
E0000010
78000010
7FFFFFF0
1FFFFFF0
07FFFFF0
ENDCHAR
STARTCHAR afii57506
ENCODING 1662
SWIDTH 713 0
DWIDTH 29 0
BBX 28 27 1 -8
BITMAP
40000020
40000020
80000070
80000070
80000030
80000010
80000010
C0000010
E0000010
78000010
7FFFFFF0
1FFFFFF0
07FFFFF0
00000000
00000000
00000000
0000C000
0000E000
0019F000
001CE000
003E6000
001C0000
000D8000
0001C000
0003E000
0001C000
0000C000
ENDCHAR
STARTCHAR uni067F
ENCODING 1663
SWIDTH 713 0
DWIDTH 29 0
BBX 28 25 1 6
BITMAP
00020000
00038000
00478000
00778000
00F10000
00710000
0021C000
0023C000
003BC000
00788000
00780000
00100000
40000020
40000020
80000070
80000070
80000030
80000010
80000010
C0000010
E0000010
78000010
7FFFFFF0
1FFFFFF0
07FFFFF0
ENDCHAR
STARTCHAR uni0680
ENCODING 1664
SWIDTH 713 0
DWIDTH 29 0
BBX 28 27 1 -8
BITMAP
40000020
40000020
80000070
80000070
80000030
80000010
80000010
C0000010
E0000010
78000010
7FFFFFF0
1FFFFFF0
07FFFFF0
00000000
00000000
00010000
0003C000
0023C000
007BC000
00788000
00788000
0011E000
0011E000
003DE000
003C4000
003C0000
00080000
ENDCHAR
STARTCHAR uni0681
ENCODING 1665
SWIDTH 562 0
DWIDTH 23 0
BBX 20 35 1 -8
BITMAP
003000
007000
008000
00C000
007000
018000
000000
000000
000000
000000
000000
0FFFE0
3FFFE0
3FFFC0
40FF00
03E000
070000
1C0000
300000
200000
400000
400000
800000
800000
800000
800000
800000
C00000
E00000
700000
7C0000
3FC000
1FFFF0
07FFC0
00FF00
ENDCHAR
STARTCHAR uni0682
ENCODING 1666
SWIDTH 562 0
DWIDTH 23 0
BBX 20 38 1 -8
BITMAP
008000
00E000
01F000
01E000
006000
004000
007000
00F800
007000
003000
000000
000000
000000
000000
0FFFE0
3FFFE0
3FFFC0
40FF00
03E000
070000
1C0000
300000
200000
400000
400000
800000
800000
800000
800000
800000
C00000
E00000
700000
7C0000
3FC000
1FFFF0
07FFC0
00FF00
ENDCHAR
STARTCHAR uni0683
ENCODING 1667
SWIDTH 562 0
DWIDTH 23 0
BBX 20 24 1 -8
BITMAP
0FFFE0
3FFFE0
3FFFC0
40FF00
03E000
070000
1C0000
300000
200000
400200
400780
804780
80F780
80F100
80F000
802000
C00000
E00000
700000
7C0000
3FC000
1FFFF0
07FFC0
00FF00
ENDCHAR
STARTCHAR uni0684
ENCODING 1668
SWIDTH 562 0
DWIDTH 23 0
BBX 20 24 1 -8
BITMAP
0FFFE0
3FFFE0
3FFFC0
40FF00
03E000
070000
1C0000
300000
204000
40F000
40F000
80F000
802000
802000
807800
807800
C07800
E01000
700000
7C0000
3FC000
1FFFF0
07FFC0
00FF00
ENDCHAR
STARTCHAR uni0685
ENCODING 1669
SWIDTH 562 0
DWIDTH 23 0
BBX 20 38 1 -8
BITMAP
008000
01E000
01E000
01E000
004800
001E00
011E00
03DE00
03C400
03C000
008000
000000
000000
000000
0FFFE0
3FFFE0
3FFFC0
40FF00
03E000
070000
1C0000
300000
200000
400000
400000
800000
800000
800000
800000
800000
C00000
E00000
700000
7C0000
3FC000
1FFFF0
07FFC0
00FF00
ENDCHAR
STARTCHAR afii57507
ENCODING 1670
SWIDTH 562 0
DWIDTH 23 0
BBX 20 24 1 -8
BITMAP
0FFFE0
3FFFE0
3FFFC0
40FF00
03E000
070000
1C0000
300000
200C00
400E00
419F00
81CE00
83E600
81C000
80D800
801C00
C03E00
E01C00
700C00
7C0000
3FC000
1FFFF0
07FFC0
00FF00
ENDCHAR
STARTCHAR uni0687
ENCODING 1671
SWIDTH 562 0
DWIDTH 23 0
BBX 20 24 1 -8
BITMAP
0FFFE0
3FFFE0
3FFFC0
40FF00
03E000
070C00
1C0F00
318F00
21CE00
43E200
41C200
804780
80C780
80F700
80F100
80E000
C02000
E00000
700000
7C0000
3FC000
1FFFF0
07FFC0
00FF00
ENDCHAR
STARTCHAR uni0688
ENCODING 1672
SWIDTH 337 0
DWIDTH 14 0
BBX 12 29 2 6
BITMAP
2000
3800
1800
1000
0800
0800
09E0
0BF0
0E10
1010
FFF0
FFF0
0000
0000
0200
0380
03C0
01C0
0060
0060
0020
0030
0010
0010
0010
8010
FFF0
FFF0
7FF0
ENDCHAR
STARTCHAR uni0689
ENCODING 1673
SWIDTH 337 0
DWIDTH 14 0
BBX 12 20 2 1
BITMAP
0200
0380
03C0
01C0
0060
0060
0020
0030
0010
0010
0010
8010
FFF0
FFF0
7FF0
0B00
1100
1900
1F00
0E00
ENDCHAR
STARTCHAR uni068A
ENCODING 1674
SWIDTH 337 0
DWIDTH 14 0
BBX 12 23 2 -2
BITMAP
0200
0380
03C0
01C0
0060
0060
0020
0030
0010
0010
0010
8010
FFF0
FFF0
7FF0
0000
0000
0000
0400
0700
0F00
0F00
0200
ENDCHAR
STARTCHAR uni068B
ENCODING 1675
SWIDTH 337 0
DWIDTH 14 0
BBX 12 37 2 -2
BITMAP
2000
3800
1800
1000
0800
0800
09E0
0BF0
0E10
1010
FFF0
FFF0
0000
0000
0200
0380
03C0
01C0
0060
0060
0020
0030
0010
0010
0010
8010
FFF0
FFF0
7FF0
0000
0000
0000
0400
0700
0F00
0F00
0200
ENDCHAR
STARTCHAR uni068C
ENCODING 1676
SWIDTH 337 0
DWIDTH 14 0
BBX 12 24 2 6
BITMAP
0100
03C0
23C0
7BC0
7880
7800
1000
0000
0000
0200
0380
03C0
01C0
0060
0060
0020
0030
0010
0010
0010
8010
FFF0
FFF0
7FF0
ENDCHAR
STARTCHAR uni068D
ENCODING 1677
SWIDTH 337 0
DWIDTH 14 0
BBX 12 25 2 -4
BITMAP
0200
0380
03C0
01C0
0060
0060
0020
0030
0010
0010
0010
8010
FFF0
FFF0
7FF0
0000
0000
0000
0100
01C0
23C0
3BC0
7880
7800
1000
ENDCHAR
STARTCHAR uni068E
ENCODING 1678
SWIDTH 337 0
DWIDTH 14 0
BBX 12 28 2 6
BITMAP
1000
1C00
3E00
1C00
0D00
01C0
23E0
39C0
7CC0
3800
1800
0000
0000
0200
0380
03C0
01C0
0060
0060
0020
0030
0010
0010
0010
8010
FFF0
FFF0
7FF0
ENDCHAR
STARTCHAR uni068F
ENCODING 1679
SWIDTH 337 0
DWIDTH 14 0
BBX 12 28 2 6
BITMAP
0200
0380
4780
7780
F100
F000
2400
0700
0F00
0F00
0200
0000
0000
0200
0380
03C0
01C0
0060
0060
0020
0030
0010
0010
0010
8010
FFF0
FFF0
7FF0
ENDCHAR
STARTCHAR uni0690
ENCODING 1680
SWIDTH 337 0
DWIDTH 14 0
BBX 12 29 2 6
BITMAP
0200
0780
4780
F780
F100
F100
23C0
23C0
7BC0
7880
7800
1000
0000
0000
0200
0380
03C0
01C0
0060
0060
0020
0030
0010
0010
0010
8010
FFF0
FFF0
7FF0
ENDCHAR
STARTCHAR uni0691
ENCODING 1681
SWIDTH 488 0
DWIDTH 20 0
BBX 19 37 1 -4
BITMAP
004000
007000
003000
002000
003000
001000
0013C0
0017E0
001860
002020
01FFE0
01FFE0
000000
000000
000000
000000
000080
0000C0
0001C0
0001C0
0000E0
000060
000060
000020
000020
000020
000020
000060
000060
0000E0
0001C0
0003C0
000780
001F00
E07C00
1FF800
03E000
ENDCHAR
STARTCHAR uni0692
ENCODING 1682
SWIDTH 488 0
DWIDTH 20 0
BBX 19 30 1 -4
BITMAP
0018C0
000D80
000D00
000700
000600
000000
000000
000000
000000
000080
0000C0
0001C0
0001C0
0000E0
000060
000060
000020
000020
000020
000020
000060
000060
0000E0
0001C0
0003C0
000780
001F00
E07C00
1FF800
03E000
ENDCHAR
STARTCHAR uni0693
ENCODING 1683
SWIDTH 488 0
DWIDTH 20 0
BBX 19 22 1 -5
BITMAP
000080
0000C0
0001C0
0001C0
0000E0
000060
000060
000020
000020
000020
000020
000060
000060
0000E0
0001C0
0003C0
0007C0
001F60
E07E20
1FFA20
03E3C0
000180
ENDCHAR
STARTCHAR uni0694
ENCODING 1684
SWIDTH 488 0
DWIDTH 20 0
BBX 19 23 1 -6
BITMAP
000080
0000C0
0001C0
0001C0
0000E0
000060
000060
000020
000020
000020
000020
000060
000060
0000E0
0001C0
0003C0
000780
001F00
E07C80
1FF9E0
03E1E0
0001E0
000040
ENDCHAR
STARTCHAR uni0695
ENCODING 1685
SWIDTH 488 0
DWIDTH 20 0
BBX 19 25 1 -8
BITMAP
000080
0000C0
0001C0
0001C0
0000E0
000060
000060
000020
000020
000020
000020
000060
000060
0000E0
0001C0
0003C0
000780
001F00
E07C00
1FF800
03E620
000260
000340
0001C0
000180
ENDCHAR
STARTCHAR uni0696
ENCODING 1686
SWIDTH 488 0
DWIDTH 20 0
BBX 19 23 1 -6
BITMAP
000080
0000C0
0001C0
0001C0
0000E0
000060
000060
000020
020020
038020
07C020
078060
018060
0000E0
0001C0
0003C0
000780
001F00
E07C80
1FF9E0
03E1E0
0001E0
000040
ENDCHAR
STARTCHAR uni0697
ENCODING 1687
SWIDTH 488 0
DWIDTH 20 0
BBX 19 30 1 -4
BITMAP
000200
000380
004780
007780
00F980
00F000
003000
000000
000000
000080
0000C0
0001C0
0001C0
0000E0
000060
000060
000020
000020
000020
000020
000060
000060
0000E0
0001C0
0003C0
000780
001F00
E07C00
1FF800
03E000
ENDCHAR
STARTCHAR afii57508
ENCODING 1688
SWIDTH 488 0
DWIDTH 20 0
BBX 19 34 1 -4
BITMAP
001800
001C00
003E00
001C00
000D80
0001C0
0033E0
0039C0
007CC0
003800
001800
000000
000000
000080
0000C0
0001C0
0001C0
0000E0
000060
000060
000020
000020
000020
000020
000060
000060
0000E0
0001C0
0003C0
000780
001F00
E07C00
1FF800
03E000
ENDCHAR
STARTCHAR uni0699
ENCODING 1689
SWIDTH 488 0
DWIDTH 20 0
BBX 19 36 1 -4
BITMAP
000200
000780
004780
00F780
00F100
00F100
0023C0
0023C0
007BC0
007880
007800
001000
000000
000000
000000
000080
0000C0
0001C0
0001C0
0000E0
000060
000060
000020
000020
000020
000020
000060
000060
0000E0
0001C0
0003C0
000780
001F00
E07C00
1FF800
03E000
ENDCHAR
STARTCHAR uni069A
ENCODING 1690
SWIDTH 821 0
DWIDTH 33 0
BBX 32 27 1 -3
BITMAP
00000080
000001E0
000001E0
000001E0
00000040
00000000
00000000
00002002
00002026
00006027
00007023
20003023
20003021
40003031
40001079
80001FFF
80001FFF
80001FCF
80001000
80003000
80003000
C0006020
E001E078
F80FC078
7FFF8078
3FFE0010
0FF80000
ENDCHAR
STARTCHAR uni069B
ENCODING 1691
SWIDTH 821 0
DWIDTH 33 0
BBX 32 25 1 -8
BITMAP
00002002
00002026
00006027
00007023
20003023
20003021
40003031
40001079
80001FFF
80001FFF
80001FCF
80001000
80003000
80003000
C0006004
E001E00F
F80FC08F
7FFF81EF
3FFE01E2
0FF801E0
00000048
0000001E
0000001E
0000001E
00000004
ENDCHAR
STARTCHAR uni069C
ENCODING 1692
SWIDTH 821 0
DWIDTH 33 0
BBX 32 37 1 -8
BITMAP
00000200
00000780
00000780
00000780
00000120
00000078
00000478
00000F78
00000F10
00000F00
00000200
00000000
00002002
00002026
00006027
00007023
20003023
20003021
40003031
40001079
80001FFF
80001FFF
80001FCF
80001000
80003000
80003000
C0006004
E001E00F
F80FC08F
7FFF81EF
3FFE01E2
0FF801E0
00000048
0000001E
0000001E
0000001E
00000004
ENDCHAR
STARTCHAR uni069D
ENCODING 1693
SWIDTH 1098 0
DWIDTH 44 0
BBX 43 21 1 -4
BITMAP
000040003F00
00004000FFC0
0000C001FFC0
0000E00783E0
2000600E00E0
2000601C00E0
4000607000E0
400021E001E0
80003FFFFFE0
80003FFFFFE0
80003FFFFFE0
800020000000
800020000000
800040000000
C000C0008000
C003C001E000
F00F8011E000
7FFF003DE000
3FFE003C4000
0FF0003C0000
000000080000
ENDCHAR
STARTCHAR uni069E
ENCODING 1694
SWIDTH 1098 0
DWIDTH 44 0
BBX 43 32 1 -3
BITMAP
000000080000
0000001E0000
0000001E0000
0000001E0000
000000048000
00000001E000
00000011E000
0000003DE000
0000003C4000
0000003C0000
000000080000
000000000000
000040003F00
00004000FFC0
0000C001FFC0
0000E00783E0
2000600E00E0
2000601C00E0
4000607000E0
400021E001E0
80003FFFFFE0
80003FFFFFE0
80003FFFFFE0
800020000000
800020000000
800040000000
C000C0000000
C003C0000000
F00F80000000
7FFF00000000
3FFE00000000
0FF000000000
ENDCHAR
STARTCHAR uni069F
ENCODING 1695
SWIDTH 581 0
DWIDTH 23 0
BBX 24 25 -1 6
BITMAP
020000
030000
03E080
03E0E0
01E1E0
0181E0
00C048
00C00E
00C11E
00C1DE
00E3C4
0063C0
006080
006000
006000
0060FC
0063FE
004FFE
007E0F
00F007
01C007
07800F
FFFFFF
FFFFFF
FFFFFF
ENDCHAR
STARTCHAR uni06A0
ENCODING 1696
SWIDTH 543 0
DWIDTH 22 0
BBX 18 43 1 -8
BITMAP
200000
380000
7C0000
380000
1A0000
038000
47C000
738000
F98000
700000
300000
000000
000000
0F8000
1FC000
3FE000
7C0000
E00000
C00000
C00300
E01F00
FC7E00
7FFC00
3FF000
1FC000
0F0000
1C0000
380000
700000
600000
600000
C00000
C00000
C00000
C00000
C00000
E00000
F00000
780000
3F8000
1FFFC0
0FFF80
01FE00
ENDCHAR
STARTCHAR uni06A1
ENCODING 1697
SWIDTH 788 0
DWIDTH 32 0
BBX 31 13 1 6
BITMAP
40000038
4000007C
800000FC
800000CE
800001C6
800001C6
800001E6
C00001FE
E00000FE
7E00003E
3FFFFFFE
1FFFFFFE
03FFFFFE
ENDCHAR
STARTCHAR uni06A2
ENCODING 1698
SWIDTH 788 0
DWIDTH 32 0
BBX 31 21 1 -2
BITMAP
40000038
4000007C
800000FC
800000CE
800001C6
800001C6
800001E6
C00001FE
E00000FE
7E00003E
3FFFFFFE
1FFFFFFE
03FFFFFE
00000000
00000000
00000000
00000020
00000078
00000078
00000078
00000010
ENDCHAR
STARTCHAR uni06A3
ENCODING 1699
SWIDTH 788 0
DWIDTH 32 0
BBX 31 28 1 -2
BITMAP
00000020
00000078
00000078
00000078
00000010
00000000
00000000
40000038
4000007C
800000FC
800000CE
800001C6
800001C6
800001E6
C00001FE
E00000FE
7E00003E
3FFFFFFE
1FFFFFFE
03FFFFFE
00000000
00000000
00000000
00010000
0001C000
0003C000
0003C000
00008000
ENDCHAR
STARTCHAR uni06A4
ENCODING 1700
SWIDTH 788 0
DWIDTH 32 0
BBX 31 25 1 6
BITMAP
00000080
000001E0
000001E0
000001E0
00000048
0000001E
0000011E
000003DE
000003C4
000003C0
00000080
00000000
40000038
4000007C
800000FC
800000CE
800001C6
800001C6
800001E6
C00001FE
E00000FE
7E00003E
3FFFFFFE
1FFFFFFE
03FFFFFE
ENDCHAR
STARTCHAR uni06A5
ENCODING 1701
SWIDTH 788 0
DWIDTH 32 0
BBX 32 27 1 -8
BITMAP
40000038
4000007C
800000FC
800000CE
800001C6
800001C6
800001E6
C00001FE
E00000FE
7E00003E
3FFFFFFE
1FFFFFFE
03FFFFFE
00000000
00000000
00000000
00000004
0000000F
0000008F
000001EF
000001E2
000001E0
00000048
0000001E
0000001E
0000001E
00000004
ENDCHAR
STARTCHAR uni06A6
ENCODING 1702
SWIDTH 788 0
DWIDTH 32 0
BBX 32 27 1 6
BITMAP
00000008
0000001E
0000011E
000003DE
000003C4
000003C4
0000008F
0000008F
000001EF
000001E2
000001E0
00000040
00000000
00000000
40000038
4000007C
800000FC
800000CE
800001C6
800001C6
800001E6
C00001FE
E00000FE
7E00003E
3FFFFFFE
1FFFFFFE
03FFFFFE
ENDCHAR
STARTCHAR uni06A7
ENCODING 1703
SWIDTH 581 0
DWIDTH 23 0
BBX 22 28 1 -3
BITMAP
000100
0003C0
0003C0
000380
000080
000000
000000
000000
0000E0
0003F0
0003F8
000638
200618
20061C
4007FC
4007FC
4001F4
800004
800004
800004
800004
80000C
C0001C
E00078
7803F8
7FFFF0
1FFFC0
07FE00
ENDCHAR
STARTCHAR uni06A8
ENCODING 1704
SWIDTH 581 0
DWIDTH 23 0
BBX 22 32 1 -3
BITMAP
000800
000E00
001F00
000E00
000680
0000E0
0011F0
001CE0
003E60
001C00
000C00
000000
0000E0
0003F0
0003F8
000638
200618
20061C
4007FC
4007FC
4001F4
800004
800004
800004
800004
80000C
C0001C
E00078
7803F8
7FFFF0
1FFFC0
07FE00
ENDCHAR
STARTCHAR afii57567
ENCODING 1705
SWIDTH 812 0
DWIDTH 32 0
BBX 32 23 0 6
BITMAP
00000004
0000003C
000001FC
000007F8
00001FC0
00003E00
00003800
00007000
00007800
00007E00
00007F00
00003F80
40001FC0
400003E0
800000F0
80000078
8000001C
8000000E
C000000E
F0000007
7FFFFFFF
7FFFFFFF
0FFFFFFF
ENDCHAR
STARTCHAR uni06AA
ENCODING 1706
SWIDTH 812 0
DWIDTH 32 0
BBX 32 21 0 6
BITMAP
00004000
0003C000
000FC000
003F8000
007C0000
01F00000
01C00000
03000000
07000000
07800000
07FC0000
03FFE000
00FFFF00
000FFFF0
80003FFC
800000FE
C000000E
F0000003
7FFFFFFF
7FFFFFFF
0FFFFFFF
ENDCHAR
STARTCHAR uni06AB
ENCODING 1707
SWIDTH 812 0
DWIDTH 32 0
BBX 32 23 0 6
BITMAP
00000004
0000003C
000001FC
000007FC
00001FCC
00003E44
00003844
00007078
00007838
00007E00
00007F00
00003F80
40001FC0
400003E0
800000F0
80000078
8000001C
8000000E
C000000E
F0000007
7FFFFFFF
7FFFFFFF
0FFFFFFF
ENDCHAR
STARTCHAR uni06AC
ENCODING 1708
SWIDTH 601 0
DWIDTH 24 0
BBX 23 26 1 6
BITMAP
001820
001C20
003E38
001C3E
000C3E
00001E
000118
000718
000C18
001818
00100C
00300C
003F8C
003F8C
00018C
20018C
60038C
40070C
C3FC0E
C00006
C00006
E00006
F80006
7FFFFE
7FFFFE
1FFFFE
ENDCHAR
STARTCHAR uni06AD
ENCODING 1709
SWIDTH 601 0
DWIDTH 24 0
BBX 23 29 1 6
BITMAP
00C000
00E000
01F000
00E020
006C20
000E38
019F3E
01CE3E
03E61E
01C018
00C118
000718
000C18
00180C
00100C
00300C
003F8C
003F8C
20018C
60018C
40038C
C0070E
C3FC06
C00006
E00006
F80006
7FFFFE
7FFFFE
1FFFFE
ENDCHAR
STARTCHAR uni06AE
ENCODING 1710
SWIDTH 601 0
DWIDTH 24 0
BBX 23 40 1 -8
BITMAP
000020
000020
000038
00003E
00003E
00001E
000118
000718
000C18
001818
00100C
00300C
003F8C
003F8C
00018C
20018C
60038C
40070C
C3FC0E
C00006
C00006
E00006
F80006
7FFFFE
7FFFFE
1FFFFE
000000
000000
000000
000400
000700
008F00
00EF00
01F300
01E000
006800
000E00
001F00
001E00
000600
ENDCHAR
STARTCHAR afii57509
ENCODING 1711
SWIDTH 812 0
DWIDTH 32 0
BBX 32 28 0 6
BITMAP
00000004
0000003C
000000FC
000003F8
00000FC0
00001F04
00007C3C
000071FC
000047F8
00001FC0
00003E00
00003800
00007000
00007800
00007E00
00007F00
00003F80
40001FC0
400003E0
800000F0
80000078
8000001C
8000000E
C000000E
F0000007
7FFFFFFF
7FFFFFFF
0FFFFFFF
ENDCHAR
STARTCHAR uni06B0
ENCODING 1712
SWIDTH 812 0
DWIDTH 32 0
BBX 32 28 0 6
BITMAP
00000004
0000003C
000000FC
000003F8
00000FC0
00001F04
00007C3C
000071FC
000047FC
00001FCC
00003E44
00003844
00007078
00007838
00007E00
00007F00
00003F80
40001FC0
400003E0
800000F0
80000078
8000001C
8000000E
C000000E
F0000007
7FFFFFFF
7FFFFFFF
0FFFFFFF
ENDCHAR
STARTCHAR uni06B1
ENCODING 1713
SWIDTH 812 0
DWIDTH 32 0
BBX 32 30 0 6
BITMAP
00000300
00000380
00003304
0000383C
000030FC
000003F8
00000FC0
00001F04
00007C3C
000071FC
000047F8
00001FC0
00003E00
00003800
00007000
00007800
00007E00
00007F00
00003F80
40001FC0
400003E0
800000F0
80000078
8000001C
8000000E
C000000E
F0000007
7FFFFFFF
7FFFFFFF
0FFFFFFF
ENDCHAR
STARTCHAR uni06B2
ENCODING 1714
SWIDTH 812 0
DWIDTH 32 0
BBX 32 38 0 -4
BITMAP
00000004
0000003C
000000FC
000003F8
00000FC0
00001F04
00007C3C
000071FC
000047F8
00001FC0
00003E00
00003800
00007000
00007800
00007E00
00007F00
00003F80
40001FC0
400003E0
800000F0
80000078
8000001C
8000000E
C000000E
F0000007
7FFFFFFF
7FFFFFFF
0FFFFFFF
00000000
00000000
00000000
00002000
00003800
00047C00
00077800
000F9800
00070000
00030000
ENDCHAR
STARTCHAR uni06B3
ENCODING 1715
SWIDTH 812 0
DWIDTH 32 0
BBX 32 41 0 -7
BITMAP
00000004
0000003C
000000FC
000003F8
00000FC0
00001F04
00007C3C
000071FC
000047F8
00001FC0
00003E00
00003800
00007000
00007800
00007E00
00007F00
00003F80
40001FC0
400003E0
800000F0
80000078
8000001C
8000000E
C000000E
F0000007
7FFFFFFF
7FFFFFFF
0FFFFFFF
00000000
00000000
00000000
00010000
0001C000
0003E000
0003C000
0000C000
00008000
0000E000
0001F000
0000E000
00006000
ENDCHAR
STARTCHAR uni06B4
ENCODING 1716
SWIDTH 812 0
DWIDTH 32 0
BBX 32 30 0 6
BITMAP
00003000
00003B00
00003380
0000631C
0000707C
000061FC
000007E0
00001F84
00003E3C
000079FC
000067F8
00001FC0
00003E00
00003800
00007000
00007800
00007E00
00007F00
00003F80
40001FC0
400003E0
800000F0
80000078
8000001C
8000000E
C000000E
F0000007
7FFFFFFF
7FFFFFFF
0FFFFFFF
ENDCHAR
STARTCHAR uni06B5
ENCODING 1717
SWIDTH 506 0
DWIDTH 20 0
BBX 19 37 1 -1
BITMAP
000C40
0004C0
000680
000380
000300
000000
000000
0001C0
0003E0
0003E0
0001E0
000180
000180
000180
000080
0000C0
0000C0
0000C0
0000C0
0000C0
0800C0
1000C0
1000E0
200060
200060
600060
400060
C00060
C00060
C00060
C00060
E000E0
F001C0
780FC0
7FFF80
3FFF00
0FF800
ENDCHAR
STARTCHAR uni06B6
ENCODING 1718
SWIDTH 506 0
DWIDTH 20 0
BBX 19 37 1 -1
BITMAP
000100
0003C0
0003C0
0003C0
000080
000000
000000
0001C0
0003E0
0003E0
0001E0
000180
000180
000180
000080
0000C0
0000C0
0000C0
0000C0
0000C0
0800C0
1000C0
1000E0
200060
200060
600060
400060
C00060
C00060
C00060
C00060
E000E0
F001C0
780FC0
7FFF80
3FFF00
0FF800
ENDCHAR
STARTCHAR uni06B7
ENCODING 1719
SWIDTH 506 0
DWIDTH 20 0
BBX 19 37 1 -1
BITMAP
000C00
001EC0
000DE0
0018C0
003C00
001800
000000
0001C0
0003E0
0003E0
0001E0
000180
000180
000180
000080
0000C0
0000C0
0000C0
0000C0
0000C0
0800C0
1000C0
1000E0
200060
200060
600060
400060
C00060
C00060
C00060
C00060
E000E0
F001C0
780FC0
7FFF80
3FFF00
0FF800
ENDCHAR
STARTCHAR uni06B8
ENCODING 1720
SWIDTH 506 0
DWIDTH 20 0
BBX 19 40 1 -8
BITMAP
000100
000100
0003C0
0003E0
0003E0
0001E0
000180
000180
000180
000080
0000C0
0000C0
0000C0
0000C0
0000C0
0800C0
1000C0
1000E0
200060
200060
600060
400060
C00060
C00060
C00060
C00060
E000E0
F001C0
780FC0
7FFF80
3FFF00
0FF800
001800
001E00
033C00
03CC00
07B000
01BC00
007800
001800
ENDCHAR
STARTCHAR uni06B9
ENCODING 1721
SWIDTH 525 0
DWIDTH 21 0
BBX 20 31 1 -8
BITMAP
006000
007000
00F800
007000
003000
000000
000020
000020
000060
000070
200030
200030
400010
400010
800010
800010
800010
800010
800030
800030
C00070
E001E0
F80FE0
7FFFC0
3FFF00
0FFC00
006000
007800
00F800
007000
001000
ENDCHAR
STARTCHAR uni06BA
ENCODING 1722
SWIDTH 525 0
DWIDTH 21 0
BBX 20 20 1 -3
BITMAP
000020
000020
000060
000070
200030
200030
400010
400010
800010
800010
800010
800010
800030
800030
C00070
E001E0
F80FE0
7FFFC0
3FFF00
0FFC00
ENDCHAR
STARTCHAR uni06BB
ENCODING 1723
SWIDTH 525 0
DWIDTH 21 0
BBX 20 34 1 -3
BITMAP
010000
01C000
008000
008000
008000
00C000
004F00
007F00
00E180
008180
07FF80
07FF80
000000
000000
000020
000020
000060
000070
200030
200030
400010
400010
800010
800010
800010
800010
800030
800030
C00070
E001E0
F80FE0
7FFFC0
3FFF00
0FFC00
ENDCHAR
STARTCHAR uni06BC
ENCODING 1724
SWIDTH 525 0
DWIDTH 21 0
BBX 20 31 1 -8
BITMAP
006000
007000
00F800
007000
003000
000000
000020
000020
000060
000070
200030
200030
400010
400010
800010
800010
800010
800010
800030
800030
C00070
E001E0
F80FE0
7FFFC0
3FFF00
0FFC00
009800
009800
009000
00F000
00E000
ENDCHAR
STARTCHAR uni06BD
ENCODING 1725
SWIDTH 525 0
DWIDTH 21 0
BBX 20 32 1 -3
BITMAP
010000
01C000
03E000
03C000
00D000
001C00
023E00
039C00
07CC00
078000
018000
000000
000020
000020
000060
000070
200030
200030
400010
400010
800010
800010
800010
800010
800030
800030
C00070
E001E0
F80FE0
7FFFC0
3FFF00
0FFC00
ENDCHAR
STARTCHAR afii57470
ENCODING 1726
SWIDTH 450 0
DWIDTH 18 0
BBX 16 16 -1 6
BITMAP
0100
0180
03C0
03E0
03F0
03F0
07F8
047C
087E
187E
1CEF
1FC7
0FE3
FFFF
FCFE
F81E
ENDCHAR
STARTCHAR uni06BF
ENCODING 1727
SWIDTH 562 0
DWIDTH 23 0
BBX 20 34 1 -8
BITMAP
004000
00F000
00F000
00F000
002000
000000
000000
000000
000000
000000
0FFFE0
3FFFE0
3FFFC0
40FF00
03E000
070000
1C0000
300000
200C00
400E00
419F00
81CE00
83E600
81C000
80D800
801C00
C03E00
E01C00
700C00
7C0000
3FC000
1FFFF0
07FFC0
00FF00
ENDCHAR
STARTCHAR uni06C0
ENCODING 1728
SWIDTH 282 0
DWIDTH 11 0
BBX 9 19 1 6
BITMAP
0C00
1C00
2000
3000
1E00
6000
0000
2000
3800
3E00
3F00
6F80
4380
4180
C180
E380
FF00
FF00
7C00
ENDCHAR
STARTCHAR uni06C1
ENCODING 1729
SWIDTH 387 0
DWIDTH 16 0
BBX 15 10 1 3
BITMAP
0380
07C0
0FE0
1CF0
387E
303E
601E
4000
C000
8000
ENDCHAR
STARTCHAR uni06C2
ENCODING 1730
SWIDTH 387 0
DWIDTH 16 0
BBX 15 18 1 3
BITMAP
0180
0380
0400
0600
0380
0C00
0000
0000
0380
07C0
0FE0
1CF0
387E
303E
601E
4000
C000
8000
ENDCHAR
STARTCHAR uni06C3
ENCODING 1731
SWIDTH 387 0
DWIDTH 16 0
BBX 15 20 1 3
BITMAP
0080
00E0
11F0
1CE0
3E60
1C00
0C00
0000
0000
0000
0380
07C0
0FE0
1CF0
387E
303E
601E
4000
C000
8000
ENDCHAR
STARTCHAR uni06C4
ENCODING 1732
SWIDTH 432 0
DWIDTH 17 0
BBX 16 19 1 -4
BITMAP
001C
003E
003F
0063
0063
0071
007F
003F
001F
0001
00E3
00F7
0136
011E
011C
01FC
C1F8
3FF0
07C0
ENDCHAR
STARTCHAR uni06C5
ENCODING 1733
SWIDTH 432 0
DWIDTH 17 0
BBX 16 19 1 -4
BITMAP
001C
003E
003F
0063
0063
0071
007F
003F
001F
0001
03C3
047F
000E
001E
003C
007C
E1F8
3FF0
07C0
ENDCHAR
STARTCHAR uni06C6
ENCODING 1734
SWIDTH 432 0
DWIDTH 17 0
BBX 16 28 1 -4
BITMAP
0063
0036
0034
001C
0018
0000
0000
0000
0000
001C
003E
003F
0063
0063
0071
007F
003F
001F
0001
0003
0007
0006
000E
001C
007C
C1F8
3FF0
07C0
ENDCHAR
STARTCHAR uni06C7
ENCODING 1735
SWIDTH 432 0
DWIDTH 17 0
BBX 16 31 1 -4
BITMAP
0006
000E
0012
001A
001E
000E
000E
0010
0060
0000
0000
0000
001C
003E
003F
0063
0063
0071
007F
003F
001F
0001
0003
0007
0006
000E
001C
007C
C1F8
3FF0
07C0
ENDCHAR
STARTCHAR uni06C8
ENCODING 1736
SWIDTH 432 0
DWIDTH 17 0
BBX 16 33 1 -4
BITMAP
0010
0018
0008
0008
0008
0008
0008
0008
0008
0008
0008
0000
0000
0000
001C
003E
003F
0063
0063
0071
007F
003F
001F
0001
0003
0007
0006
000E
001C
007C
C1F8
3FF0
07C0
ENDCHAR
STARTCHAR uni06C9
ENCODING 1737
SWIDTH 432 0
DWIDTH 17 0
BBX 16 28 1 -4
BITMAP
0018
001C
0034
0026
0063
0000
0000
0000
0000
001C
003E
003F
0063
0063
0071
007F
003F
001F
0001
0003
0007
0006
000E
001C
007C
C1F8
3FF0
07C0
ENDCHAR
STARTCHAR uni06CA
ENCODING 1738
SWIDTH 432 0
DWIDTH 17 0
BBX 16 29 1 -4
BITMAP
0008
000E
011E
01DE
03E6
03C0
00C0
0000
0000
0000
001C
003E
003F
0063
0063
0071
007F
003F
001F
0001
0003
0007
0006
000E
001C
007C
C1F8
3FF0
07C0
ENDCHAR
STARTCHAR uni06CB
ENCODING 1739
SWIDTH 432 0
DWIDTH 17 0
BBX 16 33 1 -4
BITMAP
0080
00E0
01E0
01E0
0048
000E
011E
01DE
03C4
03C0
0080
0000
0000
0000
001C
003E
003F
0063
0063
0071
007F
003F
001F
0001
0003
0007
0006
000E
001C
007C
C1F8
3FF0
07C0
ENDCHAR
STARTCHAR afii57555
ENCODING 1740
SWIDTH 638 0
DWIDTH 26 0
BBX 24 21 1 -2
BITMAP
00001E
00003F
00007F
0000E3
000181
000180
100300
200200
200600
200600
4007FE
4007FE
C003FE
C00006
C0000C
C0003C
E000F8
F80FF0
7FFFE0
3FFF80
0FFC00
ENDCHAR
STARTCHAR uni06CD
ENCODING 1741
SWIDTH 638 0
DWIDTH 26 0
BBX 26 21 -1 -2
BITMAP
00000780
00000FC0
00001FC0
000038C0
00006040
00006000
0400C000
1C008000
68018000
88018000
1801FF80
1001FF80
3000FF80
30000180
30000300
30000F00
38003E00
3E03FC00
1FFFF800
0FFFE000
03FF0000
ENDCHAR
STARTCHAR uni06CE
ENCODING 1742
SWIDTH 638 0
DWIDTH 26 0
BBX 24 23 1 -2
BITMAP
063000
036000
03401E
01C03F
00807F
0000E3
000181
000180
100300
200200
200600
200600
4007FE
4007FE
C003FE
C00006
C0000C
C0003C
E000F8
F80FF0
7FFFE0
3FFF80
0FFC00
ENDCHAR
STARTCHAR uni06CF
ENCODING 1743
SWIDTH 432 0
DWIDTH 17 0
BBX 16 28 1 -4
BITMAP
0020
0078
0078
0078
0010
0000
0000
0000
0000
001C
003E
003F
0063
0063
0071
007F
003F
001F
0001
0003
0007
0006
000E
001C
007C
C1F8
3FF0
07C0
ENDCHAR
STARTCHAR uni06D0
ENCODING 1744
SWIDTH 638 0
DWIDTH 26 0
BBX 24 26 1 -7
BITMAP
00001E
00003F
00007F
0000E3
000181
000180
100300
200200
200600
200600
4007FE
4007FE
C003FE
C00006
C0000C
C0003C
E000F8
F80FF0
7FFFE0
3FFF80
0FFC00
000000
007000
00E000
003800
007000
ENDCHAR
STARTCHAR uni06D1
ENCODING 1745
SWIDTH 638 0
DWIDTH 26 0
BBX 24 26 1 -7
BITMAP
00001E
00003F
00007F
0000E3
000181
000180
100300
200200
200600
200600
4007FE
4007FE
C003FE
C00006
C0000C
C0003C
E000F8
F80FF0
7FFFE0
3FFF80
0FFC00
000000
000800
004800
005000
001000
ENDCHAR
STARTCHAR uni06D2
ENCODING 1746
SWIDTH 812 0
DWIDTH 32 0
BBX 30 16 1 -1
BITMAP
00030000
00070000
000F8000
00198000
00308000
00E08000
01E00000
07C00000
1F000000
3C000000
78000000
60000000
C0000000
FFFFFFFC
FFFFFFF8
FFFFFFE0
ENDCHAR
STARTCHAR uni06D3
ENCODING 1747
SWIDTH 812 0
DWIDTH 32 0
BBX 30 20 1 -1
BITMAP
00300000
00700000
00800000
00C00000
00730000
01870000
000F8000
00198000
00308000
00E08000
01E00000
07C00000
1F000000
3C000000
78000000
60000000
C0000000
FFFFFFFC
FFFFFFF8
FFFFFFE0
ENDCHAR
STARTCHAR uni06D4
ENCODING 1748
SWIDTH 207 0
DWIDTH 8 0
BBX 6 3 1 6
BITMAP
FC
FC
FC
ENDCHAR
STARTCHAR afii57534
ENCODING 1749
SWIDTH 282 0
DWIDTH 11 0
BBX 9 12 1 6
BITMAP
2000
3800
3E00
3F00
6F80
4380
4180
C180
E380
FF00
FF00
7C00
ENDCHAR
STARTCHAR uni06D6
ENCODING 1750
SWIDTH 0 0
DWIDTH 0 0
BBX 18 14 -9 21
BITMAP
080000
0E0000
060000
040180
0443C0
0244C0
0268C0
1FFFC0
3FBFC0
600000
400000
800000
FFFC00
FFFC00
ENDCHAR
STARTCHAR uni06D7
ENCODING 1751
SWIDTH 0 0
DWIDTH 0 0
BBX 15 14 -7 21
BITMAP
0830
0EF0
06C0
0430
0450
0278
0208
1FF8
3FF8
6000
4000
8000
FFFE
FFFE
ENDCHAR
STARTCHAR uni06D8
ENCODING 1752
SWIDTH 0 0
DWIDTH 0 0
BBX 8 5 -4 21
BITMAP
06
0A
19
FF
E7
ENDCHAR
STARTCHAR uni06D9
ENCODING 1753
SWIDTH 0 0
DWIDTH 0 0
BBX 9 12 -4 21
BITMAP
8200
C380
E180
7100
1100
0900
0600
0600
0600
0A00
1E00
1C00
ENDCHAR
STARTCHAR uni06DA
ENCODING 1754
SWIDTH 0 0
DWIDTH 0 0
BBX 9 12 -5 21
BITMAP
7F80
FF80
0C00
3000
4000
8C00
8C00
8000
C000
E000
7F80
1F00
ENDCHAR
STARTCHAR uni06DB
ENCODING 1755
SWIDTH 0 0
DWIDTH 0 0
BBX 4 4 -2 21
BITMAP
C0
B0
90
C0
ENDCHAR
STARTCHAR uni06DC
ENCODING 1756
SWIDTH 0 0
DWIDTH 0 0
BBX 16 10 -8 21
BITMAP
0102
018B
4189
808D
80FF
80F7
8080
C380
FF00
7C00
ENDCHAR
STARTCHAR uni06DD
ENCODING 1757
SWIDTH 1123 0
DWIDTH 45 0
BBX 43 43 1 -8
BITMAP
00007FE00000
0007FFFC0000
00FF803FE000
011800031000
011FFFFF1000
031FFFFF1000
03E00000F800
070000001C00
0E0000000E00
1C0000000700
180000000300
380000000380
300000000180
7000000001C0
6000000000C0
6000000000C0
E000000000C0
C00000000060
C00000000060
C00000000060
C00000000060
C00000000060
C00000000060
C00000000060
C00000000060
C00000000060
6000000000C0
6000000000C0
6000000000C0
7000000001C0
300000000180
300000000380
180000000300
1C0000000700
0E0000000E00
070000001C00
03E00000F800
031FFFFF1000
011FFFFF1000
011800031000
00FF803FE000
0007FFFC0000
00007FC00000
ENDCHAR
STARTCHAR uni06DE
ENCODING 1758
SWIDTH 1084 0
DWIDTH 43 0
BBX 40 40 2 -5
BITMAP
0000080000
0000180000
00003C0000
0000660000
0000C30000
0001818000
03FFFFFFC0
020C003040
0218001840
0230000C40
0260000640
02C0000340
03800001C0
03000000C0
0200000040
0600000060
0E003C0070
1A00420058
320081004C
E200810047
6200810046
320081004C
1A00420058
0E003C0070
0600000060
0200000040
03000000C0
03800001C0
02C0000340
0260000640
0230000C40
0218001840
020C003040
03FFFFFFC0
0001818000
0000C30000
0000660000
00003C0000
0000180000
0000080000
ENDCHAR
STARTCHAR uni06DF
ENCODING 1759
SWIDTH 0 0
DWIDTH 0 0
BBX 3 3 -1 21
BITMAP
E0
E0
E0
ENDCHAR
STARTCHAR uni06E0
ENCODING 1760
SWIDTH 0 0
DWIDTH 0 0
BBX 3 3 -1 21
BITMAP
E0
E0
E0
ENDCHAR
STARTCHAR uni06E1
ENCODING 1761
SWIDTH 0 0
DWIDTH 0 0
BBX 11 6 -5 21
BITMAP
1C00
3E00
0700
01C0
FFE0
FFE0
ENDCHAR
STARTCHAR uni06E2
ENCODING 1762
SWIDTH 0 0
DWIDTH 0 0
BBX 6 11 -3 21
BITMAP
30
48
3C
FC
C0
80
80
C0
40
40
40
ENDCHAR
STARTCHAR uni06E3
ENCODING 1763
SWIDTH 0 0
DWIDTH 0 0
BBX 16 10 -8 -8
BITMAP
0102
018B
4189
808D
80FF
80F7
8080
C380
FF00
7C00
ENDCHAR
STARTCHAR uni06E4
ENCODING 1764
SWIDTH 0 0
DWIDTH 0 0
BBX 4 2 -2 21
BITMAP
50
A0
ENDCHAR
STARTCHAR uni06E5
ENCODING 1765
SWIDTH 193 0
DWIDTH 8 0
BBX 7 9 1 21
BITMAP
06
0A
0A
0E
06
02
04
1C
F8
ENDCHAR
STARTCHAR uni06E6
ENCODING 1766
SWIDTH 370 0
DWIDTH 15 0
BBX 15 8 0 21
BITMAP
0200
0700
0D00
3800
6000
8000
FFFE
FFFC
ENDCHAR
STARTCHAR uni06E7
ENCODING 1767
SWIDTH 0 0
DWIDTH 0 0
BBX 15 8 -7 21
BITMAP
0200
0700
0D00
3800
6000
8000
FFFE
FFFC
ENDCHAR
STARTCHAR uni06E8
ENCODING 1768
SWIDTH 0 0
DWIDTH 0 0
BBX 9 13 -5 21
BITMAP
1800
1800
0000
0100
0180
4180
8080
8080
8080
8080
C380
FF00
7E00
ENDCHAR
STARTCHAR uni06E9
ENCODING 1769
SWIDTH 600 0
DWIDTH 24 0
BBX 21 33 2 0
BITMAP
002000
007000
00D800
018C00
032600
065300
0C8980
1D29C0
1A54C0
328A60
650530
CA0298
650530
268B20
128A40
1A8AC0
0A8A80
0A8A80
0A8A80
0A8A80
0A8A80
0A8A80
0A8A80
0A8A80
0A8A80
0A8A80
0A8A80
0AFA80
0A0280
120240
23FE20
600030
FFFFF8
ENDCHAR
STARTCHAR uni06EA
ENCODING 1770
SWIDTH 0 0
DWIDTH 0 0
BBX 7 7 -3 -6
BITMAP
10
28
44
82
44
28
10
ENDCHAR
STARTCHAR uni06EB
ENCODING 1771
SWIDTH 0 0
DWIDTH 0 0
BBX 7 7 -3 21
BITMAP
10
28
44
82
44
28
10
ENDCHAR
STARTCHAR uni06DF.dup9
ENCODING 1772
SWIDTH 0 0
DWIDTH 0 0
BBX 3 3 -1 21
BITMAP
E0
E0
E0
ENDCHAR
STARTCHAR uni06ED
ENCODING 1773
SWIDTH 0 0
DWIDTH 0 0
BBX 6 11 -3 -8
BITMAP
30
48
3C
FC
C0
80
80
C0
40
40
40
ENDCHAR
STARTCHAR afii57392.dup10
ENCODING 1776
SWIDTH 525 0
DWIDTH 21 0
BBX 6 9 7 9
BITMAP
40
60
78
7C
FC
F8
78
38
08
ENDCHAR
STARTCHAR afii57393.dup11
ENCODING 1777
SWIDTH 525 0
DWIDTH 21 0
BBX 8 23 6 6
BITMAP
40
60
70
F8
F8
7C
3C
1E
1E
0E
0E
07
07
07
07
03
03
03
03
02
02
02
02
ENDCHAR
STARTCHAR afii57394.dup12
ENCODING 1778
SWIDTH 525 0
DWIDTH 21 0
BBX 12 23 4 6
BITMAP
4010
6010
7030
F870
FFF0
7FE0
3FC0
1E00
1E00
0F00
0F00
0700
0780
0780
0380
0380
0380
0180
0180
0180
0180
0080
0080
ENDCHAR
STARTCHAR afii57395.dup13
ENCODING 1779
SWIDTH 525 0
DWIDTH 21 0
BBX 17 23 3 6
BITMAP
402080
402080
607180
F8FF80
FFFF00
FFBE00
7F0000
3C0000
3C0000
1C0000
1E0000
0E0000
0E0000
070000
070000
070000
030000
030000
030000
020000
020000
020000
020000
ENDCHAR
STARTCHAR afii62843
ENCODING 1780
SWIDTH 525 0
DWIDTH 21 0
BBX 15 23 4 6
BITMAP
40F0
41F8
6184
E300
F302
FA06
7E0C
3FFC
3FF8
1FE0
1C00
1E00
0E00
0E00
0E00
0E00
0600
0600
0600
0600
0400
0400
0400
ENDCHAR
STARTCHAR afii62844
ENCODING 1781
SWIDTH 525 0
DWIDTH 21 0
BBX 15 23 3 6
BITMAP
0200
0300
0380
07C0
03E0
03E0
03F0
04F8
0C78
083C
181C
300C
300E
6006
6002
6002
E002
E086
F1FC
FFFC
FFF8
7EF0
3C00
ENDCHAR
STARTCHAR afii62845
ENCODING 1782
SWIDTH 525 0
DWIDTH 21 0
BBX 14 23 4 6
BITMAP
03C0
07E0
1FF0
1808
2000
6004
F01C
FFF8
FFF0
3FE0
03C0
0780
0700
0E00
0E00
0C00
0C00
1800
1800
1800
1000
1000
1000
ENDCHAR
STARTCHAR afii57399.dup14
ENCODING 1783
SWIDTH 525 0
DWIDTH 21 0
BBX 16 23 2 6
BITMAP
8000
C001
C001
E003
F003
F007
F807
F80E
7C0C
3C18
1E18
0E10
0630
0720
0320
0340
0140
01C0
01C0
0080
0080
0080
0080
ENDCHAR
STARTCHAR afii57400.dup15
ENCODING 1784
SWIDTH 525 0
DWIDTH 21 0
BBX 17 23 2 6
BITMAP
008000
008000
008000
018000
01C000
02C000
02C000
026000
026000
027000
043000
043800
0C3C00
0C1E00
181F00
380F80
700F80
F00780
E00780
E00380
C00380
C00180
800080
ENDCHAR
STARTCHAR afii57401.dup16
ENCODING 1785
SWIDTH 525 0
DWIDTH 21 0
BBX 13 23 4 6
BITMAP
0F00
1F80
3F80
71C0
40C0
C0C0
E0C0
FFC0
FFC0
3FC0
00C0
00C0
00C0
00E0
00E0
00E0
00F0
00F0
0078
0078
0070
0030
0010
ENDCHAR
STARTCHAR uni06FA
ENCODING 1786
SWIDTH 821 0
DWIDTH 33 0
BBX 32 32 1 -3
BITMAP
00000200
00000780
00000780
00000780
00000120
00000078
00000478
00000F78
00000F10
00000F00
00000200
00000000
00002002
00002026
00006027
00007023
20003023
20003021
40003031
40001079
80001FFF
80001FFF
80001FCF
80001000
80003000
80003000
C0006020
E001E078
F80FC078
7FFF8078
3FFE0010
0FF80000
ENDCHAR
STARTCHAR uni06FB
ENCODING 1787
SWIDTH 1098 0
DWIDTH 44 0
BBX 43 27 1 -3
BITMAP
000000200000
000000380000
0000007C0000
000000380000
000000180000
000000000000
000000000000
000040003F00
00004000FFC0
0000C001FFC0
0000E00783E0
2000600E00E0
2000601C00E0
4000607000E0
400021E001E0
80003FFFFFE0
80003FFFFFE0
80003FFFFFE0
800020000000
800020000000
800040000000
C000C0020000
C003C0038000
F00F8007C000
7FFF00078000
3FFE00018000
0FF000000000
ENDCHAR
STARTCHAR uni06FC
ENCODING 1788
SWIDTH 543 0
DWIDTH 22 0
BBX 18 39 1 -8
BITMAP
060000
070000
0F8000
070000
030000
000000
000000
000000
000000
0F8000
1FC000
3FE000
7C0000
E00000
C00000
C00300
E01F00
FC7E00
7FFC00
3FF000
1FC000
0F0000
1C0000
380000
700000
600000
602000
C03800
C07800
C07800
C01000
C00000
E00000
F00000
780000
3F8000
1FFFC0
0FFF80
01FE00
ENDCHAR
STARTCHAR uni06FD
ENCODING 1789
SWIDTH 412 0
DWIDTH 17 0
BBX 13 23 2 -6
BITMAP
0700
1FC0
1FC0
3080
6000
6000
F018
FCF8
FFF0
7FC0
1F00
1C00
1800
2000
0000
0CC0
0CC0
0CC0
0CC0
0CC0
0CC0
0CC0
0CC0
ENDCHAR
STARTCHAR uni06FE
ENCODING 1790
SWIDTH 337 0
DWIDTH 14 0
BBX 13 22 1 -8
BITMAP
0780
0FC0
1FE0
18F0
0078
03F8
1FF8
7FF8
7C00
E000
C000
C000
C330
6330
6330
6330
3330
3330
3330
1330
1000
1000
ENDCHAR
STARTCHAR Wgrave
ENCODING 7808
SWIDTH 943 0
DWIDTH 40 0
BBX 39 36 0 0
BITMAP
0003E00000
0001F00000
0000F00000
0000780000
0000380000
0000000000
0000000000
F000FE001E
F000FE001E
7800FE003C
7801FF003C
7801EF003C
7801EF003C
7801EF007C
3C03C78078
3C03C78078
3C03C78078
3C07C78078
1E0783C0F8
1E0783C0F0
1E0783C0F0
1E0F01E0F0
1E0F01E0F0
0F0F01E1E0
0F0F01E1E0
0F1E00F1E0
0F1E00F1E0
0F9E00F3E0
07BE007BC0
07BC007BC0
07BC007BC0
07BC007BC0
03F8003F80
03F8003F80
03F8003F80
03F8003F80
ENDCHAR
STARTCHAR wgrave
ENCODING 7809
SWIDTH 722 0
DWIDTH 29 0
BBX 29 28 0 0
BITMAP
003C0000
001E0000
000F0000
00070000
00038000
00000000
00000000
F0070078
F0070078
F00F8078
780F80F0
780F80F0
781DC0F0
3C1DC1E0
3C1DC1E0
3C39E1E0
1E38E3C0
1E38E3C0
1E78F3C0
0E707780
0F707780
0F707780
07603700
07E03F00
07E03F00
03E03E00
03C01E00
03C01E00
ENDCHAR
STARTCHAR Wacute
ENCODING 7810
SWIDTH 943 0
DWIDTH 40 0
BBX 39 36 0 0
BITMAP
00001F0000
00003E0000
00007C0000
0000780000
0000F00000
0000000000
0000000000
F000FE001E
F000FE001E
7800FE003C
7801FF003C
7801EF003C
7801EF003C
7801EF007C
3C03C78078
3C03C78078
3C03C78078
3C07C78078
1E0783C0F8
1E0783C0F0
1E0783C0F0
1E0F01E0F0
1E0F01E0F0
0F0F01E1E0
0F0F01E1E0
0F1E00F1E0
0F1E00F1E0
0F9E00F3E0
07BE007BC0
07BC007BC0
07BC007BC0
07BC007BC0
03F8003F80
03F8003F80
03F8003F80
03F8003F80
ENDCHAR
STARTCHAR wacute
ENCODING 7811
SWIDTH 722 0
DWIDTH 29 0
BBX 29 28 0 0
BITMAP
0000F800
0001F000
0003E000
0003C000
00078000
00000000
00000000
F0070078
F0070078
F00F8078
780F80F0
780F80F0
781DC0F0
3C1DC1E0
3C1DC1E0
3C39E1E0
1E38E3C0
1E38E3C0
1E78F3C0
0E707780
0F707780
0F707780
07603700
07E03F00
07E03F00
03E03E00
03C01E00
03C01E00
ENDCHAR
STARTCHAR Wdieresis
ENCODING 7812
SWIDTH 943 0
DWIDTH 40 0
BBX 39 35 0 0
BITMAP
0003C78000
0003C78000
0003C78000
0003C78000
0000000000
0000000000
F000FE001E
F000FE001E
7800FE003C
7801FF003C
7801EF003C
7801EF003C
7801EF007C
3C03C78078
3C03C78078
3C03C78078
3C07C78078
1E0783C0F8
1E0783C0F0
1E0783C0F0
1E0F01E0F0
1E0F01E0F0
0F0F01E1E0
0F0F01E1E0
0F1E00F1E0
0F1E00F1E0
0F9E00F3E0
07BE007BC0
07BC007BC0
07BC007BC0
07BC007BC0
03F8003F80
03F8003F80
03F8003F80
03F8003F80
ENDCHAR
STARTCHAR wdieresis
ENCODING 7813
SWIDTH 722 0
DWIDTH 29 0
BBX 29 27 0 0
BITMAP
0078F000
0078F000
0078F000
0078F000
00000000
00000000
F0070078
F0070078
F00F8078
780F80F0
780F80F0
781DC0F0
3C1DC1E0
3C1DC1E0
3C39E1E0
1E38E3C0
1E38E3C0
1E78F3C0
0E707780
0F707780
0F707780
07603700
07E03F00
07E03F00
03E03E00
03C01E00
03C01E00
ENDCHAR
STARTCHAR Adotbelow
ENCODING 7840
SWIDTH 666 0
DWIDTH 27 0
BBX 27 35 0 -6
BITMAP
003F0000
003F0000
007F8000
007F8000
00738000
00F3C000
00F1C000
00E1E000
01E1E000
01E0E000
01C0F000
03C07000
03C07800
07807800
07803800
07803C00
0FFFFC00
0FFFFE00
0FFFFE00
1FFFFE00
1E000F00
1E000F00
3C000780
3C000780
7C000780
780003C0
780003C0
F80003E0
F00001E0
00000000
00000000
001E0000
001E0000
001E0000
001E0000
ENDCHAR
STARTCHAR adotbelow
ENCODING 7841
SWIDTH 556 0
DWIDTH 22 0
BBX 18 27 2 -6
BITMAP
07F800
1FFE00
3FFF00
7C1F80
F80780
F00780
000780
001F80
03FF80
1FFF80
3FF780
7E0780
F80780
F00780
F00780
F00F80
F01F80
F83F80
7FFF80
3FE780
1F83C0
000000
000000
01E000
01E000
01E000
01E000
ENDCHAR
STARTCHAR Ahookabove
ENCODING 7842
SWIDTH 666 0
DWIDTH 27 0
BBX 27 36 0 0
BITMAP
007E0000
003F8000
00038000
00038000
000F0000
000C0000
00000000
003F0000
003F0000
007F8000
007F8000
00738000
00F3C000
00F1C000
00E1E000
01E1E000
01E0E000
01C0F000
03C07000
03C07800
07807800
07803800
07803C00
0FFFFC00
0FFFFE00
0FFFFE00
1FFFFE00
1E000F00
1E000F00
3C000780
3C000780
7C000780
780003C0
780003C0
F80003E0
F00001E0
ENDCHAR
STARTCHAR ahookabove
ENCODING 7843
SWIDTH 556 0
DWIDTH 22 0
BBX 18 31 2 0
BITMAP
07E000
07F000
007800
003800
003800
00F000
00C000
000000
000000
000000
07F800
1FFE00
3FFF00
7C1F80
F80780
F00780
000780
001F80
03FF80
1FFF80
3FF780
7E0780
F80780
F00780
F00780
F00F80
F01F80
F83F80
7FFF80
3FE780
1F83C0
ENDCHAR
STARTCHAR Acircumflexacute
ENCODING 7844
SWIDTH 666 0
DWIDTH 27 0
BBX 27 36 0 0
BITMAP
000F8000
001F0000
003C0000
00000000
003F0000
0071C000
00000000
003F0000
003F0000
007F8000
007F8000
00738000
00F3C000
00F1C000
00E1E000
01E1E000
01E0E000
01C0F000
03C07000
03C07800
07807800
07803800
07803C00
0FFFFC00
0FFFFE00
0FFFFE00
1FFFFE00
1E000F00
1E000F00
3C000780
3C000780
7C000780
780003C0
780003C0
F80003E0
F00001E0
ENDCHAR
STARTCHAR acircumflexacute
ENCODING 7845
SWIDTH 556 0
DWIDTH 22 0
BBX 18 36 2 0
BITMAP
003E00
007C00
00F800
00F000
01E000
000000
000000
000000
01F000
03F800
07BC00
0F1E00
1E1E00
000000
000000
07F800
1FFE00
3FFF00
7C1F80
F80780
F00780
000780
001F80
03FF80
1FFF80
3FF780
7E0780
F80780
F00780
F00780
F00F80
F01F80
F83F80
7FFF80
3FE780
1F83C0
ENDCHAR
STARTCHAR Acircumflexgrave
ENCODING 7846
SWIDTH 666 0
DWIDTH 27 0
BBX 27 36 0 0
BITMAP
00F80000
003C0000
001E0000
00000000
003F0000
0071C000
00000000
003F0000
003F0000
007F8000
007F8000
00738000
00F3C000
00F1C000
00E1E000
01E1E000
01E0E000
01C0F000
03C07000
03C07800
07807800
07803800
07803C00
0FFFFC00
0FFFFE00
0FFFFE00
1FFFFE00
1E000F00
1E000F00
3C000780
3C000780
7C000780
780003C0
780003C0
F80003E0
F00001E0
ENDCHAR
STARTCHAR acircumflexgrave
ENCODING 7847
SWIDTH 556 0
DWIDTH 22 0
BBX 18 36 2 0
BITMAP
0F8000
07C000
03C000
01E000
00F000
000000
000000
000000
01F000
03F800
07BC00
0F1E00
1E1E00
000000
000000
07F800
1FFE00
3FFF00
7C1F80
F80780
F00780
000780
001F80
03FF80
1FFF80
3FF780
7E0780
F80780
F00780
F00780
F00F80
F01F80
F83F80
7FFF80
3FE780
1F83C0
ENDCHAR
STARTCHAR Acircumflexhookabove
ENCODING 7848
SWIDTH 666 0
DWIDTH 27 0
BBX 27 36 0 0
BITMAP
007F0000
00038000
000F0000
00000000
003F0000
0071C000
00000000
003F0000
003F0000
007F8000
007F8000
00738000
00F3C000
00F1C000
00E1E000
01E1E000
01E0E000
01C0F000
03C07000
03C07800
07807800
07803800
07803C00
0FFFFC00
0FFFFE00
0FFFFE00
1FFFFE00
1E000F00
1E000F00
3C000780
3C000780
7C000780
780003C0
780003C0
F80003E0
F00001E0
ENDCHAR
STARTCHAR acircumflexhookabove
ENCODING 7849
SWIDTH 556 0
DWIDTH 22 0
BBX 18 36 2 0
BITMAP
07E000
03F800
003800
003800
00F000
00C000
000000
000000
01F000
03F800
07BC00
0F1E00
1E1E00
000000
000000
07F800
1FFE00
3FFF00
7C1F80
F80780
F00780
000780
001F80
03FF80
1FFF80
3FF780
7E0780
F80780
F00780
F00780
F00F80
F01F80
F83F80
7FFF80
3FE780
1F83C0
ENDCHAR
STARTCHAR Acircumflextilde
ENCODING 7850
SWIDTH 666 0
DWIDTH 27 0
BBX 27 36 0 0
BITMAP
007C3000
00FFF000
0183E000
00000000
003F0000
0071C000
00000000
003F0000
003F0000
007F8000
007F8000
00738000
00F3C000
00F1C000
00E1E000
01E1E000
01E0E000
01C0F000
03C07000
03C07800
07807800
07803800
07803C00
0FFFFC00
0FFFFE00
0FFFFE00
1FFFFE00
1E000F00
1E000F00
3C000780
3C000780
7C000780
780003C0
780003C0
F80003E0
F00001E0
ENDCHAR
STARTCHAR acircumflextilde
ENCODING 7851
SWIDTH 556 0
DWIDTH 22 0
BBX 18 35 2 0
BITMAP
0F0700
1FC700
1FFF00
3CFE00
383C00
000000
000000
01F000
03F800
07BC00
0F1E00
1E1E00
000000
000000
07F800
1FFE00
3FFF00
7C1F80
F80780
F00780
000780
001F80
03FF80
1FFF80
3FF780
7E0780
F80780
F00780
F00780
F00F80
F01F80
F83F80
7FFF80
3FE780
1F83C0
ENDCHAR
STARTCHAR Acircumflexdotbelow
ENCODING 7852
SWIDTH 666 0
DWIDTH 27 0
BBX 27 38 0 -6
BITMAP
003F0000
0071C000
00000000
003F0000
003F0000
007F8000
007F8000
00738000
00F3C000
00F1C000
00E1E000
01E1E000
01E0E000
01C0F000
03C07000
03C07800
07807800
07803800
07803C00
0FFFFC00
0FFFFE00
0FFFFE00
1FFFFE00
1E000F00
1E000F00
3C000780
3C000780
7C000780
780003C0
780003C0
F80003E0
F00001E0
00000000
00000000
001E0000
001E0000
001E0000
001E0000
ENDCHAR
STARTCHAR acircumflexdotbelow
ENCODING 7853
SWIDTH 556 0
DWIDTH 22 0
BBX 18 34 2 -6
BITMAP
01F000
03F800
07BC00
0F1E00
1E1E00
000000
000000
07F800
1FFE00
3FFF00
7C1F80
F80780
F00780
000780
001F80
03FF80
1FFF80
3FF780
7E0780
F80780
F00780
F00780
F00F80
F01F80
F83F80
7FFF80
3FE780
1F83C0
000000
000000
01E000
01E000
01E000
01E000
ENDCHAR
STARTCHAR Abreveacute
ENCODING 7854
SWIDTH 666 0
DWIDTH 27 0
BBX 27 36 0 0
BITMAP
0003E000
0007C000
000F0000
00000000
00C0E000
007F8000
00000000
003F0000
003F0000
007F8000
007F8000
00738000
00F3C000
00F1C000
00E1E000
01E1E000
01E0E000
01C0F000
03C07000
03C07800
07807800
07803800
07803C00
0FFFFC00
0FFFFE00
0FFFFE00
1FFFFE00
1E000F00
1E000F00
3C000780
3C000780
7C000780
780003C0
780003C0
F80003E0
F00001E0
ENDCHAR
STARTCHAR abreveacute
ENCODING 7855
SWIDTH 556 0
DWIDTH 22 0
BBX 18 36 2 0
BITMAP
003E00
007C00
00F800
00F000
01E000
000000
000000
000000
0C0600
0E0E00
060C00
07FC00
01F000
000000
000000
07F800
1FFE00
3FFF00
7C1F80
F80780
F00780
000780
001F80
03FF80
1FFF80
3FF780
7E0780
F80780
F00780
F00780
F00F80
F01F80
F83F80
7FFF80
3FE780
1F83C0
ENDCHAR
STARTCHAR Abrevegrave
ENCODING 7856
SWIDTH 666 0
DWIDTH 27 0
BBX 27 36 0 0
BITMAP
00F80000
003C0000
001E0000
00000000
00C0E000
007F8000
00000000
003F0000
003F0000
007F8000
007F8000
00738000
00F3C000
00F1C000
00E1E000
01E1E000
01E0E000
01C0F000
03C07000
03C07800
07807800
07803800
07803C00
0FFFFC00
0FFFFE00
0FFFFE00
1FFFFE00
1E000F00
1E000F00
3C000780
3C000780
7C000780
780003C0
780003C0
F80003E0
F00001E0
ENDCHAR
STARTCHAR abrevegrave
ENCODING 7857
SWIDTH 556 0
DWIDTH 22 0
BBX 18 36 2 0
BITMAP
0F8000
07C000
03C000
01E000
00F000
000000
000000
000000
0C0600
0E0E00
060C00
07FC00
01F000
000000
000000
07F800
1FFE00
3FFF00
7C1F80
F80780
F00780
000780
001F80
03FF80
1FFF80
3FF780
7E0780
F80780
F00780
F00780
F00F80
F01F80
F83F80
7FFF80
3FE780
1F83C0
ENDCHAR
STARTCHAR Abrevehookabove
ENCODING 7858
SWIDTH 666 0
DWIDTH 27 0
BBX 27 36 0 0
BITMAP
00FE0000
00070000
001E0000
00000000
00C0E000
007F8000
00000000
003F0000
003F0000
007F8000
007F8000
00738000
00F3C000
00F1C000
00E1E000
01E1E000
01E0E000
01C0F000
03C07000
03C07800
07807800
07803800
07803C00
0FFFFC00
0FFFFE00
0FFFFE00
1FFFFE00
1E000F00
1E000F00
3C000780
3C000780
7C000780
780003C0
780003C0
F80003E0
F00001E0
ENDCHAR
STARTCHAR abrevehookabove
ENCODING 7859
SWIDTH 556 0
DWIDTH 22 0
BBX 18 36 2 0
BITMAP
03F000
03F800
003C00
001C00
007800
006000
000000
000000
0C0600
0E0E00
060C00
07FC00
01F000
000000
000000
07F800
1FFE00
3FFF00
7C1F80
F80780
F00780
000780
001F80
03FF80
1FFF80
3FF780
7E0780
F80780
F00780
F00780
F00F80
F01F80
F83F80
7FFF80
3FE780
1F83C0
ENDCHAR
STARTCHAR Abrevetilde
ENCODING 7860
SWIDTH 666 0
DWIDTH 27 0
BBX 27 36 0 0
BITMAP
00F87000
01FFE000
0187C000
00000000
00C0E000
007F8000
00000000
003F0000
003F0000
007F8000
007F8000
00738000
00F3C000
00F1C000
00E1E000
01E1E000
01E0E000
01C0F000
03C07000
03C07800
07807800
07803800
07803C00
0FFFFC00
0FFFFE00
0FFFFE00
1FFFFE00
1E000F00
1E000F00
3C000780
3C000780
7C000780
780003C0
780003C0
F80003E0
F00001E0
ENDCHAR
STARTCHAR abrevetilde
ENCODING 7861
SWIDTH 556 0
DWIDTH 22 0
BBX 18 35 2 0
BITMAP
078380
0FE380
1FFF80
1C7F00
1C1E00
000000
000000
0C0600
0E0E00
060C00
07FC00
01F000
000000
000000
07F800
1FFE00
3FFF00
7C1F80
F80780
F00780
000780
001F80
03FF80
1FFF80
3FF780
7E0780
F80780
F00780
F00780
F00F80
F01F80
F83F80
7FFF80
3FE780
1F83C0
ENDCHAR
STARTCHAR Abrevedotbelow
ENCODING 7862
SWIDTH 666 0
DWIDTH 27 0
BBX 27 38 0 -6
BITMAP
00C0E000
007F8000
00000000
003F0000
003F0000
007F8000
007F8000
00738000
00F3C000
00F1C000
00E1E000
01E1E000
01E0E000
01C0F000
03C07000
03C07800
07807800
07803800
07803C00
0FFFFC00
0FFFFE00
0FFFFE00
1FFFFE00
1E000F00
1E000F00
3C000780
3C000780
7C000780
780003C0
780003C0
F80003E0
F00001E0
00000000
00000000
001E0000
001E0000
001E0000
001E0000
ENDCHAR
STARTCHAR abrevedotbelow
ENCODING 7863
SWIDTH 556 0
DWIDTH 22 0
BBX 18 34 2 -6
BITMAP
0C0600
0E0E00
060C00
07FC00
01F000
000000
000000
07F800
1FFE00
3FFF00
7C1F80
F80780
F00780
000780
001F80
03FF80
1FFF80
3FF780
7E0780
F80780
F00780
F00780
F00F80
F01F80
F83F80
7FFF80
3FE780
1F83C0
000000
000000
01E000
01E000
01E000
01E000
ENDCHAR
STARTCHAR Edotbelow
ENCODING 7864
SWIDTH 666 0
DWIDTH 27 0
BBX 22 35 3 -6
BITMAP
FFFFF8
FFFFF8
FFFFF8
FFFFF8
F00000
F00000
F00000
F00000
F00000
F00000
F00000
F00000
FFFFF0
FFFFF0
FFFFF0
FFFFF0
F00000
F00000
F00000
F00000
F00000
F00000
F00000
F00000
F00000
FFFFFC
FFFFFC
FFFFFC
FFFFFC
000000
000000
007800
007800
007800
007800
ENDCHAR
STARTCHAR edotbelow
ENCODING 7865
SWIDTH 556 0
DWIDTH 22 0
BBX 18 27 2 -6
BITMAP
03F000
0FFC00
1FFE00
3E1F00
780780
780780
7003C0
F003C0
FFFFC0
FFFFC0
FFFFC0
F00000
F00000
F00000
F80000
7803C0
7C0780
3E0F80
1FFF00
0FFE00
03F800
000000
000000
03C000
03C000
03C000
03C000
ENDCHAR
STARTCHAR Ehookabove
ENCODING 7866
SWIDTH 666 0
DWIDTH 27 0
BBX 22 36 3 0
BITMAP
01F800
01FE00
000E00
000E00
003C00
003000
000000
FFFFF8
FFFFF8
FFFFF8
FFFFF8
F00000
F00000
F00000
F00000
F00000
F00000
F00000
F00000
FFFFF0
FFFFF0
FFFFF0
FFFFF0
F00000
F00000
F00000
F00000
F00000
F00000
F00000
F00000
F00000
FFFFFC
FFFFFC
FFFFFC
FFFFFC
ENDCHAR
STARTCHAR ehookabove
ENCODING 7867
SWIDTH 556 0
DWIDTH 22 0
BBX 18 31 2 0
BITMAP
03F000
03F800
003C00
001C00
003C00
007000
006000
000000
000000
000000
03F000
0FFC00
1FFE00
3E1F00
780780
780780
7003C0
F003C0
FFFFC0
FFFFC0
FFFFC0
F00000
F00000
F00000
F80000
7803C0
7C0780
3E0F80
1FFF00
0FFE00
03F800
ENDCHAR
STARTCHAR Etilde
ENCODING 7868
SWIDTH 666 0
DWIDTH 27 0
BBX 22 36 3 0
BITMAP
01C380
07F380
07FF80
073F00
0E0E00
000000
000000
FFFFF8
FFFFF8
FFFFF8
FFFFF8
F00000
F00000
F00000
F00000
F00000
F00000
F00000
F00000
FFFFF0
FFFFF0
FFFFF0
FFFFF0
F00000
F00000
F00000
F00000
F00000
F00000
F00000
F00000
F00000
FFFFFC
FFFFFC
FFFFFC
FFFFFC
ENDCHAR
STARTCHAR etilde
ENCODING 7869
SWIDTH 556 0
DWIDTH 22 0
BBX 18 29 2 0
BITMAP
070700
0FCF00
1FFE00
1CFE00
1C3C00
000000
000000
000000
03F000
0FFC00
1FFE00
3E1F00
780780
780780
7003C0
F003C0
FFFFC0
FFFFC0
FFFFC0
F00000
F00000
F00000
F80000
7803C0
7C0780
3E0F80
1FFF00
0FFE00
03F800
ENDCHAR
STARTCHAR Ecircumflexacute
ENCODING 7870
SWIDTH 666 0
DWIDTH 27 0
BBX 22 36 3 0
BITMAP
003E00
007C00
00F000
000000
00FC00
03CE00
000000
FFFFF8
FFFFF8
FFFFF8
FFFFF8
F00000
F00000
F00000
F00000
F00000
F00000
F00000
F00000
FFFFF0
FFFFF0
FFFFF0
FFFFF0
F00000
F00000
F00000
F00000
F00000
F00000
F00000
F00000
F00000
FFFFFC
FFFFFC
FFFFFC
FFFFFC
ENDCHAR
STARTCHAR ecircumflexacute
ENCODING 7871
SWIDTH 556 0
DWIDTH 22 0
BBX 18 36 2 0
BITMAP
003E00
007C00
00F800
00F000
01E000
000000
000000
000000
01F000
03F800
07BC00
0F1E00
1E1E00
000000
000000
03F000
0FFC00
1FFE00
3E1F00
780780
780780
7003C0
F003C0
FFFFC0
FFFFC0
FFFFC0
F00000
F00000
F00000
F80000
7803C0
7C0780
3E0F80
1FFF00
0FFE00
03F800
ENDCHAR
STARTCHAR Ecircumflexgrave
ENCODING 7872
SWIDTH 666 0
DWIDTH 27 0
BBX 22 36 3 0
BITMAP
01F000
007800
003C00
000000
00FC00
03CE00
000000
FFFFF8
FFFFF8
FFFFF8
FFFFF8
F00000
F00000
F00000
F00000
F00000
F00000
F00000
F00000
FFFFF0
FFFFF0
FFFFF0
FFFFF0
F00000
F00000
F00000
F00000
F00000
F00000
F00000
F00000
F00000
FFFFFC
FFFFFC
FFFFFC
FFFFFC
ENDCHAR
STARTCHAR ecircumflexgrave
ENCODING 7873
SWIDTH 556 0
DWIDTH 22 0
BBX 18 36 2 0
BITMAP
0F8000
07C000
03C000
01E000
00F000
000000
000000
000000
01F000
03F800
07BC00
0F1E00
1E1E00
000000
000000
03F000
0FFC00
1FFE00
3E1F00
780780
780780
7003C0
F003C0
FFFFC0
FFFFC0
FFFFC0
F00000
F00000
F00000
F80000
7803C0
7C0780
3E0F80
1FFF00
0FFE00
03F800
ENDCHAR
STARTCHAR Ecircumflexhookabove
ENCODING 7874
SWIDTH 666 0
DWIDTH 27 0
BBX 22 36 3 0
BITMAP
00FC00
000E00
001E00
000000
00FC00
03CE00
000000
FFFFF8
FFFFF8
FFFFF8
FFFFF8
F00000
F00000
F00000
F00000
F00000
F00000
F00000
F00000
FFFFF0
FFFFF0
FFFFF0
FFFFF0
F00000
F00000
F00000
F00000
F00000
F00000
F00000
F00000
F00000
FFFFFC
FFFFFC
FFFFFC
FFFFFC
ENDCHAR
STARTCHAR ecircumflexhookabove
ENCODING 7875
SWIDTH 556 0
DWIDTH 22 0
BBX 18 36 2 0
BITMAP
07E000
03F800
003800
003800
00F000
00C000
000000
000000
01F000
03F800
07BC00
0F1E00
1E1E00
000000
000000
03F000
0FFC00
1FFE00
3E1F00
780780
780780
7003C0
F003C0
FFFFC0
FFFFC0
FFFFC0
F00000
F00000
F00000
F80000
7803C0
7C0780
3E0F80
1FFF00
0FFE00
03F800
ENDCHAR
STARTCHAR Ecircumflextilde
ENCODING 7876
SWIDTH 666 0
DWIDTH 27 0
BBX 22 36 3 0
BITMAP
03E1C0
07FF80
061F00
000000
00FC00
03CE00
000000
FFFFF8
FFFFF8
FFFFF8
FFFFF8
F00000
F00000
F00000
F00000
F00000
F00000
F00000
F00000
FFFFF0
FFFFF0
FFFFF0
FFFFF0
F00000
F00000
F00000
F00000
F00000
F00000
F00000
F00000
F00000
FFFFFC
FFFFFC
FFFFFC
FFFFFC
ENDCHAR
STARTCHAR ecircumflextilde
ENCODING 7877
SWIDTH 556 0
DWIDTH 22 0
BBX 18 35 2 0
BITMAP
0F0700
1FC700
1FFF00
3CFE00
383C00
000000
000000
01F000
03F800
07BC00
0F1E00
1E1E00
000000
000000
03F000
0FFC00
1FFE00
3E1F00
780780
780780
7003C0
F003C0
FFFFC0
FFFFC0
FFFFC0
F00000
F00000
F00000
F80000
7803C0
7C0780
3E0F80
1FFF00
0FFE00
03F800
ENDCHAR
STARTCHAR Ecircumflexdotbelow
ENCODING 7878
SWIDTH 666 0
DWIDTH 27 0
BBX 22 38 3 -6
BITMAP
00FC00
03CE00
000000
FFFFF8
FFFFF8
FFFFF8
FFFFF8
F00000
F00000
F00000
F00000
F00000
F00000
F00000
F00000
FFFFF0
FFFFF0
FFFFF0
FFFFF0
F00000
F00000
F00000
F00000
F00000
F00000
F00000
F00000
F00000
FFFFFC
FFFFFC
FFFFFC
FFFFFC
000000
000000
007800
007800
007800
007800
ENDCHAR
STARTCHAR ecircumflexdotbelow
ENCODING 7879
SWIDTH 556 0
DWIDTH 22 0
BBX 18 34 2 -6
BITMAP
01F000
03F800
07BC00
0F1E00
1E1E00
000000
000000
03F000
0FFC00
1FFE00
3E1F00
780780
780780
7003C0
F003C0
FFFFC0
FFFFC0
FFFFC0
F00000
F00000
F00000
F80000
7803C0
7C0780
3E0F80
1FFF00
0FFE00
03F800
000000
000000
03C000
03C000
03C000
03C000
ENDCHAR
STARTCHAR Ihookabove
ENCODING 7880
SWIDTH 277 0
DWIDTH 10 0
BBX 8 36 1 0
BITMAP
FC
FF
07
07
1E
18
00
3C
3C
3C
3C
3C
3C
3C
3C
3C
3C
3C
3C
3C
3C
3C
3C
3C
3C
3C
3C
3C
3C
3C
3C
3C
3C
3C
3C
3C
ENDCHAR
STARTCHAR ihookabove
ENCODING 7881
SWIDTH 222 0
DWIDTH 8 0
BBX 8 31 1 0
BITMAP
FC
FE
0F
07
07
1E
18
00
00
00
3C
3C
3C
3C
3C
3C
3C
3C
3C
3C
3C
3C
3C
3C
3C
3C
3C
3C
3C
3C
3C
ENDCHAR
STARTCHAR Idotbelow
ENCODING 7882
SWIDTH 277 0
DWIDTH 10 0
BBX 5 35 3 -6
BITMAP
F0
F0
F0
F0
F0
F0
F0
F0
F0
F0
F0
F0
F0
F0
F0
F0
F0
F0
F0
F0
F0
F0
F0
F0
F0
F0
F0
F0
F0
00
00
78
78
78
78
ENDCHAR
STARTCHAR idotbelow
ENCODING 7883
SWIDTH 222 0
DWIDTH 8 0
BBX 4 35 2 -6
BITMAP
F0
F0
F0
F0
00
00
00
00
F0
F0
F0
F0
F0
F0
F0
F0
F0
F0
F0
F0
F0
F0
F0
F0
F0
F0
F0
F0
F0
00
00
F0
F0
F0
F0
ENDCHAR
STARTCHAR Odotbelow
ENCODING 7884
SWIDTH 777 0
DWIDTH 31 0
BBX 27 35 2 -6
BITMAP
003F8000
01FFF000
07FFFC00
0FFFFE00
1FC07F00
3F001F00
3E000F80
7C0007C0
780003C0
780003C0
F80003E0
F00001E0
F00001E0
F00001E0
F00001E0
F00001E0
F00001E0
F00001E0
F00003E0
780003C0
780003C0
7C0007C0
3E000F80
1F001F00
1FC07F00
0FFFFE00
07FFFC00
01FFF000
003F8000
00000000
00000000
001E0000
001E0000
001E0000
001E0000
ENDCHAR
STARTCHAR odotbelow
ENCODING 7885
SWIDTH 556 0
DWIDTH 22 0
BBX 18 27 2 -6
BITMAP
03F000
0FFC00
1FFE00
3E1F00
7C0F80
780780
F807C0
F003C0
F003C0
F003C0
F003C0
F003C0
F003C0
F003C0
F807C0
780780
7C0F80
3E1F00
1FFE00
0FFC00
03F000
000000
000000
01E000
01E000
01E000
01E000
ENDCHAR
STARTCHAR Ohookabove
ENCODING 7886
SWIDTH 777 0
DWIDTH 31 0
BBX 27 36 2 0
BITMAP
003F0000
003FC000
0001C000
0001C000
00078000
00060000
00000000
003F8000
01FFF000
07FFFC00
0FFFFE00
1FC07F00
3F001F00
3E000F80
7C0007C0
780003C0
780003C0
F80003E0
F00001E0
F00001E0
F00001E0
F00001E0
F00001E0
F00001E0
F00001E0
F00003E0
780003C0
780003C0
7C0007C0
3E000F80
1F001F00
1FC07F00
0FFFFE00
07FFFC00
01FFF000
003F8000
ENDCHAR
STARTCHAR ohookabove
ENCODING 7887
SWIDTH 556 0
DWIDTH 22 0
BBX 18 31 2 0
BITMAP
07E000
07F000
007800
003800
007800
00E000
00C000
000000
000000
000000
03F000
0FFC00
1FFE00
3E1F00
7C0F80
780780
F807C0
F003C0
F003C0
F003C0
F003C0
F003C0
F003C0
F003C0
F807C0
780780
7C0F80
3E1F00
1FFE00
0FFC00
03F000
ENDCHAR
STARTCHAR Ocircumflexacute
ENCODING 7888
SWIDTH 777 0
DWIDTH 31 0
BBX 27 36 2 0
BITMAP
0007C000
000F8000
001E0000
00000000
001F8000
0079E000
00000000
003F8000
01FFF000
07FFFC00
0FFFFE00
1FC07F00
3F001F00
3E000F80
7C0007C0
780003C0
780003C0
F80003E0
F00001E0
F00001E0
F00001E0
F00001E0
F00001E0
F00001E0
F00001E0
F00003E0
780003C0
780003C0
7C0007C0
3E000F80
1F001F00
1FC07F00
0FFFFE00
07FFFC00
01FFF000
003F8000
ENDCHAR
STARTCHAR ocircumflexacute
ENCODING 7889
SWIDTH 556 0
DWIDTH 22 0
BBX 18 36 2 0
BITMAP
003E00
007C00
00F800
00F000
01E000
000000
000000
000000
01F000
03F800
07BC00
0F1E00
1E1E00
000000
000000
03F000
0FFC00
1FFE00
3E1F00
7C0F80
780780
F807C0
F003C0
F003C0
F003C0
F003C0
F003C0
F003C0
F003C0
F807C0
780780
7C0F80
3E1F00
1FFE00
0FFC00
03F000
ENDCHAR
STARTCHAR Ocircumflexgrave
ENCODING 7890
SWIDTH 777 0
DWIDTH 31 0
BBX 27 36 2 0
BITMAP
003E0000
000F0000
00078000
00000000
001F8000
0079E000
00000000
003F8000
01FFF000
07FFFC00
0FFFFE00
1FC07F00
3F001F00
3E000F80
7C0007C0
780003C0
780003C0
F80003E0
F00001E0
F00001E0
F00001E0
F00001E0
F00001E0
F00001E0
F00001E0
F00003E0
780003C0
780003C0
7C0007C0
3E000F80
1F001F00
1FC07F00
0FFFFE00
07FFFC00
01FFF000
003F8000
ENDCHAR
STARTCHAR ocircumflexgrave
ENCODING 7891
SWIDTH 556 0
DWIDTH 22 0
BBX 18 36 2 0
BITMAP
0F8000
07C000
03C000
01E000
00F000
000000
000000
000000
01F000
03F800
07BC00
0F1E00
1E1E00
000000
000000
03F000
0FFC00
1FFE00
3E1F00
7C0F80
780780
F807C0
F003C0
F003C0
F003C0
F003C0
F003C0
F003C0
F003C0
F807C0
780780
7C0F80
3E1F00
1FFE00
0FFC00
03F000
ENDCHAR
STARTCHAR Ocircumflexhookabove
ENCODING 7892
SWIDTH 777 0
DWIDTH 31 0
BBX 27 36 2 0
BITMAP
003F8000
0001C000
00078000
00000000
001F8000
0079E000
00000000
003F8000
01FFF000
07FFFC00
0FFFFE00
1FC07F00
3F001F00
3E000F80
7C0007C0
780003C0
780003C0
F80003E0
F00001E0
F00001E0
F00001E0
F00001E0
F00001E0
F00001E0
F00001E0
F00003E0
780003C0
780003C0
7C0007C0
3E000F80
1F001F00
1FC07F00
0FFFFE00
07FFFC00
01FFF000
003F8000
ENDCHAR
STARTCHAR ocircumflexhookabove
ENCODING 7893
SWIDTH 556 0
DWIDTH 22 0
BBX 18 36 2 0
BITMAP
07E000
03F800
003800
003800
00F000
00C000
000000
000000
01F000
03F800
07BC00
0F1E00
1E1E00
000000
000000
03F000
0FFC00
1FFE00
3E1F00
7C0F80
780780
F807C0
F003C0
F003C0
F003C0
F003C0
F003C0
F003C0
F003C0
F807C0
780780
7C0F80
3E1F00
1FFE00
0FFC00
03F000
ENDCHAR
STARTCHAR Ocircumflextilde
ENCODING 7894
SWIDTH 777 0
DWIDTH 31 0
BBX 27 36 2 0
BITMAP
007E1800
00FFF800
00C3F000
00000000
001F8000
0079E000
00000000
003F8000
01FFF000
07FFFC00
0FFFFE00
1FC07F00
3F001F00
3E000F80
7C0007C0
780003C0
780003C0
F80003E0
F00001E0
F00001E0
F00001E0
F00001E0
F00001E0
F00001E0
F00001E0
F00003E0
780003C0
780003C0
7C0007C0
3E000F80
1F001F00
1FC07F00
0FFFFE00
07FFFC00
01FFF000
003F8000
ENDCHAR
STARTCHAR ocircumflextilde
ENCODING 7895
SWIDTH 556 0
DWIDTH 22 0
BBX 18 35 2 0
BITMAP
0F0700
1FC700
1FFF00
3CFE00
383C00
000000
000000
01F000
03F800
07BC00
0F1E00
1E1E00
000000
000000
03F000
0FFC00
1FFE00
3E1F00
7C0F80
780780
F807C0
F003C0
F003C0
F003C0
F003C0
F003C0
F003C0
F003C0
F807C0
780780
7C0F80
3E1F00
1FFE00
0FFC00
03F000
ENDCHAR
STARTCHAR Ocircumflexdotbelow
ENCODING 7896
SWIDTH 777 0
DWIDTH 31 0
BBX 27 38 2 -6
BITMAP
001F8000
0079E000
00000000
003F8000
01FFF000
07FFFC00
0FFFFE00
1FC07F00
3F001F00
3E000F80
7C0007C0
780003C0
780003C0
F80003E0
F00001E0
F00001E0
F00001E0
F00001E0
F00001E0
F00001E0
F00001E0
F00003E0
780003C0
780003C0
7C0007C0
3E000F80
1F001F00
1FC07F00
0FFFFE00
07FFFC00
01FFF000
003F8000
00000000
00000000
001E0000
001E0000
001E0000
001E0000
ENDCHAR
STARTCHAR ocircumflexdotbelow
ENCODING 7897
SWIDTH 556 0
DWIDTH 22 0
BBX 18 34 2 -6
BITMAP
01F000
03F800
07BC00
0F1E00
1E1E00
000000
000000
03F000
0FFC00
1FFE00
3E1F00
7C0F80
780780
F807C0
F003C0
F003C0
F003C0
F003C0
F003C0
F003C0
F003C0
F807C0
780780
7C0F80
3E1F00
1FFE00
0FFC00
03F000
000000
000000
01E000
01E000
01E000
01E000
ENDCHAR
STARTCHAR Ohornacute
ENCODING 7898
SWIDTH 857 0
DWIDTH 34 0
BBX 31 36 2 0
BITMAP
0003E000
0007C000
000F8000
000F0000
001E0000
00000000
00000000
003F801E
01FFF01E
07FFFC1E
0FFFFE1E
1FC07F06
1F001F06
3E000F8C
7C0007CC
780003F8
780003E0
F80003E0
F00001E0
F00001E0
F00001E0
F00001E0
F00001E0
F00001E0
F00001E0
F00003E0
780003C0
780003C0
7C0007C0
3E000F80
1F001F00
1FC07F00
0FFFFE00
07FFFC00
01FFF000
003F8000
ENDCHAR
STARTCHAR ohornacute
ENCODING 7899
SWIDTH 655 0
DWIDTH 26 0
BBX 23 28 2 0
BITMAP
003E00
007C00
00F800
00F000
01E000
000000
000000
03F81E
0FFE1E
1FFF1E
3E0F86
7C07C6
7803C6
F803CC
F001FC
F001F8
F001F0
F001E0
F001E0
F001E0
F001E0
F803E0
7803C0
7C07C0
3E0F80
1FFF00
0FFE00
03F800
ENDCHAR
STARTCHAR Ohorngrave
ENCODING 7900
SWIDTH 857 0
DWIDTH 34 0
BBX 31 36 2 0
BITMAP
00F80000
007C0000
003C0000
001E0000
000F0000
00000000
00000000
003F801E
01FFF01E
07FFFC1E
0FFFFE1E
1FC07F06
1F001F06
3E000F8C
7C0007CC
780003F8
780003E0
F80003E0
F00001E0
F00001E0
F00001E0
F00001E0
F00001E0
F00001E0
F00001E0
F00003E0
780003C0
780003C0
7C0007C0
3E000F80
1F001F00
1FC07F00
0FFFFE00
07FFFC00
01FFF000
003F8000
ENDCHAR
STARTCHAR ohorngrave
ENCODING 7901
SWIDTH 655 0
DWIDTH 26 0
BBX 23 28 2 0
BITMAP
0F8000
07C000
03C000
01E000
00F000
000000
000000
03F81E
0FFE1E
1FFF1E
3E0F86
7C07C6
7803C6
F803CC
F001FC
F001F8
F001F0
F001E0
F001E0
F001E0
F001E0
F803E0
7803C0
7C07C0
3E0F80
1FFF00
0FFE00
03F800
ENDCHAR
STARTCHAR Ohornhookabove
ENCODING 7902
SWIDTH 857 0
DWIDTH 34 0
BBX 31 36 2 0
BITMAP
003F0000
003FC000
0001C000
0001C000
00078000
00060000
00000000
003F801E
01FFF01E
07FFFC1E
0FFFFE1E
1FC07F06
1F001F06
3E000F8C
7C0007CC
780003F8
780003E0
F80003E0
F00001E0
F00001E0
F00001E0
F00001E0
F00001E0
F00001E0
F00001E0
F00003E0
780003C0
780003C0
7C0007C0
3E000F80
1F001F00
1FC07F00
0FFFFE00
07FFFC00
01FFF000
003F8000
ENDCHAR
STARTCHAR ohornhookabove
ENCODING 7903
SWIDTH 655 0
DWIDTH 26 0
BBX 23 31 2 0
BITMAP
03F000
03F800
003C00
001C00
003C00
007000
006000
000000
000000
000000
03F81E
0FFE1E
1FFF1E
3E0F86
7C07C6
7803C6
F803CC
F001FC
F001F8
F001F0
F001E0
F001E0
F001E0
F001E0
F803E0
7803C0
7C07C0
3E0F80
1FFF00
0FFE00
03F800
ENDCHAR
STARTCHAR Ohorntilde
ENCODING 7904
SWIDTH 857 0
DWIDTH 34 0
BBX 31 36 2 0
BITMAP
00787000
00FC7000
01FFF000
01CFE000
01C3C000
00000000
00000000
003F801E
01FFF01E
07FFFC1E
0FFFFE1E
1FC07F06
1F001F06
3E000F8C
7C0007CC
780003F8
780003E0
F80003E0
F00001E0
F00001E0
F00001E0
F00001E0
F00001E0
F00001E0
F00001E0
F00003E0
780003C0
780003C0
7C0007C0
3E000F80
1F001F00
1FC07F00
0FFFFE00
07FFFC00
01FFF000
003F8000
ENDCHAR
STARTCHAR ohorntilde
ENCODING 7905
SWIDTH 655 0
DWIDTH 26 0
BBX 23 28 2 0
BITMAP
038700
0FE700
0FFF00
1E7E00
1C1C00
000000
000000
03F81E
0FFE1E
1FFF1E
3E0F86
7C07C6
7803C6
F803CC
F001FC
F001F8
F001F0
F001E0
F001E0
F001E0
F001E0
F803E0
7803C0
7C07C0
3E0F80
1FFF00
0FFE00
03F800
ENDCHAR
STARTCHAR Ohorndotbelow
ENCODING 7906
SWIDTH 857 0
DWIDTH 34 0
BBX 31 35 2 -6
BITMAP
003F801E
01FFF01E
07FFFC1E
0FFFFE1E
1FC07F06
1F001F06
3E000F8C
7C0007CC
780003F8
780003E0
F80003E0
F00001E0
F00001E0
F00001E0
F00001E0
F00001E0
F00001E0
F00001E0
F00003E0
780003C0
780003C0
7C0007C0
3E000F80
1F001F00
1FC07F00
0FFFFE00
07FFFC00
01FFF000
003F8000
00000000
00000000
001E0000
001E0000
001E0000
001E0000
ENDCHAR
STARTCHAR ohorndotbelow
ENCODING 7907
SWIDTH 655 0
DWIDTH 26 0
BBX 23 27 2 -6
BITMAP
03F81E
0FFE1E
1FFF1E
3E0F86
7C07C6
7803C6
F803CC
F001FC
F001F8
F001F0
F001E0
F001E0
F001E0
F001E0
F803E0
7803C0
7C07C0
3E0F80
1FFF00
0FFE00
03F800
000000
000000
00F000
00F000
00F000
00F000
ENDCHAR
STARTCHAR Udotbelow
ENCODING 7908
SWIDTH 722 0
DWIDTH 29 0
BBX 23 35 3 -6
BITMAP
F0001E
F0001E
F0001E
F0001E
F0001E
F0001E
F0001E
F0001E
F0001E
F0001E
F0001E
F0001E
F0001E
F0001E
F0001E
F0001E
F0001E
F0001E
F0001E
F0001E
F0001E
F8003E
78003C
7C007C
3F01F8
3FFFF8
1FFFF0
07FFC0
01FF00
000000
000000
007800
007800
007800
007800
ENDCHAR
STARTCHAR udotbelow
ENCODING 7909
SWIDTH 556 0
DWIDTH 21 0
BBX 17 27 2 -6
BITMAP
F00780
F00780
F00780
F00780
F00780
F00780
F00780
F00780
F00780
F00780
F00780
F00780
F00780
F00780
F00780
F00F80
F80F80
7C3F80
7FF780
3FE780
0F8780
000000
000000
03C000
03C000
03C000
03C000
ENDCHAR
STARTCHAR Uhookabove
ENCODING 7910
SWIDTH 722 0
DWIDTH 29 0
BBX 23 36 3 0
BITMAP
00F800
00FE00
000E00
000E00
001C00
001800
000000
F0001E
F0001E
F0001E
F0001E
F0001E
F0001E
F0001E
F0001E
F0001E
F0001E
F0001E
F0001E
F0001E
F0001E
F0001E
F0001E
F0001E
F0001E
F0001E
F0001E
F0001E
F8003E
78003C
7C007C
3F01F8
3FFFF8
1FFFF0
07FFC0
01FF00
ENDCHAR
STARTCHAR uhookabove
ENCODING 7911
SWIDTH 556 0
DWIDTH 21 0
BBX 17 31 2 0
BITMAP
07C000
07F000
007000
003800
007000
00E000
00C000
000000
000000
000000
F00780
F00780
F00780
F00780
F00780
F00780
F00780
F00780
F00780
F00780
F00780
F00780
F00780
F00780
F00780
F00F80
F80F80
7C3F80
7FF780
3FE780
0F8780
ENDCHAR
STARTCHAR Uhornacute
ENCODING 7912
SWIDTH 854 0
DWIDTH 34 0
BBX 30 36 3 0
BITMAP
000F8000
001F0000
003E0000
003C0000
00780000
00000000
00000000
F0001E3C
F0001E3C
F0001E3C
F0001E0C
F0001E0C
F0001E0C
F0001E18
F0001E38
F0001FF0
F0001FC0
F0001E00
F0001E00
F0001E00
F0001E00
F0001E00
F0001E00
F0001E00
F0001E00
F0001E00
F0001E00
F0001E00
F8003C00
78003C00
7C007C00
3F01F800
3FFFF800
1FFFE000
07FFC000
01FF0000
ENDCHAR
STARTCHAR uhornacute
ENCODING 7913
SWIDTH 669 0
DWIDTH 27 0
BBX 23 28 2 0
BITMAP
007C00
00F800
01F000
01E000
03C000
000000
000000
F0079E
F0079E
F0079E
F00786
F00786
F00786
F0078C
F0079C
F007F8
F007E0
F00780
F00780
F00780
F00780
F00780
F00F80
F80F80
7C3F80
7FF780
3FE780
0F8780
ENDCHAR
STARTCHAR Uhorngrave
ENCODING 7914
SWIDTH 854 0
DWIDTH 34 0
BBX 30 36 3 0
BITMAP
03E00000
01F00000
00F00000
00780000
003C0000
00000000
00000000
F0001E3C
F0001E3C
F0001E3C
F0001E0C
F0001E0C
F0001E0C
F0001E18
F0001E38
F0001FF0
F0001FC0
F0001E00
F0001E00
F0001E00
F0001E00
F0001E00
F0001E00
F0001E00
F0001E00
F0001E00
F0001E00
F0001E00
F8003C00
78003C00
7C007C00
3F01F800
3FFFF800
1FFFE000
07FFC000
01FF0000
ENDCHAR
STARTCHAR uhorngrave
ENCODING 7915
SWIDTH 669 0
DWIDTH 27 0
BBX 23 28 2 0
BITMAP
1F0000
0F8000
078000
03C000
01E000
000000
000000
F0079E
F0079E
F0079E
F00786
F00786
F00786
F0078C
F0079C
F007F8
F007E0
F00780
F00780
F00780
F00780
F00780
F00F80
F80F80
7C3F80
7FF780
3FE780
0F8780
ENDCHAR
STARTCHAR Uhornhookabove
ENCODING 7916
SWIDTH 854 0
DWIDTH 34 0
BBX 30 36 3 0
BITMAP
00F80000
00FE0000
000E0000
000E0000
001C0000
00180000
00000000
F0001E3C
F0001E3C
F0001E3C
F0001E0C
F0001E0C
F0001E0C
F0001E18
F0001E38
F0001FF0
F0001FC0
F0001E00
F0001E00
F0001E00
F0001E00
F0001E00
F0001E00
F0001E00
F0001E00
F0001E00
F0001E00
F0001E00
F8003C00
78003C00
7C007C00
3F01F800
3FFFF800
1FFFE000
07FFC000
01FF0000
ENDCHAR
STARTCHAR uhornhookabove
ENCODING 7917
SWIDTH 669 0
DWIDTH 27 0
BBX 23 31 2 0
BITMAP
0FC000
0FE000
00F000
007000
007000
01E000
018000
000000
000000
000000
F0079E
F0079E
F0079E
F00786
F00786
F00786
F0078C
F0079C
F007F8
F007E0
F00780
F00780
F00780
F00780
F00780
F00F80
F80F80
7C3F80
7FF780
3FE780
0F8780
ENDCHAR
STARTCHAR Uhorntilde
ENCODING 7918
SWIDTH 854 0
DWIDTH 34 0
BBX 30 36 3 0
BITMAP
01E1C000
03F1C000
07FFC000
071F8000
070F0000
00000000
00000000
F0001E3C
F0001E3C
F0001E3C
F0001E0C
F0001E0C
F0001E0C
F0001E18
F0001E38
F0001FF0
F0001FC0
F0001E00
F0001E00
F0001E00
F0001E00
F0001E00
F0001E00
F0001E00
F0001E00
F0001E00
F0001E00
F0001E00
F8003C00
78003C00
7C007C00
3F01F800
3FFFF800
1FFFE000
07FFC000
01FF0000
ENDCHAR
STARTCHAR uhorntilde
ENCODING 7919
SWIDTH 669 0
DWIDTH 27 0
BBX 23 28 2 0
BITMAP
070E00
0FCE00
1FFE00
1CFE00
3C3800
000000
000000
F0079E
F0079E
F0079E
F00786
F00786
F00786
F0078C
F0079C
F007F8
F007E0
F00780
F00780
F00780
F00780
F00780
F00F80
F80F80
7C3F80
7FF780
3FE780
0F8780
ENDCHAR
STARTCHAR Uhorndotbelow
ENCODING 7920
SWIDTH 854 0
DWIDTH 34 0
BBX 30 35 3 -6
BITMAP
F0001E3C
F0001E3C
F0001E3C
F0001E0C
F0001E0C
F0001E0C
F0001E18
F0001E38
F0001FF0
F0001FC0
F0001E00
F0001E00
F0001E00
F0001E00
F0001E00
F0001E00
F0001E00
F0001E00
F0001E00
F0001E00
F0001E00
F8003C00
78003C00
7C007C00
3F01F800
3FFFF800
1FFFE000
07FFC000
01FF0000
00000000
00000000
00780000
00780000
00780000
00780000
ENDCHAR
STARTCHAR uhorndotbelow
ENCODING 7921
SWIDTH 669 0
DWIDTH 27 0
BBX 23 27 2 -6
BITMAP
F0079E
F0079E
F0079E
F00786
F00786
F00786
F0078C
F0079C
F007F8
F007E0
F00780
F00780
F00780
F00780
F00780
F00F80
F80F80
7C3F80
7FF780
3FE780
0F8780
000000
000000
03C000
03C000
03C000
03C000
ENDCHAR
STARTCHAR Ygrave
ENCODING 7922
SWIDTH 666 0
DWIDTH 26 0
BBX 26 36 0 0
BITMAP
007C0000
003E0000
001E0000
000F0000
00078000
00000000
00000000
F80007C0
7C000F80
3C000F00
3E001F00
1F003E00
0F003C00
0F807C00
07C0F800
03C0F000
03E1F000
01E3E000
00F3C000
00FFC000
007F8000
003F0000
003F0000
001E0000
001E0000
001E0000
001E0000
001E0000
001E0000
001E0000
001E0000
001E0000
001E0000
001E0000
001E0000
001E0000
ENDCHAR
STARTCHAR ygrave
ENCODING 7923
SWIDTH 500 0
DWIDTH 19 0
BBX 19 36 0 -8
BITMAP
03E000
01F000
00F000
007800
003C00
000000
000000
F001E0
7803E0
7803C0
7C03C0
3C07C0
3C0780
3E0780
1E0F80
1F0F00
0F0F00
0F0F00
0F9E00
079E00
07DE00
03DC00
03FC00
03FC00
01F800
01F800
01F800
00F000
00F000
00F000
01E000
01E000
03C000
1FC000
1F8000
1F0000
ENDCHAR
STARTCHAR Ydotbelow
ENCODING 7924
SWIDTH 666 0
DWIDTH 26 0
BBX 26 35 0 -6
BITMAP
F80007C0
7C000F80
3C000F00
3E001F00
1F003E00
0F003C00
0F807C00
07C0F800
03C0F000
03E1F000
01E3E000
00F3C000
00FFC000
007F8000
003F0000
003F0000
001E0000
001E0000
001E0000
001E0000
001E0000
001E0000
001E0000
001E0000
001E0000
001E0000
001E0000
001E0000
001E0000
00000000
00000000
001E0000
001E0000
001E0000
001E0000
ENDCHAR
STARTCHAR ydotbelow
ENCODING 7925
SWIDTH 500 0
DWIDTH 19 0
BBX 19 29 0 -8
BITMAP
F001E0
7803E0
7803C0
7C03C0
3C07C0
3C0780
3E0780
1E0F80
1F0F00
0F0F00
0F0F00
0F9E00
079E00
07DE00
03DC00
03FC00
03FC00
01F800
01F800
01F800
00F000
00F000
00F000
01E3C0
01E3C0
03C3C0
1FC3C0
1F8000
1F0000
ENDCHAR
STARTCHAR Yhookabove
ENCODING 7926
SWIDTH 666 0
DWIDTH 26 0
BBX 26 36 0 0
BITMAP
003E0000
003F8000
0003C000
00038000
00070000
00060000
00000000
F80007C0
7C000F80
3C000F00
3E001F00
1F003E00
0F003C00
0F807C00
07C0F800
03C0F000
03E1F000
01E3E000
00F3C000
00FFC000
007F8000
003F0000
003F0000
001E0000
001E0000
001E0000
001E0000
001E0000
001E0000
001E0000
001E0000
001E0000
001E0000
001E0000
001E0000
001E0000
ENDCHAR
STARTCHAR yhookabove
ENCODING 7927
SWIDTH 500 0
DWIDTH 19 0
BBX 19 39 0 -8
BITMAP
03F000
03F800
003C00
001C00
001C00
007800
006000
000000
000000
000000
F001E0
7803E0
7803C0
7C03C0
3C07C0
3C0780
3E0780
1E0F80
1F0F00
0F0F00
0F0F00
0F9E00
079E00
07DE00
03DC00
03FC00
03FC00
01F800
01F800
01F800
00F000
00F000
00F000
01E000
01E000
03C000
1FC000
1F8000
1F0000
ENDCHAR
STARTCHAR Ytilde
ENCODING 7928
SWIDTH 666 0
DWIDTH 26 0
BBX 26 36 0 0
BITMAP
00787000
00FC7000
01FFF000
01C7E000
01C3C000
00000000
00000000
F80007C0
7C000F80
3C000F00
3E001F00
1F003E00
0F003C00
0F807C00
07C0F800
03C0F000
03E1F000
01E3E000
00F3C000
00FFC000
007F8000
003F0000
003F0000
001E0000
001E0000
001E0000
001E0000
001E0000
001E0000
001E0000
001E0000
001E0000
001E0000
001E0000
001E0000
001E0000
ENDCHAR
STARTCHAR ytilde
ENCODING 7929
SWIDTH 500 0
DWIDTH 19 0
BBX 19 36 0 -8
BITMAP
03C380
07E780
0FFF00
0E7F00
0E1E00
000000
000000
F001E0
7803E0
7803C0
7C03C0
3C07C0
3C0780
3E0780
1E0F80
1F0F00
0F0F00
0F0F00
0F9E00
079E00
07DE00
03DC00
03FC00
03FC00
01F800
01F800
01F800
00F000
00F000
00F000
01E000
01E000
03C000
1FC000
1F8000
1F0000
ENDCHAR
STARTCHAR zerowidthnonjoiner
ENCODING 8204
SWIDTH 0 0
DWIDTH 0 0
BBX 1 30 -1 -5
BITMAP
80
80
80
80
80
80
80
80
80
80
80
80
80
80
80
80
80
80
80
80
80
80
80
80
80
80
80
80
80
80
ENDCHAR
STARTCHAR zerowidthjoiner
ENCODING 8205
SWIDTH 0 0
DWIDTH 0 0
BBX 7 32 -4 -5
BITMAP
82
C6
6C
38
38
7C
D6
92
10
10
10
10
10
10
10
10
10
10
10
10
10
10
10
10
10
10
10
10
10
10
10
10
ENDCHAR
STARTCHAR lefttorightmark
ENCODING 8206
SWIDTH 0 0
DWIDTH 0 0
BBX 10 33 -1 -5
BITMAP
0800
0C00
0600
0300
FFC0
8300
8600
8C00
8800
8000
8000
8000
8000
8000
8000
8000
8000
8000
8000
8000
8000
8000
8000
8000
8000
8000
8000
8000
8000
8000
8000
8000
8000
ENDCHAR
STARTCHAR righttoleftmark
ENCODING 8207
SWIDTH 0 0
DWIDTH 0 0
BBX 10 33 -6 -5
BITMAP
0400
0C00
1800
3000
FFC0
3040
1840
0C40
0440
0040
0040
0040
0040
0040
0040
0040
0040
0040
0040
0040
0040
0040
0040
0040
0040
0040
0040
0040
0040
0040
0040
0040
0040
ENDCHAR
STARTCHAR endash
ENCODING 8211
SWIDTH 556 0
DWIDTH 22 0
BBX 22 3 0 9
BITMAP
FFFFFC
FFFFFC
FFFFFC
ENDCHAR
STARTCHAR emdash
ENCODING 8212
SWIDTH 1000 0
DWIDTH 40 0
BBX 40 3 0 9
BITMAP
FFFFFFFFFF
FFFFFFFFFF
FFFFFFFFFF
ENDCHAR
STARTCHAR afii00208
ENCODING 8213
SWIDTH 1000 0
DWIDTH 40 0
BBX 38 4 1 9
BITMAP
FFFFFFFFFC
FFFFFFFFFC
FFFFFFFFFC
FFFFFFFFFC
ENDCHAR
STARTCHAR underscoredbl
ENCODING 8215
SWIDTH 552 0
DWIDTH 22 0
BBX 22 8 0 -13
BITMAP
FFFFFC
FFFFFC
FFFFFC
000000
000000
FFFFFC
FFFFFC
FFFFFC
ENDCHAR
STARTCHAR quoteleft
ENCODING 8216
SWIDTH 222 0
DWIDTH 9 0
BBX 4 10 2 19
BITMAP
10
70
60
C0
C0
C0
F0
F0
F0
F0
ENDCHAR
STARTCHAR quoteright
ENCODING 8217
SWIDTH 222 0
DWIDTH 9 0
BBX 4 10 2 19
BITMAP
F0
F0
F0
F0
30
30
30
60
60
C0
ENDCHAR
STARTCHAR quotesinglbase
ENCODING 8218
SWIDTH 222 0
DWIDTH 9 0
BBX 4 10 2 -6
BITMAP
F0
F0
F0
F0
30
30
30
60
60
C0
ENDCHAR
STARTCHAR quotereversed
ENCODING 8219
SWIDTH 222 0
DWIDTH 9 0
BBX 4 10 3 19
BITMAP
F0
F0
F0
F0
C0
C0
C0
60
70
20
ENDCHAR
STARTCHAR quotedblleft
ENCODING 8220
SWIDTH 333 0
DWIDTH 13 0
BBX 10 10 2 19
BITMAP
30C0
6180
6180
C300
C300
C300
F3C0
F3C0
F3C0
F3C0
ENDCHAR
STARTCHAR quotedblright
ENCODING 8221
SWIDTH 333 0
DWIDTH 13 0
BBX 10 10 2 19
BITMAP
F3C0
F3C0
F3C0
F3C0
30C0
30C0
30C0
6180
6180
C300
ENDCHAR
STARTCHAR quotedblbase
ENCODING 8222
SWIDTH 333 0
DWIDTH 13 0
BBX 10 10 2 -6
BITMAP
F3C0
F3C0
F3C0
F3C0
30C0
30C0
30C0
6180
6180
C300
ENDCHAR
STARTCHAR dagger
ENCODING 8224
SWIDTH 556 0
DWIDTH 22 0
BBX 20 36 2 -7
BITMAP
00F000
00F000
00F000
00F000
00F000
00F000
00F000
00F000
FFFFF0
FFFFF0
FFFFF0
FFFFF0
00F000
00F000
00F000
00F000
00F000
00F000
00F000
00F000
00F000
00F000
00F000
00F000
00F000
00F000
00F000
00F000
00F000
00F000
00F000
00F000
00F000
00F000
00F000
00F000
ENDCHAR
STARTCHAR daggerdbl
ENCODING 8225
SWIDTH 556 0
DWIDTH 22 0
BBX 20 36 2 -7
BITMAP
00F000
00F000
00F000
00F000
00F000
00F000
00F000
FFFFF0
FFFFF0
FFFFF0
FFFFF0
00F000
00F000
00F000
00F000
00F000
00F000
00F000
00F000
00F000
00F000
00F000
00F000
00F000
00F000
FFFFF0
FFFFF0
FFFFF0
FFFFF0
00F000
00F000
00F000
00F000
00F000
00F000
00F000
ENDCHAR
STARTCHAR bullet
ENCODING 8226
SWIDTH 350 0
DWIDTH 14 0
BBX 10 10 2 9
BITMAP
1E00
7F80
7F80
FFC0
FFC0
FFC0
FFC0
7F80
7F80
1E00
ENDCHAR
STARTCHAR ellipsis
ENCODING 8230
SWIDTH 1000 0
DWIDTH 40 0
BBX 30 4 5 0
BITMAP
F007803C
F007803C
F007803C
F007803C
ENDCHAR
STARTCHAR uni202A
ENCODING 8234
SWIDTH 0 0
DWIDTH 0 0
BBX 9 29 -1 -5
BITMAP
FF80
8000
8000
8000
8000
8000
8000
8000
8000
8000
8000
8000
8000
8000
8000
8000
8000
8000
8000
8000
8000
8000
8000
8000
8000
8000
8000
8000
8000
ENDCHAR
STARTCHAR uni202B
ENCODING 8235
SWIDTH 0 0
DWIDTH 0 0
BBX 9 29 -9 -5
BITMAP
FF80
0080
0080
0080
0080
0080
0080
0080
0080
0080
0080
0080
0080
0080
0080
0080
0080
0080
0080
0080
0080
0080
0080
0080
0080
0080
0080
0080
0080
ENDCHAR
STARTCHAR uni202C
ENCODING 8236
SWIDTH 0 0
DWIDTH 0 0
BBX 9 32 -5 -5
BITMAP
FF80
FF80
FF80
FF80
FF80
FF80
FF80
FF80
0800
0800
0800
0800
0800
0800
0800
0800
0800
0800
0800
0800
0800
0800
0800
0800
0800
0800
0800
0800
0800
0800
0800
0800
ENDCHAR
STARTCHAR uni202D
ENCODING 8237
SWIDTH 0 0
DWIDTH 0 0
BBX 9 33 -5 -5
BITMAP
FF80
8000
8000
8000
8000
8000
8000
FF80
0800
0800
0800
0800
0800
0800
0800
0800
0800
0800
0800
0800
0800
0800
0800
0800
0800
0800
0800
0800
0800
0800
0800
0800
0800
ENDCHAR
STARTCHAR uni202E
ENCODING 8238
SWIDTH 0 0
DWIDTH 0 0
BBX 9 33 -5 -5
BITMAP
FF80
0080
0080
0080
0080
0080
0080
FF80
0800
0800
0800
0800
0800
0800
0800
0800
0800
0800
0800
0800
0800
0800
0800
0800
0800
0800
0800
0800
0800
0800
0800
0800
0800
ENDCHAR
STARTCHAR perthousand
ENCODING 8240
SWIDTH 1000 0
DWIDTH 40 0
BBX 38 29 1 0
BITMAP
1F00E00000
3F80E00000
71C1E00000
71C1C00000
E0E1C00000
E0E3800000
E0E3800000
E0E3800000
E0E7000000
E0E7000000
E0EF000000
71CE000000
71CE000000
3F9C000000
1F1C7C03E0
003CFE07F0
0039C70E38
0039C70E38
007B839C1C
0073839C1C
0073839C1C
00E3839C1C
00E3839C1C
01E3839C1C
01C3839C1C
01C1C70E38
03C1C70E38
0380FE07F0
03807C03E0
ENDCHAR
STARTCHAR minute
ENCODING 8242
SWIDTH 187 0
DWIDTH 8 0
BBX 5 10 2 19
BITMAP
78
78
F8
F0
F0
F0
E0
E0
E0
C0
ENDCHAR
STARTCHAR second
ENCODING 8243
SWIDTH 354 0
DWIDTH 14 0
BBX 11 10 1 19
BITMAP
79E0
79E0
FBE0
F3C0
F3C0
F3C0
E380
E380
E380
C300
ENDCHAR
STARTCHAR guilsinglleft
ENCODING 8249
SWIDTH 333 0
DWIDTH 13 0
BBX 9 18 2 1
BITMAP
0380
0700
0F00
0E00
1E00
3C00
3800
7800
F000
F000
7800
3800
3C00
1C00
0E00
0F00
0700
0380
ENDCHAR
STARTCHAR guilsinglright
ENCODING 8250
SWIDTH 333 0
DWIDTH 13 0
BBX 9 18 2 1
BITMAP
E000
7000
7800
3800
1C00
1E00
0E00
0F00
0780
0780
0F00
0E00
1E00
3C00
3800
7800
7000
E000
ENDCHAR
STARTCHAR exclamdbl
ENCODING 8252
SWIDTH 500 0
DWIDTH 20 0
BBX 13 29 5 0
BITMAP
F078
F078
F078
F078
F078
F078
F078
F078
F078
F078
F078
F078
F078
F078
7038
6030
6030
6030
6030
6030
6030
6030
0000
0000
0000
F078
F078
F078
F078
ENDCHAR
STARTCHAR radicalex
ENCODING 8254
SWIDTH 333 0
DWIDTH 13 0
BBX 13 3 -1 24
BITMAP
FFF8
FFF8
FFF8
ENDCHAR
STARTCHAR fraction
ENCODING 8260
SWIDTH 166 0
DWIDTH 7 0
BBX 25 30 -9 -1
BITMAP
00000380
00000700
00000F00
00001E00
00001C00
00003800
00007800
0000F000
0000E000
0001C000
0003C000
00078000
00070000
000E0000
001E0000
003C0000
00380000
00700000
00F00000
01E00000
01C00000
03C00000
07800000
0F000000
0E000000
1E000000
3C000000
78000000
70000000
F0000000
ENDCHAR
STARTCHAR uni206A
ENCODING 8298
SWIDTH 0 0
DWIDTH 0 0
BBX 9 32 -5 -5
BITMAP
FF80
0800
0800
0800
0800
0800
0800
FF80
0800
0800
0800
0800
0800
0800
0800
0800
0800
0800
0800
0800
0800
0800
0800
0800
0800
0800
0800
0800
0800
0800
0800
0800
ENDCHAR
STARTCHAR uni206B
ENCODING 8299
SWIDTH 0 0
DWIDTH 0 0
BBX 9 33 -5 -5
BITMAP
FF80
8080
8080
8080
8080
8080
8080
FF80
0800
0800
0800
0800
0800
0800
0800
0800
0800
0800
0800
0800
0800
0800
0800
0800
0800
0800
0800
0800
0800
0800
0800
0800
0800
ENDCHAR
STARTCHAR uni206C;
ENCODING 8300
SWIDTH 0 0
DWIDTH 0 0
BBX 9 32 -5 -5
BITMAP
FF80
7F00
7F00
3E00
1C00
1C00
0800
0800
0800
0800
0800
0800
0800
0800
0800
0800
0800
0800
0800
0800
0800
0800
0800
0800
0800
0800
0800
0800
0800
0800
0800
0800
ENDCHAR
STARTCHAR uni206D
ENCODING 8301
SWIDTH 0 0
DWIDTH 0 0
BBX 9 32 -5 -5
BITMAP
0800
0800
1C00
1C00
3E00
7F00
7F00
FF80
0800
0800
0800
0800
0800
0800
0800
0800
0800
0800
0800
0800
0800
0800
0800
0800
0800
0800
0800
0800
0800
0800
0800
0800
ENDCHAR
STARTCHAR uni206E
ENCODING 8302
SWIDTH 0 0
DWIDTH 0 0
BBX 9 33 -5 -5
BITMAP
0800
1C00
3600
6300
C180
6300
3600
1C00
0800
0800
0800
0800
0800
0800
0800
0800
0800
0800
0800
0800
0800
0800
0800
0800
0800
0800
0800
0800
0800
0800
0800
0800
0800
ENDCHAR
STARTCHAR uni206F;
ENCODING 8303
SWIDTH 0 0
DWIDTH 0 0
BBX 9 32 -5 -5
BITMAP
F800
0800
0800
0800
0800
0800
0800
FF80
0800
0800
0800
0800
0800
0800
0800
0800
0800
0800
0800
0800
0800
0800
0800
0800
0800
0800
0800
0800
0800
0800
0800
0800
ENDCHAR
STARTCHAR nsuperior
ENCODING 8319
SWIDTH 364 0
DWIDTH 15 0
BBX 13 14 1 10
BITMAP
E7C0
FFF0
FFF8
F8F8
F078
F078
F078
F078
F078
F078
F078
F078
F078
F078
ENDCHAR
STARTCHAR franc
ENCODING 8355
SWIDTH 556 0
DWIDTH 22 0
BBX 20 29 0 0
BITMAP
1FFFF0
1FFFF0
1FFFF0
1FFFF0
1E0000
1E0000
1E0000
1E0000
1E0000
1E0000
1E0000
1FFFC0
1FFFC0
1FFFC0
1FFFC0
1E0000
1E0000
1E0000
1E0000
1E0000
FFF800
FFF800
FFF800
FFF800
1E0000
1E0000
1E0000
1E0000
1E0000
ENDCHAR
STARTCHAR afii08941
ENCODING 8356
SWIDTH 556 0
DWIDTH 22 0
BBX 20 29 0 0
BITMAP
00FC00
03FF00
07FF80
0F87C0
0F03C0
1E01E0
1E01E0
1E0000
1E0000
1E0000
0E0000
FFFC00
FFFC00
FFFC00
0F8000
078000
078000
FFFC00
FFFC00
FFFC00
078000
070000
0E0000
1FE000
3FFC20
7FFFE0
FFFFF0
703FF0
4007E0
ENDCHAR
STARTCHAR peseta
ENCODING 8359
SWIDTH 1093 0
DWIDTH 44 0
BBX 42 29 1 0
BITMAP
FFF000000000
FFFE00000000
FFFF0F000000
FFFF8F000000
F01F8F000000
F007CF000000
F003CF000000
F003CF000000
F003FFFFF000
F003FFFFFC00
F003FFFFFE00
F007CF3E1F00
F01F8F3C0F80
FFFF8F3C0780
FFFF0F3C0780
FFFE0F3F0000
FFF80F1FF000
F0000F0FFE00
F0000F07FF00
F0000F00FF80
F0000F001FC0
F0000F0007C0
F0000F3C03C0
F0000F3C03C0
F0000F3E07C0
F0000F1F0F80
F0000FFFFF00
F00007E7FE00
F00003E3F800
ENDCHAR
STARTCHAR newsheqelsign
ENCODING 8362
SWIDTH 815 0
DWIDTH 34 0
BBX 28 21 3 0
BITMAP
FFFF80F0
FFFFE0F0
FFFFE0F0
F001F0F0
F000F0F0
F000F0F0
F000F0F0
F0F0F0F0
F0F0F0F0
F0F0F0F0
F0F0F0F0
F0F0F0F0
F0F0F0F0
F0F0F0F0
F0F000F0
F0F000F0
F0F000F0
F0F001F0
F0FFFFE0
F0FFFFE0
F0FFFF80
ENDCHAR
STARTCHAR dongsign
ENCODING 8363
SWIDTH 513 0
DWIDTH 21 0
BBX 15 24 3 5
BITMAP
0018
007E
007E
0018
0018
0F98
3FF8
70F8
6038
E038
C018
C018
C018
C018
C018
E038
6038
3078
3FF8
0F98
0000
0000
FFFE
FFFE
ENDCHAR
STARTCHAR Euro
ENCODING 8364
SWIDTH 556 0
DWIDTH 22 0
BBX 23 29 -1 0
BITMAP
0007F0
003FFC
00FFFE
01FFFC
03F81C
07E004
0F8000
0F8000
0F0000
1E0000
7FFFF8
FFFFF8
FFFFF8
1E0000
1E0000
1E0000
7FFFF0
FFFFF0
FFFFF0
0F0000
0F0000
0F0000
078000
07E004
03F80C
01FFFC
00FFFC
007FFC
000FF0
ENDCHAR
STARTCHAR afii61248
ENCODING 8453
SWIDTH 885 0
DWIDTH 35 0
BBX 32 30 2 -1
BITMAP
0FC00780
3FE00700
78700E00
70780E00
E0381C00
E0001C00
E0003800
E0007800
E0007000
E038F000
E038E000
7071E000
78F1C000
3FE3C000
0F8383F0
00078FFC
00071E1E
000E1C0E
000E380F
001C3807
001C3807
00383807
00783807
00703807
00F03C0F
00E01C0E
01E01E1E
01C00FFC
03C003F0
03800000
ENDCHAR
STARTCHAR afii61289
ENCODING 8467
SWIDTH 323 0
DWIDTH 13 0
BBX 12 29 0 0
BITMAP
07C0
0FE0
0FF0
1CF0
1C70
1C70
1C70
1C60
1CE0
1CC0
1DC0
1F80
1F80
1F00
1E00
1C00
1C00
3C00
7C00
7C00
FC00
5C00
1C00
1C00
1C10
1C70
1FF0
0FE0
07C0
ENDCHAR
STARTCHAR afii61352
ENCODING 8470
SWIDTH 1072 0
DWIDTH 43 0
BBX 38 29 3 0
BITMAP
F800780000
FC00780000
FC00780000
FE00780000
FE00780000
FF00780000
FF00780FC0
FF80781FE0
F780783FF0
F3C0787CF8
F3C078F878
F1E078F03C
F1F078F03C
F0F078F03C
F0F878F03C
F07878F03C
F07C78F03C
F03C787878
F03E787CF8
F01E783FF0
F00F781FE0
F00F780FC0
F007F80000
F007F80000
F003F8FFFC
F003F8FFFC
F001F8FFFC
F001F80000
F000F80000
ENDCHAR
STARTCHAR trademark
ENCODING 8482
SWIDTH 1000 0
DWIDTH 40 0
BBX 31 16 4 13
BITMAP
FFF9E01E
FFF9E01E
FFF9F03E
0701F03E
0701F03E
0701D86E
0701D86E
0701D86E
0701CCCE
0701CCCE
0701CCCE
0701C78E
0701C78E
0701C78E
0701C30E
0701C30E
ENDCHAR
STARTCHAR Ohm
ENCODING 8486
SWIDTH 768 0
DWIDTH 31 0
BBX 27 29 2 0
BITMAP
003F8000
01FFF000
03FFF800
07C0FC00
0F803E00
1F001F00
3E000F80
3C000780
3C000780
7C0007C0
780003C0
780003C0
780003C0
780003C0
780003C0
780003C0
780003C0
780003C0
3C000780
3C000780
3E000F00
1E000F00
0F001E00
0F803E00
07C07C00
FFE0FFE0
FFE0FFE0
FFE0FFE0
FFE0FFE0
ENDCHAR
STARTCHAR estimated
ENCODING 8494
SWIDTH 600 0
DWIDTH 24 0
BBX 20 21 2 0
BITMAP
01F800
060600
1C0380
3801C0
3801C0
7801E0
7801E0
F801F0
F801F0
FFFFF0
FFFFF0
F80000
F80000
F80000
780000
780020
380060
3800C0
1C0180
0F0700
01FC00
ENDCHAR
STARTCHAR onethird
ENCODING 8531
SWIDTH 833 0
DWIDTH 33 0
BBX 32 29 1 0
BITMAP
07000070
0F0000F0
1F0001E0
7F0003C0
FF000380
E7000700
87000F00
07001E00
07001C00
07003800
07007800
0700F000
0701E000
0701C000
070381F8
000787FC
000F0F1E
000E0E0E
001C000E
003C001C
00780078
00F0007C
00E0000E
01E00007
03C00007
07800E07
07000F0E
0E0007FE
1E0001F8
ENDCHAR
STARTCHAR twothirds
ENCODING 8532
SWIDTH 833 0
DWIDTH 33 0
BBX 32 29 0 0
BITMAP
1F800070
7FE000E0
70F001E0
E07003C0
00700380
00700780
00E00F00
01E00E00
07C01C00
0F803C00
1F007800
3C007000
7800E000
FFF1E000
FFF3C1F8
000387FC
00078F1E
000F0E0E
000E000E
001C001C
003C0078
0078007C
0070000E
00E00007
01E00007
03C00E07
03800F0E
078007FE
0F0001F8
ENDCHAR
STARTCHAR oneeighth
ENCODING 8539
SWIDTH 833 0
DWIDTH 33 0
BBX 30 30 2 0
BITMAP
070001C0
0F000180
1F000300
7F000700
F7000E00
C7000C00
07001C00
07003800
07003000
07006000
0700E000
0700C000
07018000
07038000
07070000
00060FE0
000C1FF8
001C3C3C
0018381C
0030381C
00701C38
00E00FE0
00C01FF8
01C03C3C
0380381C
0300381C
0600381C
0E001C38
1C001FF8
180007E0
ENDCHAR
STARTCHAR threeeighths
ENCODING 8540
SWIDTH 833 0
DWIDTH 33 0
BBX 32 30 0 0
BITMAP
1FC00070
7FE00060
70F000C0
E07001C0
00700180
00E00300
03800700
03E00E00
00F00C00
00701800
00703800
E0703000
70E06000
7FE0E000
1F81C000
000183F8
000307FE
00070F0F
00060E07
000C0E07
001C070E
003803F8
003007FE
00700F0F
00E00E07
00C00E07
01800E07
0380070E
070007FE
060001F8
ENDCHAR
STARTCHAR fiveeighths
ENCODING 8541
SWIDTH 833 0
DWIDTH 33 0
BBX 30 30 2 0
BITMAP
3FF001C0
3FF00180
70000300
70000700
70000600
77800C00
FFE01C00
F0E03800
00703000
00706000
0070E000
E070C000
70E18000
7FC38000
1F870000
00060FE0
000C1FF8
001C3C3C
0018381C
0030381C
00701C38
00E00FE0
00C01FF8
01C03C3C
0380381C
0300381C
0600381C
0E001C38
1C001FF8
180007E0
ENDCHAR
STARTCHAR seveneighths
ENCODING 8542
SWIDTH 833 0
DWIDTH 33 0
BBX 30 30 2 0
BITMAP
FFC00180
FFC00380
01800700
03800600
07000E00
06001C00
0E001800
0E003000
1C007000
1C00E000
1C00C000
3801C000
38038000
38030000
00060000
000E0FE0
000C1FF8
00183C3C
0038381C
0070381C
00601C38
00C00FE0
01C01FF8
01803C3C
0300381C
0700381C
0E00381C
0C001C38
18001FF8
380007E0
ENDCHAR
STARTCHAR arrowleft
ENCODING 8592
SWIDTH 1000 0
DWIDTH 40 0
BBX 36 14 2 3
BITMAP
0180000000
0300000000
0700000000
0E00000000
1C00000000
7C00000000
FFFFFFFFF0
FFFFFFFFF0
3C00000000
1E00000000
0E00000000
0700000000
0300000000
0180000000
ENDCHAR
STARTCHAR arrowup
ENCODING 8593
SWIDTH 500 0
DWIDTH 20 0
BBX 14 34 3 -8
BITMAP
0300
0300
0780
0FC0
1FE0
3FE0
7B70
E33C
C30C
0300
0300
0300
0300
0300
0300
0300
0300
0300
0300
0300
0300
0300
0300
0300
0300
0300
0300
0300
0300
0300
0300
0300
0300
0300
ENDCHAR
STARTCHAR arrowright
ENCODING 8594
SWIDTH 1000 0
DWIDTH 40 0
BBX 36 14 2 3
BITMAP
0000001800
0000000C00
0000000E00
0000000700
0000000380
00000003E0
FFFFFFFFF0
FFFFFFFFF0
00000003C0
0000000780
0000000700
0000000E00
0000000C00
0000001800
ENDCHAR
STARTCHAR arrowdown
ENCODING 8595
SWIDTH 500 0
DWIDTH 20 0
BBX 14 34 3 -8
BITMAP
0300
0300
0300
0300
0300
0300
0300
0300
0300
0300
0300
0300
0300
0300
0300
0300
0300
0300
0300
0300
0300
0300
0300
0300
0300
8304
E31C
7B78
3FF0
1FE0
0FC0
0780
0700
0300
ENDCHAR
STARTCHAR arrowboth
ENCODING 8596
SWIDTH 1000 0
DWIDTH 40 0
BBX 36 14 2 3
BITMAP
0180001800
0300000C00
0700000E00
0E00000700
1C00000380
7C000003E0
FFFFFFFFF0
FFFFFFFFF0
3C000003C0
1E00000780
0E00000700
0700000E00
0300000C00
0180001800
ENDCHAR
STARTCHAR arrowupdn
ENCODING 8597
SWIDTH 500 0
DWIDTH 20 0
BBX 14 37 3 -8
BITMAP
0200
0300
0780
0780
0FC0
1FE0
3FF0
7338
E31C
8304
0300
0300
0300
0300
0300
0300
0300
0300
0300
0300
0300
0300
0300
0300
0300
0300
0300
0300
8304
E31C
7B78
3FF0
1FE0
0FC0
0780
0300
0300
ENDCHAR
STARTCHAR arrowupdnbse
ENCODING 8616
SWIDTH 500 0
DWIDTH 20 0
BBX 14 41 3 -12
BITMAP
0200
0300
0780
0780
0FC0
1FE0
3FF0
7338
E31C
8304
0300
0300
0300
0300
0300
0300
0300
0300
0300
0300
0300
0300
0300
0300
0300
0300
0300
0300
8304
E31C
7B78
3FF0
1FE0
0FC0
0780
0300
0300
0000
0000
FFFC
FFFC
ENDCHAR
STARTCHAR partialdiff
ENCODING 8706
SWIDTH 494 0
DWIDTH 20 0
BBX 19 29 1 0
BITMAP
003E00
007F00
01FF80
01E3C0
0381C0
0781C0
0300E0
0000E0
0000E0
0000E0
0000E0
003FE0
01FFE0
07FCE0
0F80E0
1E00E0
3C01C0
7C01C0
7801C0
F801C0
F00380
F00380
F00700
F00F00
F81E00
7C7C00
7FF800
3FE000
0F8000
ENDCHAR
STARTCHAR Delta
ENCODING 8710
SWIDTH 611 0
DWIDTH 24 0
BBX 23 28 0 0
BITMAP
000800
000C00
000C00
001C00
001E00
003E00
003F00
006F00
006F00
00CF80
00C780
018780
0183C0
0303C0
0303E0
0701E0
0601E0
0601F0
0C00F0
0C00F0
180078
180078
30007C
30003C
60003C
60001E
FFFFFE
FFFFFE
ENDCHAR
STARTCHAR product
ENCODING 8719
SWIDTH 823 0
DWIDTH 33 0
BBX 27 37 3 -8
BITMAP
FFFFFFE0
FFFFFFE0
FFFFFFE0
F00001E0
F00001E0
F00001E0
F00001E0
F00001E0
F00001E0
F00001E0
F00001E0
F00001E0
F00001E0
F00001E0
F00001E0
F00001E0
F00001E0
F00001E0
F00001E0
F00001E0
F00001E0
F00001E0
F00001E0
F00001E0
F00001E0
F00001E0
F00001E0
F00001E0
F00001E0
F00001E0
F00001E0
F00001E0
F00001E0
F00001E0
F00001E0
F00001E0
F00001E0
ENDCHAR
STARTCHAR summation
ENCODING 8721
SWIDTH 712 0
DWIDTH 29 0
BBX 25 37 2 -8
BITMAP
FFFFFF80
FFFFFF80
FFFFFF80
FFFFFF80
F8000000
7C000000
3E000000
1F000000
0F800000
07C00000
07C00000
03E00000
01F00000
00F80000
007C0000
003E0000
001F0000
001F0000
000F8000
001F0000
003E0000
007C0000
00780000
00F80000
01F00000
03E00000
07C00000
0F800000
0F000000
1F000000
3E000000
7C000000
F8000000
FFFFFF80
FFFFFF80
FFFFFF80
FFFFFF80
ENDCHAR
STARTCHAR minus
ENCODING 8722
SWIDTH 583 0
DWIDTH 23 0
BBX 19 4 2 12
BITMAP
FFFFE0
FFFFE0
FFFFE0
FFFFE0
ENDCHAR
STARTCHAR fraction.dup17
ENCODING 8725
SWIDTH 166 0
DWIDTH 7 0
BBX 25 30 -9 -1
BITMAP
00000380
00000700
00000F00
00001E00
00001C00
00003800
00007800
0000F000
0000E000
0001C000
0003C000
00078000
00070000
000E0000
001E0000
003C0000
00380000
00700000
00F00000
01E00000
01C00000
03C00000
07800000
0F000000
0E000000
1E000000
3C000000
78000000
70000000
F0000000
ENDCHAR
STARTCHAR periodcentered.dup18
ENCODING 8729
SWIDTH 277 0
DWIDTH 11 0
BBX 4 4 4 12
BITMAP
F0
F0
F0
F0
ENDCHAR
STARTCHAR radical
ENCODING 8730
SWIDTH 548 0
DWIDTH 22 0
BBX 20 38 2 -1
BITMAP
000030
000030
000070
000060
000060
000060
000060
000060
000060
0000E0
0000C0
0000C0
0000C0
0000C0
0000C0
0000C0
040180
1E0180
7E0180
EF0180
070180
078180
038380
03C300
01C300
01E300
00E300
00F300
007B00
007E00
003E00
003E00
001E00
001E00
000E00
000600
000400
000400
ENDCHAR
STARTCHAR infinity
ENCODING 8734
SWIDTH 712 0
DWIDTH 29 0
BBX 23 13 3 8
BITMAP
0001F0
1E07F8
3F8FFC
7FDE1E
F1FC0E
E0F80E
E0700E
E0F80E
F1FC0E
7FDE1E
3F8FFC
1E07F8
0001F0
ENDCHAR
STARTCHAR orthogonal
ENCODING 8735
SWIDTH 979 0
DWIDTH 39 0
BBX 25 25 7 0
BITMAP
C0000000
C0000000
C0000000
C0000000
C0000000
C0000000
C0000000
C0000000
C0000000
C0000000
C0000000
C0000000
C0000000
C0000000
C0000000
C0000000
C0000000
C0000000
C0000000
C0000000
C0000000
C0000000
C0000000
FFFFFF80
FFFFFF80
ENDCHAR
STARTCHAR intersection
ENCODING 8745
SWIDTH 718 0
DWIDTH 29 0
BBX 23 29 3 0
BITMAP
00FE00
03FF80
0FFFE0
1FFFF0
3F83F8
3E00F8
7C007C
78003C
F8003E
F8003E
F0001E
F0001E
F0001E
F0001E
F0001E
F0001E
F0001E
F0001E
F0001E
F0001E
F0001E
F0001E
F0001E
F0001E
F0001E
F0001E
F0001E
F0001E
F0001E
ENDCHAR
STARTCHAR integral
ENCODING 8747
SWIDTH 273 0
DWIDTH 9 0
BBX 9 41 0 -4
BITMAP
0300
0780
0780
0B00
0800
0800
0800
0800
0800
0800
0800
0800
0800
0800
0800
0800
0800
0800
0800
0800
0800
0800
0800
0800
0800
0800
0800
0800
0800
0800
0800
0800
0800
0800
0800
0800
0800
F000
F000
F000
6000
ENDCHAR
STARTCHAR approxequal
ENCODING 8776
SWIDTH 548 0
DWIDTH 22 0
BBX 20 13 1 8
BITMAP
3F8010
7FF070
FFFFF0
FFFFF0
C0FFE0
801FC0
000000
3F8010
7FF070
FFFFF0
FFFFF0
C0FFE0
801FC0
ENDCHAR
STARTCHAR notequal
ENCODING 8800
SWIDTH 548 0
DWIDTH 22 0
BBX 19 29 2 0
BITMAP
000380
000700
000700
000F00
000E00
000E00
001C00
001C00
003C00
FFFFE0
FFFFE0
FFFFE0
FFFFE0
00F000
00E000
01E000
01C000
FFFFE0
FFFFE0
FFFFE0
FFFFE0
070000
070000
0E0000
0E0000
1E0000
1C0000
1C0000
380000
ENDCHAR
STARTCHAR equivalence
ENCODING 8801
SWIDTH 583 0
DWIDTH 23 0
BBX 19 20 2 4
BITMAP
FFFFE0
FFFFE0
FFFFE0
FFFFE0
000000
000000
000000
000000
FFFFE0
FFFFE0
FFFFE0
FFFFE0
000000
000000
000000
000000
FFFFE0
FFFFE0
FFFFE0
FFFFE0
ENDCHAR
STARTCHAR lessequal
ENCODING 8804
SWIDTH 548 0
DWIDTH 22 0
BBX 19 24 1 2
BITMAP
000020
0001E0
0007E0
001FE0
00FFC0
03FE00
0FF000
7F8000
FE0000
F00000
FE0000
7F8000
0FF000
03FE00
00FFC0
001FE0
0007E0
0001E0
000020
000000
FFFFE0
FFFFE0
FFFFE0
FFFFE0
ENDCHAR
STARTCHAR greaterequal
ENCODING 8805
SWIDTH 548 0
DWIDTH 22 0
BBX 19 24 1 2
BITMAP
800000
F00000
FC0000
FF0000
7FE000
0FF800
01FE00
003FC0
000FE0
0001E0
000FE0
003FC0
01FE00
0FF800
7FE000
FF0000
FC0000
F00000
800000
000000
FFFFE0
FFFFE0
FFFFE0
FFFFE0
ENDCHAR
STARTCHAR house
ENCODING 8962
SWIDTH 604 0
DWIDTH 24 0
BBX 18 22 3 0
BITMAP
00C000
01E000
03B000
073800
061C00
0C0C00
180600
300300
600180
C000C0
C00040
C00040
C00040
C00040
C00040
C00040
C00040
C00040
C00040
C00040
FFFFC0
FFFFC0
ENDCHAR
STARTCHAR revlogicalnot
ENCODING 8976
SWIDTH 583 0
DWIDTH 23 0
BBX 19 12 2 8
BITMAP
FFFFE0
FFFFE0
FFFFE0
FFFFE0
F00000
F00000
F00000
F00000
F00000
F00000
F00000
F00000
ENDCHAR
STARTCHAR integraltp
ENCODING 8992
SWIDTH 604 0
DWIDTH 24 0
BBX 8 44 11 -10
BITMAP
0E
3F
6F
67
E0
E0
E0
E0
E0
E0
E0
E0
E0
E0
E0
E0
E0
E0
E0
E0
E0
E0
E0
E0
E0
E0
E0
E0
E0
E0
E0
E0
E0
E0
E0
E0
E0
E0
E0
E0
E0
E0
E0
E0
ENDCHAR
STARTCHAR integralbt
ENCODING 8993
SWIDTH 604 0
DWIDTH 24 0
BBX 9 44 5 -10
BITMAP
0380
0380
0380
0380
0380
0380
0380
0380
0380
0380
0380
0380
0380
0380
0380
0380
0380
0380
0380
0380
0380
0380
0380
0380
0380
0380
0380
0380
0380
0380
0380
0380
0380
0380
0380
0380
0300
0300
0300
0300
6300
F600
FC00
7800
ENDCHAR
STARTCHAR SF100000
ENCODING 9472
SWIDTH 708 0
DWIDTH 28 0
BBX 29 4 0 10
BITMAP
FFFFFFF8
FFFFFFF8
FFFFFFF8
FFFFFFF8
ENDCHAR
STARTCHAR SF110000
ENCODING 9474
SWIDTH 625 0
DWIDTH 25 0
BBX 3 48 9 -12
BITMAP
E0
E0
E0
E0
E0
E0
E0
E0
E0
E0
E0
E0
E0
E0
E0
E0
E0
E0
E0
E0
E0
E0
E0
E0
E0
E0
E0
E0
E0
E0
E0
E0
E0
E0
E0
E0
E0
E0
E0
E0
E0
E0
E0
E0
E0
E0
E0
E0
ENDCHAR
STARTCHAR SF010000
ENCODING 9484
SWIDTH 708 0
DWIDTH 28 0
BBX 17 26 12 -12
BITMAP
FFFF80
FFFF80
FFFF80
FFFF80
F00000
F00000
F00000
F00000
F00000
F00000
F00000
F00000
F00000
F00000
F00000
F00000
F00000
F00000
F00000
F00000
F00000
F00000
F00000
F00000
F00000
F00000
ENDCHAR
STARTCHAR SF030000
ENCODING 9488
SWIDTH 708 0
DWIDTH 28 0
BBX 16 26 0 -12
BITMAP
FFFF
FFFF
FFFF
FFFF
000F
000F
000F
000F
000F
000F
000F
000F
000F
000F
000F
000F
000F
000F
000F
000F
000F
000F
000F
000F
000F
000F
ENDCHAR
STARTCHAR SF020000
ENCODING 9492
SWIDTH 708 0
DWIDTH 28 0
BBX 17 26 12 10
BITMAP
F00000
F00000
F00000
F00000
F00000
F00000
F00000
F00000
F00000
F00000
F00000
F00000
F00000
F00000
F00000
F00000
F00000
F00000
F00000
F00000
F00000
F00000
FFFF80
FFFF80
FFFF80
FFFF80
ENDCHAR
STARTCHAR SF040000
ENCODING 9496
SWIDTH 708 0
DWIDTH 28 0
BBX 16 26 0 10
BITMAP
000F
000F
000F
000F
000F
000F
000F
000F
000F
000F
000F
000F
000F
000F
000F
000F
000F
000F
000F
000F
000F
000F
FFFF
FFFF
FFFF
FFFF
ENDCHAR
STARTCHAR SF080000
ENCODING 9500
SWIDTH 708 0
DWIDTH 28 0
BBX 17 48 12 -12
BITMAP
F00000
F00000
F00000
F00000
F00000
F00000
F00000
F00000
F00000
F00000
F00000
F00000
F00000
F00000
F00000
F00000
F00000
F00000
F00000
F00000
F00000
F00000
FFFF80
FFFF80
FFFF80
FFFF80
F00000
F00000
F00000
F00000
F00000
F00000
F00000
F00000
F00000
F00000
F00000
F00000
F00000
F00000
F00000
F00000
F00000
F00000
F00000
F00000
F00000
F00000
ENDCHAR
STARTCHAR SF090000
ENCODING 9508
SWIDTH 708 0
DWIDTH 28 0
BBX 16 48 0 -12
BITMAP
000F
000F
000F
000F
000F
000F
000F
000F
000F
000F
000F
000F
000F
000F
000F
000F
000F
000F
000F
000F
000F
000F
FFFF
FFFF
FFFF
FFFF
000F
000F
000F
000F
000F
000F
000F
000F
000F
000F
000F
000F
000F
000F
000F
000F
000F
000F
000F
000F
000F
000F
ENDCHAR
STARTCHAR SF060000
ENCODING 9516
SWIDTH 708 0
DWIDTH 28 0
BBX 29 26 0 -12
BITMAP
FFFFFFF8
FFFFFFF8
FFFFFFF8
FFFFFFF8
000F0000
000F0000
000F0000
000F0000
000F0000
000F0000
000F0000
000F0000
000F0000
000F0000
000F0000
000F0000
000F0000
000F0000
000F0000
000F0000
000F0000
000F0000
000F0000
000F0000
000F0000
000F0000
ENDCHAR
STARTCHAR SF070000
ENCODING 9524
SWIDTH 708 0
DWIDTH 28 0
BBX 29 26 0 10
BITMAP
000F0000
000F0000
000F0000
000F0000
000F0000
000F0000
000F0000
000F0000
000F0000
000F0000
000F0000
000F0000
000F0000
000F0000
000F0000
000F0000
000F0000
000F0000
000F0000
000F0000
000F0000
000F0000
FFFFFFF8
FFFFFFF8
FFFFFFF8
FFFFFFF8
ENDCHAR
STARTCHAR SF050000
ENCODING 9532
SWIDTH 708 0
DWIDTH 28 0
BBX 29 48 0 -12
BITMAP
000F0000
000F0000
000F0000
000F0000
000F0000
000F0000
000F0000
000F0000
000F0000
000F0000
000F0000
000F0000
000F0000
000F0000
000F0000
000F0000
000F0000
000F0000
000F0000
000F0000
000F0000
000F0000
FFFFFFF8
FFFFFFF8
FFFFFFF8
FFFFFFF8
000F0000
000F0000
000F0000
000F0000
000F0000
000F0000
000F0000
000F0000
000F0000
000F0000
000F0000
000F0000
000F0000
000F0000
000F0000
000F0000
000F0000
000F0000
000F0000
000F0000
000F0000
000F0000
ENDCHAR
STARTCHAR SF430000
ENCODING 9552
SWIDTH 708 0
DWIDTH 28 0
BBX 29 11 0 7
BITMAP
FFFFFFF8
FFFFFFF8
FFFFFFF8
FFFFFFF8
00000000
00000000
00000000
00000000
FFFFFFF8
FFFFFFF8
FFFFFFF8
ENDCHAR
STARTCHAR SF240000
ENCODING 9553
SWIDTH 708 0
DWIDTH 28 0
BBX 11 48 9 -12
BITMAP
E1E0
E1E0
E1E0
E1E0
E1E0
E1E0
E1E0
E1E0
E1E0
E1E0
E1E0
E1E0
E1E0
E1E0
E1E0
E1E0
E1E0
E1E0
E1E0
E1E0
E1E0
E1E0
E1E0
E1E0
E1E0
E1E0
E1E0
E1E0
E1E0
E1E0
E1E0
E1E0
E1E0
E1E0
E1E0
E1E0
E1E0
E1E0
E1E0
E1E0
E1E0
E1E0
E1E0
E1E0
E1E0
E1E0
E1E0
E1E0
ENDCHAR
STARTCHAR SF510000
ENCODING 9554
SWIDTH 708 0
DWIDTH 28 0
BBX 17 30 12 -12
BITMAP
FFFF80
FFFF80
FFFF80
FFFF80
F00000
F00000
F00000
F00000
FFFF80
FFFF80
FFFF80
F00000
F00000
F00000
F00000
F00000
F00000
F00000
F00000
F00000
F00000
F00000
F00000
F00000
F00000
F00000
F00000
F00000
F00000
F00000
ENDCHAR
STARTCHAR SF520000
ENCODING 9555
SWIDTH 708 0
DWIDTH 28 0
BBX 20 26 9 -12
BITMAP
FFFFF0
FFFFF0
FFFFF0
FFFFF0
E1E000
E1E000
E1E000
E1E000
E1E000
E1E000
E1E000
E1E000
E1E000
E1E000
E1E000
E1E000
E1E000
E1E000
E1E000
E1E000
E1E000
E1E000
E1E000
E1E000
E1E000
E1E000
ENDCHAR
STARTCHAR SF390000
ENCODING 9556
SWIDTH 708 0
DWIDTH 28 0
BBX 20 30 9 -12
BITMAP
FFFFF0
FFFFF0
FFFFF0
FFFFF0
E00000
E00000
E00000
E00000
E1FFF0
E1FFF0
E1FFF0
E1E000
E1E000
E1E000
E1E000
E1E000
E1E000
E1E000
E1E000
E1E000
E1E000
E1E000
E1E000
E1E000
E1E000
E1E000
E1E000
E1E000
E1E000
E1E000
ENDCHAR
STARTCHAR SF220000
ENCODING 9557
SWIDTH 708 0
DWIDTH 28 0
BBX 16 30 0 -12
BITMAP
FFFF
FFFF
FFFF
FFFF
000F
000F
000F
000F
FFFF
FFFF
FFFF
000F
000F
000F
000F
000F
000F
000F
000F
000F
000F
000F
000F
000F
000F
000F
000F
000F
000F
000F
ENDCHAR
STARTCHAR SF210000
ENCODING 9558
SWIDTH 708 0
DWIDTH 28 0
BBX 20 26 0 -12
BITMAP
FFFFF0
FFFFF0
FFFFF0
FFFFF0
0070F0
0070F0
0070F0
0070F0
0070F0
0070F0
0070F0
0070F0
0070F0
0070F0
0070F0
0070F0
0070F0
0070F0
0070F0
0070F0
0070F0
0070F0
0070F0
0070F0
0070F0
0070F0
ENDCHAR
STARTCHAR SF250000
ENCODING 9559
SWIDTH 708 0
DWIDTH 28 0
BBX 20 30 0 -12
BITMAP
FFFFF0
FFFFF0
FFFFF0
FFFFF0
0000F0
0000F0
0000F0
0000F0
FFF0F0
FFF0F0
FFF0F0
0070F0
0070F0
0070F0
0070F0
0070F0
0070F0
0070F0
0070F0
0070F0
0070F0
0070F0
0070F0
0070F0
0070F0
0070F0
0070F0
0070F0
0070F0
0070F0
ENDCHAR
STARTCHAR SF500000
ENCODING 9560
SWIDTH 708 0
DWIDTH 28 0
BBX 17 29 12 7
BITMAP
F00000
F00000
F00000
F00000
F00000
F00000
F00000
F00000
F00000
F00000
F00000
F00000
F00000
F00000
F00000
F00000
F00000
F00000
FFFF80
FFFF80
FFFF80
FFFF80
F00000
F00000
F00000
F00000
FFFF80
FFFF80
FFFF80
ENDCHAR
STARTCHAR SF490000
ENCODING 9561
SWIDTH 708 0
DWIDTH 28 0
BBX 20 26 9 10
BITMAP
E1E000
E1E000
E1E000
E1E000
E1E000
E1E000
E1E000
E1E000
E1E000
E1E000
E1E000
E1E000
E1E000
E1E000
E1E000
E1E000
E1E000
E1E000
E1E000
E1E000
E1E000
E1E000
FFFFF0
FFFFF0
FFFFF0
FFFFF0
ENDCHAR
STARTCHAR SF380000
ENCODING 9562
SWIDTH 708 0
DWIDTH 28 0
BBX 20 29 9 7
BITMAP
E1E000
E1E000
E1E000
E1E000
E1E000
E1E000
E1E000
E1E000
E1E000
E1E000
E1E000
E1E000
E1E000
E1E000
E1E000
E1E000
E1E000
E1E000
E1FFF0
E1FFF0
E1FFF0
E1FFF0
E00000
E00000
E00000
E00000
FFFFF0
FFFFF0
FFFFF0
ENDCHAR
STARTCHAR SF280000
ENCODING 9563
SWIDTH 708 0
DWIDTH 28 0
BBX 16 29 0 7
BITMAP
000F
000F
000F
000F
000F
000F
000F
000F
000F
000F
000F
000F
000F
000F
000F
000F
000F
000F
FFFF
FFFF
FFFF
FFFF
000F
000F
000F
000F
FFFF
FFFF
FFFF
ENDCHAR
STARTCHAR SF270000
ENCODING 9564
SWIDTH 708 0
DWIDTH 28 0
BBX 20 26 0 10
BITMAP
0070F0
0070F0
0070F0
0070F0
0070F0
0070F0
0070F0
0070F0
0070F0
0070F0
0070F0
0070F0
0070F0
0070F0
0070F0
0070F0
0070F0
0070F0
0070F0
0070F0
0070F0
0070F0
FFFFF0
FFFFF0
FFFFF0
FFFFF0
ENDCHAR
STARTCHAR SF260000
ENCODING 9565
SWIDTH 708 0
DWIDTH 28 0
BBX 20 29 0 7
BITMAP
0070F0
0070F0
0070F0
0070F0
0070F0
0070F0
0070F0
0070F0
0070F0
0070F0
0070F0
0070F0
0070F0
0070F0
0070F0
0070F0
0070F0
0070F0
FFF0F0
FFF0F0
FFF0F0
FFF0F0
0000F0
0000F0
0000F0
0000F0
FFFFF0
FFFFF0
FFFFF0
ENDCHAR
STARTCHAR SF360000
ENCODING 9566
SWIDTH 708 0
DWIDTH 28 0
BBX 17 48 12 -12
BITMAP
F00000
F00000
F00000
F00000
F00000
F00000
F00000
F00000
F00000
F00000
F00000
F00000
F00000
F00000
F00000
F00000
F00000
F00000
FFFF80
FFFF80
FFFF80
FFFF80
F00000
F00000
F00000
F00000
FFFF80
FFFF80
FFFF80
F00000
F00000
F00000
F00000
F00000
F00000
F00000
F00000
F00000
F00000
F00000
F00000
F00000
F00000
F00000
F00000
F00000
F00000
F00000
ENDCHAR
STARTCHAR SF370000
ENCODING 9567
SWIDTH 708 0
DWIDTH 28 0
BBX 20 48 9 -12
BITMAP
E1E000
E1E000
E1E000
E1E000
E1E000
E1E000
E1E000
E1E000
E1E000
E1E000
E1E000
E1E000
E1E000
E1E000
E1E000
E1E000
E1E000
E1E000
E1E000
E1E000
E1E000
E1E000
E1FFF0
E1FFF0
E1FFF0
E1FFF0
E1E000
E1E000
E1E000
E1E000
E1E000
E1E000
E1E000
E1E000
E1E000
E1E000
E1E000
E1E000
E1E000
E1E000
E1E000
E1E000
E1E000
E1E000
E1E000
E1E000
E1E000
E1E000
ENDCHAR
STARTCHAR SF420000
ENCODING 9568
SWIDTH 708 0
DWIDTH 28 0
BBX 20 48 9 -12
BITMAP
E1E000
E1E000
E1E000
E1E000
E1E000
E1E000
E1E000
E1E000
E1E000
E1E000
E1E000
E1E000
E1E000
E1E000
E1E000
E1E000
E1E000
E1E000
E1FFF0
E1FFF0
E1FFF0
E1FFF0
E00000
E00000
E00000
E00000
E1FFF0
E1FFF0
E1FFF0
E1E000
E1E000
E1E000
E1E000
E1E000
E1E000
E1E000
E1E000
E1E000
E1E000
E1E000
E1E000
E1E000
E1E000
E1E000
E1E000
E1E000
E1E000
E1E000
ENDCHAR
STARTCHAR SF190000
ENCODING 9569
SWIDTH 708 0
DWIDTH 28 0
BBX 16 48 0 -12
BITMAP
000F
000F
000F
000F
000F
000F
000F
000F
000F
000F
000F
000F
000F
000F
000F
000F
000F
000F
FFFF
FFFF
FFFF
FFFF
000F
000F
000F
000F
FFFF
FFFF
FFFF
000F
000F
000F
000F
000F
000F
000F
000F
000F
000F
000F
000F
000F
000F
000F
000F
000F
000F
000F
ENDCHAR
STARTCHAR SF200000
ENCODING 9570
SWIDTH 708 0
DWIDTH 28 0
BBX 20 48 0 -12
BITMAP
0070F0
0070F0
0070F0
0070F0
0070F0
0070F0
0070F0
0070F0
0070F0
0070F0
0070F0
0070F0
0070F0
0070F0
0070F0
0070F0
0070F0
0070F0
0070F0
0070F0
0070F0
0070F0
FFF0F0
FFF0F0
FFF0F0
FFF0F0
0070F0
0070F0
0070F0
0070F0
0070F0
0070F0
0070F0
0070F0
0070F0
0070F0
0070F0
0070F0
0070F0
0070F0
0070F0
0070F0
0070F0
0070F0
0070F0
0070F0
0070F0
0070F0
ENDCHAR
STARTCHAR SF230000
ENCODING 9571
SWIDTH 708 0
DWIDTH 28 0
BBX 20 48 0 -12
BITMAP
0070F0
0070F0
0070F0
0070F0
0070F0
0070F0
0070F0
0070F0
0070F0
0070F0
0070F0
0070F0
0070F0
0070F0
0070F0
0070F0
0070F0
0070F0
FFF0F0
FFF0F0
FFF0F0
FFF0F0
0000F0
0000F0
0000F0
0000F0
FFF0F0
FFF0F0
FFF0F0
0070F0
0070F0
0070F0
0070F0
0070F0
0070F0
0070F0
0070F0
0070F0
0070F0
0070F0
0070F0
0070F0
0070F0
0070F0
0070F0
0070F0
0070F0
0070F0
ENDCHAR
STARTCHAR SF470000
ENCODING 9572
SWIDTH 708 0
DWIDTH 28 0
BBX 29 30 0 -12
BITMAP
FFFFFFF8
FFFFFFF8
FFFFFFF8
FFFFFFF8
00000000
00000000
00000000
00000000
FFFFFFF8
FFFFFFF8
FFFFFFF8
000F0000
000F0000
000F0000
000F0000
000F0000
000F0000
000F0000
000F0000
000F0000
000F0000
000F0000
000F0000
000F0000
000F0000
000F0000
000F0000
000F0000
000F0000
000F0000
ENDCHAR
STARTCHAR SF480000
ENCODING 9573
SWIDTH 708 0
DWIDTH 28 0
BBX 29 26 0 -12
BITMAP
FFFFFFF8
FFFFFFF8
FFFFFFF8
FFFFFFF8
0070F000
0070F000
0070F000
0070F000
0070F000
0070F000
0070F000
0070F000
0070F000
0070F000
0070F000
0070F000
0070F000
0070F000
0070F000
0070F000
0070F000
0070F000
0070F000
0070F000
0070F000
0070F000
ENDCHAR
STARTCHAR SF410000
ENCODING 9574
SWIDTH 708 0
DWIDTH 28 0
BBX 29 30 0 -12
BITMAP
FFFFFFF8
FFFFFFF8
FFFFFFF8
FFFFFFF8
00000000
00000000
00000000
00000000
FFF0FFF8
FFF0FFF8
FFF0FFF8
0070F000
0070F000
0070F000
0070F000
0070F000
0070F000
0070F000
0070F000
0070F000
0070F000
0070F000
0070F000
0070F000
0070F000
0070F000
0070F000
0070F000
0070F000
0070F000
ENDCHAR
STARTCHAR SF450000
ENCODING 9575
SWIDTH 708 0
DWIDTH 28 0
BBX 29 29 0 7
BITMAP
000F0000
000F0000
000F0000
000F0000
000F0000
000F0000
000F0000
000F0000
000F0000
000F0000
000F0000
000F0000
000F0000
000F0000
000F0000
000F0000
000F0000
000F0000
FFFFFFF8
FFFFFFF8
FFFFFFF8
FFFFFFF8
00000000
00000000
00000000
00000000
FFFFFFF8
FFFFFFF8
FFFFFFF8
ENDCHAR
STARTCHAR SF460000
ENCODING 9576
SWIDTH 708 0
DWIDTH 28 0
BBX 29 26 0 10
BITMAP
0070F000
0070F000
0070F000
0070F000
0070F000
0070F000
0070F000
0070F000
0070F000
0070F000
0070F000
0070F000
0070F000
0070F000
0070F000
0070F000
0070F000
0070F000
0070F000
0070F000
0070F000
0070F000
FFFFFFF8
FFFFFFF8
FFFFFFF8
FFFFFFF8
ENDCHAR
STARTCHAR SF400000
ENCODING 9577
SWIDTH 708 0
DWIDTH 28 0
BBX 29 29 0 7
BITMAP
0070F000
0070F000
0070F000
0070F000
0070F000
0070F000
0070F000
0070F000
0070F000
0070F000
0070F000
0070F000
0070F000
0070F000
0070F000
0070F000
0070F000
0070F000
FFF0FFF8
FFF0FFF8
FFF0FFF8
FFF0FFF8
00000000
00000000
00000000
00000000
FFFFFFF8
FFFFFFF8
FFFFFFF8
ENDCHAR
STARTCHAR SF540000
ENCODING 9578
SWIDTH 708 0
DWIDTH 28 0
BBX 29 48 0 -12
BITMAP
000F0000
000F0000
000F0000
000F0000
000F0000
000F0000
000F0000
000F0000
000F0000
000F0000
000F0000
000F0000
000F0000
000F0000
000F0000
000F0000
000F0000
000F0000
FFFFFFF8
FFFFFFF8
FFFFFFF8
FFFFFFF8
000F0000
000F0000
000F0000
000F0000
FFFFFFF8
FFFFFFF8
FFFFFFF8
000F0000
000F0000
000F0000
000F0000
000F0000
000F0000
000F0000
000F0000
000F0000
000F0000
000F0000
000F0000
000F0000
000F0000
000F0000
000F0000
000F0000
000F0000
000F0000
ENDCHAR
STARTCHAR SF530000
ENCODING 9579
SWIDTH 708 0
DWIDTH 28 0
BBX 29 48 0 -12
BITMAP
0070F000
0070F000
0070F000
0070F000
0070F000
0070F000
0070F000
0070F000
0070F000
0070F000
0070F000
0070F000
0070F000
0070F000
0070F000
0070F000
0070F000
0070F000
0070F000
0070F000
0070F000
0070F000
FFFFFFF8
FFFFFFF8
FFFFFFF8
FFFFFFF8
0070F000
0070F000
0070F000
0070F000
0070F000
0070F000
0070F000
0070F000
0070F000
0070F000
0070F000
0070F000
0070F000
0070F000
0070F000
0070F000
0070F000
0070F000
0070F000
0070F000
0070F000
0070F000
ENDCHAR
STARTCHAR SF440000
ENCODING 9580
SWIDTH 708 0
DWIDTH 28 0
BBX 29 48 0 -12
BITMAP
0070F000
0070F000
0070F000
0070F000
0070F000
0070F000
0070F000
0070F000
0070F000
0070F000
0070F000
0070F000
0070F000
0070F000
0070F000
0070F000
0070F000
0070F000
FFF0FFF8
FFF0FFF8
FFF0FFF8
FFF0FFF8
00000000
00000000
00000000
00000000
FFF0FFF8
FFF0FFF8
FFF0FFF8
0070F000
0070F000
0070F000
0070F000
0070F000
0070F000
0070F000
0070F000
0070F000
0070F000
0070F000
0070F000
0070F000
0070F000
0070F000
0070F000
0070F000
0070F000
0070F000
ENDCHAR
STARTCHAR upblock
ENCODING 9600
SWIDTH 708 0
DWIDTH 28 0
BBX 29 24 0 12
BITMAP
FFFFFFF8
FFFFFFF8
FFFFFFF8
FFFFFFF8
FFFFFFF8
FFFFFFF8
FFFFFFF8
FFFFFFF8
FFFFFFF8
FFFFFFF8
FFFFFFF8
FFFFFFF8
FFFFFFF8
FFFFFFF8
FFFFFFF8
FFFFFFF8
FFFFFFF8
FFFFFFF8
FFFFFFF8
FFFFFFF8
FFFFFFF8
FFFFFFF8
FFFFFFF8
FFFFFFF8
ENDCHAR
STARTCHAR dnblock
ENCODING 9604
SWIDTH 708 0
DWIDTH 28 0
BBX 29 24 0 -12
BITMAP
FFFFFFF8
FFFFFFF8
FFFFFFF8
FFFFFFF8
FFFFFFF8
FFFFFFF8
FFFFFFF8
FFFFFFF8
FFFFFFF8
FFFFFFF8
FFFFFFF8
FFFFFFF8
FFFFFFF8
FFFFFFF8
FFFFFFF8
FFFFFFF8
FFFFFFF8
FFFFFFF8
FFFFFFF8
FFFFFFF8
FFFFFFF8
FFFFFFF8
FFFFFFF8
FFFFFFF8
ENDCHAR
STARTCHAR block
ENCODING 9608
SWIDTH 708 0
DWIDTH 28 0
BBX 29 48 0 -12
BITMAP
FFFFFFF8
FFFFFFF8
FFFFFFF8
FFFFFFF8
FFFFFFF8
FFFFFFF8
FFFFFFF8
FFFFFFF8
FFFFFFF8
FFFFFFF8
FFFFFFF8
FFFFFFF8
FFFFFFF8
FFFFFFF8
FFFFFFF8
FFFFFFF8
FFFFFFF8
FFFFFFF8
FFFFFFF8
FFFFFFF8
FFFFFFF8
FFFFFFF8
FFFFFFF8
FFFFFFF8
FFFFFFF8
FFFFFFF8
FFFFFFF8
FFFFFFF8
FFFFFFF8
FFFFFFF8
FFFFFFF8
FFFFFFF8
FFFFFFF8
FFFFFFF8
FFFFFFF8
FFFFFFF8
FFFFFFF8
FFFFFFF8
FFFFFFF8
FFFFFFF8
FFFFFFF8
FFFFFFF8
FFFFFFF8
FFFFFFF8
FFFFFFF8
FFFFFFF8
FFFFFFF8
FFFFFFF8
ENDCHAR
STARTCHAR lfblock
ENCODING 9612
SWIDTH 708 0
DWIDTH 28 0
BBX 14 48 0 -12
BITMAP
FFFC
FFFC
FFFC
FFFC
FFFC
FFFC
FFFC
FFFC
FFFC
FFFC
FFFC
FFFC
FFFC
FFFC
FFFC
FFFC
FFFC
FFFC
FFFC
FFFC
FFFC
FFFC
FFFC
FFFC
FFFC
FFFC
FFFC
FFFC
FFFC
FFFC
FFFC
FFFC
FFFC
FFFC
FFFC
FFFC
FFFC
FFFC
FFFC
FFFC
FFFC
FFFC
FFFC
FFFC
FFFC
FFFC
FFFC
FFFC
ENDCHAR
STARTCHAR rtblock
ENCODING 9616
SWIDTH 708 0
DWIDTH 28 0
BBX 15 48 14 -12
BITMAP
FFFE
FFFE
FFFE
FFFE
FFFE
FFFE
FFFE
FFFE
FFFE
FFFE
FFFE
FFFE
FFFE
FFFE
FFFE
FFFE
FFFE
FFFE
FFFE
FFFE
FFFE
FFFE
FFFE
FFFE
FFFE
FFFE
FFFE
FFFE
FFFE
FFFE
FFFE
FFFE
FFFE
FFFE
FFFE
FFFE
FFFE
FFFE
FFFE
FFFE
FFFE
FFFE
FFFE
FFFE
FFFE
FFFE
FFFE
FFFE
ENDCHAR
STARTCHAR ltshade
ENCODING 9617
SWIDTH 708 0
DWIDTH 28 0
BBX 27 46 2 -10
BITMAP
C0301C00
C0301C00
00000000
00000000
060180E0
060180E0
060180E0
00000000
00000000
C0301C00
C0301C00
C0301C00
00000000
00000000
060180E0
060180E0
060180E0
00000000
00000000
C0301C00
C0301C00
C0301C00
00000000
00000000
060180E0
060180E0
00000000
00000000
00000000
C0301C00
C0301C00
00000000
00000000
00000000
060180E0
060180E0
00000000
00000000
00000000
C0301C00
C0301C00
00000000
00000000
060180E0
060180E0
060180E0
ENDCHAR
STARTCHAR shade
ENCODING 9618
SWIDTH 708 0
DWIDTH 28 0
BBX 29 46 0 -10
BITMAP
318C6738
318C6738
00000000
00000000
CE7398C0
CE7398C0
CE7398C0
00000000
00000000
318C6738
318C6738
318C6738
00000000
00000000
CE7398C0
CE7398C0
CE7398C0
00000000
00000000
318C6738
318C6738
318C6738
00000000
00000000
CE7398C0
CE7398C0
00000000
00000000
00000000
318C6738
318C6738
00000000
00000000
00000000
CE7398C0
CE7398C0
00000000
00000000
00000000
318C6738
318C6738
00000000
00000000
CE7398C0
CE7398C0
CE7398C0
ENDCHAR
STARTCHAR dkshade
ENCODING 9619
SWIDTH 729 0
DWIDTH 29 0
BBX 29 48 0 -12
BITMAP
39CE6318
39CE6318
FFFFFFF8
FFFFFFF8
C6319CE0
C6319CE0
C6319CE0
FFFFFFF8
FFFFFFF8
39CE6318
39CE6318
39CE6318
FFFFFFF8
FFFFFFF8
C6319CE0
C6319CE0
C6319CE0
FFFFFFF8
FFFFFFF8
39CE6318
39CE6318
39CE6318
FFFFFFF8
FFFFFFF8
C6319CE0
C6319CE0
FFFFFFF8
FFFFFFF8
FFFFFFF8
39CE6318
39CE6318
FFFFFFF8
FFFFFFF8
FFFFFFF8
C6319CE0
C6319CE0
FFFFFFF8
FFFFFFF8
FFFFFFF8
39CE6318
39CE6318
FFFFFFF8
FFFFFFF8
C6319CE0
C6319CE0
C6319CE0
FFFFFFF8
FFFFFFF8
ENDCHAR
STARTCHAR filledbox
ENCODING 9632
SWIDTH 604 0
DWIDTH 24 0
BBX 18 18 3 0
BITMAP
FFFFC0
FFFFC0
FFFFC0
FFFFC0
FFFFC0
FFFFC0
FFFFC0
FFFFC0
FFFFC0
FFFFC0
FFFFC0
FFFFC0
FFFFC0
FFFFC0
FFFFC0
FFFFC0
FFFFC0
FFFFC0
ENDCHAR
STARTCHAR H22073
ENCODING 9633
SWIDTH 604 0
DWIDTH 24 0
BBX 18 18 3 0
BITMAP
FFFFC0
800040
800040
800040
800040
800040
800040
800040
800040
800040
800040
800040
800040
800040
800040
800040
800040
FFFFC0
ENDCHAR
STARTCHAR H18543
ENCODING 9642
SWIDTH 354 0
DWIDTH 14 0
BBX 9 9 3 9
BITMAP
FF80
FF80
FF80
FF80
FF80
FF80
FF80
FF80
FF80
ENDCHAR
STARTCHAR H18551
ENCODING 9643
SWIDTH 354 0
DWIDTH 14 0
BBX 9 9 3 9
BITMAP
FF80
FF80
8180
8180
8180
8180
8180
8180
FF80
ENDCHAR
STARTCHAR filledrect
ENCODING 9644
SWIDTH 1000 0
DWIDTH 40 0
BBX 40 8 0 6
BITMAP
FFFFFFFFFF
FFFFFFFFFF
FFFFFFFFFF
FFFFFFFFFF
FFFFFFFFFF
FFFFFFFFFF
FFFFFFFFFF
FFFFFFFFFF
ENDCHAR
STARTCHAR triagup
ENCODING 9650
SWIDTH 989 0
DWIDTH 40 0
BBX 27 27 6 0
BITMAP
00040000
00060000
000E0000
000F0000
001F0000
001F8000
003F8000
003FC000
007FC000
007FE000
00FFE000
00FFF000
01FFF000
01FFF800
03FFF800
03FFFC00
07FFFC00
07FFFE00
0FFFFE00
0FFFFF00
1FFFFF00
1FFFFF80
3FFFFF80
3FFFFFC0
7FFFFFC0
7FFFFFE0
FFFFFFE0
ENDCHAR
STARTCHAR triagrt
ENCODING 9658
SWIDTH 989 0
DWIDTH 40 0
BBX 28 27 6 0
BITMAP
C0000000
F0000000
FC000000
FF000000
FFC00000
FFF00000
FFFC0000
FFFF0000
FFFFC000
FFFFF000
FFFFFC00
FFFFFF00
FFFFFFC0
FFFFFFF0
FFFFFFC0
FFFFFF00
FFFFFC00
FFFFF000
FFFFC000
FFFF0000
FFFC0000
FFF00000
FFC00000
FF000000
FC000000
F0000000
C0000000
ENDCHAR
STARTCHAR triagdn
ENCODING 9660
SWIDTH 989 0
DWIDTH 40 0
BBX 27 27 6 0
BITMAP
FFFFFFE0
7FFFFFE0
7FFFFFC0
3FFFFFC0
3FFFFF80
1FFFFF80
1FFFFF00
0FFFFF00
0FFFFE00
07FFFE00
07FFFC00
03FFFC00
03FFF800
01FFF800
01FFF000
00FFF000
00FFE000
007FE000
007FC000
003FC000
003F8000
001F8000
001F0000
000F0000
000E0000
00060000
00040000
ENDCHAR
STARTCHAR triaglf
ENCODING 9668
SWIDTH 989 0
DWIDTH 40 0
BBX 28 27 6 0
BITMAP
00000030
000000F0
000003F0
00000FF0
00003FF0
0000FFF0
0003FFF0
000FFFF0
003FFFF0
00FFFFF0
03FFFFF0
0FFFFFF0
3FFFFFF0
FFFFFFF0
3FFFFFF0
0FFFFFF0
03FFFFF0
00FFFFF0
003FFFF0
000FFFF0
0003FFF0
0000FFF0
00003FF0
00000FF0
000003F0
000000F0
00000030
ENDCHAR
STARTCHAR lozenge
ENCODING 9674
SWIDTH 494 0
DWIDTH 20 0
BBX 18 29 1 0
BITMAP
01C000
01E000
036000
033000
063000
061800
0C1800
0C0C00
180600
180600
300300
300300
600180
600180
C000C0
E00180
600180
300300
300300
180600
180600
0C0C00
0C1C00
061800
063000
033000
036000
01E000
01C000
ENDCHAR
STARTCHAR circle
ENCODING 9675
SWIDTH 604 0
DWIDTH 24 0
BBX 18 17 3 3
BITMAP
01F000
0FFC00
1C0600
300300
200180
600180
400080
4000C0
C000C0
4000C0
4000C0
600080
600180
300300
180600
0E1C00
07F800
ENDCHAR
STARTCHAR H18533
ENCODING 9679
SWIDTH 604 0
DWIDTH 24 0
BBX 18 17 3 3
BITMAP
01F000
0FFC00
1FFE00
3FFF00
3FFF80
7FFF80
7FFF80
7FFFC0
FFFFC0
7FFFC0
7FFFC0
7FFF80
7FFF80
3FFF00
1FFE00
0FFC00
07F800
ENDCHAR
STARTCHAR invbullet
ENCODING 9688
SWIDTH 604 0
DWIDTH 24 0
BBX 20 19 2 0
BITMAP
FFFFF0
FFFFF0
FFFFF0
FFFFF0
FFFFF0
FFFFF0
FE07F0
FE03F0
FC03F0
FC03F0
FC03F0
FE07F0
FF07F0
FFFFF0
FFFFF0
FFFFF0
FFFFF0
FFFFF0
FFFFF0
ENDCHAR
STARTCHAR invcircle
ENCODING 9689
SWIDTH 604 0
DWIDTH 24 0
BBX 22 23 1 0
BITMAP
FFFFFC
FFFFFC
FFFFFC
FF83FC
FC00FC
F8FE7C
F3FF3C
F7FF9C
E7FF9C
EFFFDC
EFFFCC
EFFFCC
EFFFCC
EFFFCC
E7FFDC
E7FF9C
F3FF3C
F9FE7C
FC78FC
FE01FC
FFFFFC
FFFFFC
FFFFFC
ENDCHAR
STARTCHAR openbullet
ENCODING 9702
SWIDTH 354 0
DWIDTH 14 0
BBX 10 10 2 8
BITMAP
1E00
7380
6080
C0C0
C040
C0C0
C0C0
6180
3F00
0C00
ENDCHAR
STARTCHAR smileface
ENCODING 9786
SWIDTH 1020 0
DWIDTH 41 0
BBX 25 25 8 -2
BITMAP
00080000
01FFC000
03C1E000
0E007800
1C001C00
38000C00
30000600
60000300
60000300
C380E100
C380E180
C180C180
C0000180
C0000180
C0000180
C0000180
C1000300
6180C300
60C18700
307F0600
181C0C00
1C001800
0F007000
03F7E000
00FF8000
ENDCHAR
STARTCHAR invsmileface
ENCODING 9787
SWIDTH 1052 0
DWIDTH 42 0
BBX 24 25 9 -2
BITMAP
001800
01FF80
07FFE0
0FFFF0
1FFFF8
3FFFFC
7FFFFE
7FFFFE
FFFFFF
FC7E3F
FC7E3F
FCFF3F
FFFFFF
FFFFFF
FFFFFF
FFFFFF
FEFF7F
FEFF7F
7E3C7E
7F00FE
3FE7FC
1FFFF8
0FFFF0
07FFE0
01FF80
ENDCHAR
STARTCHAR sun
ENCODING 9788
SWIDTH 916 0
DWIDTH 37 0
BBX 36 36 0 -4
BITMAP
0000200000
0000200000
0000200000
0000200000
0000200100
0E00200300
0700200600
0381FC0C00
01C70F1800
00FC01F000
007000E000
0060003000
00C0003000
00C0001800
0180000800
0180000800
0100000C00
0100000C00
FF00000FF0
0100000C00
0180000C00
0180000800
0080001800
00C0001800
0040003000
0060006000
007000F000
00DC03B800
0187FF1C00
0300F80E00
0600200700
0C00200380
0000200100
0000200000
0000200000
0000200000
ENDCHAR
STARTCHAR female
ENCODING 9792
SWIDTH 750 0
DWIDTH 30 0
BBX 20 38 5 -9
BITMAP
03FC00
0C0300
100080
200040
400060
400020
800030
800010
800010
800010
800010
800010
800010
C00030
400020
600040
3000C0
180180
060600
01F800
006000
006000
006000
006000
006000
006000
006000
006000
FFFFF0
006000
006000
006000
006000
006000
006000
006000
006000
006000
ENDCHAR
STARTCHAR male
ENCODING 9794
SWIDTH 750 0
DWIDTH 30 0
BBX 26 37 2 -5
BITMAP
00000400
00001E00
00007600
0001CA00
00070A00
001C1300
00301100
00002100
00002100
00006180
00004080
0000C080
00008080
000180C0
00010000
00030000
00020000
03FE0000
06030000
18008000
30004000
20002000
40003000
40001000
C0001000
80001800
80000800
80000800
80001000
40001000
40001000
40002000
20002000
10004000
18008000
06030000
01FC0000
ENDCHAR
STARTCHAR spade
ENCODING 9824
SWIDTH 531 0
DWIDTH 21 0
BBX 19 24 1 0
BITMAP
004000
004000
006000
00E000
00F000
01F800
03FC00
07FE00
0FFF00
1FFF80
3FFFC0
7FFFC0
FFFFE0
FFFFE0
FFFFE0
FFBFE0
7FDFE0
3F4FC0
084300
006000
00E000
01F000
03FC00
3FFF80
ENDCHAR
STARTCHAR club
ENCODING 9827
SWIDTH 656 0
DWIDTH 26 0
BBX 24 24 1 0
BITMAP
003E00
00FF00
01FF80
01FF80
01FF80
01FFC0
01FF80
01FF80
1EFF7C
7FFFFE
7FFFFF
FFFFFF
FFFFFF
FFFFFF
FFF7FF
7FE7FF
7FCBFE
3F89FC
061830
001C00
003C00
007E00
01FF80
0FFFF0
ENDCHAR
STARTCHAR heart
ENCODING 9829
SWIDTH 593 0
DWIDTH 24 0
BBX 21 23 1 1
BITMAP
1F03E0
3F87F0
7FCFF8
FFDFF8
FFFFF8
FFFFF8
FFFFF8
7FFFF8
7FFFF8
3FFFF0
3FFFF0
1FFFE0
0FFFC0
07FF80
07FF80
03FF00
01FE00
01FC00
00FC00
007800
007000
003000
003000
ENDCHAR
STARTCHAR diamond
ENCODING 9830
SWIDTH 510 0
DWIDTH 20 0
BBX 18 24 1 0
BITMAP
004000
00C000
00E000
01E000
03F000
03F800
07FC00
0FFC00
1FFE00
3FFF00
3FFF80
7FFFC0
FFFFC0
7FFF80
3FFF00
1FFE00
0FFE00
0FFC00
07F800
03F000
01F000
01E000
00C000
004000
ENDCHAR
STARTCHAR musicalnote
ENCODING 9834
SWIDTH 500 0
DWIDTH 20 0
BBX 18 28 1 -1
BITMAP
00E000
00FF00
00FF80
00FF80
00FFC0
00C3C0
00C0C0
00C0C0
00C0C0
00C0C0
00C000
00C000
00C000
00C000
00C000
00C000
00C000
00C000
00C000
3FC000
7FC000
FFC000
FFC000
FFC000
FFC000
FF8000
7F0000
1C0000
ENDCHAR
STARTCHAR musicalnotedbl
ENCODING 9835
SWIDTH 750 0
DWIDTH 30 0
BBX 24 32 2 -2
BITMAP
000001
00000F
00007F
0003FF
001FFF
00FFFF
00FFF3
00FF83
00FC03
00E003
00C003
00C003
00C003
00C003
00C003
00C003
00C003
00C003
00C003
00C073
00C1FF
00C3FF
00C3FF
0CC7FF
7FC7FF
FFC7FE
FFC3FE
FFC1FC
FFC000
FFC000
FF8000
7F0000
ENDCHAR
STARTCHAR vavshindot
ENCODING 59393
SWIDTH 246 0
DWIDTH 10 0
BBX 8 26 -1 0
BITMAP
E0
E0
E0
00
00
0F
0F
0F
0F
0F
0F
0F
0F
0F
0F
0F
0F
0F
0F
0F
0F
0F
0F
0F
0F
0F
ENDCHAR
STARTCHAR finalkafsheva
ENCODING 59394
SWIDTH 509 0
DWIDTH 20 0
BBX 16 29 1 -8
BITMAP
FFC0
FFF0
FFF8
00FC
003E
001E
001F
000F
000F
000F
000F
000F
000F
000F
000F
060F
0E0F
060F
000F
060F
0E0F
060F
000F
000F
000F
000F
000F
000F
000F
ENDCHAR
STARTCHAR finalkafqamats
ENCODING 59395
SWIDTH 509 0
DWIDTH 20 0
BBX 16 29 1 -8
BITMAP
FFC0
FFF0
FFF8
00FC
003E
001E
001F
000F
000F
000F
000F
000F
000F
000F
000F
3FCF
3FCF
060F
060F
060F
000F
000F
000F
000F
000F
000F
000F
000F
000F
ENDCHAR
STARTCHAR lamedholam
ENCODING 59396
SWIDTH 462 0
DWIDTH 19 0
BBX 19 29 -2 0
BITMAP
1E0000
1E0000
1E0000
DE0000
FE0000
DE0000
1E0000
1E0000
1FFFE0
1FFFE0
1FFFE0
0001E0
0001E0
0001E0
0001E0
0001E0
0001E0
0003C0
0007C0
000F80
000F00
001E00
003E00
003C00
003C00
003C00
003C00
003C00
003C00
ENDCHAR
STARTCHAR lamedholamdagesh
ENCODING 59397
SWIDTH 462 0
DWIDTH 19 0
BBX 19 29 -2 0
BITMAP
1E0000
1E0000
1E0000
DE0000
FE0000
DE0000
1E0000
1E0000
1FFFE0
1FFFE0
1FFFE0
0001E0
0001E0
0001E0
0001E0
00C1E0
01C1E0
00C3C0
0007C0
000F80
000F00
001E00
003E00
003C00
003C00
003C00
003C00
003C00
003C00
ENDCHAR
STARTCHAR afii62881
ENCODING 59416
SWIDTH 211 0
DWIDTH 8 0
BBX 9 12 1 24
BITMAP
0600
3C00
F800
C600
3E00
F800
C080
0880
8980
9F80
FF00
E000
ENDCHAR
STARTCHAR afii57391
ENCODING 59450
SWIDTH 638 0
DWIDTH 26 0
BBX 27 3 -1 6
BITMAP
FFFFFFE0
FFFFFFE0
FFFFFFE0
ENDCHAR
STARTCHAR fi
ENCODING 61441
SWIDTH 500 0
DWIDTH 20 0
BBX 17 29 1 0
BITMAP
03F780
0FF780
0FF780
1F0780
1E0000
1E0000
1E0000
1E0000
FFE780
FFE780
FFE780
1E0780
1E0780
1E0780
1E0780
1E0780
1E0780
1E0780
1E0780
1E0780
1E0780
1E0780
1E0780
1E0780
1E0780
1E0780
1E0780
1E0780
1E0780
ENDCHAR
STARTCHAR fl
ENCODING 61442
SWIDTH 500 0
DWIDTH 20 0
BBX 17 29 1 0
BITMAP
03F780
0FF780
0FF780
1F0780
1E0780
1E0780
1E0780
1E0780
FFE780
FFE780
FFE780
1E0780
1E0780
1E0780
1E0780
1E0780
1E0780
1E0780
1E0780
1E0780
1E0780
1E0780
1E0780
1E0780
1E0780
1E0780
1E0780
1E0780
1E0780
ENDCHAR
STARTCHAR commaaccent
ENCODING 61444
SWIDTH 333 0
DWIDTH 13 0
BBX 4 8 5 -11
BITMAP
F0
F0
F0
70
70
60
E0
40
ENDCHAR
STARTCHAR undercommaaccent
ENCODING 61445
SWIDTH 333 0
DWIDTH 13 0
BBX 8 7 2 -8
BITMAP
3C
3E
07
07
0F
FE
FC
ENDCHAR
STARTCHAR uniF006
ENCODING 61446
SWIDTH 0 0
DWIDTH 0 0
BBX 7 3 -9 33
BITMAP
3E
7C
F0
ENDCHAR
STARTCHAR uniF007
ENCODING 61447
SWIDTH 0 0
DWIDTH 0 0
BBX 7 3 -17 33
BITMAP
3E
7C
F0
ENDCHAR
STARTCHAR uniF008
ENCODING 61448
SWIDTH 0 0
DWIDTH 0 0
BBX 8 5 -7 24
BITMAP
1F
3E
7C
78
F0
ENDCHAR
STARTCHAR uniF009
ENCODING 61449
SWIDTH 0 0
DWIDTH 0 0
BBX 8 5 -13 31
BITMAP
1F
3E
7C
78
F0
ENDCHAR
STARTCHAR uniF00A
ENCODING 61450
SWIDTH 0 0
DWIDTH 0 0
BBX 1 44 -1 -8
BITMAP
80
80
80
80
80
80
80
80
80
80
80
80
80
80
80
80
80
80
80
00
00
00
00
00
00
80
80
80
80
80
80
80
80
80
80
80
80
80
80
80
80
80
80
80
ENDCHAR
STARTCHAR uniF00B
ENCODING 61451
SWIDTH 0 0
DWIDTH 0 0
BBX 9 44 -5 -8
BITMAP
FF80
0800
0800
0800
0800
0800
0800
0800
0800
0800
0800
0800
0800
0800
0800
0800
0800
0800
0800
0800
0800
0800
0800
0800
0800
0800
0800
0800
0800
0800
0800
0800
0800
0800
0800
0800
0800
0800
0800
0800
0800
0800
0800
FF80
ENDCHAR
STARTCHAR uniF00C
ENCODING 61452
SWIDTH 0 0
DWIDTH 0 0
BBX 5 44 -1 -8
BITMAP
80
C0
F0
F8
E0
C0
80
80
80
80
80
80
80
80
80
80
80
80
80
80
80
80
80
80
80
80
80
80
80
80
80
80
80
80
80
80
80
80
80
80
80
80
80
80
ENDCHAR
STARTCHAR uniF00D
ENCODING 61453
SWIDTH 0 0
DWIDTH 0 0
BBX 5 44 -5 -8
BITMAP
08
18
78
F8
38
18
08
08
08
08
08
08
08
08
08
08
08
08
08
08
08
08
08
08
08
08
08
08
08
08
08
08
08
08
08
08
08
08
08
08
08
08
08
08
ENDCHAR
STARTCHAR uniF00E
ENCODING 61454
SWIDTH 0 0
DWIDTH 0 0
BBX 5 44 -1 -8
BITMAP
80
80
80
80
80
80
80
80
80
80
80
80
80
80
80
80
80
80
80
80
80
80
80
80
80
80
80
80
80
80
80
80
80
80
80
80
80
80
80
80
80
80
80
F8
ENDCHAR
STARTCHAR uniF00F
ENCODING 61455
SWIDTH 0 0
DWIDTH 0 0
BBX 8 5 -17 24
BITMAP
F8
7C
3C
1E
0F
ENDCHAR
STARTCHAR uniF010
ENCODING 61456
SWIDTH 0 0
DWIDTH 0 0
BBX 8 3 -10 33
BITMAP
FE
07
1E
ENDCHAR
STARTCHAR uniF011
ENCODING 61457
SWIDTH 0 0
DWIDTH 0 0
BBX 8 3 -18 33
BITMAP
FE
07
1E
ENDCHAR
STARTCHAR uniF012
ENCODING 61458
SWIDTH 0 0
DWIDTH 0 0
BBX 8 7 -9 24
BITMAP
FC
FE
0F
07
07
1E
18
ENDCHAR
STARTCHAR uniF013
ENCODING 61459
SWIDTH 0 0
DWIDTH 0 0
BBX 8 6 -15 30
BITMAP
FC
FE
07
07
1E
18
ENDCHAR
STARTCHAR uniF014
ENCODING 61460
SWIDTH 0 0
DWIDTH 0 0
BBX 8 7 -15 24
BITMAP
FC
FE
0F
07
07
1E
18
ENDCHAR
STARTCHAR uniF015
ENCODING 61461
SWIDTH 0 0
DWIDTH 0 0
BBX 13 3 -20 33
BITMAP
3E18
FFF8
C3F0
ENDCHAR
STARTCHAR uniF016
ENCODING 61462
SWIDTH 0 0
DWIDTH 0 0
BBX 14 5 -21 31
BITMAP
3C1C
7F3C
FFFC
E3F8
E0F0
ENDCHAR
STARTCHAR uniF017
ENCODING 61463
SWIDTH 0 0
DWIDTH 0 0
BBX 14 5 -26 31
BITMAP
3C1C
7F3C
FFFC
E3F8
E0F0
ENDCHAR
STARTCHAR uniF018
ENCODING 61464
SWIDTH 0 0
DWIDTH 0 0
BBX 14 5 -27 31
BITMAP
3C1C
7F3C
FFFC
E3F8
E0F0
ENDCHAR
STARTCHAR uniF019
ENCODING 61465
SWIDTH 0 0
DWIDTH 0 0
BBX 14 5 -18 23
BITMAP
3C1C
7F1C
FFFC
E3F8
E0F0
ENDCHAR
STARTCHAR uniF01A
ENCODING 61466
SWIDTH 0 0
DWIDTH 0 0
BBX 14 5 -22 23
BITMAP
3C1C
7F1C
FFFC
E3F8
E0F0
ENDCHAR
STARTCHAR uniF01B
ENCODING 61467
SWIDTH 0 0
DWIDTH 0 0
BBX 14 5 -23 23
BITMAP
3C1C
7F1C
FFFC
E3F8
E0F0
ENDCHAR
STARTCHAR uniF01C
ENCODING 61468
SWIDTH 0 0
DWIDTH 0 0
BBX 14 5 -12 31
BITMAP
3C1C
7F3C
FFFC
E3F8
E0F0
ENDCHAR
STARTCHAR uniF01D
ENCODING 61469
SWIDTH 0 0
DWIDTH 0 0
BBX 14 5 -12 23
BITMAP
3C1C
7F1C
FFFC
E3F8
E0F0
ENDCHAR
STARTCHAR uniF01E
ENCODING 61470
SWIDTH 0 0
DWIDTH 0 0
BBX 4 4 -15 -6
BITMAP
F0
F0
F0
F0
ENDCHAR
STARTCHAR uniF01F
ENCODING 61471
SWIDTH 0 0
DWIDTH 0 0
BBX 4 4 -18 -6
BITMAP
F0
F0
F0
F0
ENDCHAR
STARTCHAR uniF020
ENCODING 61472
SWIDTH 0 0
DWIDTH 0 0
BBX 4 4 -21 -6
BITMAP
F0
F0
F0
F0
ENDCHAR
STARTCHAR uniF021
ENCODING 61473
SWIDTH 0 0
DWIDTH 0 0
BBX 4 4 -16 -6
BITMAP
F0
F0
F0
F0
ENDCHAR
STARTCHAR uniF022
ENCODING 61474
SWIDTH 0 0
DWIDTH 0 0
BBX 4 4 -22 -6
BITMAP
F0
F0
F0
F0
ENDCHAR
STARTCHAR uniF023
ENCODING 61475
SWIDTH 0 0
DWIDTH 0 0
BBX 4 4 -13 -6
BITMAP
F0
F0
F0
F0
ENDCHAR
STARTCHAR uniF024
ENCODING 61476
SWIDTH 0 0
DWIDTH 0 0
BBX 4 4 -13 -6
BITMAP
F0
F0
F0
F0
ENDCHAR
STARTCHAR uniF025
ENCODING 61477
SWIDTH 0 0
DWIDTH 0 0
BBX 4 4 -13 -6
BITMAP
F0
F0
F0
F0
ENDCHAR
STARTCHAR uniF026
ENCODING 61478
SWIDTH 0 0
DWIDTH 0 0
BBX 4 4 -17 -6
BITMAP
F0
F0
F0
F0
ENDCHAR
STARTCHAR uniF027
ENCODING 61479
SWIDTH 0 0
DWIDTH 0 0
BBX 4 4 -15 -6
BITMAP
F0
F0
F0
F0
ENDCHAR
STARTCHAR uniF028
ENCODING 61480
SWIDTH 0 0
DWIDTH 0 0
BBX 4 4 -19 -6
BITMAP
F0
F0
F0
F0
ENDCHAR
STARTCHAR uniF029
ENCODING 61481
SWIDTH 0 0
DWIDTH 0 0
BBX 4 4 -8 -6
BITMAP
F0
F0
F0
F0
ENDCHAR
STARTCHAR uniF02A
ENCODING 61482
SWIDTH 0 0
DWIDTH 0 0
BBX 4 4 -6 -6
BITMAP
F0
F0
F0
F0
ENDCHAR
STARTCHAR uniF02B
ENCODING 61483
SWIDTH 0 0
DWIDTH 0 0
BBX 4 4 -15 -6
BITMAP
F0
F0
F0
F0
ENDCHAR
STARTCHAR uniF02C
ENCODING 61484
SWIDTH 0 0
DWIDTH 0 0
BBX 4 4 -5 -6
BITMAP
F0
F0
F0
F0
ENDCHAR
STARTCHAR uniF02D
ENCODING 61485
SWIDTH 0 0
DWIDTH 0 0
BBX 13 3 -20 33
BITMAP
3E18
FFF8
C3F0
ENDCHAR
STARTCHAR uniF02E
ENCODING 61486
SWIDTH 0 0
DWIDTH 0 0
BBX 14 5 -20 31
BITMAP
3C1C
7F3C
FFFC
E3F8
E0F0
ENDCHAR
STARTCHAR uniF02F
ENCODING 61487
SWIDTH 0 0
DWIDTH 0 0
BBX 13 3 -22 33
BITMAP
3E18
FFF8
C3F0
ENDCHAR
STARTCHAR uniF030
ENCODING 61488
SWIDTH 0 0
DWIDTH 0 0
BBX 14 5 -22 31
BITMAP
3C1C
7F3C
FFFC
E3F8
E0F0
ENDCHAR
STARTCHAR uniF031
ENCODING 61489
SWIDTH 222 0
DWIDTH 8 0
BBX 4 21 3 0
BITMAP
F0
F0
F0
F0
F0
F0
F0
F0
F0
F0
F0
F0
F0
F0
F0
F0
F0
F0
F0
F0
F0
ENDCHAR
STARTCHAR fi.dup19
ENCODING 64257
SWIDTH 500 0
DWIDTH 20 0
BBX 17 29 1 0
BITMAP
03F780
0FF780
0FF780
1F0780
1E0000
1E0000
1E0000
1E0000
FFE780
FFE780
FFE780
1E0780
1E0780
1E0780
1E0780
1E0780
1E0780
1E0780
1E0780
1E0780
1E0780
1E0780
1E0780
1E0780
1E0780
1E0780
1E0780
1E0780
1E0780
ENDCHAR
STARTCHAR fl.dup20
ENCODING 64258
SWIDTH 500 0
DWIDTH 20 0
BBX 17 29 1 0
BITMAP
03F780
0FF780
0FF780
1F0780
1E0780
1E0780
1E0780
1E0780
FFE780
FFE780
FFE780
1E0780
1E0780
1E0780
1E0780
1E0780
1E0780
1E0780
1E0780
1E0780
1E0780
1E0780
1E0780
1E0780
1E0780
1E0780
1E0780
1E0780
1E0780
ENDCHAR
STARTCHAR uniFB1D
ENCODING 64285
SWIDTH 246 0
DWIDTH 10 0
BBX 4 16 3 5
BITMAP
F0
F0
F0
F0
F0
F0
F0
F0
F0
F0
F0
00
00
60
E0
60
ENDCHAR
STARTCHAR uniFB1E
ENCODING 64286
SWIDTH 0 0
DWIDTH 0 0
BBX 11 5 -5 24
BITMAP
C060
E0E0
60C0
7FC0
1F00
ENDCHAR
STARTCHAR uniFB1F
ENCODING 64287
SWIDTH 493 0
DWIDTH 20 0
BBX 14 15 3 6
BITMAP
F03C
F03C
F03C
F03C
F03C
F03C
F03C
F03C
F03C
F03C
F03C
0000
0000
FFFC
FFFC
ENDCHAR
STARTCHAR altayin
ENCODING 64288
SWIDTH 535 0
DWIDTH 21 0
BBX 18 21 0 0
BITMAP
3C03C0
3C03C0
3E03C0
1E03C0
1E03C0
1E03C0
1E03C0
1F03C0
0F03C0
0F03C0
0F0380
0F0780
0F0780
078780
078780
078F00
078F00
079E00
FFFC00
FFF800
FFE000
ENDCHAR
STARTCHAR shinshindot
ENCODING 64298
SWIDTH 694 0
DWIDTH 28 0
BBX 24 26 2 0
BITMAP
000006
00000E
000006
000000
000000
F03C0F
F03C0F
F03C0F
F03C0F
F03C0F
F03C1F
F07C1E
F0781E
F0781E
F1F81E
7FF01E
7FE01E
7F001C
78003C
3C003C
3C0078
1E00F8
1F83F0
0FFFE0
03FFC0
00FE00
ENDCHAR
STARTCHAR shinsindot
ENCODING 64299
SWIDTH 694 0
DWIDTH 28 0
BBX 24 26 2 0
BITMAP
E00000
E00000
E00000
000000
000000
F03C0F
F03C0F
F03C0F
F03C0F
F03C0F
F03C1F
F07C1E
F0781E
F0781E
F1F81E
7FF01E
7FE01E
7F001C
78003C
3C003C
3C0078
1E00F8
1F83F0
0FFFE0
03FFC0
00FE00
ENDCHAR
STARTCHAR shindageshshindot
ENCODING 64300
SWIDTH 694 0
DWIDTH 28 0
BBX 24 26 2 0
BITMAP
000006
00000E
000006
000000
000000
F03C0F
F03C0F
F03C0F
F03C0F
F03C0F
F03C1F
F07C1E
F0781E
F0781E
F1F81E
7FF39E
7FE39E
7F039C
78003C
3C003C
3C0078
1E00F8
1F83F0
0FFFE0
03FFC0
00FE00
ENDCHAR
STARTCHAR shindageshsindot
ENCODING 64301
SWIDTH 694 0
DWIDTH 28 0
BBX 24 26 2 0
BITMAP
E00000
E00000
E00000
000000
000000
F03C0F
F03C0F
F03C0F
F03C0F
F03C0F
F03C1F
F07C1E
F0781E
F0781E
F1F81E
7FF39E
7FE39E
7F039C
78003C
3C003C
3C0078
1E00F8
1F83F0
0FFFE0
03FFC0
00FE00
ENDCHAR
STARTCHAR alefpatah
ENCODING 64302
SWIDTH 562 0
DWIDTH 23 0
BBX 20 27 2 -6
BITMAP
F801E0
7C01E0
3E01E0
1E01E0
1F03E0
0F83C0
0783C0
0FC3C0
1FE780
3FFF80
3CFF00
7CFE00
787C00
783E00
781E00
781F00
780F80
F00780
F007C0
F003E0
F001F0
000000
000000
000000
000000
03FC00
03FC00
ENDCHAR
STARTCHAR alefqamats
ENCODING 64303
SWIDTH 562 0
DWIDTH 23 0
BBX 20 30 2 -9
BITMAP
F801E0
7C01E0
3E01E0
1E01E0
1F03E0
0F83C0
0783C0
0FC3C0
1FE780
3FFF80
3CFF00
7CFE00
787C00
783E00
781E00
781F00
780F80
F00780
F007C0
F003E0
F001F0
000000
000000
000000
000000
03FC00
03FC00
006000
006000
006000
ENDCHAR
STARTCHAR alefmapiq
ENCODING 64304
SWIDTH 562 0
DWIDTH 23 0
BBX 20 21 2 0
BITMAP
F801E0
7C01E0
3E01E0
1E01E0
1F03E0
0F83C0
0783C0
0FC3C0
1FE780
3FFF80
3CFF00
7CFE00
787C00
783E00
781E00
781F00
79CF80
F1C780
F1C7C0
F003E0
F001F0
ENDCHAR
STARTCHAR betdagesh
ENCODING 64305
SWIDTH 541 0
DWIDTH 22 0
BBX 20 21 1 0
BITMAP
FFC000
7FF800
7FFC00
007E00
001F00
000F00
000F80
000780
030780
070780
030780
000780
000780
000780
000780
000780
000780
000780
FFFFF0
FFFFF0
FFFFF0
ENDCHAR
STARTCHAR gimeldagesh
ENCODING 64306
SWIDTH 398 0
DWIDTH 16 0
BBX 13 21 1 0
BITMAP
3F80
3FC0
3FE0
01F0
00F0
00F0
00F0
0CF0
1CF0
0CF0
00F0
00F0
03F0
0FF0
1FF0
3CF0
38F0
7878
7078
F078
E078
ENDCHAR
STARTCHAR daletdagesh
ENCODING 64307
SWIDTH 508 0
DWIDTH 20 0
BBX 18 21 1 0
BITMAP
FFFFC0
FFFFC0
FFFFC0
003C00
003C00
003C00
003C00
063C00
073C00
063C00
003C00
003C00
003C00
003C00
003C00
003C00
003C00
003C00
003C00
003C00
003C00
ENDCHAR
STARTCHAR hedagesh
ENCODING 64308
SWIDTH 602 0
DWIDTH 24 0
BBX 18 21 3 0
BITMAP
3FF000
FFFC00
FFFF00
C03F00
000F80
000780
0007C0
0003C0
0003C0
F063C0
F0E3C0
F063C0
F003C0
F003C0
F003C0
F003C0
F003C0
F003C0
F003C0
F003C0
F003C0
ENDCHAR
STARTCHAR vavdagesh
ENCODING 64309
SWIDTH 286 0
DWIDTH 11 0
BBX 9 21 0 0
BITMAP
0780
0780
0780
0780
0780
0780
0780
0780
E780
E780
E780
0780
0780
0780
0780
0780
0780
0780
0780
0780
0780
ENDCHAR
STARTCHAR zayindagesh
ENCODING 64310
SWIDTH 411 0
DWIDTH 16 0
BBX 15 21 0 0
BITMAP
1FFE
1FFE
1FFE
00F8
01F0
01E0
03C0
E3C0
E3C0
E3C0
03C0
03C0
03C0
01E0
01E0
01E0
01E0
01E0
01E0
01E0
01E0
ENDCHAR
STARTCHAR tetdagesh
ENCODING 64312
SWIDTH 589 0
DWIDTH 24 0
BBX 18 21 3 0
BITMAP
F01E00
F07F00
F0FF80
F0C780
F083C0
F003C0
F003C0
F003C0
F0C3C0
F1C3C0
F0C3C0
F003C0
F003C0
F003C0
F003C0
780780
780780
3E1F00
1FFE00
0FFC00
03F000
ENDCHAR
STARTCHAR yoddagesh
ENCODING 64313
SWIDTH 286 0
DWIDTH 11 0
BBX 9 11 0 10
BITMAP
0780
0780
0780
0780
0780
E780
E780
E780
0780
0780
0780
ENDCHAR
STARTCHAR finalkafdagesh
ENCODING 64314
SWIDTH 509 0
DWIDTH 20 0
BBX 16 29 1 -8
BITMAP
FFC0
FFF0
FFF8
00FC
003E
001E
001F
000F
000F
060F
0E0F
060F
000F
000F
000F
000F
000F
000F
000F
000F
000F
000F
000F
000F
000F
000F
000F
000F
000F
ENDCHAR
STARTCHAR kafdagesh
ENCODING 64315
SWIDTH 460 0
DWIDTH 18 0
BBX 14 21 2 0
BITMAP
7E00
FFC0
FFE0
41F0
00F0
0078
0078
003C
0C3C
0E3C
0C3C
003C
003C
003C
0078
0078
00F0
41F0
FFE0
FFC0
7E00
ENDCHAR
STARTCHAR lameddagesh
ENCODING 64316
SWIDTH 462 0
DWIDTH 19 0
BBX 16 29 1 0
BITMAP
F000
F000
F000
F000
F000
F000
F000
F000
FFFF
FFFF
FFFF
000F
000F
000F
000F
060F
070F
061E
003E
007C
0078
00F0
01F0
01E0
01E0
01E0
01E0
01E0
01E0
ENDCHAR
STARTCHAR memdagesh
ENCODING 64318
SWIDTH 601 0
DWIDTH 24 0
BBX 19 21 2 0
BITMAP
F03E00
F0FF00
F9FF80
7BC7C0
7F83C0
3F01C0
3F01E0
3E01E0
1E19E0
1E39E0
3C19E0
3C01E0
3C01E0
3C01E0
7801E0
7801E0
7801E0
7801E0
78FFE0
F0FFE0
F0FFE0
ENDCHAR
STARTCHAR nundagesh
ENCODING 64320
SWIDTH 352 0
DWIDTH 14 0
BBX 10 21 1 0
BITMAP
FC00
FF00
FF80
0780
07C0
03C0
03C0
03C0
73C0
73C0
73C0
03C0
03C0
03C0
03C0
03C0
03C0
03C0
FFC0
FFC0
FFC0
ENDCHAR
STARTCHAR samekhdagesh
ENCODING 64321
SWIDTH 574 0
DWIDTH 23 0
BBX 19 21 2 0
BITMAP
03F800
0FFE00
1FFF00
3E0F80
7C07C0
7803C0
7803C0
F001E0
F001E0
F0E1E0
F0E1E0
F0E1E0
F001E0
F001E0
7803C0
7803C0
7C07C0
3E0F80
1FFF00
0FFE00
03F800
ENDCHAR
STARTCHAR finalpedagesh
ENCODING 64323
SWIDTH 566 0
DWIDTH 23 0
BBX 18 29 2 -8
BITMAP
3FE000
FFFC00
FFFF00
F03F00
F00F80
F00780
F003C0
F003C0
F003C0
F003C0
F073C0
FE73C0
7E73C0
3E03C0
0003C0
0003C0
0003C0
0003C0
0003C0
0003C0
0003C0
0003C0
0003C0
0003C0
0003C0
0003C0
0003C0
0003C0
0003C0
ENDCHAR
STARTCHAR pedagesh
ENCODING 64324
SWIDTH 546 0
DWIDTH 22 0
BBX 18 21 2 0
BITMAP
3FE000
FFF800
FFFE00
F03F00
F00F80
F00F80
F00780
F003C0
F803C0
FE73C0
7E73C0
1E73C0
0003C0
0007C0
000780
000F80
001F00
407E00
FFFC00
FFF800
7FC000
ENDCHAR
STARTCHAR tsadidagesh
ENCODING 64326
SWIDTH 478 0
DWIDTH 19 0
BBX 17 21 0 0
BITMAP
F80780
780780
7C0780
3E0780
1E0780
1F0780
0F0F00
0F8F00
079E00
73FE00
73F800
71F000
01F000
00F000
007800
007C00
003C00
001E00
7FFF00
7FFF00
7FFF00
ENDCHAR
STARTCHAR qofdagesh
ENCODING 64327
SWIDTH 549 0
DWIDTH 22 0
BBX 17 29 3 -8
BITMAP
FFFF80
FFFF80
FFFF80
000780
000780
000780
000780
000780
01C780
F1CF00
F1CF00
F01E00
F03E00
F03C00
F07C00
F07800
F07800
F07800
F07800
F07800
F07800
F00000
F00000
F00000
F00000
F00000
F00000
F00000
F00000
ENDCHAR
STARTCHAR reshdagesh
ENCODING 64328
SWIDTH 509 0
DWIDTH 20 0
BBX 17 21 0 0
BITMAP
FFC000
FFF800
FFFC00
007E00
001F00
000F00
000F80
000780
000780
030780
070780
030780
000780
000780
000780
000780
000780
000780
000780
000780
000780
ENDCHAR
STARTCHAR shindagesh
ENCODING 64329
SWIDTH 694 0
DWIDTH 28 0
BBX 24 21 2 0
BITMAP
F03C0F
F03C0F
F03C0F
F03C0F
F03C0F
F03C1F
F07C1E
F0781E
F0781E
F1F81E
7FF39E
7FE39E
7F039C
78003C
3C003C
3C0078
1E00F8
1F83F0
0FFFE0
03FFC0
00FE00
ENDCHAR
STARTCHAR tavdages
ENCODING 64330
SWIDTH 642 0
DWIDTH 26 0
BBX 22 21 1 0
BITMAP
7FFF00
7FFFE0
7FFFF0
0781F8
0780F8
078078
07803C
07803C
07803C
07863C
07873C
07863C
07803C
07803C
07803C
07803C
07803C
0F803C
7F803C
FF003C
FE003C
ENDCHAR
STARTCHAR vavholam
ENCODING 64331
SWIDTH 246 0
DWIDTH 10 0
BBX 4 26 3 0
BITMAP
E0
E0
E0
00
00
F0
F0
F0
F0
F0
F0
F0
F0
F0
F0
F0
F0
F0
F0
F0
F0
F0
F0
F0
F0
F0
ENDCHAR
STARTCHAR betrafe
ENCODING 64332
SWIDTH 541 0
DWIDTH 22 0
BBX 20 26 1 0
BITMAP
0FF000
0FF000
000000
000000
000000
FFC000
7FF800
7FFC00
007E00
001F00
000F00
000F80
000780
000780
000780
000780
000780
000780
000780
000780
000780
000780
000780
FFFFF0
FFFFF0
FFFFF0
ENDCHAR
STARTCHAR kafrafe
ENCODING 64333
SWIDTH 460 0
DWIDTH 18 0
BBX 14 26 2 0
BITMAP
3FC0
3FC0
0000
0000
0000
7E00
FFC0
FFE0
41F0
00F0
0078
0078
003C
003C
003C
003C
003C
003C
003C
0078
0078
00F0
41F0
FFE0
FFC0
7E00
ENDCHAR
STARTCHAR perafe
ENCODING 64334
SWIDTH 546 0
DWIDTH 22 0
BBX 18 26 2 0
BITMAP
0FF000
0FF000
000000
000000
000000
3FE000
FFF800
FFFE00
F03F00
F00F80
F00F80
F00780
F003C0
F803C0
7F03C0
7F03C0
1F03C0
0003C0
0007C0
000780
000F80
001F00
407E00
FFFC00
FFF800
7FC000
ENDCHAR
STARTCHAR aleflamed
ENCODING 64335
SWIDTH 575 0
DWIDTH 23 0
BBX 21 29 1 0
BITMAP
F00000
F00000
F00000
F00000
F00000
F00000
F00000
F00000
FC00F0
FE00F0
FF00F0
0F80F0
0781F0
07C1E0
03E1E0
07E1E0
0FF3C0
1FFFC0
1E7F80
3C3F00
3C3E00
3C1F00
3C0F00
3C0F80
3C07C0
7803E0
7801E0
7801F0
7800F8
ENDCHAR
STARTCHAR uni0671.dup21
ENCODING 64336
SWIDTH 207 0
DWIDTH 8 0
BBX 8 31 1 5
BITMAP
07
1B
23
FF
FE
80
00
08
18
18
18
18
18
18
18
18
18
1C
1C
1C
0C
0C
0C
0C
0C
0C
0C
0C
0C
08
08
ENDCHAR
STARTCHAR uniFB51
ENCODING 64337
SWIDTH 229 0
DWIDTH 9 0
BBX 11 30 -2 6
BITMAP
0700
0B00
1300
7F00
FE00
4000
0000
0800
1800
3800
3800
1800
1C00
1C00
0C00
0C00
0C00
0C00
0C00
0C00
0C00
0C00
0C00
0C00
0C00
0E00
0600
07E0
07E0
03E0
ENDCHAR
STARTCHAR uni067B.dup22
ENCODING 64338
SWIDTH 713 0
DWIDTH 29 0
BBX 28 26 1 -7
BITMAP
40000020
40000020
80000070
80000070
80000030
80000010
80000010
C0000010
E0000010
78000010
7FFFFFF0
1FFFFFF0
07FFFFF0
00000000
00000000
00000000
00040000
00070000
000F8000
00070000
00030000
00020000
00038000
0007C000
00038000
00018000
ENDCHAR
STARTCHAR uniFB53
ENCODING 64339
SWIDTH 713 0
DWIDTH 29 0
BBX 28 26 1 -7
BITMAP
40000020
40000020
80000070
80000070
80000030
80000010
80000010
C0000010
E0000010
78000010
7FFFFFF0
1FFFFFF0
07FFFFF0
00000000
00000000
00000000
00040000
00070000
000F8000
00070000
00030000
00020000
00038000
0007C000
00038000
00018000
ENDCHAR
STARTCHAR uniFB54
ENCODING 64340
SWIDTH 244 0
DWIDTH 10 0
BBX 11 26 -1 -7
BITMAP
0040
0040
00E0
00E0
0060
0060
0020
0020
0020
0020
FFE0
FFE0
FFE0
0000
0000
0000
0C00
0E00
1F00
0E00
0600
0600
0700
0F80
0700
0300
ENDCHAR
STARTCHAR uniFB55
ENCODING 64341
SWIDTH 244 0
DWIDTH 10 0
BBX 11 26 -1 -7
BITMAP
0040
0040
00E0
00E0
0060
0060
0020
0020
0020
0020
FFE0
FFE0
FFE0
0000
0000
0000
0C00
0E00
1F00
0E00
0600
0600
0700
0F80
0700
0300
ENDCHAR
STARTCHAR afii57506.dup23
ENCODING 64342
SWIDTH 713 0
DWIDTH 29 0
BBX 28 27 1 -8
BITMAP
40000020
40000020
80000070
80000070
80000030
80000010
80000010
C0000010
E0000010
78000010
7FFFFFF0
1FFFFFF0
07FFFFF0
00000000
00000000
00000000
0000C000
0000E000
0019F000
001CE000
003E6000
001C0000
000D8000
0001C000
0003E000
0001C000
0000C000
ENDCHAR
STARTCHAR afii62958
ENCODING 64343
SWIDTH 713 0
DWIDTH 29 0
BBX 28 27 1 -8
BITMAP
40000020
40000020
80000070
80000070
80000030
80000010
80000010
C0000010
E0000010
78000010
7FFFFFF0
1FFFFFF0
07FFFFF0
00000000
00000000
00000000
0000C000
0000E000
0019F000
001CE000
003E6000
001C0000
000D8000
0001C000
0003E000
0001C000
0000C000
ENDCHAR
STARTCHAR afii62956
ENCODING 64344
SWIDTH 244 0
DWIDTH 10 0
BBX 12 27 -1 -8
BITMAP
0040
0040
00E0
00E0
0060
0060
0020
0020
0020
0020
FFE0
FFE0
FFE0
0000
0000
0000
00C0
00E0
19F0
1CE0
3E60
1C00
0D80
01C0
03E0
01C0
00C0
ENDCHAR
STARTCHAR afii52957
ENCODING 64345
SWIDTH 244 0
DWIDTH 10 0
BBX 12 27 -1 -8
BITMAP
0040
0040
00E0
00E0
0060
0060
0020
0020
0020
0020
FFE0
FFE0
FFE0
0000
0000
0000
00C0
00E0
19F0
1CE0
3E60
1C00
0D80
01C0
03E0
01C0
00C0
ENDCHAR
STARTCHAR uni0680.dup24
ENCODING 64346
SWIDTH 713 0
DWIDTH 29 0
BBX 28 27 1 -8
BITMAP
40000020
40000020
80000070
80000070
80000030
80000010
80000010
C0000010
E0000010
78000010
7FFFFFF0
1FFFFFF0
07FFFFF0
00000000
00000000
00010000
0003C000
0023C000
007BC000
00788000
00788000
0011E000
0011E000
003DE000
003C4000
003C0000
00080000
ENDCHAR
STARTCHAR uniFB5B
ENCODING 64347
SWIDTH 713 0
DWIDTH 29 0
BBX 28 27 1 -8
BITMAP
40000020
40000020
80000070
80000070
80000030
80000010
80000010
C0000010
E0000010
78000010
7FFFFFF0
1FFFFFF0
07FFFFF0
00000000
00000000
00010000
0003C000
0023C000
007BC000
00788000
00788000
0011E000
0011E000
003DE000
003C4000
003C0000
00080000
ENDCHAR
STARTCHAR uniFB5C
ENCODING 64348
SWIDTH 244 0
DWIDTH 10 0
BBX 11 27 -1 -8
BITMAP
0040
0040
00E0
00E0
0060
0060
0020
0020
0020
0020
FFE0
FFE0
FFE0
0000
0000
0300
0380
47C0
7380
F980
7180
31C0
33E0
39C0
7CC0
3800
1800
ENDCHAR
STARTCHAR uniFB5D
ENCODING 64349
SWIDTH 244 0
DWIDTH 10 0
BBX 11 27 -1 -8
BITMAP
0040
0040
00E0
00E0
0060
0060
0020
0020
0020
0020
FFE0
FFE0
FFE0
0000
0000
0300
0380
47C0
7380
F980
7180
31C0
33E0
39C0
7CC0
3800
1800
ENDCHAR
STARTCHAR uni067A.dup25
ENCODING 64350
SWIDTH 713 0
DWIDTH 29 0
BBX 28 24 1 6
BITMAP
00080000
000E0000
001E0000
001E0000
00040000
00040000
00070000
000F0000
000F0000
00020000
00000000
40000020
40000020
80000070
80000070
80000030
80000010
80000010
C0000010
E0000010
78000010
7FFFFFF0
1FFFFFF0
07FFFFF0
ENDCHAR
STARTCHAR uniFB5F
ENCODING 64351
SWIDTH 713 0
DWIDTH 29 0
BBX 28 24 1 6
BITMAP
00080000
000E0000
001E0000
001E0000
00040000
00040000
00070000
000F0000
000F0000
00020000
00000000
40000020
40000020
80000070
80000070
80000030
80000010
80000010
C0000010
E0000010
78000010
7FFFFFF0
1FFFFFF0
07FFFFF0
ENDCHAR
STARTCHAR uniFB60
ENCODING 64352
SWIDTH 244 0
DWIDTH 10 0
BBX 11 24 -1 6
BITMAP
0400
0F00
0F00
0E00
0200
0200
0780
0780
0700
0100
0000
0040
0040
00E0
00E0
0060
0060
0020
0020
0020
0020
FFE0
FFE0
FFE0
ENDCHAR
STARTCHAR uniFB61
ENCODING 64353
SWIDTH 244 0
DWIDTH 10 0
BBX 11 24 -1 6
BITMAP
0400
0F00
0F00
0E00
0200
0200
0780
0780
0700
0100
0000
0040
0040
00E0
00E0
0060
0060
0020
0020
0020
0020
FFE0
FFE0
FFE0
ENDCHAR
STARTCHAR uni067F.dup26
ENCODING 64354
SWIDTH 713 0
DWIDTH 29 0
BBX 28 25 1 6
BITMAP
00020000
00038000
00478000
00778000
00F10000
00710000
0021C000
0023C000
003BC000
00788000
00780000
00100000
40000020
40000020
80000070
80000070
80000030
80000010
80000010
C0000010
E0000010
78000010
7FFFFFF0
1FFFFFF0
07FFFFF0
ENDCHAR
STARTCHAR uniFB63
ENCODING 64355
SWIDTH 713 0
DWIDTH 29 0
BBX 28 25 1 6
BITMAP
00020000
00038000
00478000
00778000
00F10000
00710000
0021C000
0023C000
003BC000
00788000
00780000
00100000
40000020
40000020
80000070
80000070
80000030
80000010
80000010
C0000010
E0000010
78000010
7FFFFFF0
1FFFFFF0
07FFFFF0
ENDCHAR
STARTCHAR uniFB64
ENCODING 64356
SWIDTH 244 0
DWIDTH 10 0
BBX 11 25 -1 6
BITMAP
0100
03C0
63C0
7380
F880
7080
11E0
11E0
3DC0
3C40
3800
0800
0040
0040
00E0
00E0
0060
0060
0020
0020
0020
0020
FFE0
FFE0
FFE0
ENDCHAR
STARTCHAR uniFB65
ENCODING 64357
SWIDTH 244 0
DWIDTH 10 0
BBX 11 25 -1 6
BITMAP
0100
03C0
63C0
7380
F880
7080
11E0
11E0
3DC0
3C40
3800
0800
0040
0040
00E0
00E0
0060
0060
0020
0020
0020
0020
FFE0
FFE0
FFE0
ENDCHAR
STARTCHAR uni0679.dup27
ENCODING 64358
SWIDTH 713 0
DWIDTH 29 0
BBX 28 27 1 6
BITMAP
00200000
00380000
00100000
00100000
00100000
00080000
0009E000
000FF000
000C3000
00101000
00FFF000
00FFF000
00000000
00000000
40000020
40000020
80000070
80000070
80000030
80000010
80000010
C0000010
E0000010
78000010
7FFFFFF0
1FFFFFF0
07FFFFF0
ENDCHAR
STARTCHAR uniFB67
ENCODING 64359
SWIDTH 713 0
DWIDTH 29 0
BBX 28 27 1 6
BITMAP
00200000
00380000
00100000
00100000
00100000
00080000
0009E000
000FF000
000C3000
00101000
00FFF000
00FFF000
00000000
00000000
40000020
40000020
80000070
80000070
80000030
80000010
80000010
C0000010
E0000010
78000010
7FFFFFF0
1FFFFFF0
07FFFFF0
ENDCHAR
STARTCHAR uniFB68
ENCODING 64360
SWIDTH 244 0
DWIDTH 10 0
BBX 12 27 -1 6
BITMAP
2000
3800
1800
1000
0800
0800
08E0
0BF0
0E10
1010
FFF0
FFF0
0000
0000
0040
0040
00E0
00E0
0060
0060
0020
0020
0020
0020
FFE0
FFE0
FFE0
ENDCHAR
STARTCHAR uniFB69
ENCODING 64361
SWIDTH 244 0
DWIDTH 10 0
BBX 12 27 -1 6
BITMAP
2000
3800
1800
1000
0800
0800
08E0
0BF0
0E10
1010
FFF0
FFF0
0000
0000
0040
0040
00E0
00E0
0060
0060
0020
0020
0020
0020
FFE0
FFE0
FFE0
ENDCHAR
STARTCHAR uni06A4.dup28
ENCODING 64362
SWIDTH 788 0
DWIDTH 32 0
BBX 31 25 1 6
BITMAP
00000080
000001E0
000001E0
000001E0
00000048
0000001E
0000011E
000003DE
000003C4
000003C0
00000080
00000000
40000038
4000007C
800000FC
800000CE
800001C6
800001C6
800001E6
C00001FE
E00000FE
7E00003E
3FFFFFFE
1FFFFFFE
03FFFFFE
ENDCHAR
STARTCHAR uniFB6B
ENCODING 64363
SWIDTH 788 0
DWIDTH 32 0
BBX 31 25 1 6
BITMAP
00000080
000001E0
000001E0
000001E0
00000048
0000001E
0000011E
000003DE
000003C4
000003C0
00000080
00000000
40000038
4000007C
800000FC
800000CE
800001C6
800001C6
800001E6
C00001FE
E00000FE
7E00003E
3FFFFFFE
1FFFFFFE
03FFFFFE
ENDCHAR
STARTCHAR uniFB6C
ENCODING 64364
SWIDTH 267 0
DWIDTH 11 0
BBX 12 27 -1 6
BITMAP
0800
1E00
1E00
1C00
0480
01E0
11E0
3DC0
3C40
3800
0800
0000
0780
0FC0
0FC0
19E0
18E0
18E0
1FF0
1FF0
0FB0
0030
0030
0030
FFF0
FFF0
FFF0
ENDCHAR
STARTCHAR uniFB6D
ENCODING 64365
SWIDTH 262 0
DWIDTH 11 0
BBX 12 27 -1 6
BITMAP
0800
1E00
1E00
1E00
0480
01E0
11E0
3DE0
3C40
3C00
0800
0000
0000
0000
03C0
07E0
07E0
0CF0
0C70
0C30
0E30
07F0
03F0
0030
FFF0
FFF0
FFF0
ENDCHAR
STARTCHAR uni06A6.dup29
ENCODING 64366
SWIDTH 788 0
DWIDTH 32 0
BBX 32 27 1 6
BITMAP
00000008
0000001E
0000011E
000003DE
000003C4
000003C4
0000008F
0000008F
000001EF
000001E2
000001E0
00000040
00000000
00000000
40000038
4000007C
800000FC
800000CE
800001C6
800001C6
800001E6
C00001FE
E00000FE
7E00003E
3FFFFFFE
1FFFFFFE
03FFFFFE
ENDCHAR
STARTCHAR uniFB6F
ENCODING 64367
SWIDTH 788 0
DWIDTH 32 0
BBX 32 27 1 6
BITMAP
00000008
0000001E
0000011E
000003DE
000003C4
000003C4
0000008F
0000008F
000001EF
000001E2
000001E0
00000040
00000000
00000000
40000038
4000007C
800000FC
800000CE
800001C6
800001C6
800001E6
C00001FE
E00000FE
7E00003E
3FFFFFFE
1FFFFFFE
03FFFFFE
ENDCHAR
STARTCHAR uniFB70
ENCODING 64368
SWIDTH 267 0
DWIDTH 11 0
BBX 12 29 -1 6
BITMAP
0100
03C0
63C0
7380
F880
7080
11E0
11E0
3DC0
3C40
3800
0800
0000
0000
0780
0FC0
0FC0
19E0
18E0
18E0
1FF0
1FF0
0FB0
0030
0030
0030
FFF0
FFF0
FFF0
ENDCHAR
STARTCHAR uniFB71
ENCODING 64369
SWIDTH 262 0
DWIDTH 11 0
BBX 12 29 -1 6
BITMAP
0100
03C0
63C0
7380
F880
7080
11E0
11E0
3DC0
3C40
3800
0800
0000
0000
0000
0000
03C0
07E0
07E0
0CF0
0C70
0C30
0E30
07F0
03F0
0030
FFF0
FFF0
FFF0
ENDCHAR
STARTCHAR uni0684.dup30
ENCODING 64370
SWIDTH 562 0
DWIDTH 23 0
BBX 20 24 1 -8
BITMAP
0FFFE0
3FFFE0
3FFFC0
40FF00
03E000
070000
1C0000
300000
204000
40F000
40F000
80F000
802000
802000
807800
807800
C07800
E01000
700000
7C0000
3FC000
1FFFF0
07FFC0
00FF00
ENDCHAR
STARTCHAR uniFB73
ENCODING 64371
SWIDTH 525 0
DWIDTH 21 0
BBX 20 24 1 -8
BITMAP
1FFFE0
7FFFE0
7FFFC0
80FE00
01E400
070400
0C0600
1007F0
2107F0
43C3F0
43C000
83C000
808000
808000
81E000
81E000
C1E000
E04000
700000
7C0000
3FC000
1FFFF0
07FFC0
00FF00
ENDCHAR
STARTCHAR uniFB74
ENCODING 64372
SWIDTH 529 0
DWIDTH 21 0
BBX 22 24 -1 -7
BITMAP
03E000
07F800
0FFC00
007E00
001F00
0007C0
0003E0
0001F0
FFFFFC
FFFFFC
FFFFFC
000000
000000
000000
006000
007800
00F800
007000
001000
003000
003800
007C00
003800
000800
ENDCHAR
STARTCHAR uniFB75
ENCODING 64373
SWIDTH 529 0
DWIDTH 21 0
BBX 22 24 -1 -7
BITMAP
03E000
07F800
0FFC00
007E00
001F00
0007C0
0003E0
0001F0
FFFFFC
FFFFFC
FFFFFC
000000
000000
000000
006000
007800
00F800
007000
001000
003000
003800
007C00
003800
000800
ENDCHAR
STARTCHAR uni0683.dup31
ENCODING 64374
SWIDTH 562 0
DWIDTH 23 0
BBX 20 24 1 -8
BITMAP
0FFFE0
3FFFE0
3FFFC0
40FF00
03E000
070000
1C0000
300000
200000
400200
400780
804780
80F780
80F100
80F000
802000
C00000
E00000
700000
7C0000
3FC000
1FFFF0
07FFC0
00FF00
ENDCHAR
STARTCHAR uniFB77
ENCODING 64375
SWIDTH 525 0
DWIDTH 21 0
BBX 20 24 1 -8
BITMAP
1FFFE0
7FFFE0
7FFFC0
80FE00
01E400
070400
0C0600
1007F0
2007F0
4043F0
407000
88F000
8EF000
9E2000
9E0000
840000
C00000
E00000
700000
7C0000
3FC000
1FFFF0
07FFC0
00FF00
ENDCHAR
STARTCHAR uniFB78
ENCODING 64376
SWIDTH 529 0
DWIDTH 21 0
BBX 22 21 -1 -4
BITMAP
03E000
07F800
0FFC00
007E00
001F00
0007C0
0003E0
0001F0
FFFFFC
FFFFFC
FFFFFC
000000
000000
000000
000C00
000F00
019F00
01CE00
03E200
01C000
004000
ENDCHAR
STARTCHAR uniFB79
ENCODING 64377
SWIDTH 529 0
DWIDTH 21 0
BBX 22 21 -1 -4
BITMAP
03E000
07F800
0FFC00
007E00
001F00
0007C0
0003E0
0001F0
FFFFFC
FFFFFC
FFFFFC
000000
000000
000000
000C00
000F00
019F00
01CE00
03E200
01C000
004000
ENDCHAR
STARTCHAR afii57507.dup32
ENCODING 64378
SWIDTH 562 0
DWIDTH 23 0
BBX 20 24 1 -8
BITMAP
0FFFE0
3FFFE0
3FFFC0
40FF00
03E000
070000
1C0000
300000
200C00
400E00
419F00
81CE00
83E600
81C000
80D800
801C00
C03E00
E01C00
700C00
7C0000
3FC000
1FFFF0
07FFC0
00FF00
ENDCHAR
STARTCHAR afii62961
ENCODING 64379
SWIDTH 525 0
DWIDTH 21 0
BBX 20 24 1 -8
BITMAP
1FFFE0
7FFFE0
7FFFC0
80FE00
01E400
070400
0C0600
1007F0
2067F0
4073F0
4CF800
8E7000
9F3000
8E0000
86C000
80E000
C1F000
E0E000
706000
7C0000
3FC000
1FFFF0
07FFC0
00FF00
ENDCHAR
STARTCHAR afii62959
ENCODING 64380
SWIDTH 529 0
DWIDTH 21 0
BBX 22 25 -1 -8
BITMAP
03E000
07F800
0FFC00
007E00
001F00
0007C0
0003E0
0001F0
FFFFFC
FFFFFC
FFFFFC
000000
000000
000000
000C00
000E00
019F00
01CE00
03E600
01C000
00D800
001C00
003E00
001C00
000C00
ENDCHAR
STARTCHAR afii62960
ENCODING 64381
SWIDTH 529 0
DWIDTH 21 0
BBX 22 25 -1 -8
BITMAP
03E000
07F800
0FFC00
007E00
001F00
0007C0
0003E0
0001F0
FFFFFC
FFFFFC
FFFFFC
000000
000000
000000
000C00
000E00
019F00
01CE00
03E600
01C000
00D800
001C00
003E00
001C00
000C00
ENDCHAR
STARTCHAR uni0687.dup33
ENCODING 64382
SWIDTH 562 0
DWIDTH 23 0
BBX 20 24 1 -8
BITMAP
0FFFE0
3FFFE0
3FFFC0
40FF00
03E000
070C00
1C0F00
318F00
21CE00
43E200
41C200
804780
80C780
80F700
80F100
80E000
C02000
E00000
700000
7C0000
3FC000
1FFFF0
07FFC0
00FF00
ENDCHAR
STARTCHAR uniFB7f
ENCODING 64383
SWIDTH 525 0
DWIDTH 21 0
BBX 20 24 1 -8
BITMAP
1FFFE0
7FFFE0
7FFFC0
80FE00
01E400
070400
0C2600
107FF0
247FF0
4F73F0
4F1000
8E1000
823C00
823C00
87B800
878800
C70000
E10000
700000
7C0000
3FC000
1FFFF0
07FFC0
00FF00
ENDCHAR
STARTCHAR uniFB80
ENCODING 64384
SWIDTH 529 0
DWIDTH 21 0
BBX 22 25 -1 -8
BITMAP
03E000
07F800
0FFC00
007E00
001F00
0007C0
0003E0
0001F0
FFFFFC
FFFFFC
FFFFFC
000000
000000
000800
001E00
011E00
03DE00
03C400
03C400
008F00
008F00
01EF00
01E200
01E000
004000
ENDCHAR
STARTCHAR uniFB81
ENCODING 64385
SWIDTH 529 0
DWIDTH 21 0
BBX 22 25 -1 -8
BITMAP
03E000
07F800
0FFC00
007E00
001F00
0007C0
0003E0
0001F0
FFFFFC
FFFFFC
FFFFFC
000000
000000
000800
001E00
011E00
03DE00
03C400
03C400
008F00
008F00
01EF00
01E200
01E000
004000
ENDCHAR
STARTCHAR uni068D.dup34
ENCODING 64386
SWIDTH 337 0
DWIDTH 14 0
BBX 12 25 2 -4
BITMAP
0200
0380
03C0
01C0
0060
0060
0020
0030
0010
0010
0010
8010
FFF0
FFF0
7FF0
0000
0000
0000
0100
01C0
23C0
3BC0
7880
7800
1000
ENDCHAR
STARTCHAR uniFB83
ENCODING 64387
SWIDTH 337 0
DWIDTH 14 0
BBX 12 25 2 -4
BITMAP
0200
0380
03C0
01C0
0060
0060
0020
0030
0010
0010
0010
8010
FFF0
FFF0
7FF0
0000
0000
0000
0100
01C0
23C0
3BC0
7880
7800
1000
ENDCHAR
STARTCHAR uni068C.dup35
ENCODING 64388
SWIDTH 337 0
DWIDTH 14 0
BBX 12 24 2 6
BITMAP
0100
03C0
23C0
7BC0
7880
7800
1000
0000
0000
0200
0380
03C0
01C0
0060
0060
0020
0030
0010
0010
0010
8010
FFF0
FFF0
7FF0
ENDCHAR
STARTCHAR uniFB85
ENCODING 64389
SWIDTH 337 0
DWIDTH 14 0
BBX 12 24 2 6
BITMAP
0100
03C0
23C0
7BC0
7880
7800
1000
0000
0000
0200
0380
03C0
01C0
0060
0060
0020
0030
0010
0010
0010
8010
FFF0
FFF0
7FF0
ENDCHAR
STARTCHAR uni068E.dup36
ENCODING 64390
SWIDTH 337 0
DWIDTH 14 0
BBX 12 28 2 6
BITMAP
1000
1C00
3E00
1C00
0D00
01C0
23E0
39C0
7CC0
3800
1800
0000
0000
0200
0380
03C0
01C0
0060
0060
0020
0030
0010
0010
0010
8010
FFF0
FFF0
7FF0
ENDCHAR
STARTCHAR uniFB87
ENCODING 64391
SWIDTH 337 0
DWIDTH 14 0
BBX 12 28 2 6
BITMAP
1000
1C00
3E00
1C00
0D00
01C0
23E0
39C0
7CC0
3800
1800
0000
0000
0200
0380
03C0
01C0
0060
0060
0020
0030
0010
0010
0010
8010
FFF0
FFF0
7FF0
ENDCHAR
STARTCHAR uni0688.dup37
ENCODING 64392
SWIDTH 337 0
DWIDTH 14 0
BBX 12 29 2 6
BITMAP
2000
3800
1800
1000
0800
0800
09E0
0BF0
0E10
1010
FFF0
FFF0
0000
0000
0200
0380
03C0
01C0
0060
0060
0020
0030
0010
0010
0010
8010
FFF0
FFF0
7FF0
ENDCHAR
STARTCHAR uniFB89
ENCODING 64393
SWIDTH 337 0
DWIDTH 14 0
BBX 12 29 2 6
BITMAP
2000
3800
1800
1000
0800
0800
09E0
0BF0
0E10
1010
FFF0
FFF0
0000
0000
0200
0380
03C0
01C0
0060
0060
0020
0030
0010
0010
0010
8010
FFF0
FFF0
7FF0
ENDCHAR
STARTCHAR afii57508.dup38
ENCODING 64394
SWIDTH 488 0
DWIDTH 20 0
BBX 19 34 1 -4
BITMAP
001800
001C00
003E00
001C00
000D80
0001C0
0033E0
0039C0
007CC0
003800
001800
000000
000000
000080
0000C0
0001C0
0001C0
0000E0
000060
000060
000020
000020
000020
000020
000060
000060
0000E0
0001C0
0003C0
000780
001F00
E07C00
1FF800
03E000
ENDCHAR
STARTCHAR afii62962
ENCODING 64395
SWIDTH 488 0
DWIDTH 20 0
BBX 19 34 1 -4
BITMAP
001800
001C00
003E00
001C00
000D80
0001C0
0033E0
0039C0
007CC0
003800
001800
000000
000000
000080
0000C0
0001C0
0001C0
0000E0
000060
000060
000020
000020
000020
000020
000060
000060
0000E0
0001C0
0003C0
000780
001F00
E07C00
1FF800
03E000
ENDCHAR
STARTCHAR uni0691.dup39
ENCODING 64396
SWIDTH 488 0
DWIDTH 20 0
BBX 19 37 1 -4
BITMAP
004000
007000
003000
002000
003000
001000
0013C0
0017E0
001860
002020
01FFE0
01FFE0
000000
000000
000000
000000
000080
0000C0
0001C0
0001C0
0000E0
000060
000060
000020
000020
000020
000020
000060
000060
0000E0
0001C0
0003C0
000780
001F00
E07C00
1FF800
03E000
ENDCHAR
STARTCHAR uniFB8D
ENCODING 64397
SWIDTH 488 0
DWIDTH 20 0
BBX 19 37 1 -4
BITMAP
004000
007000
003000
002000
003000
001000
0013C0
0017E0
001860
002020
01FFE0
01FFE0
000000
000000
000000
000000
000080
0000C0
0001C0
0001C0
0000E0
000060
000060
000020
000020
000020
000020
000060
000060
0000E0
0001C0
0003C0
000780
001F00
E07C00
1FF800
03E000
ENDCHAR
STARTCHAR afii57567.dup40
ENCODING 64398
SWIDTH 812 0
DWIDTH 32 0
BBX 32 23 0 6
BITMAP
00000004
0000003C
000001FC
000007F8
00001FC0
00003E00
00003800
00007000
00007800
00007E00
00007F00
00003F80
40001FC0
400003E0
800000F0
80000078
8000001C
8000000E
C000000E
F0000007
7FFFFFFF
7FFFFFFF
0FFFFFFF
ENDCHAR
STARTCHAR afii62964
ENCODING 64399
SWIDTH 932 0
DWIDTH 37 0
BBX 37 23 0 6
BITMAP
0000000400
0000003C00
000001FC00
000007F800
00001FC000
00003E0000
0000380000
0000700000
0000780000
00007E0000
00007F0000
00003F8000
40001FC000
400001E000
800000F000
8000007800
8000005C00
8000004E00
C00000CF00
F000078780
7FFFFF03F8
7FFFFE01F8
0FFFF80078
ENDCHAR
STARTCHAR afii52305
ENCODING 64400
SWIDTH 394 0
DWIDTH 16 0
BBX 17 23 -1 6
BITMAP
000200
001E00
00FE00
03FC00
0FE000
1F0000
1C0000
380000
3C0000
3F0000
3F8000
1FC000
0FE000
01F000
007800
003C00
000E00
000700
000700
000380
FFFF80
FFFF80
FFFF80
ENDCHAR
STARTCHAR afii52306
ENCODING 64401
SWIDTH 514 0
DWIDTH 21 0
BBX 22 23 -1 6
BITMAP
000200
001E00
00FE00
03FC00
0FE000
1F0000
1C0000
380000
3C0000
3F0000
3F8000
1FC000
0FE000
00F000
007800
003C00
002E00
002700
006780
03C3C0
FF81FC
FF00FC
FC003C
ENDCHAR
STARTCHAR afii57509.dup41
ENCODING 64402
SWIDTH 812 0
DWIDTH 32 0
BBX 32 28 0 6
BITMAP
00000004
0000003C
000000FC
000003F8
00000FC0
00001F04
00007C3C
000071FC
000047F8
00001FC0
00003E00
00003800
00007000
00007800
00007E00
00007F00
00003F80
40001FC0
400003E0
800000F0
80000078
8000001C
8000000E
C000000E
F0000007
7FFFFFFF
7FFFFFFF
0FFFFFFF
ENDCHAR
STARTCHAR afii62967
ENCODING 64403
SWIDTH 932 0
DWIDTH 37 0
BBX 37 28 0 6
BITMAP
0000000400
0000003C00
000000FC00
000003F800
00000FC000
00001F0400
00007C3C00
000071FC00
000047F800
00001FC000
00003E0000
0000380000
0000700000
0000780000
00007E0000
00007F0000
00003F8000
40001FC000
400001E000
800000F000
8000007800
8000005C00
8000004E00
C00000CF00
F000078780
7FFFFF03F8
7FFFFE01F8
0FFFF80078
ENDCHAR
STARTCHAR afii62965
ENCODING 64404
SWIDTH 394 0
DWIDTH 16 0
BBX 17 28 -1 6
BITMAP
000200
001E00
007E00
01FC00
07E000
1F0200
3C1E00
30FE00
03FC00
0FE000
1F0000
1C0000
380000
3C0000
3F0000
3F8000
1FC000
0FE000
01F000
007800
003C00
000E00
000700
000700
000380
FFFF80
FFFF80
FFFF80
ENDCHAR
STARTCHAR afii62966
ENCODING 64405
SWIDTH 514 0
DWIDTH 21 0
BBX 22 28 -1 6
BITMAP
000200
001E00
007E00
01FC00
07E000
1F0200
3C1E00
30FE00
03FC00
0FE000
1F0000
1C0000
380000
3C0000
3F0000
3F8000
1FC000
0FE000
00F000
007800
003C00
002E00
002700
006780
03C3C0
FF81FC
FF00FC
FC003C
ENDCHAR
STARTCHAR uni06B3.dup42
ENCODING 64406
SWIDTH 812 0
DWIDTH 32 0
BBX 32 41 0 -7
BITMAP
00000004
0000003C
000000FC
000003F8
00000FC0
00001F04
00007C3C
000071FC
000047F8
00001FC0
00003E00
00003800
00007000
00007800
00007E00
00007F00
00003F80
40001FC0
400003E0
800000F0
80000078
8000001C
8000000E
C000000E
F0000007
7FFFFFFF
7FFFFFFF
0FFFFFFF
00000000
00000000
00000000
00010000
0001C000
0003E000
0003C000
0000C000
00008000
0000E000
0001F000
0000E000
00006000
ENDCHAR
STARTCHAR uniFB97
ENCODING 64407
SWIDTH 932 0
DWIDTH 37 0
BBX 37 41 0 -7
BITMAP
0000000400
0000003C00
000000FC00
000003F800
00000FC000
00001F0400
00007C3C00
000071FC00
000047F800
00001FC000
00003E0000
0000380000
0000700000
0000780000
00007E0000
00007F0000
00003F8000
40001FC000
400001E000
800000F000
8000007800
8000005C00
8000004E00
C00000CF00
F000078780
7FFFFF03F8
7FFFFE01F8
0FFFF80078
0000000000
0000000000
0000000000
0018000000
001C000000
003E000000
001C000000
000C000000
000C000000
000E000000
001F000000
000E000000
0006000000
ENDCHAR
STARTCHAR uniFB98
ENCODING 64408
SWIDTH 394 0
DWIDTH 16 0
BBX 17 41 -1 -7
BITMAP
000200
001E00
007E00
01FC00
07E000
1F0200
3C1E00
30FE00
03FC00
0FE000
1F0000
1C0000
380000
3C0000
3F0000
3F8000
1FC000
0FE000
01F000
007800
003C00
000E00
000700
000700
000380
FFFF80
FFFF80
FFFF80
000000
000000
000000
018000
01E000
03E000
01C000
004000
00C000
00F000
01F000
00E000
002000
ENDCHAR
STARTCHAR uniFB99
ENCODING 64409
SWIDTH 514 0
DWIDTH 21 0
BBX 22 41 -1 -7
BITMAP
000200
001E00
007E00
01FC00
07E000
1F0200
3C1E00
30FE00
03FC00
0FE000
1F0000
1C0000
380000
3C0000
3F0000
3F8000
1FC000
0FE000
00F000
007800
003C00
002E00
002700
006780
03C3C0
FF81FC
FF00FC
FC003C
000000
000000
000000
0C0000
0E0000
1F0000
0E0000
060000
060000
070000
0F8000
070000
030000
ENDCHAR
STARTCHAR uni06B1.dup43
ENCODING 64410
SWIDTH 812 0
DWIDTH 32 0
BBX 32 30 0 6
BITMAP
00000300
00000380
00003304
0000383C
000030FC
000003F8
00000FC0
00001F04
00007C3C
000071FC
000047F8
00001FC0
00003E00
00003800
00007000
00007800
00007E00
00007F00
00003F80
40001FC0
400003E0
800000F0
80000078
8000001C
8000000E
C000000E
F0000007
7FFFFFFF
7FFFFFFF
0FFFFFFF
ENDCHAR
STARTCHAR uniFB9B
ENCODING 64411
SWIDTH 932 0
DWIDTH 37 0
BBX 37 30 0 6
BITMAP
0000030000
0000038000
0000330400
0000383C00
000030FC00
000003F800
00000FC000
00001F0400
00007C3C00
000071FC00
000047F800
00001FC000
00003E0000
0000380000
0000700000
0000780000
00007E0000
00007F0000
00003F8000
40001FC000
400001E000
800000F000
8000007800
8000005C00
8000004E00
C00000CF00
F000078780
7FFFFF03F8
7FFFFE01F8
0FFFF80078
ENDCHAR
STARTCHAR uniFB9C
ENCODING 64412
SWIDTH 394 0
DWIDTH 16 0
BBX 17 30 -1 6
BITMAP
018000
03C000
198200
3C1E00
187E00
01FC00
07E000
1F0200
3C1E00
30FE00
03FC00
0FE000
1F0000
1C0000
380000
3C0000
3F0000
3F8000
1FC000
0FE000
01F000
007800
003C00
000E00
000700
000700
000380
FFFF80
FFFF80
FFFF80
ENDCHAR
STARTCHAR uniFB9D
ENCODING 64413
SWIDTH 514 0
DWIDTH 21 0
BBX 22 30 -1 6
BITMAP
018000
03C000
198200
3C1E00
187E00
01FC00
07E000
1F0200
3C1E00
30FE00
03FC00
0FE000
1F0000
1C0000
380000
3C0000
3F0000
3F8000
1FC000
0FE000
00F000
007800
003C00
002E00
002700
006780
03C3C0
FF81FC
FF00FC
FC003C
ENDCHAR
STARTCHAR uni06BA.dup44
ENCODING 64414
SWIDTH 525 0
DWIDTH 21 0
BBX 20 20 1 -3
BITMAP
000020
000020
000060
000070
200030
200030
400010
400010
800010
800010
800010
800010
800030
800030
C00070
E001E0
F80FE0
7FFFC0
3FFF00
0FFC00
ENDCHAR
STARTCHAR uniFB9F
ENCODING 64415
SWIDTH 525 0
DWIDTH 21 0
BBX 20 20 1 -3
BITMAP
000020
000020
000060
000070
200030
200030
400010
400010
800010
800010
800010
800010
800030
800030
C00070
E001E0
F80FE0
7FFFC0
3FFF00
0FFC00
ENDCHAR
STARTCHAR uni06BB.dup45
ENCODING 64416
SWIDTH 525 0
DWIDTH 21 0
BBX 20 34 1 -3
BITMAP
010000
01C000
008000
008000
008000
00C000
004F00
007F00
00E180
008180
07FF80
07FF80
000000
000000
000020
000020
000060
000070
200030
200030
400010
400010
800010
800010
800010
800010
800030
800030
C00070
E001E0
F80FE0
7FFFC0
3FFF00
0FFC00
ENDCHAR
STARTCHAR uniFBA1
ENCODING 64417
SWIDTH 525 0
DWIDTH 21 0
BBX 20 34 1 -3
BITMAP
010000
01C000
008000
008000
008000
00C000
004F00
007F00
00E180
008180
07FF80
07FF80
000000
000000
000020
000020
000060
000070
200030
200030
400010
400010
800010
800010
800010
800010
800030
800030
C00070
E001E0
F80FE0
7FFFC0
3FFF00
0FFC00
ENDCHAR
STARTCHAR uniFB68.dup46
ENCODING 64418
SWIDTH 244 0
DWIDTH 10 0
BBX 12 27 -1 6
BITMAP
2000
3800
1800
1000
0800
0800
08E0
0BF0
0E10
1010
FFF0
FFF0
0000
0000
0040
0040
00E0
00E0
0060
0060
0020
0020
0020
0020
FFE0
FFE0
FFE0
ENDCHAR
STARTCHAR uniFB69.dup47
ENCODING 64419
SWIDTH 244 0
DWIDTH 10 0
BBX 12 27 -1 6
BITMAP
2000
3800
1800
1000
0800
0800
08E0
0BF0
0E10
1010
FFF0
FFF0
0000
0000
0040
0040
00E0
00E0
0060
0060
0020
0020
0020
0020
FFE0
FFE0
FFE0
ENDCHAR
STARTCHAR uni06C0.dup48
ENCODING 64420
SWIDTH 282 0
DWIDTH 11 0
BBX 9 19 1 6
BITMAP
0C00
1C00
2000
3000
1E00
6000
0000
2000
3800
3E00
3F00
6F80
4380
4180
C180
E380
FF00
FF00
7C00
ENDCHAR
STARTCHAR uniFBA5
ENCODING 64421
SWIDTH 375 0
DWIDTH 15 0
BBX 15 23 0 6
BITMAP
0600
0E00
1000
1800
0F00
3000
0000
0080
0180
0180
0180
0380
07C0
1EC0
38C0
71C0
FFC0
FF60
7E60
0060
007E
003E
001E
ENDCHAR
STARTCHAR uniFBA6
ENCODING 64422
SWIDTH 282 0
DWIDTH 11 0
BBX 9 12 1 6
BITMAP
2000
3800
3E00
3F00
6F80
4380
4180
C180
E380
FF00
FF00
7C00
ENDCHAR
STARTCHAR uni06C1.dup49
ENCODING 64423
SWIDTH 387 0
DWIDTH 16 0
BBX 15 10 1 3
BITMAP
0380
07C0
0FE0
1CF0
387E
303E
601E
4000
C000
8000
ENDCHAR
STARTCHAR uniFBA8
ENCODING 64424
SWIDTH 244 0
DWIDTH 10 0
BBX 11 24 -1 -5
BITMAP
0040
0040
00E0
00E0
0060
0060
0020
0020
0020
0020
FFE0
FFE0
FFE0
0000
0000
0000
0100
0200
0400
0400
0700
0780
0780
0300
ENDCHAR
STARTCHAR uniFBA9
ENCODING 64425
SWIDTH 320 0
DWIDTH 13 0
BBX 14 22 -1 -8
BITMAP
0080
0180
0100
0300
0F00
FF1C
FD3C
F97C
01E0
01C0
0180
0080
0080
0000
0040
0080
0100
0100
01C0
01E0
01E0
00C0
ENDCHAR
STARTCHAR afii57470.dup50
ENCODING 64426
SWIDTH 450 0
DWIDTH 18 0
BBX 16 16 -1 6
BITMAP
0100
0180
03C0
03E0
03F0
03F0
07F8
047C
087E
187E
1CEF
1FC7
0FE3
FFFF
FCFE
F81E
ENDCHAR
STARTCHAR afii62828
ENCODING 64427
SWIDTH 375 0
DWIDTH 15 0
BBX 15 16 0 6
BITMAP
0080
0180
0180
0180
0380
07C0
1EC0
38C0
71C0
FFC0
FF60
7E60
0060
007E
003E
001E
ENDCHAR
STARTCHAR afii57470.dup51
ENCODING 64428
SWIDTH 450 0
DWIDTH 18 0
BBX 16 16 -1 6
BITMAP
0100
0180
03C0
03E0
03F0
03F0
07F8
047C
087E
187E
1CEF
1FC7
0FE3
FFFF
FCFE
F81E
ENDCHAR
STARTCHAR afii62827
ENCODING 64429
SWIDTH 394 0
DWIDTH 16 0
BBX 17 19 -1 -2
BITMAP
006000
00F000
00F000
013000
033000
022000
026000
078000
FFFF80
FFFF80
FFFF80
09C000
087000
0C3000
0C1800
061800
07F800
03F800
00F000
ENDCHAR
STARTCHAR uni06D2.dup52
ENCODING 64430
SWIDTH 812 0
DWIDTH 32 0
BBX 30 16 1 -1
BITMAP
00030000
00070000
000F8000
00198000
00308000
00E08000
01E00000
07C00000
1F000000
3C000000
78000000
60000000
C0000000
FFFFFFFC
FFFFFFF8
FFFFFFE0
ENDCHAR
STARTCHAR uniFBAF
ENCODING 64431
SWIDTH 812 0
DWIDTH 32 0
BBX 31 17 1 -8
BITMAP
00000FFE
0001FFFE
000FFFFE
003FF000
00FE0000
03F00000
07C00000
0F000000
1E000000
38000000
70000000
60000000
40000000
C0000000
FFFFFFFC
FFFFFFF8
FFFFFFE0
ENDCHAR
STARTCHAR uni06D3.dup53
ENCODING 64432
SWIDTH 812 0
DWIDTH 32 0
BBX 30 20 1 -1
BITMAP
00300000
00700000
00800000
00C00000
00730000
01870000
000F8000
00198000
00308000
00E08000
01E00000
07C00000
1F000000
3C000000
78000000
60000000
C0000000
FFFFFFFC
FFFFFFF8
FFFFFFE0
ENDCHAR
STARTCHAR uniFBB1
ENCODING 64433
SWIDTH 812 0
DWIDTH 32 0
BBX 31 26 1 -8
BITMAP
00000600
00000F00
00000800
00000C00
00000700
00001800
00000000
00000000
00000000
00000FFE
0001FFFE
000FFFFE
003FF000
00FE0000
03F00000
07C00000
0F000000
1E000000
38000000
70000000
60000000
40000000
C0000000
FFFFFFFC
FFFFFFF8
FFFFFFE0
ENDCHAR
STARTCHAR uni06AD.dup54
ENCODING 64467
SWIDTH 601 0
DWIDTH 24 0
BBX 23 29 1 6
BITMAP
00C000
00E000
01F000
00E020
006C20
000E38
019F3E
01CE3E
03E61E
01C018
00C118
000718
000C18
00180C
00100C
00300C
003F8C
003F8C
20018C
60018C
40038C
C0070E
C3FC06
C00006
E00006
F80006
7FFFFE
7FFFFE
1FFFFE
ENDCHAR
STARTCHAR uniFBD4
ENCODING 64468
SWIDTH 601 0
DWIDTH 24 0
BBX 23 29 1 6
BITMAP
00C000
00E000
01F000
00E020
006C20
000E38
019F3E
01CE3E
03E61E
01C018
00C118
000718
000C18
00180C
00100C
00300C
003F8C
003F8C
20018C
60018C
40038C
C0070E
C3FC06
C00006
E00006
F80006
7FFFFE
7FFFFE
1FFFFE
ENDCHAR
STARTCHAR uniFBD5
ENCODING 64469
SWIDTH 394 0
DWIDTH 16 0
BBX 17 29 -1 6
BITMAP
0C0000
1CC000
0DC000
18C000
380000
180000
000200
001E00
00FE00
03FC00
0FE000
1F0000
1C0000
380000
3C0000
3F0000
3F8000
1FC000
0FE000
01F000
007800
003C00
000E00
000700
000700
000380
FFFF80
FFFF80
FFFF80
ENDCHAR
STARTCHAR uniFBD6
ENCODING 64470
SWIDTH 394 0
DWIDTH 16 0
BBX 17 29 -1 6
BITMAP
0C0000
1CC000
0DC000
18C000
380000
180000
000200
001E00
00FE00
03FC00
0FE000
1F0000
1C0000
380000
3C0000
3F0000
3F8000
1FC000
0FE000
01F000
007800
003C00
000E00
000700
000700
000380
FFFF80
FFFF80
FFFF80
ENDCHAR
STARTCHAR uni06C7.dup55
ENCODING 64471
SWIDTH 432 0
DWIDTH 17 0
BBX 16 31 1 -4
BITMAP
0006
000E
0012
001A
001E
000E
000E
0010
0060
0000
0000
0000
001C
003E
003F
0063
0063
0071
007F
003F
001F
0001
0003
0007
0006
000E
001C
007C
C1F8
3FF0
07C0
ENDCHAR
STARTCHAR uniFBD8
ENCODING 64472
SWIDTH 432 0
DWIDTH 17 0
BBX 16 31 1 -4
BITMAP
0006
000E
0012
001A
001E
000E
000E
0010
0060
0000
0000
0000
001C
003E
003F
0063
0063
0071
007F
003F
001F
0001
0003
0007
0006
000E
001C
007C
C1F8
3FF0
07C0
ENDCHAR
STARTCHAR uni06C6.dup56
ENCODING 64473
SWIDTH 432 0
DWIDTH 17 0
BBX 16 28 1 -4
BITMAP
0063
0036
0034
001C
0018
0000
0000
0000
0000
001C
003E
003F
0063
0063
0071
007F
003F
001F
0001
0003
0007
0006
000E
001C
007C
C1F8
3FF0
07C0
ENDCHAR
STARTCHAR uniFBDA
ENCODING 64474
SWIDTH 432 0
DWIDTH 17 0
BBX 16 28 1 -4
BITMAP
0063
0036
0034
001C
0018
0000
0000
0000
0000
001C
003E
003F
0063
0063
0071
007F
003F
001F
0001
0003
0007
0006
000E
001C
007C
C1F8
3FF0
07C0
ENDCHAR
STARTCHAR uni06C8.dup57
ENCODING 64475
SWIDTH 432 0
DWIDTH 17 0
BBX 16 33 1 -4
BITMAP
0010
0018
0008
0008
0008
0008
0008
0008
0008
0008
0008
0000
0000
0000
001C
003E
003F
0063
0063
0071
007F
003F
001F
0001
0003
0007
0006
000E
001C
007C
C1F8
3FF0
07C0
ENDCHAR
STARTCHAR uniFBDC
ENCODING 64476
SWIDTH 432 0
DWIDTH 17 0
BBX 16 33 1 -4
BITMAP
0010
0018
0008
0008
0008
0008
0008
0008
0008
0008
0008
0000
0000
0000
001C
003E
003F
0063
0063
0071
007F
003F
001F
0001
0003
0007
0006
000E
001C
007C
C1F8
3FF0
07C0
ENDCHAR
STARTCHAR uni0677.dup58
ENCODING 64477
SWIDTH 432 0
DWIDTH 17 0
BBX 18 29 1 -4
BITMAP
018000
03C180
02C380
034400
038600
01C3C0
014400
060000
0C0000
000000
001C00
003E00
003F00
006300
006300
007100
007F00
003F00
001F00
000100
000300
000700
000600
000E00
001C00
007C00
C1F800
3FF000
07C000
ENDCHAR
STARTCHAR uni06CB.dup59
ENCODING 64478
SWIDTH 432 0
DWIDTH 17 0
BBX 16 33 1 -4
BITMAP
0080
00E0
01E0
01E0
0048
000E
011E
01DE
03C4
03C0
0080
0000
0000
0000
001C
003E
003F
0063
0063
0071
007F
003F
001F
0001
0003
0007
0006
000E
001C
007C
C1F8
3FF0
07C0
ENDCHAR
STARTCHAR uniFBDF
ENCODING 64479
SWIDTH 432 0
DWIDTH 17 0
BBX 16 33 1 -4
BITMAP
0080
00E0
01E0
01E0
0048
000E
011E
01DE
03C4
03C0
0080
0000
0000
0000
001C
003E
003F
0063
0063
0071
007F
003F
001F
0001
0003
0007
0006
000E
001C
007C
C1F8
3FF0
07C0
ENDCHAR
STARTCHAR uni06C5.dup60
ENCODING 64480
SWIDTH 432 0
DWIDTH 17 0
BBX 16 19 1 -4
BITMAP
001C
003E
003F
0063
0063
0071
007F
003F
001F
0001
03C3
047F
000E
001E
003C
007C
E1F8
3FF0
07C0
ENDCHAR
STARTCHAR uniFBE1
ENCODING 64481
SWIDTH 432 0
DWIDTH 17 0
BBX 16 19 1 -4
BITMAP
001C
003E
003F
0063
0063
0071
007F
003F
001F
0001
03C3
047F
000E
001E
003C
007C
E1F8
3FF0
07C0
ENDCHAR
STARTCHAR uni06C9.dup61
ENCODING 64482
SWIDTH 432 0
DWIDTH 17 0
BBX 16 28 1 -4
BITMAP
0018
001C
0034
0026
0063
0000
0000
0000
0000
001C
003E
003F
0063
0063
0071
007F
003F
001F
0001
0003
0007
0006
000E
001C
007C
C1F8
3FF0
07C0
ENDCHAR
STARTCHAR uniFBE3
ENCODING 64483
SWIDTH 432 0
DWIDTH 17 0
BBX 16 28 1 -4
BITMAP
0018
001C
0034
0026
0063
0000
0000
0000
0000
001C
003E
003F
0063
0063
0071
007F
003F
001F
0001
0003
0007
0006
000E
001C
007C
C1F8
3FF0
07C0
ENDCHAR
STARTCHAR uni06D0.dup62
ENCODING 64484
SWIDTH 638 0
DWIDTH 26 0
BBX 24 26 1 -7
BITMAP
00001E
00003F
00007F
0000E3
000181
000180
100300
200200
200600
200600
4007FE
4007FE
C003FE
C00006
C0000C
C0003C
E000F8
F80FF0
7FFFE0
3FFF80
0FFC00
000000
007000
00E000
003800
007000
ENDCHAR
STARTCHAR uniFBE5
ENCODING 64485
SWIDTH 588 0
DWIDTH 24 0
BBX 23 18 1 -8
BITMAP
100000
3000FE
2003FE
6007FE
400C00
C00FF0
C00FF8
C00FF8
E00018
F00018
FE00F0
7FFFE0
3FFFC0
07FE00
007000
00F000
003800
007800
ENDCHAR
STARTCHAR uniFBE6
ENCODING 64486
SWIDTH 244 0
DWIDTH 10 0
BBX 11 26 -1 -7
BITMAP
0040
0040
00E0
00E0
0060
0060
0020
0020
0020
0020
FFE0
FFE0
FFE0
0000
0000
0000
0C00
0E00
1F00
0E00
0600
0600
0700
0F80
0700
0300
ENDCHAR
STARTCHAR uniFBE7
ENCODING 64487
SWIDTH 244 0
DWIDTH 10 0
BBX 11 26 -1 -7
BITMAP
0040
0040
00E0
00E0
0060
0060
0020
0020
0020
0020
FFE0
FFE0
FFE0
0000
0000
0000
0C00
0E00
1F00
0E00
0600
0600
0700
0F80
0700
0300
ENDCHAR
STARTCHAR afii57555.dup63
ENCODING 64508
SWIDTH 638 0
DWIDTH 26 0
BBX 24 21 1 -2
BITMAP
00001E
00003F
00007F
0000E3
000181
000180
100300
200200
200600
200600
4007FE
4007FE
C003FE
C00006
C0000C
C0003C
E000F8
F80FF0
7FFFE0
3FFF80
0FFC00
ENDCHAR
STARTCHAR afii52364
ENCODING 64509
SWIDTH 588 0
DWIDTH 24 0
BBX 23 14 1 -4
BITMAP
100000
3000FE
2003FE
6007FE
400C00
C00FF0
C00FF8
C00FF8
E00018
F00018
FE00F0
7FFFE0
3FFFC0
07FE00
ENDCHAR
STARTCHAR afii62831
ENCODING 64510
SWIDTH 244 0
DWIDTH 10 0
BBX 12 22 -1 -3
BITMAP
0040
0040
00E0
00E0
0060
0060
0020
0020
0020
0020
FFE0
FFE0
FFE0
0000
0000
00C0
00E0
19F0
1CE0
3E60
1C00
0C00
ENDCHAR
STARTCHAR afii62832
ENCODING 64511
SWIDTH 244 0
DWIDTH 10 0
BBX 12 22 -1 -3
BITMAP
0040
0040
00E0
00E0
0060
0060
0020
0020
0020
0020
FFE0
FFE0
FFE0
0000
0000
00C0
00E0
19F0
1CE0
3E60
1C00
0C00
ENDCHAR
STARTCHAR afii62882
ENCODING 64606
SWIDTH 226 0
DWIDTH 9 0
BBX 9 14 1 24
BITMAP
0600
0E00
0A00
6A00
EE00
2600
2E00
3A00
6080
0880
8980
9F80
FF00
E000
ENDCHAR
STARTCHAR afii62883
ENCODING 64607
SWIDTH 211 0
DWIDTH 8 0
BBX 9 13 1 24
BITMAP
0080
0880
9980
9F80
FF00
E000
0300
1E00
7800
6300
1E00
7C00
6000
ENDCHAR
STARTCHAR afii62884
ENCODING 64608
SWIDTH 211 0
DWIDTH 8 0
BBX 9 9 1 24
BITMAP
0600
3C00
F800
C080
0880
8980
9F80
FF00
E000
ENDCHAR
STARTCHAR afii62885
ENCODING 64609
SWIDTH 211 0
DWIDTH 8 0
BBX 9 13 1 24
BITMAP
0600
0E00
0A00
0A00
0C00
0600
0E00
3080
0880
8980
9F80
FF00
E000
ENDCHAR
STARTCHAR afii62886
ENCODING 64610
SWIDTH 211 0
DWIDTH 8 0
BBX 9 10 1 24
BITMAP
0080
0880
9980
9F80
FF00
E000
0300
1E00
7C00
6000
ENDCHAR
STARTCHAR afii64060
ENCODING 64830
SWIDTH 318 0
DWIDTH 13 0
BBX 8 39 3 -8
BITMAP
01
03
06
0E
0E
1C
1C
3C
38
38
78
78
78
70
F0
F0
F0
F0
F0
F0
F0
F0
F0
F0
F0
70
70
78
78
38
38
38
1C
1C
0C
0E
06
03
01
ENDCHAR
STARTCHAR afii64061
ENCODING 64831
SWIDTH 318 0
DWIDTH 13 0
BBX 8 39 2 -8
BITMAP
80
C0
E0
60
70
70
38
38
3C
1C
1C
1E
1E
1E
1E
0F
0F
0F
0F
0F
0F
0F
0F
0E
0E
1E
1E
1E
1C
1C
1C
38
38
30
70
60
E0
C0
80
ENDCHAR
STARTCHAR afii64184
ENCODING 65010
SWIDTH 616 0
DWIDTH 25 0
BBX 24 25 0 6
BITMAP
003000
001800
000C00
000400
000000
000220
002260
0027E0
003DC0
003800
000104
00030C
00830C
01830C
01830E
01830E
018186
038186
07C187
1CC187
30C1C3
61E3C7
FF7FFF
FE7F7F
7C1E1E
ENDCHAR
STARTCHAR afii52399
ENCODING 65152
SWIDTH 412 0
DWIDTH 17 0
BBX 13 14 2 3
BITMAP
0700
1FC0
1FC0
3080
6000
6000
F018
FCF8
FFF0
7FC0
1F00
1C00
1800
2000
ENDCHAR
STARTCHAR afii52400.dup64
ENCODING 65153
SWIDTH 207 0
DWIDTH 8 0
BBX 8 27 1 5
BITMAP
E1
9E
00
08
18
18
18
18
18
18
18
18
18
1C
1C
1C
0C
0C
0C
0C
0C
0C
0C
0C
0C
08
08
ENDCHAR
STARTCHAR afii62753
ENCODING 65154
SWIDTH 229 0
DWIDTH 9 0
BBX 10 26 -1 6
BITMAP
E100
9E00
0000
1000
3000
7000
7000
3000
3800
3800
1800
1800
1800
1800
1800
1800
1800
1800
1800
1800
1800
1C00
0C00
0FC0
0FC0
07C0
ENDCHAR
STARTCHAR afii57411.dup65
ENCODING 65155
SWIDTH 207 0
DWIDTH 8 0
BBX 5 30 2 5
BITMAP
18
38
48
60
38
C0
00
10
30
30
30
30
30
30
30
30
30
38
38
38
18
18
18
18
18
18
18
18
10
10
ENDCHAR
STARTCHAR afii62754
ENCODING 65156
SWIDTH 229 0
DWIDTH 9 0
BBX 9 29 0 6
BITMAP
1800
3800
4800
6000
3800
C000
0000
2000
6000
E000
E000
7000
7000
3000
3000
3000
3000
3000
3000
3000
3000
3000
3000
3000
3800
1800
1F80
1F80
0F80
ENDCHAR
STARTCHAR afii57412.dup66
ENCODING 65157
SWIDTH 432 0
DWIDTH 17 0
BBX 16 26 1 -4
BITMAP
00C0
01C0
0240
0300
01C0
0600
0000
001C
003E
003F
0063
0063
0071
007F
003F
001F
0001
0003
0007
0006
000E
001C
007C
C1F8
3FF0
07C0
ENDCHAR
STARTCHAR afii62755
ENCODING 65158
SWIDTH 432 0
DWIDTH 17 0
BBX 16 26 1 -4
BITMAP
00C0
01C0
0240
0300
01C0
0600
0000
001C
003E
003F
0063
0063
0071
007F
003F
001F
0001
0003
0007
0006
000E
001C
007C
C1F8
3FF0
07C0
ENDCHAR
STARTCHAR afii57413.dup67
ENCODING 65159
SWIDTH 207 0
DWIDTH 8 0
BBX 6 33 1 -4
BITMAP
08
18
18
18
18
18
18
18
18
18
1C
1C
1C
0C
0C
0C
0C
0C
0C
0C
0C
0C
08
08
00
00
00
18
38
48
60
38
C0
ENDCHAR
STARTCHAR afii62756
ENCODING 65160
SWIDTH 229 0
DWIDTH 9 0
BBX 10 32 -1 -3
BITMAP
1000
3000
7000
7000
3000
3800
3800
1800
1800
1800
1800
1800
1800
1800
1800
1800
1800
1800
1C00
0C00
0FC0
0FC0
07C0
0000
0000
0000
1800
3800
4800
6000
3800
C000
ENDCHAR
STARTCHAR afii57414.dup68
ENCODING 65161
SWIDTH 638 0
DWIDTH 26 0
BBX 24 23 1 -2
BITMAP
0C0000
1C0000
24001E
30003F
1C007F
6000E3
000181
000180
100300
200200
200600
200600
4007FE
4007FE
C003FE
C00006
C0000C
C0003C
E000F8
F80FF0
7FFFE0
3FFF80
0FFC00
ENDCHAR
STARTCHAR afii62759
ENCODING 65162
SWIDTH 588 0
DWIDTH 24 0
BBX 23 24 1 -4
BITMAP
0C0000
1C0000
240000
300000
1C0000
600000
000000
000000
000000
000000
100000
3000FE
2003FE
6007FE
400C00
C00FF0
C00FF8
C00FF8
E00018
F00018
FE00F0
7FFFE0
3FFFC0
07FE00
ENDCHAR
STARTCHAR afii62757
ENCODING 65163
SWIDTH 244 0
DWIDTH 10 0
BBX 11 22 -1 6
BITMAP
0300
0700
0900
0C00
0700
1800
0000
0000
0000
0040
0040
00E0
00E0
0060
0060
0020
0020
0020
0020
FFE0
FFE0
FFE0
ENDCHAR
STARTCHAR afii62758
ENCODING 65164
SWIDTH 244 0
DWIDTH 10 0
BBX 11 22 -1 6
BITMAP
0300
0700
0900
0C00
0700
1800
0000
0000
0000
0040
0040
00E0
00E0
0060
0060
0020
0020
0020
0020
FFE0
FFE0
FFE0
ENDCHAR
STARTCHAR afii57415.dup69
ENCODING 65165
SWIDTH 207 0
DWIDTH 8 0
BBX 3 24 4 5
BITMAP
40
C0
C0
C0
C0
C0
C0
C0
C0
C0
E0
E0
E0
60
60
60
60
60
60
60
60
60
40
40
ENDCHAR
STARTCHAR afii62760
ENCODING 65166
SWIDTH 229 0
DWIDTH 9 0
BBX 9 23 0 6
BITMAP
2000
6000
E000
E000
6000
7000
7000
3000
3000
3000
3000
3000
3000
3000
3000
3000
3000
3000
3800
1800
1F80
1F80
0F80
ENDCHAR
STARTCHAR afii57416.dup70
ENCODING 65167
SWIDTH 713 0
DWIDTH 29 0
BBX 28 21 1 -2
BITMAP
40000020
40000020
80000070
80000070
80000030
80000010
80000010
C0000010
E0000010
78000010
7FFFFFF0
1FFFFFF0
07FFFFF0
00000000
00000000
00000000
00040000
00070000
000F8000
00070000
00030000
ENDCHAR
STARTCHAR afii62763
ENCODING 65168
SWIDTH 713 0
DWIDTH 29 0
BBX 28 21 1 -2
BITMAP
40000020
40000020
80000070
80000070
80000030
80000010
80000010
C0000010
E0000010
78000010
7FFFFFF0
1FFFFFF0
07FFFFF0
00000000
00000000
00000000
00040000
00070000
000F8000
00070000
00030000
ENDCHAR
STARTCHAR afii62761
ENCODING 65169
SWIDTH 244 0
DWIDTH 10 0
BBX 11 21 -1 -2
BITMAP
0040
0040
00E0
00E0
0060
0060
0020
0020
0020
0020
FFE0
FFE0
FFE0
0000
0000
0000
0200
0380
07C0
0380
0180
ENDCHAR
STARTCHAR afii62762
ENCODING 65170
SWIDTH 244 0
DWIDTH 10 0
BBX 11 21 -1 -2
BITMAP
0040
0040
00E0
00E0
0060
0060
0020
0020
0020
0020
FFE0
FFE0
FFE0
0000
0000
0000
0200
0380
07C0
0380
0180
ENDCHAR
STARTCHAR afii57417.dup71
ENCODING 65171
SWIDTH 282 0
DWIDTH 11 0
BBX 12 21 -1 6
BITMAP
0300
0380
67C0
7380
F980
7000
3000
0000
0000
0C00
0F00
0FC0
0FE0
1BF0
10F0
1030
3030
38F0
3FE0
3FC0
1F80
ENDCHAR
STARTCHAR afii62764
ENCODING 65172
SWIDTH 375 0
DWIDTH 15 0
BBX 15 24 0 6
BITMAP
0180
01C0
33E0
39C0
7CC0
3800
1800
0000
0080
0180
0180
0180
0380
07C0
1EC0
38C0
71C0
FFC0
FF60
7E60
0060
007E
003E
001E
ENDCHAR
STARTCHAR afii57418.dup72
ENCODING 65173
SWIDTH 713 0
DWIDTH 29 0
BBX 28 20 1 6
BITMAP
00018000
0001C000
0033E000
0039C000
007CC000
00380000
00180000
40000020
40000020
80000070
80000070
80000030
80000010
80000010
C0000010
E0000010
78000010
7FFFFFF0
1FFFFFF0
07FFFFF0
ENDCHAR
STARTCHAR afii62767
ENCODING 65174
SWIDTH 713 0
DWIDTH 29 0
BBX 28 20 1 6
BITMAP
00018000
0001C000
0033E000
0039C000
007CC000
00380000
00180000
40000020
40000020
80000070
80000070
80000030
80000010
80000010
C0000010
E0000010
78000010
7FFFFFF0
1FFFFFF0
07FFFFF0
ENDCHAR
STARTCHAR afii62765
ENCODING 65175
SWIDTH 244 0
DWIDTH 10 0
BBX 12 22 -1 6
BITMAP
00C0
00E0
19F0
1CE0
3E60
1C00
0C00
0000
0000
0040
0040
00E0
00E0
0060
0060
0020
0020
0020
0020
FFE0
FFE0
FFE0
ENDCHAR
STARTCHAR afii62766
ENCODING 65176
SWIDTH 244 0
DWIDTH 10 0
BBX 12 22 -1 6
BITMAP
00C0
00E0
19F0
1CE0
3E60
1C00
0C00
0000
0000
0040
0040
00E0
00E0
0060
0060
0020
0020
0020
0020
FFE0
FFE0
FFE0
ENDCHAR
STARTCHAR afii57419.dup73
ENCODING 65177
SWIDTH 713 0
DWIDTH 29 0
BBX 28 24 1 6
BITMAP
00180000
001C0000
003E0000
001C0000
000D8000
0001C000
0033E000
0039C000
007CC000
00380000
00180000
40000020
40000020
80000070
80000070
80000030
80000010
80000010
C0000010
E0000010
78000010
7FFFFFF0
1FFFFFF0
07FFFFF0
ENDCHAR
STARTCHAR afii62770
ENCODING 65178
SWIDTH 713 0
DWIDTH 29 0
BBX 28 24 1 6
BITMAP
00180000
001C0000
003E0000
001C0000
000D8000
0001C000
0033E000
0039C000
007CC000
00380000
00180000
40000020
40000020
80000070
80000070
80000030
80000010
80000010
C0000010
E0000010
78000010
7FFFFFF0
1FFFFFF0
07FFFFF0
ENDCHAR
STARTCHAR afii62768
ENCODING 65179
SWIDTH 244 0
DWIDTH 10 0
BBX 12 26 -1 6
BITMAP
0C00
0E00
1F00
0E00
06C0
00E0
19F0
1CE0
3E60
1C00
0C00
0000
0000
0040
0040
00E0
00E0
0060
0060
0020
0020
0020
0020
FFE0
FFE0
FFE0
ENDCHAR
STARTCHAR afii62769
ENCODING 65180
SWIDTH 244 0
DWIDTH 10 0
BBX 12 26 -1 6
BITMAP
0C00
0E00
1F00
0E00
06C0
00E0
19F0
1CE0
3E60
1C00
0C00
0000
0000
0040
0040
00E0
00E0
0060
0060
0020
0020
0020
0020
FFE0
FFE0
FFE0
ENDCHAR
STARTCHAR afii57420.dup74
ENCODING 65181
SWIDTH 562 0
DWIDTH 23 0
BBX 20 24 1 -8
BITMAP
0FFFE0
3FFFE0
3FFFC0
40FF00
03E000
070000
1C0000
300000
200000
403000
403C00
807C00
803800
801800
800000
800000
C00000
E00000
700000
7C0000
3FC000
1FFFF0
07FFC0
00FF00
ENDCHAR
STARTCHAR afii62773
ENCODING 65182
SWIDTH 525 0
DWIDTH 21 0
BBX 20 24 1 -8
BITMAP
1FFFE0
7FFFE0
7FFFC0
80FE00
01E400
070400
0C0600
1007F0
2007F0
4003F0
406000
807000
80F800
807000
803000
800000
C00000
E00000
700000
7C0000
3FC000
1FFFF0
07FFC0
00FF00
ENDCHAR
STARTCHAR afii62771
ENCODING 65183
SWIDTH 529 0
DWIDTH 21 0
BBX 22 19 -1 -2
BITMAP
03E000
07F800
0FFC00
007E00
001F00
0007C0
0003E0
0001F0
FFFFFC
FFFFFC
FFFFFC
000000
000000
000000
006000
007000
00F800
007000
003000
ENDCHAR
STARTCHAR afii62772
ENCODING 65184
SWIDTH 529 0
DWIDTH 21 0
BBX 22 19 -1 -2
BITMAP
03E000
07F800
0FFC00
007E00
001F00
0007C0
0003E0
0001F0
FFFFFC
FFFFFC
FFFFFC
000000
000000
000000
006000
007000
00F800
007000
003000
ENDCHAR
STARTCHAR afii57421.dup75
ENCODING 65185
SWIDTH 562 0
DWIDTH 23 0
BBX 20 24 1 -8
BITMAP
0FFFE0
3FFFE0
3FFFC0
40FF00
03E000
070000
1C0000
300000
200000
400000
400000
800000
800000
800000
800000
800000
C00000
E00000
700000
7C0000
3FC000
1FFFF0
07FFC0
00FF00
ENDCHAR
STARTCHAR afii62776
ENCODING 65186
SWIDTH 525 0
DWIDTH 21 0
BBX 20 24 1 -8
BITMAP
1FFFE0
7FFFE0
7FFFC0
80FE00
01E400
070400
0C0600
1007F0
2007F0
4003F0
400000
800000
800000
800000
800000
800000
C00000
E00000
700000
7C0000
3FC000
1FFFF0
07FFC0
00FF00
ENDCHAR
STARTCHAR afii62774
ENCODING 65187
SWIDTH 529 0
DWIDTH 21 0
BBX 22 11 -1 6
BITMAP
03E000
07F800
0FFC00
007E00
001F00
0007C0
0003E0
0001F0
FFFFFC
FFFFFC
FFFFFC
ENDCHAR
STARTCHAR afii62775
ENCODING 65188
SWIDTH 529 0
DWIDTH 21 0
BBX 22 11 -1 6
BITMAP
03E000
07F800
0FFC00
007E00
001F00
0007C0
0003E0
0001F0
FFFFFC
FFFFFC
FFFFFC
ENDCHAR
STARTCHAR afii57422.dup76
ENCODING 65189
SWIDTH 562 0
DWIDTH 23 0
BBX 20 33 1 -8
BITMAP
00C000
00E000
01F000
00E000
006000
000000
000000
000000
000000
0FFFE0
3FFFE0
3FFFC0
40FF00
03E000
070000
1C0000
300000
200000
400000
400000
800000
800000
800000
800000
800000
C00000
E00000
700000
7C0000
3FC000
1FFFF0
07FFC0
00FF00
ENDCHAR
STARTCHAR afii62779
ENCODING 65190
SWIDTH 525 0
DWIDTH 21 0
BBX 20 33 1 -8
BITMAP
00C000
00E000
01F000
00E000
006000
000000
000000
000000
000000
1FFFE0
7FFFE0
7FFFC0
80FE00
01E400
070400
0C0600
1007F0
2007F0
4003F0
400000
800000
800000
800000
800000
800000
C00000
E00000
700000
7C0000
3FC000
1FFFF0
07FFC0
00FF00
ENDCHAR
STARTCHAR afii62777
ENCODING 65191
SWIDTH 529 0
DWIDTH 21 0
BBX 22 20 -1 6
BITMAP
002000
003800
007C00
003800
001800
000000
000000
000000
000000
03E000
07F800
0FFC00
007E00
001F00
0007C0
0003E0
0001F0
FFFFFC
FFFFFC
FFFFFC
ENDCHAR
STARTCHAR afii62778
ENCODING 65192
SWIDTH 529 0
DWIDTH 21 0
BBX 22 20 -1 6
BITMAP
002000
003800
007C00
003800
001800
000000
000000
000000
000000
03E000
07F800
0FFC00
007E00
001F00
0007C0
0003E0
0001F0
FFFFFC
FFFFFC
FFFFFC
ENDCHAR
STARTCHAR afii57423.dup77
ENCODING 65193
SWIDTH 337 0
DWIDTH 14 0
BBX 12 15 2 6
BITMAP
0200
0380
03C0
01C0
0060
0060
0020
0030
0010
0010
0010
8010
FFF0
FFF0
7FF0
ENDCHAR
STARTCHAR afii62780
ENCODING 65194
SWIDTH 337 0
DWIDTH 14 0
BBX 12 15 2 6
BITMAP
0200
0380
03C0
01C0
0060
0060
0020
0030
0010
0010
0010
8010
FFF0
FFF0
7FF0
ENDCHAR
STARTCHAR afii57424.dup78
ENCODING 65195
SWIDTH 337 0
DWIDTH 14 0
BBX 12 24 2 6
BITMAP
1000
1C00
3E00
1C00
0C00
0000
0000
0000
0000
0200
0380
03C0
01C0
0060
0060
0020
0030
0010
0010
0010
8010
FFF0
FFF0
7FF0
ENDCHAR
STARTCHAR afii62781
ENCODING 65196
SWIDTH 337 0
DWIDTH 14 0
BBX 12 24 2 6
BITMAP
1000
1C00
3E00
1C00
0C00
0000
0000
0000
0000
0200
0380
03C0
01C0
0060
0060
0020
0030
0010
0010
0010
8010
FFF0
FFF0
7FF0
ENDCHAR
STARTCHAR afii57425.dup79
ENCODING 65197
SWIDTH 488 0
DWIDTH 20 0
BBX 19 21 1 -4
BITMAP
000080
0000C0
0001C0
0001C0
0000E0
000060
000060
000020
000020
000020
000020
000060
000060
0000E0
0001C0
0003C0
000780
001F00
E07C00
1FF800
03E000
ENDCHAR
STARTCHAR afii62782
ENCODING 65198
SWIDTH 488 0
DWIDTH 20 0
BBX 19 21 1 -4
BITMAP
000080
0000C0
0001C0
0001C0
0000E0
000060
000060
000020
000020
000020
000020
000060
000060
0000E0
0001C0
0003C0
000780
001F00
E07C00
1FF800
03E000
ENDCHAR
STARTCHAR afii57426.dup80
ENCODING 65199
SWIDTH 488 0
DWIDTH 20 0
BBX 19 30 1 -4
BITMAP
000C00
000E00
001F00
000E00
000600
000000
000000
000000
000000
000080
0000C0
0001C0
0001C0
0000E0
000060
000060
000020
000020
000020
000020
000060
000060
0000E0
0001C0
0003C0
000780
001F00
E07C00
1FF800
03E000
ENDCHAR
STARTCHAR afii62783
ENCODING 65200
SWIDTH 488 0
DWIDTH 20 0
BBX 19 30 1 -4
BITMAP
000C00
000E00
001F00
000E00
000600
000000
000000
000000
000000
000080
0000C0
0001C0
0001C0
0000E0
000060
000060
000020
000020
000020
000020
000060
000060
0000E0
0001C0
0003C0
000780
001F00
E07C00
1FF800
03E000
ENDCHAR
STARTCHAR afii57427.dup81
ENCODING 65201
SWIDTH 821 0
DWIDTH 33 0
BBX 32 20 1 -3
BITMAP
00002002
00002026
00006027
00007023
20003023
20003021
40003031
40001079
80001FFF
80001FFF
80001FCF
80001000
80003000
80003000
C0006000
E001E000
F80FC000
7FFF8000
3FFE0000
0FF80000
ENDCHAR
STARTCHAR afii62786
ENCODING 65202
SWIDTH 821 0
DWIDTH 33 0
BBX 32 20 1 -3
BITMAP
00002002
00002026
00006027
00007023
20003023
20003021
40003031
40001079
80001FFF
80001FFF
80001FCF
80001000
80003000
80003000
C0006000
E001E000
F80FC000
7FFF8000
3FFE0000
0FF80000
ENDCHAR
STARTCHAR afii62784
ENCODING 65203
SWIDTH 530 0
DWIDTH 21 0
BBX 22 11 -1 6
BITMAP
000008
010098
01009C
01008C
018084
018084
0180C4
03C1E4
FFFFFC
FFFFFC
FE7F3C
ENDCHAR
STARTCHAR afii62785
ENCODING 65204
SWIDTH 530 0
DWIDTH 21 0
BBX 22 11 -1 6
BITMAP
000008
010098
01009C
01008C
018084
018084
0180C4
03C1E4
FFFFFC
FFFFFC
FE7F3C
ENDCHAR
STARTCHAR afii57428.dup82
ENCODING 65205
SWIDTH 821 0
DWIDTH 33 0
BBX 32 33 1 -3
BITMAP
00000180
000001C0
000003E0
000001C0
000000D8
0000001C
0000033E
0000039C
000007CC
00000380
00000180
00000000
00000000
00002002
00002026
00006027
00007023
20003023
20003021
40003031
40001079
80001FFF
80001FFF
80001FCF
80001000
80003000
80003000
C0006000
E001E000
F80FC000
7FFF8000
3FFE0000
0FF80000
ENDCHAR
STARTCHAR afii62789
ENCODING 65206
SWIDTH 821 0
DWIDTH 33 0
BBX 32 33 1 -3
BITMAP
00000180
000001C0
000003E0
000001C0
000000D8
0000001C
0000033E
0000039C
000007CC
00000380
00000180
00000000
00000000
00002002
00002026
00006027
00007023
20003023
20003021
40003031
40001079
80001FFF
80001FFF
80001FCF
80001000
80003000
80003000
C0006000
E001E000
F80FC000
7FFF8000
3FFE0000
0FF80000
ENDCHAR
STARTCHAR afii62787
ENCODING 65207
SWIDTH 530 0
DWIDTH 21 0
BBX 22 25 -1 6
BITMAP
000600
000700
000F80
000700
000360
000070
000CF8
000E70
001F30
000E00
000600
000000
000000
000000
000008
010098
01009C
01008C
018084
018084
0180C4
03C1E4
FFFFFC
FFFFFC
FE7F3C
ENDCHAR
STARTCHAR afii62788
ENCODING 65208
SWIDTH 530 0
DWIDTH 21 0
BBX 22 25 -1 6
BITMAP
000600
000700
000F80
000700
000360
000070
000CF8
000E70
001F30
000E00
000600
000000
000000
000000
000008
010098
01009C
01008C
018084
018084
0180C4
03C1E4
FFFFFC
FFFFFC
FE7F3C
ENDCHAR
STARTCHAR afii57429.dup83
ENCODING 65209
SWIDTH 1098 0
DWIDTH 44 0
BBX 43 20 1 -3
BITMAP
000040003F00
00004000FFC0
0000C001FFC0
0000E00783E0
2000600E00E0
2000601C00E0
4000607000E0
400021E001E0
80003FFFFFE0
80003FFFFFE0
80003FFFFFE0
800020000000
800020000000
800040000000
C000C0000000
C003C0000000
F00F80000000
7FFF00000000
3FFE00000000
0FF000000000
ENDCHAR
STARTCHAR afii62792
ENCODING 65210
SWIDTH 1098 0
DWIDTH 44 0
BBX 43 20 1 -3
BITMAP
000040003F00
00004000FFC0
0000C001FFC0
0000E00783E0
2000600E00E0
2000601C00E0
4000607000E0
400021E001E0
80003FFFFFE0
80003FFFFFE0
80003FFFFFE0
800020000000
800020000000
800040000000
C000C0000000
C003C0000000
F00F80000000
7FFF00000000
3FFE00000000
0FF000000000
ENDCHAR
STARTCHAR afii62790
ENCODING 65211
SWIDTH 846 0
DWIDTH 34 0
BBX 35 10 -1 6
BITMAP
0000001F00
010000FFC0
010001FFC0
010007C3E0
01800E00E0
01803800E0
03E1F001E0
FFFFFFFFE0
FFFFFFFFE0
FE7FFFFFE0
ENDCHAR
STARTCHAR afii62791
ENCODING 65212
SWIDTH 846 0
DWIDTH 34 0
BBX 35 10 -1 6
BITMAP
0000001F00
010000FFC0
010001FFC0
010007C3E0
01800E00E0
01803800E0
03E1F001E0
FFFFFFFFE0
FFFFFFFFE0
FE7FFFFFE0
ENDCHAR
STARTCHAR afii57430.dup84
ENCODING 65213
SWIDTH 1098 0
DWIDTH 44 0
BBX 43 27 1 -3
BITMAP
000000200000
000000380000
0000007C0000
000000380000
000000180000
000000000000
000000000000
000040003F00
00004000FFC0
0000C001FFC0
0000E00783E0
2000600E00E0
2000601C00E0
4000607000E0
400021E001E0
80003FFFFFE0
80003FFFFFE0
80003FFFFFE0
800020000000
800020000000
800040000000
C000C0000000
C003C0000000
F00F80000000
7FFF00000000
3FFE00000000
0FF000000000
ENDCHAR
STARTCHAR afii62795
ENCODING 65214
SWIDTH 1098 0
DWIDTH 44 0
BBX 43 27 1 -3
BITMAP
000000200000
000000380000
0000007C0000
000000380000
000000180000
000000000000
000000000000
000040003F00
00004000FFC0
0000C001FFC0
0000E00783E0
2000600E00E0
2000601C00E0
4000607000E0
400021E001E0
80003FFFFFE0
80003FFFFFE0
80003FFFFFE0
800020000000
800020000000
800040000000
C000C0000000
C003C0000000
F00F80000000
7FFF00000000
3FFE00000000
0FF000000000
ENDCHAR
STARTCHAR afii62793
ENCODING 65215
SWIDTH 846 0
DWIDTH 34 0
BBX 35 18 -1 6
BITMAP
0000100000
00001C0000
00003E0000
00001C0000
00000C0000
0000000000
0000000000
0000000000
0000001F00
010000FFC0
010001FFC0
010007C3E0
01800E00E0
01803800E0
03E1F001E0
FFFFFFFFE0
FFFFFFFFE0
FE7FFFFFE0
ENDCHAR
STARTCHAR afii62794
ENCODING 65216
SWIDTH 846 0
DWIDTH 34 0
BBX 35 18 -1 6
BITMAP
0000100000
00001C0000
00003E0000
00001C0000
00000C0000
0000000000
0000000000
0000000000
0000001F00
010000FFC0
010001FFC0
010007C3E0
01800E00E0
01803800E0
03E1F001E0
FFFFFFFFE0
FFFFFFFFE0
FE7FFFFFE0
ENDCHAR
STARTCHAR afii57431.dup85
ENCODING 65217
SWIDTH 581 0
DWIDTH 23 0
BBX 24 25 -1 6
BITMAP
020000
030000
03E000
03E000
01E000
018000
00C000
00C000
00C000
00C000
00E000
006000
006000
006000
006000
0060FC
0063FE
004FFE
007E0F
00F007
01C007
07800F
FFFFFF
FFFFFF
FFFFFF
ENDCHAR
STARTCHAR afii62798
ENCODING 65218
SWIDTH 581 0
DWIDTH 23 0
BBX 24 25 -1 6
BITMAP
020000
030000
03E000
03E000
01E000
018000
00C000
00C000
00C000
00C000
00E000
006000
006000
006000
006000
0060FC
0063FE
004FFE
007E0F
00F007
01C007
07800F
FFFFFF
FFFFFF
FFFFFF
ENDCHAR
STARTCHAR afii62796
ENCODING 65219
SWIDTH 581 0
DWIDTH 23 0
BBX 24 25 -1 6
BITMAP
020000
030000
03E000
03E000
01E000
018000
00C000
00C000
00C000
00C000
00E000
006000
006000
006000
006000
0060FC
0063FE
004FFE
007E0F
00F007
01C007
07800F
FFFFFF
FFFFFF
FFFFFF
ENDCHAR
STARTCHAR afii62797
ENCODING 65220
SWIDTH 581 0
DWIDTH 23 0
BBX 24 25 -1 6
BITMAP
020000
030000
03E000
03E000
01E000
018000
00C000
00C000
00C000
00C000
00E000
006000
006000
006000
006000
0060FC
0063FE
004FFE
007E0F
00F007
01C007
07800F
FFFFFF
FFFFFF
FFFFFF
ENDCHAR
STARTCHAR afii57432.dup86
ENCODING 65221
SWIDTH 581 0
DWIDTH 23 0
BBX 24 25 -1 6
BITMAP
020000
030000
03E000
03E000
01E000
018100
00C1C0
00C3E0
00C1C0
00C0C0
00E000
006000
006000
006000
006000
0060FC
0063FE
004FFE
007E0F
00F007
01C007
07800F
FFFFFF
FFFFFF
FFFFFF
ENDCHAR
STARTCHAR afii62801
ENCODING 65222
SWIDTH 581 0
DWIDTH 23 0
BBX 24 25 -1 6
BITMAP
020000
030000
03E000
03E000
01E000
018100
00C1C0
00C3E0
00C1C0
00C0C0
00E000
006000
006000
006000
006000
0060FC
0063FE
004FFE
007E0F
00F007
01C007
07800F
FFFFFF
FFFFFF
FFFFFF
ENDCHAR
STARTCHAR afii62799
ENCODING 65223
SWIDTH 581 0
DWIDTH 23 0
BBX 24 25 -1 6
BITMAP
020000
030000
03E000
03E000
01E000
018100
00C1C0
00C3E0
00C1C0
00C0C0
00E000
006000
006000
006000
006000
0060FC
0063FE
004FFE
007E0F
00F007
01C007
07800F
FFFFFF
FFFFFF
FFFFFF
ENDCHAR
STARTCHAR afii62800
ENCODING 65224
SWIDTH 581 0
DWIDTH 23 0
BBX 24 25 -1 6
BITMAP
020000
030000
03E000
03E000
01E000
018100
00C1C0
00C3E0
00C1C0
00C0C0
00E000
006000
006000
006000
006000
0060FC
0063FE
004FFE
007E0F
00F007
01C007
07800F
FFFFFF
FFFFFF
FFFFFF
ENDCHAR
STARTCHAR afii57433.dup87
ENCODING 65225
SWIDTH 543 0
DWIDTH 22 0
BBX 18 30 1 -8
BITMAP
0F8000
1FC000
3FE000
7C0000
E00000
C00000
C00300
E01F00
FC7E00
7FFC00
3FF000
1FC000
0F0000
1C0000
380000
700000
600000
600000
C00000
C00000
C00000
C00000
C00000
E00000
F00000
780000
3F8000
1FFFC0
0FFF80
01FE00
ENDCHAR
STARTCHAR afii62804
ENCODING 65226
SWIDTH 450 0
DWIDTH 18 0
BBX 18 25 1 -8
BITMAP
03E000
07F000
07F800
0FF800
09F800
01F000
03F000
07F800
0E7F80
1C3F80
380F80
700000
600000
C00000
C00000
C00000
C00000
E00000
E00000
F80000
7C0000
3FC000
1FFFC0
0FFF00
00FE00
ENDCHAR
STARTCHAR afii62802
ENCODING 65227
SWIDTH 525 0
DWIDTH 21 0
BBX 20 13 -1 6
BITMAP
01F800
07FC00
0FFE00
1E0300
180000
180000
180000
1C0000
1E0030
0F0FE0
FFFFE0
FFFF80
FFE000
ENDCHAR
STARTCHAR afii62803
ENCODING 65228
SWIDTH 394 0
DWIDTH 16 0
BBX 17 11 -1 6
BITMAP
03F000
0FF800
0FFC00
0FFC00
09FC00
00F800
01F000
07F800
FFFF80
FF3F80
FC0F80
ENDCHAR
STARTCHAR afii57434.dup88
ENCODING 65229
SWIDTH 543 0
DWIDTH 22 0
BBX 18 39 1 -8
BITMAP
060000
070000
0F8000
070000
030000
000000
000000
000000
000000
0F8000
1FC000
3FE000
7C0000
E00000
C00000
C00300
E01F00
FC7E00
7FFC00
3FF000
1FC000
0F0000
1C0000
380000
700000
600000
600000
C00000
C00000
C00000
C00000
C00000
E00000
F00000
780000
3F8000
1FFFC0
0FFF80
01FE00
ENDCHAR
STARTCHAR afii62807
ENCODING 65230
SWIDTH 450 0
DWIDTH 18 0
BBX 18 34 1 -8
BITMAP
018000
01C000
03E000
01C000
00C000
000000
000000
000000
000000
03E000
07F000
07F800
0FF800
09F800
01F000
03F000
07F800
0E7F80
1C3F80
380F80
700000
600000
C00000
C00000
C00000
C00000
E00000
E00000
F80000
7C0000
3FC000
1FFFC0
0FFF00
00FE00
ENDCHAR
STARTCHAR afii62805
ENCODING 65231
SWIDTH 525 0
DWIDTH 21 0
BBX 20 20 -1 6
BITMAP
018000
01C000
03E000
01C000
00C000
000000
000000
01F800
07FC00
0FFE00
1E0300
180000
180000
180000
1C0000
1E0030
0F0FE0
FFFFE0
FFFF80
FFE000
ENDCHAR
STARTCHAR afii62806
ENCODING 65232
SWIDTH 394 0
DWIDTH 16 0
BBX 17 20 -1 6
BITMAP
030000
038000
07C000
038000
018000
000000
000000
000000
000000
03F000
0FF800
0FFC00
0FFC00
09FC00
00F800
01F000
07F800
FFFF80
FF3F80
FC0F80
ENDCHAR
STARTCHAR afii57441.dup89
ENCODING 65233
SWIDTH 788 0
DWIDTH 32 0
BBX 31 22 1 6
BITMAP
00000180
000001C0
000003E0
000001C0
000000C0
00000000
00000000
00000000
00000000
40000038
4000007C
800000FC
800000CE
800001C6
800001C6
800001E6
C00001FE
E00000FE
7E00003E
3FFFFFFE
1FFFFFFE
03FFFFFE
ENDCHAR
STARTCHAR afii62810
ENCODING 65234
SWIDTH 788 0
DWIDTH 32 0
BBX 31 22 1 6
BITMAP
00000180
000001C0
000003E0
000001C0
000000C0
00000000
00000000
00000000
00000000
40000038
4000007C
800000FC
800000CE
800001C6
800001C6
800001E6
C00001FE
E00000FE
7E00003E
3FFFFFFE
1FFFFFFE
03FFFFFE
ENDCHAR
STARTCHAR afii62808
ENCODING 65235
SWIDTH 267 0
DWIDTH 11 0
BBX 12 23 -1 6
BITMAP
0400
0700
0F80
0700
0300
0000
0000
0000
0780
0FC0
0FC0
19E0
18E0
18E0
1FF0
1FF0
0FB0
0030
0030
0030
FFF0
FFF0
FFF0
ENDCHAR
STARTCHAR afii62809
ENCODING 65236
SWIDTH 262 0
DWIDTH 11 0
BBX 12 22 -1 6
BITMAP
0300
0380
07C0
0380
0100
0000
0000
0000
0000
03C0
07E0
07E0
0CF0
0C70
0C30
0E30
07F0
03F0
0030
FFF0
FFF0
FFF0
ENDCHAR
STARTCHAR afii57442.dup90
ENCODING 65237
SWIDTH 581 0
DWIDTH 23 0
BBX 22 30 1 -3
BITMAP
0000C0
0000E0
0019F0
001CE0
003E60
001C00
000C00
000000
000000
000000
0000E0
0003F0
0003F8
000638
200618
20061C
4007FC
4007FC
4001F4
800004
800004
800004
800004
80000C
C0001C
E00078
7803F8
7FFFF0
1FFFC0
07FE00
ENDCHAR
STARTCHAR afii62813
ENCODING 65238
SWIDTH 581 0
DWIDTH 23 0
BBX 22 30 1 -3
BITMAP
0000C0
0000E0
0019F0
001CE0
003E60
001C00
000C00
000000
000000
000000
0000E0
0003F0
0003F8
000638
200618
20061C
4007FC
4007FC
4001F4
800004
800004
800004
800004
80000C
C0001C
E00078
7803F8
7FFFF0
1FFFC0
07FE00
ENDCHAR
STARTCHAR afii62811
ENCODING 65239
SWIDTH 267 0
DWIDTH 11 0
BBX 12 24 -1 6
BITMAP
00C0
00E0
19F0
1CE0
3E60
1C00
0C00
0000
0000
0780
0FC0
0FC0
19E0
18E0
18E0
1FF0
1FF0
0FB0
0030
0030
0030
FFF0
FFF0
FFF0
ENDCHAR
STARTCHAR afii62812
ENCODING 65240
SWIDTH 262 0
DWIDTH 11 0
BBX 12 23 -1 6
BITMAP
0040
08E0
1DF0
3EE0
1C40
0800
0000
0000
0000
0000
03C0
07E0
07E0
0CF0
0C70
0C30
0E30
07F0
03F0
0030
FFF0
FFF0
FFF0
ENDCHAR
STARTCHAR afii57443.dup91
ENCODING 65241
SWIDTH 601 0
DWIDTH 24 0
BBX 23 26 1 6
BITMAP
000020
000020
000038
00003E
00003E
00001E
000118
000718
000C18
001818
00100C
00300C
003F8C
003F8C
00018C
20018C
60038C
40070C
C3FC0E
C00006
C00006
E00006
F80006
7FFFFE
7FFFFE
1FFFFE
ENDCHAR
STARTCHAR afii62816
ENCODING 65242
SWIDTH 601 0
DWIDTH 24 0
BBX 23 26 1 6
BITMAP
000020
000020
000038
00003E
00003E
00001E
000118
000718
000C18
001818
00100C
00300C
003F8C
003F8C
00018C
20018C
60038C
40070C
C3FC0E
C00006
C00006
E00006
F80006
7FFFFE
7FFFFE
1FFFFE
ENDCHAR
STARTCHAR afii57410
ENCODING 65243
SWIDTH 394 0
DWIDTH 16 0
BBX 17 23 -1 6
BITMAP
000200
001E00
00FE00
03FC00
0FE000
1F0000
1C0000
380000
3C0000
3F0000
3F8000
1FC000
0FE000
01F000
007800
003C00
000E00
000700
000700
000380
FFFF80
FFFF80
FFFF80
ENDCHAR
STARTCHAR afii62815
ENCODING 65244
SWIDTH 394 0
DWIDTH 16 0
BBX 17 23 -1 6
BITMAP
000200
001E00
00FE00
03FC00
0FE000
1F0000
1C0000
380000
3C0000
3F0000
3F8000
1FC000
0FE000
01F000
007800
003C00
000E00
000700
000700
000380
FFFF80
FFFF80
FFFF80
ENDCHAR
STARTCHAR afii57444.dup92
ENCODING 65245
SWIDTH 506 0
DWIDTH 20 0
BBX 19 32 1 0
BITMAP
000100
000100
0003C0
0003E0
0003E0
0001E0
000180
000180
000180
000080
0000C0
0000C0
0000C0
0000C0
0000C0
0800C0
1000C0
1000E0
200060
200060
600060
400060
C00060
C00060
C00060
C00060
E000E0
F001C0
780FC0
7FFF80
3FFF00
0FF800
ENDCHAR
STARTCHAR afii62819
ENCODING 65246
SWIDTH 506 0
DWIDTH 20 0
BBX 19 32 1 0
BITMAP
000100
000100
0003C0
0003E0
0003E0
0001E0
000180
000180
000180
000080
0000C0
0000C0
0000C0
0000C0
0000C0
0800C0
1000C0
1000E0
200060
200060
600060
400060
C00060
C00060
C00060
C00060
E000E0
F001C0
780FC0
7FFF80
3FFF00
0FF800
ENDCHAR
STARTCHAR afii62817
ENCODING 65247
SWIDTH 207 0
DWIDTH 8 0
BBX 9 26 -1 6
BITMAP
0800
0800
0E00
0F00
0F00
0700
0600
0600
0600
0600
0300
0300
0300
0300
0300
0300
0300
0300
0380
0180
0180
0180
0180
FF80
FF80
FF80
ENDCHAR
STARTCHAR afii62818
ENCODING 65248
SWIDTH 207 0
DWIDTH 8 0
BBX 9 26 -1 6
BITMAP
0800
0800
0E00
0F00
0F00
0700
0600
0600
0600
0600
0300
0300
0300
0300
0300
0300
0300
0300
0380
0180
0180
0180
0180
FF80
FF80
FF80
ENDCHAR
STARTCHAR afii57445.dup93
ENCODING 65249
SWIDTH 337 0
DWIDTH 14 0
BBX 13 22 1 -8
BITMAP
0780
0FC0
0FE0
18F0
0078
03F8
1FF8
7FF8
7C00
E000
C000
C000
C000
6000
6000
6000
3000
3000
3000
1000
1000
1000
ENDCHAR
STARTCHAR afii62822
ENCODING 65250
SWIDTH 337 0
DWIDTH 14 0
BBX 13 22 1 -8
BITMAP
0780
0FC0
0FE0
18F0
0078
03F8
1FF8
7FF8
7C00
E000
C000
C000
C000
6000
6000
6000
3000
3000
3000
1000
1000
1000
ENDCHAR
STARTCHAR afii62820
ENCODING 65251
SWIDTH 394 0
DWIDTH 16 0
BBX 17 9 -1 6
BITMAP
000C00
003E00
006600
00C300
01E380
07F980
FFFF80
FF7F80
FC0F80
ENDCHAR
STARTCHAR afii62821
ENCODING 65252
SWIDTH 394 0
DWIDTH 16 0
BBX 17 9 -1 6
BITMAP
000C00
003E00
006600
00C300
01E380
07F980
FFFF80
FF7F80
FC0F80
ENDCHAR
STARTCHAR afii57446.dup94
ENCODING 65253
SWIDTH 525 0
DWIDTH 21 0
BBX 20 26 1 -3
BITMAP
006000
007000
00F800
007000
003000
000000
000020
000020
000060
000070
200030
200030
400010
400010
800010
800010
800010
800010
800030
800030
C00070
E001E0
F80FE0
7FFFC0
3FFF00
0FFC00
ENDCHAR
STARTCHAR afii62825
ENCODING 65254
SWIDTH 525 0
DWIDTH 21 0
BBX 20 26 1 -3
BITMAP
006000
007000
00F800
007000
003000
000000
000020
000020
000060
000070
200030
200030
400010
400010
800010
800010
800010
800010
800030
800030
C00070
E001E0
F80FE0
7FFFC0
3FFF00
0FFC00
ENDCHAR
STARTCHAR afii62823
ENCODING 65255
SWIDTH 244 0
DWIDTH 10 0
BBX 11 21 -1 6
BITMAP
0300
0380
07C0
0380
0180
0000
0000
0000
0040
0040
00E0
00E0
0060
0060
0020
0020
0020
0020
FFE0
FFE0
FFE0
ENDCHAR
STARTCHAR afii62824
ENCODING 65256
SWIDTH 244 0
DWIDTH 10 0
BBX 11 21 -1 6
BITMAP
0300
0380
07C0
0380
0180
0000
0000
0000
0040
0040
00E0
00E0
0060
0060
0020
0020
0020
0020
FFE0
FFE0
FFE0
ENDCHAR
STARTCHAR afii57447.dup95
ENCODING 65257
SWIDTH 282 0
DWIDTH 11 0
BBX 9 12 1 6
BITMAP
2000
3800
3E00
3F00
6F80
4380
4180
C180
E380
FF00
FF00
7C00
ENDCHAR
STARTCHAR afii62828.dup96
ENCODING 65258
SWIDTH 375 0
DWIDTH 15 0
BBX 15 16 0 6
BITMAP
0080
0180
0180
0180
0380
07C0
1EC0
38C0
71C0
FFC0
FF60
7E60
0060
007E
003E
001E
ENDCHAR
STARTCHAR afii57470.dup97
ENCODING 65259
SWIDTH 450 0
DWIDTH 18 0
BBX 16 16 -1 6
BITMAP
0100
0180
03C0
03E0
03F0
03F0
07F8
047C
087E
187E
1CEF
1FC7
0FE3
FFFF
FCFE
F81E
ENDCHAR
STARTCHAR afii62827.dup98
ENCODING 65260
SWIDTH 394 0
DWIDTH 16 0
BBX 17 19 -1 -2
BITMAP
006000
00F000
00F000
013000
033000
022000
026000
078000
FFFF80
FFFF80
FFFF80
09C000
087000
0C3000
0C1800
061800
07F800
03F800
00F000
ENDCHAR
STARTCHAR afii57448.dup99
ENCODING 65261
SWIDTH 432 0
DWIDTH 17 0
BBX 16 19 1 -4
BITMAP
001C
003E
003F
0063
0063
0071
007F
003F
001F
0001
0003
0007
0006
000E
001C
007C
C1F8
3FF0
07C0
ENDCHAR
STARTCHAR afii62829
ENCODING 65262
SWIDTH 432 0
DWIDTH 17 0
BBX 16 19 1 -4
BITMAP
001C
003E
003F
0063
0063
0071
007F
003F
001F
0001
0003
0007
0006
000E
001C
007C
C1F8
3FF0
07C0
ENDCHAR
STARTCHAR afii57449.dup100
ENCODING 65263
SWIDTH 638 0
DWIDTH 26 0
BBX 24 21 1 -2
BITMAP
00001E
00003F
00007F
0000E3
000181
000180
100300
200200
200600
200600
4007FE
4007FE
C003FE
C00006
C0000C
C0003C
E000F8
F80FF0
7FFFE0
3FFF80
0FFC00
ENDCHAR
STARTCHAR afii62830
ENCODING 65264
SWIDTH 588 0
DWIDTH 24 0
BBX 23 14 1 -4
BITMAP
100000
3000FE
2003FE
6007FE
400C00
C00FF0
C00FF8
C00FF8
E00018
F00018
FE00F0
7FFFE0
3FFFC0
07FE00
ENDCHAR
STARTCHAR afii57450.dup101
ENCODING 65265
SWIDTH 638 0
DWIDTH 26 0
BBX 24 27 1 -8
BITMAP
00001E
00003F
00007F
0000E3
000181
000180
100300
200200
200600
200600
4007FE
4007FE
C003FE
C00006
C0000C
C0003C
E000F8
F80FF0
7FFFE0
3FFF80
0FFE00
000700
00CF80
00E700
01F300
00E000
006000
ENDCHAR
STARTCHAR afii62833
ENCODING 65266
SWIDTH 588 0
DWIDTH 24 0
BBX 23 18 1 -8
BITMAP
100000
3000FE
2003FE
6007FE
400C00
C00FF0
C00FF8
C00FF8
E00018
F00018
FE00F0
7FFFE0
3FFFC0
07FE00
000000
008400
03FF00
00C400
ENDCHAR
STARTCHAR afii62831.dup102
ENCODING 65267
SWIDTH 244 0
DWIDTH 10 0
BBX 12 22 -1 -3
BITMAP
0040
0040
00E0
00E0
0060
0060
0020
0020
0020
0020
FFE0
FFE0
FFE0
0000
0000
00C0
00E0
19F0
1CE0
3E60
1C00
0C00
ENDCHAR
STARTCHAR afii62832.dup103
ENCODING 65268
SWIDTH 244 0
DWIDTH 10 0
BBX 12 22 -1 -3
BITMAP
0040
0040
00E0
00E0
0060
0060
0020
0020
0020
0020
FFE0
FFE0
FFE0
0000
0000
00C0
00E0
19F0
1CE0
3E60
1C00
0C00
ENDCHAR
STARTCHAR afii62834
ENCODING 65269
SWIDTH 543 0
DWIDTH 22 0
BBX 19 30 2 3
BITMAP
E10000
9E0000
000000
000000
C00200
E00300
F003C0
F803E0
FC03E0
7E01C0
7E0180
3F0180
1F8180
018180
00C180
00C180
006300
003300
003300
001E00
001E00
000C00
000C00
001E00
003600
00E200
018200
03FE00
03FE00
03F000
ENDCHAR
STARTCHAR afii62835
ENCODING 65270
SWIDTH 600 0
DWIDTH 24 0
BBX 23 28 1 5
BITMAP
E10000
9E0000
000000
000000
700040
7C00C0
7E00C0
3F80C0
3FC0C0
1FE0C0
067040
003860
001860
000C60
000C60
000660
000260
0002E0
0000A0
0001B0
0003B0
000730
000F30
003E38
00FC1E
07F81E
3FF00E
FF8000
ENDCHAR
STARTCHAR afii62836
ENCODING 65271
SWIDTH 543 0
DWIDTH 22 0
BBX 20 32 1 3
BITMAP
180000
380000
480000
600000
380000
C00000
000100
600180
7001E0
7801F0
7C01F0
7E00E0
3F00C0
1F80C0
0F80C0
00C0C0
0060C0
0060C0
003180
003980
001980
000F00
000F00
000600
000600
000F00
001B00
007100
00C100
01FF00
01FF00
01F800
ENDCHAR
STARTCHAR afii62837
ENCODING 65272
SWIDTH 600 0
DWIDTH 24 0
BBX 24 30 0 5
BITMAP
180000
380000
480000
600000
380000
C00000
000020
380060
3E0060
3F0060
1FC060
1FE060
0FF020
033830
001C30
000C30
000630
000630
000330
000170
000150
0000D8
0001D8
000398
000798
001F1C
007E0F
03FC0F
1FF807
7FC000
ENDCHAR
STARTCHAR afii62838
ENCODING 65273
SWIDTH 543 0
DWIDTH 22 0
BBX 19 34 2 -5
BITMAP
C00200
E00300
F003C0
F803E0
FC03E0
7E01C0
7E0180
3F0180
1F8180
018180
00C180
00C180
006300
003300
003300
001E00
001E00
000C00
000C00
001E00
003600
00E200
018200
03FE00
03FE00
03F000
000000
000000
00C000
01C000
024000
030000
01C000
060000
ENDCHAR
STARTCHAR afii62839
ENCODING 65274
SWIDTH 600 0
DWIDTH 24 0
BBX 23 33 1 -4
BITMAP
700040
7C00C0
7E00C0
3F80C0
3FC0C0
1FE0C0
067040
003860
001860
000C60
000C60
000660
000260
0002E0
0000A0
0001B0
0003B0
000730
000F30
003E38
00FC1E
07F81E
3FF00E
FF8000
000000
000000
000000
060000
0E0000
120000
180000
0E0000
300000
ENDCHAR
STARTCHAR afii62840
ENCODING 65275
SWIDTH 543 0
DWIDTH 22 0
BBX 19 26 2 3
BITMAP
C00200
E00300
F003C0
F803E0
FC03E0
7E01C0
7E0180
3F0180
1F8180
018180
00C180
00C180
006300
003300
003300
001E00
001E00
000C00
000C00
001E00
003600
00E200
018200
03FE00
03FE00
03F000
ENDCHAR
STARTCHAR afii62841
ENCODING 65276
SWIDTH 600 0
DWIDTH 24 0
BBX 23 24 1 5
BITMAP
700040
7C00C0
7E00C0
3F80C0
3FC0C0
1FE0C0
067040
003860
001860
000C60
000C60
000660
000260
0002E0
0000A0
0001B0
0003B0
000730
000F30
003E38
00FC1E
07F81E
3FF00E
FF8000
ENDCHAR
STARTCHAR uniFFFC
ENCODING 65532
SWIDTH 1000 0
DWIDTH 40 0
BBX 40 29 0 0
BITMAP
FC1F81F83F
FC1F81F83F
C000000003
C000000003
C000000003
C000000003
0000000000
0000000000
00F83F8060
03FE3FC060
070730E060
CE03306063
CC01B0E063
CC01BFC063
CC01BFE063
CC01B07063
CC01B03063
CE03303063
07073074E0
03FE3FEFC0
01FC3FC780
0000000000
0000000000
C000000003
C000000003
C000000003
C000000003
FC1F81F83F
FC1F81F83F
ENDCHAR
STARTCHAR .notdef
ENCODING -1
SWIDTH 750 0
DWIDTH 30 0
BBX 20 25 5 0
BITMAP
FFFFF0
800010
800010
800010
800010
800010
800010
800010
800010
800010
800010
800010
800010
800010
800010
800010
800010
800010
800010
800010
800010
800010
800010
800010
FFFFF0
ENDCHAR
STARTCHAR .null
ENCODING -1
SWIDTH 0 0
DWIDTH 0 0
BBX 1 1 0 0
BITMAP
00
ENDCHAR
STARTCHAR nonmarkingreturn
ENCODING -1
SWIDTH 277 0
DWIDTH 11 0
BBX 1 1 0 0
BITMAP
00
ENDCHAR
STARTCHAR pi1
ENCODING -1
SWIDTH 548 0
DWIDTH 22 0
BBX 22 21 0 0
BITMAP
FFFFFC
FFFFFC
FFFFFC
1E01E0
1E01E0
1E01E0
1E01E0
1E01E0
1E01E0
1E01E0
1E01E0
1E01E0
1E01E0
1E01E0
1E01E0
1E01E0
1E01E0
1E01E0
1E01E0
1E01E0
1E01E0
ENDCHAR
STARTCHAR middot
ENCODING -1
SWIDTH 333 0
DWIDTH 13 0
BBX 4 4 9 12
BITMAP
F0
F0
F0
F0
ENDCHAR
STARTCHAR afii57459
ENCODING -1
SWIDTH 750 0
DWIDTH 30 0
BBX 20 25 5 0
BITMAP
FFFFF0
800010
800010
800010
800010
800010
800010
800010
800010
800010
800010
800010
800010
800010
800010
800010
800010
800010
800010
800010
800010
800010
800010
800010
FFFFF0
ENDCHAR
STARTCHAR afii57543
ENCODING -1
SWIDTH 750 0
DWIDTH 30 0
BBX 20 25 5 0
BITMAP
FFFFF0
800010
800010
800010
800010
800010
800010
800010
800010
800010
800010
800010
800010
800010
800010
800010
800010
800010
800010
800010
800010
800010
800010
800010
FFFFF0
ENDCHAR
STARTCHAR afii57494
ENCODING -1
SWIDTH 750 0
DWIDTH 30 0
BBX 20 25 5 0
BITMAP
FFFFF0
800010
800010
800010
800010
800010
800010
800010
800010
800010
800010
800010
800010
800010
800010
800010
800010
800010
800010
800010
800010
800010
800010
800010
FFFFF0
ENDCHAR
STARTCHAR afii64240
ENCODING -1
SWIDTH 750 0
DWIDTH 30 0
BBX 20 25 5 0
BITMAP
FFFFF0
800010
800010
800010
800010
800010
800010
800010
800010
800010
800010
800010
800010
800010
800010
800010
800010
800010
800010
800010
800010
800010
800010
800010
FFFFF0
ENDCHAR
STARTCHAR afii64241
ENCODING -1
SWIDTH 750 0
DWIDTH 30 0
BBX 20 25 5 0
BITMAP
FFFFF0
800010
800010
800010
800010
800010
800010
800010
800010
800010
800010
800010
800010
800010
800010
800010
800010
800010
800010
800010
800010
800010
800010
800010
FFFFF0
ENDCHAR
STARTCHAR afii63954
ENCODING -1
SWIDTH 750 0
DWIDTH 30 0
BBX 20 25 5 0
BITMAP
FFFFF0
800010
800010
800010
800010
800010
800010
800010
800010
800010
800010
800010
800010
800010
800010
800010
800010
800010
800010
800010
800010
800010
800010
800010
FFFFF0
ENDCHAR
STARTCHAR afii57382
ENCODING -1
SWIDTH 750 0
DWIDTH 30 0
BBX 20 25 5 0
BITMAP
FFFFF0
800010
800010
800010
800010
800010
800010
800010
800010
800010
800010
800010
800010
800010
800010
800010
800010
800010
800010
800010
800010
800010
800010
800010
FFFFF0
ENDCHAR
STARTCHAR afii64242
ENCODING -1
SWIDTH 750 0
DWIDTH 30 0
BBX 20 25 5 0
BITMAP
FFFFF0
800010
800010
800010
800010
800010
800010
800010
800010
800010
800010
800010
800010
800010
800010
800010
800010
800010
800010
800010
800010
800010
800010
800010
FFFFF0
ENDCHAR
STARTCHAR afii57504
ENCODING -1
SWIDTH 750 0
DWIDTH 30 0
BBX 20 25 5 0
BITMAP
FFFFF0
800010
800010
800010
800010
800010
800010
800010
800010
800010
800010
800010
800010
800010
800010
800010
800010
800010
800010
800010
800010
800010
800010
800010
FFFFF0
ENDCHAR
STARTCHAR afii57369
ENCODING -1
SWIDTH 750 0
DWIDTH 30 0
BBX 20 25 5 0
BITMAP
FFFFF0
800010
800010
800010
800010
800010
800010
800010
800010
800010
800010
800010
800010
800010
800010
800010
800010
800010
800010
800010
800010
800010
800010
800010
FFFFF0
ENDCHAR
STARTCHAR afii57370
ENCODING -1
SWIDTH 750 0
DWIDTH 30 0
BBX 20 25 5 0
BITMAP
FFFFF0
800010
800010
800010
800010
800010
800010
800010
800010
800010
800010
800010
800010
800010
800010
800010
800010
800010
800010
800010
800010
800010
800010
800010
FFFFF0
ENDCHAR
STARTCHAR afii57371
ENCODING -1
SWIDTH 750 0
DWIDTH 30 0
BBX 20 25 5 0
BITMAP
FFFFF0
800010
800010
800010
800010
800010
800010
800010
800010
800010
800010
800010
800010
800010
800010
800010
800010
800010
800010
800010
800010
800010
800010
800010
FFFFF0
ENDCHAR
STARTCHAR afii57372
ENCODING -1
SWIDTH 750 0
DWIDTH 30 0
BBX 20 25 5 0
BITMAP
FFFFF0
800010
800010
800010
800010
800010
800010
800010
800010
800010
800010
800010
800010
800010
800010
800010
800010
800010
800010
800010
800010
800010
800010
800010
FFFFF0
ENDCHAR
STARTCHAR afii57373
ENCODING -1
SWIDTH 750 0
DWIDTH 30 0
BBX 20 25 5 0
BITMAP
FFFFF0
800010
800010
800010
800010
800010
800010
800010
800010
800010
800010
800010
800010
800010
800010
800010
800010
800010
800010
800010
800010
800010
800010
800010
FFFFF0
ENDCHAR
STARTCHAR afii57374
ENCODING -1
SWIDTH 750 0
DWIDTH 30 0
BBX 20 25 5 0
BITMAP
FFFFF0
800010
800010
800010
800010
800010
800010
800010
800010
800010
800010
800010
800010
800010
800010
800010
800010
800010
800010
800010
800010
800010
800010
800010
FFFFF0
ENDCHAR
STARTCHAR afii57375
ENCODING -1
SWIDTH 750 0
DWIDTH 30 0
BBX 20 25 5 0
BITMAP
FFFFF0
800010
800010
800010
800010
800010
800010
800010
800010
800010
800010
800010
800010
800010
800010
800010
800010
800010
800010
800010
800010
800010
800010
800010
FFFFF0
ENDCHAR
STARTCHAR afii57471
ENCODING -1
SWIDTH 750 0
DWIDTH 30 0
BBX 20 25 5 0
BITMAP
FFFFF0
800010
800010
800010
800010
800010
800010
800010
800010
800010
800010
800010
800010
800010
800010
800010
800010
800010
800010
800010
800010
800010
800010
800010
FFFFF0
ENDCHAR
STARTCHAR afii57460
ENCODING -1
SWIDTH 750 0
DWIDTH 30 0
BBX 20 25 5 0
BITMAP
FFFFF0
800010
800010
800010
800010
800010
800010
800010
800010
800010
800010
800010
800010
800010
800010
800010
800010
800010
800010
800010
800010
800010
800010
800010
FFFFF0
ENDCHAR
STARTCHAR afii52258
ENCODING -1
SWIDTH 750 0
DWIDTH 30 0
BBX 20 25 5 0
BITMAP
FFFFF0
800010
800010
800010
800010
800010
800010
800010
800010
800010
800010
800010
800010
800010
800010
800010
800010
800010
800010
800010
800010
800010
800010
800010
FFFFF0
ENDCHAR
STARTCHAR afii57505
ENCODING -1
SWIDTH 750 0
DWIDTH 30 0
BBX 20 25 5 0
BITMAP
FFFFF0
800010
800010
800010
800010
800010
800010
800010
800010
800010
800010
800010
800010
800010
800010
800010
800010
800010
800010
800010
800010
800010
800010
800010
FFFFF0
ENDCHAR
STARTCHAR afii62889
ENCODING -1
SWIDTH 750 0
DWIDTH 30 0
BBX 20 25 5 0
BITMAP
FFFFF0
800010
800010
800010
800010
800010
800010
800010
800010
800010
800010
800010
800010
800010
800010
800010
800010
800010
800010
800010
800010
800010
800010
800010
FFFFF0
ENDCHAR
STARTCHAR afii62887
ENCODING -1
SWIDTH 750 0
DWIDTH 30 0
BBX 20 25 5 0
BITMAP
FFFFF0
800010
800010
800010
800010
800010
800010
800010
800010
800010
800010
800010
800010
800010
800010
800010
800010
800010
800010
800010
800010
800010
800010
800010
FFFFF0
ENDCHAR
STARTCHAR afii62888
ENCODING -1
SWIDTH 750 0
DWIDTH 30 0
BBX 20 25 5 0
BITMAP
FFFFF0
800010
800010
800010
800010
800010
800010
800010
800010
800010
800010
800010
800010
800010
800010
800010
800010
800010
800010
800010
800010
800010
800010
800010
FFFFF0
ENDCHAR
STARTCHAR afii63753
ENCODING -1
SWIDTH 750 0
DWIDTH 30 0
BBX 20 25 5 0
BITMAP
FFFFF0
800010
800010
800010
800010
800010
800010
800010
800010
800010
800010
800010
800010
800010
800010
800010
800010
800010
800010
800010
800010
800010
800010
800010
FFFFF0
ENDCHAR
STARTCHAR afii63754
ENCODING -1
SWIDTH 750 0
DWIDTH 30 0
BBX 20 25 5 0
BITMAP
FFFFF0
800010
800010
800010
800010
800010
800010
800010
800010
800010
800010
800010
800010
800010
800010
800010
800010
800010
800010
800010
800010
800010
800010
800010
FFFFF0
ENDCHAR
STARTCHAR afii63759
ENCODING -1
SWIDTH 750 0
DWIDTH 30 0
BBX 20 25 5 0
BITMAP
FFFFF0
800010
800010
800010
800010
800010
800010
800010
800010
800010
800010
800010
800010
800010
800010
800010
800010
800010
800010
800010
800010
800010
800010
800010
FFFFF0
ENDCHAR
STARTCHAR afii63763
ENCODING -1
SWIDTH 750 0
DWIDTH 30 0
BBX 20 25 5 0
BITMAP
FFFFF0
800010
800010
800010
800010
800010
800010
800010
800010
800010
800010
800010
800010
800010
800010
800010
800010
800010
800010
800010
800010
800010
800010
800010
FFFFF0
ENDCHAR
STARTCHAR afii63795
ENCODING -1
SWIDTH 750 0
DWIDTH 30 0
BBX 20 25 5 0
BITMAP
FFFFF0
800010
800010
800010
800010
800010
800010
800010
800010
800010
800010
800010
800010
800010
800010
800010
800010
800010
800010
800010
800010
800010
800010
800010
FFFFF0
ENDCHAR
STARTCHAR afii62891
ENCODING -1
SWIDTH 750 0
DWIDTH 30 0
BBX 20 25 5 0
BITMAP
FFFFF0
800010
800010
800010
800010
800010
800010
800010
800010
800010
800010
800010
800010
800010
800010
800010
800010
800010
800010
800010
800010
800010
800010
800010
FFFFF0
ENDCHAR
STARTCHAR afii63808
ENCODING -1
SWIDTH 750 0
DWIDTH 30 0
BBX 20 25 5 0
BITMAP
FFFFF0
800010
800010
800010
800010
800010
800010
800010
800010
800010
800010
800010
800010
800010
800010
800010
800010
800010
800010
800010
800010
800010
800010
800010
FFFFF0
ENDCHAR
STARTCHAR afii62938
ENCODING -1
SWIDTH 750 0
DWIDTH 30 0
BBX 20 25 5 0
BITMAP
FFFFF0
800010
800010
800010
800010
800010
800010
800010
800010
800010
800010
800010
800010
800010
800010
800010
800010
800010
800010
800010
800010
800010
800010
800010
FFFFF0
ENDCHAR
STARTCHAR afii63810
ENCODING -1
SWIDTH 750 0
DWIDTH 30 0
BBX 20 25 5 0
BITMAP
FFFFF0
800010
800010
800010
800010
800010
800010
800010
800010
800010
800010
800010
800010
800010
800010
800010
800010
800010
800010
800010
800010
800010
800010
800010
FFFFF0
ENDCHAR
STARTCHAR afii62942
ENCODING -1
SWIDTH 750 0
DWIDTH 30 0
BBX 20 25 5 0
BITMAP
FFFFF0
800010
800010
800010
800010
800010
800010
800010
800010
800010
800010
800010
800010
800010
800010
800010
800010
800010
800010
800010
800010
800010
800010
800010
FFFFF0
ENDCHAR
STARTCHAR afii62947
ENCODING -1
SWIDTH 750 0
DWIDTH 30 0
BBX 20 25 5 0
BITMAP
FFFFF0
800010
800010
800010
800010
800010
800010
800010
800010
800010
800010
800010
800010
800010
800010
800010
800010
800010
800010
800010
800010
800010
800010
800010
FFFFF0
ENDCHAR
STARTCHAR afii63813
ENCODING -1
SWIDTH 750 0
DWIDTH 30 0
BBX 20 25 5 0
BITMAP
FFFFF0
800010
800010
800010
800010
800010
800010
800010
800010
800010
800010
800010
800010
800010
800010
800010
800010
800010
800010
800010
800010
800010
800010
800010
FFFFF0
ENDCHAR
STARTCHAR afii63823
ENCODING -1
SWIDTH 750 0
DWIDTH 30 0
BBX 20 25 5 0
BITMAP
FFFFF0
800010
800010
800010
800010
800010
800010
800010
800010
800010
800010
800010
800010
800010
800010
800010
800010
800010
800010
800010
800010
800010
800010
800010
FFFFF0
ENDCHAR
STARTCHAR afii63824
ENCODING -1
SWIDTH 750 0
DWIDTH 30 0
BBX 20 25 5 0
BITMAP
FFFFF0
800010
800010
800010
800010
800010
800010
800010
800010
800010
800010
800010
800010
800010
800010
800010
800010
800010
800010
800010
800010
800010
800010
800010
FFFFF0
ENDCHAR
STARTCHAR afii63833
ENCODING -1
SWIDTH 750 0
DWIDTH 30 0
BBX 20 25 5 0
BITMAP
FFFFF0
800010
800010
800010
800010
800010
800010
800010
800010
800010
800010
800010
800010
800010
800010
800010
800010
800010
800010
800010
800010
800010
800010
800010
FFFFF0
ENDCHAR
STARTCHAR afii63844
ENCODING -1
SWIDTH 750 0
DWIDTH 30 0
BBX 20 25 5 0
BITMAP
FFFFF0
800010
800010
800010
800010
800010
800010
800010
800010
800010
800010
800010
800010
800010
800010
800010
800010
800010
800010
800010
800010
800010
800010
800010
FFFFF0
ENDCHAR
STARTCHAR afii63846
ENCODING -1
SWIDTH 750 0
DWIDTH 30 0
BBX 20 25 5 0
BITMAP
FFFFF0
800010
800010
800010
800010
800010
800010
800010
800010
800010
800010
800010
800010
800010
800010
800010
800010
800010
800010
800010
800010
800010
800010
800010
FFFFF0
ENDCHAR
STARTCHAR afii63849
ENCODING -1
SWIDTH 750 0
DWIDTH 30 0
BBX 20 25 5 0
BITMAP
FFFFF0
800010
800010
800010
800010
800010
800010
800010
800010
800010
800010
800010
800010
800010
800010
800010
800010
800010
800010
800010
800010
800010
800010
800010
FFFFF0
ENDCHAR
STARTCHAR afii63904
ENCODING -1
SWIDTH 750 0
DWIDTH 30 0
BBX 20 25 5 0
BITMAP
FFFFF0
800010
800010
800010
800010
800010
800010
800010
800010
800010
800010
800010
800010
800010
800010
800010
800010
800010
800010
800010
800010
800010
800010
800010
FFFFF0
ENDCHAR
STARTCHAR afii63905
ENCODING -1
SWIDTH 750 0
DWIDTH 30 0
BBX 20 25 5 0
BITMAP
FFFFF0
800010
800010
800010
800010
800010
800010
800010
800010
800010
800010
800010
800010
800010
800010
800010
800010
800010
800010
800010
800010
800010
800010
800010
FFFFF0
ENDCHAR
STARTCHAR afii63906
ENCODING -1
SWIDTH 750 0
DWIDTH 30 0
BBX 20 25 5 0
BITMAP
FFFFF0
800010
800010
800010
800010
800010
800010
800010
800010
800010
800010
800010
800010
800010
800010
800010
800010
800010
800010
800010
800010
800010
800010
800010
FFFFF0
ENDCHAR
STARTCHAR afii63908
ENCODING -1
SWIDTH 750 0
DWIDTH 30 0
BBX 20 25 5 0
BITMAP
FFFFF0
800010
800010
800010
800010
800010
800010
800010
800010
800010
800010
800010
800010
800010
800010
800010
800010
800010
800010
800010
800010
800010
800010
800010
FFFFF0
ENDCHAR
STARTCHAR afii63910
ENCODING -1
SWIDTH 750 0
DWIDTH 30 0
BBX 20 25 5 0
BITMAP
FFFFF0
800010
800010
800010
800010
800010
800010
800010
800010
800010
800010
800010
800010
800010
800010
800010
800010
800010
800010
800010
800010
800010
800010
800010
FFFFF0
ENDCHAR
STARTCHAR afii63912
ENCODING -1
SWIDTH 750 0
DWIDTH 30 0
BBX 20 25 5 0
BITMAP
FFFFF0
800010
800010
800010
800010
800010
800010
800010
800010
800010
800010
800010
800010
800010
800010
800010
800010
800010
800010
800010
800010
800010
800010
800010
FFFFF0
ENDCHAR
STARTCHAR afii62927
ENCODING -1
SWIDTH 750 0
DWIDTH 30 0
BBX 20 25 5 0
BITMAP
FFFFF0
800010
800010
800010
800010
800010
800010
800010
800010
800010
800010
800010
800010
800010
800010
800010
800010
800010
800010
800010
800010
800010
800010
800010
FFFFF0
ENDCHAR
STARTCHAR afii63941
ENCODING -1
SWIDTH 750 0
DWIDTH 30 0
BBX 20 25 5 0
BITMAP
FFFFF0
800010
800010
800010
800010
800010
800010
800010
800010
800010
800010
800010
800010
800010
800010
800010
800010
800010
800010
800010
800010
800010
800010
800010
FFFFF0
ENDCHAR
STARTCHAR afii62939
ENCODING -1
SWIDTH 750 0
DWIDTH 30 0
BBX 20 25 5 0
BITMAP
FFFFF0
800010
800010
800010
800010
800010
800010
800010
800010
800010
800010
800010
800010
800010
800010
800010
800010
800010
800010
800010
800010
800010
800010
800010
FFFFF0
ENDCHAR
STARTCHAR afii63943
ENCODING -1
SWIDTH 750 0
DWIDTH 30 0
BBX 20 25 5 0
BITMAP
FFFFF0
800010
800010
800010
800010
800010
800010
800010
800010
800010
800010
800010
800010
800010
800010
800010
800010
800010
800010
800010
800010
800010
800010
800010
FFFFF0
ENDCHAR
STARTCHAR afii62943
ENCODING -1
SWIDTH 750 0
DWIDTH 30 0
BBX 20 25 5 0
BITMAP
FFFFF0
800010
800010
800010
800010
800010
800010
800010
800010
800010
800010
800010
800010
800010
800010
800010
800010
800010
800010
800010
800010
800010
800010
800010
FFFFF0
ENDCHAR
STARTCHAR afii62946
ENCODING -1
SWIDTH 750 0
DWIDTH 30 0
BBX 20 25 5 0
BITMAP
FFFFF0
800010
800010
800010
800010
800010
800010
800010
800010
800010
800010
800010
800010
800010
800010
800010
800010
800010
800010
800010
800010
800010
800010
800010
FFFFF0
ENDCHAR
STARTCHAR afii63946
ENCODING -1
SWIDTH 750 0
DWIDTH 30 0
BBX 20 25 5 0
BITMAP
FFFFF0
800010
800010
800010
800010
800010
800010
800010
800010
800010
800010
800010
800010
800010
800010
800010
800010
800010
800010
800010
800010
800010
800010
800010
FFFFF0
ENDCHAR
STARTCHAR afii62951
ENCODING -1
SWIDTH 750 0
DWIDTH 30 0
BBX 20 25 5 0
BITMAP
FFFFF0
800010
800010
800010
800010
800010
800010
800010
800010
800010
800010
800010
800010
800010
800010
800010
800010
800010
800010
800010
800010
800010
800010
800010
FFFFF0
ENDCHAR
STARTCHAR afii63948
ENCODING -1
SWIDTH 750 0
DWIDTH 30 0
BBX 20 25 5 0
BITMAP
FFFFF0
800010
800010
800010
800010
800010
800010
800010
800010
800010
800010
800010
800010
800010
800010
800010
800010
800010
800010
800010
800010
800010
800010
800010
FFFFF0
ENDCHAR
STARTCHAR afii62953
ENCODING -1
SWIDTH 750 0
DWIDTH 30 0
BBX 20 25 5 0
BITMAP
FFFFF0
800010
800010
800010
800010
800010
800010
800010
800010
800010
800010
800010
800010
800010
800010
800010
800010
800010
800010
800010
800010
800010
800010
800010
FFFFF0
ENDCHAR
STARTCHAR afii63950
ENCODING -1
SWIDTH 750 0
DWIDTH 30 0
BBX 20 25 5 0
BITMAP
FFFFF0
800010
800010
800010
800010
800010
800010
800010
800010
800010
800010
800010
800010
800010
800010
800010
800010
800010
800010
800010
800010
800010
800010
800010
FFFFF0
ENDCHAR
STARTCHAR afii63951
ENCODING -1
SWIDTH 750 0
DWIDTH 30 0
BBX 20 25 5 0
BITMAP
FFFFF0
800010
800010
800010
800010
800010
800010
800010
800010
800010
800010
800010
800010
800010
800010
800010
800010
800010
800010
800010
800010
800010
800010
800010
FFFFF0
ENDCHAR
STARTCHAR afii63952
ENCODING -1
SWIDTH 750 0
DWIDTH 30 0
BBX 20 25 5 0
BITMAP
FFFFF0
800010
800010
800010
800010
800010
800010
800010
800010
800010
800010
800010
800010
800010
800010
800010
800010
800010
800010
800010
800010
800010
800010
800010
FFFFF0
ENDCHAR
STARTCHAR afii63953
ENCODING -1
SWIDTH 750 0
DWIDTH 30 0
BBX 20 25 5 0
BITMAP
FFFFF0
800010
800010
800010
800010
800010
800010
800010
800010
800010
800010
800010
800010
800010
800010
800010
800010
800010
800010
800010
800010
800010
800010
800010
FFFFF0
ENDCHAR
STARTCHAR afii63956
ENCODING -1
SWIDTH 750 0
DWIDTH 30 0
BBX 20 25 5 0
BITMAP
FFFFF0
800010
800010
800010
800010
800010
800010
800010
800010
800010
800010
800010
800010
800010
800010
800010
800010
800010
800010
800010
800010
800010
800010
800010
FFFFF0
ENDCHAR
STARTCHAR afii63958
ENCODING -1
SWIDTH 750 0
DWIDTH 30 0
BBX 20 25 5 0
BITMAP
FFFFF0
800010
800010
800010
800010
800010
800010
800010
800010
800010
800010
800010
800010
800010
800010
800010
800010
800010
800010
800010
800010
800010
800010
800010
FFFFF0
ENDCHAR
STARTCHAR afii63959
ENCODING -1
SWIDTH 750 0
DWIDTH 30 0
BBX 20 25 5 0
BITMAP
FFFFF0
800010
800010
800010
800010
800010
800010
800010
800010
800010
800010
800010
800010
800010
800010
800010
800010
800010
800010
800010
800010
800010
800010
800010
FFFFF0
ENDCHAR
STARTCHAR afii63960
ENCODING -1
SWIDTH 750 0
DWIDTH 30 0
BBX 20 25 5 0
BITMAP
FFFFF0
800010
800010
800010
800010
800010
800010
800010
800010
800010
800010
800010
800010
800010
800010
800010
800010
800010
800010
800010
800010
800010
800010
800010
FFFFF0
ENDCHAR
STARTCHAR afii63961
ENCODING -1
SWIDTH 750 0
DWIDTH 30 0
BBX 20 25 5 0
BITMAP
FFFFF0
800010
800010
800010
800010
800010
800010
800010
800010
800010
800010
800010
800010
800010
800010
800010
800010
800010
800010
800010
800010
800010
800010
800010
FFFFF0
ENDCHAR
STARTCHAR afii64046
ENCODING -1
SWIDTH 750 0
DWIDTH 30 0
BBX 20 25 5 0
BITMAP
FFFFF0
800010
800010
800010
800010
800010
800010
800010
800010
800010
800010
800010
800010
800010
800010
800010
800010
800010
800010
800010
800010
800010
800010
800010
FFFFF0
ENDCHAR
STARTCHAR afii64058
ENCODING -1
SWIDTH 750 0
DWIDTH 30 0
BBX 20 25 5 0
BITMAP
FFFFF0
800010
800010
800010
800010
800010
800010
800010
800010
800010
800010
800010
800010
800010
800010
800010
800010
800010
800010
800010
800010
800010
800010
800010
FFFFF0
ENDCHAR
STARTCHAR afii64059
ENCODING -1
SWIDTH 750 0
DWIDTH 30 0
BBX 20 25 5 0
BITMAP
FFFFF0
800010
800010
800010
800010
800010
800010
800010
800010
800010
800010
800010
800010
800010
800010
800010
800010
800010
800010
800010
800010
800010
800010
800010
FFFFF0
ENDCHAR
STARTCHAR afii62945
ENCODING -1
SWIDTH 750 0
DWIDTH 30 0
BBX 20 25 5 0
BITMAP
FFFFF0
800010
800010
800010
800010
800010
800010
800010
800010
800010
800010
800010
800010
800010
800010
800010
800010
800010
800010
800010
800010
800010
800010
800010
FFFFF0
ENDCHAR
STARTCHAR glyph1021
ENCODING -1
SWIDTH 750 0
DWIDTH 30 0
BBX 20 25 5 0
BITMAP
FFFFF0
800010
800010
800010
800010
800010
800010
800010
800010
800010
800010
800010
800010
800010
800010
800010
800010
800010
800010
800010
800010
800010
800010
800010
FFFFF0
ENDCHAR
STARTCHAR afii57543-2
ENCODING -1
SWIDTH 750 0
DWIDTH 30 0
BBX 20 25 5 0
BITMAP
FFFFF0
800010
800010
800010
800010
800010
800010
800010
800010
800010
800010
800010
800010
800010
800010
800010
800010
800010
800010
800010
800010
800010
800010
800010
FFFFF0
ENDCHAR
STARTCHAR afii57454-2
ENCODING -1
SWIDTH 201 0
DWIDTH 8 0
BBX 7 4 1 24
BITMAP
06
3C
F0
C0
ENDCHAR
STARTCHAR afii57451-2
ENCODING -1
SWIDTH 201 0
DWIDTH 8 0
BBX 7 7 1 24
BITMAP
06
3C
F8
C6
3E
F8
C0
ENDCHAR
STARTCHAR glyph1025
ENCODING -1
SWIDTH 750 0
DWIDTH 30 0
BBX 20 25 5 0
BITMAP
FFFFF0
800010
800010
800010
800010
800010
800010
800010
800010
800010
800010
800010
800010
800010
800010
800010
800010
800010
800010
800010
800010
800010
800010
800010
FFFFF0
ENDCHAR
STARTCHAR glyph1026
ENCODING -1
SWIDTH 750 0
DWIDTH 30 0
BBX 20 25 5 0
BITMAP
FFFFF0
800010
800010
800010
800010
800010
800010
800010
800010
800010
800010
800010
800010
800010
800010
800010
800010
800010
800010
800010
800010
800010
800010
800010
FFFFF0
ENDCHAR
STARTCHAR afii57471-2
ENCODING -1
SWIDTH 750 0
DWIDTH 30 0
BBX 20 25 5 0
BITMAP
FFFFF0
800010
800010
800010
800010
800010
800010
800010
800010
800010
800010
800010
800010
800010
800010
800010
800010
800010
800010
800010
800010
800010
800010
800010
FFFFF0
ENDCHAR
STARTCHAR afii57458-2
ENCODING -1
SWIDTH 164 0
DWIDTH 7 0
BBX 5 7 1 24
BITMAP
70
78
98
88
88
F0
60
ENDCHAR
STARTCHAR afii57457-2
ENCODING -1
SWIDTH 211 0
DWIDTH 8 0
BBX 9 6 1 24
BITMAP
0080
0880
9980
9F80
FF00
E000
ENDCHAR
STARTCHAR afii57494-2
ENCODING -1
SWIDTH 750 0
DWIDTH 30 0
BBX 20 25 5 0
BITMAP
FFFFF0
800010
800010
800010
800010
800010
800010
800010
800010
800010
800010
800010
800010
800010
800010
800010
800010
800010
800010
800010
800010
800010
800010
800010
FFFFF0
ENDCHAR
STARTCHAR afii57459-2
ENCODING -1
SWIDTH 750 0
DWIDTH 30 0
BBX 20 25 5 0
BITMAP
FFFFF0
800010
800010
800010
800010
800010
800010
800010
800010
800010
800010
800010
800010
800010
800010
800010
800010
800010
800010
800010
800010
800010
800010
800010
FFFFF0
ENDCHAR
STARTCHAR afii57455-2
ENCODING -1
SWIDTH 209 0
DWIDTH 8 0
BBX 6 9 2 24
BITMAP
18
1C
24
34
38
1C
14
20
C0
ENDCHAR
STARTCHAR afii57452-2
ENCODING -1
SWIDTH 236 0
DWIDTH 9 0
BBX 7 9 1 24
BITMAP
06
0E
0A
6A
EE
26
2E
3A
60
ENDCHAR
STARTCHAR glyph1034
ENCODING -1
SWIDTH 750 0
DWIDTH 30 0
BBX 20 25 5 0
BITMAP
FFFFF0
800010
800010
800010
800010
800010
800010
800010
800010
800010
800010
800010
800010
800010
800010
800010
800010
800010
800010
800010
800010
800010
800010
800010
FFFFF0
ENDCHAR
STARTCHAR glyph1035
ENCODING -1
SWIDTH 750 0
DWIDTH 30 0
BBX 20 25 5 0
BITMAP
FFFFF0
800010
800010
800010
800010
800010
800010
800010
800010
800010
800010
800010
800010
800010
800010
800010
800010
800010
800010
800010
800010
800010
800010
800010
FFFFF0
ENDCHAR
STARTCHAR glyph1036
ENCODING -1
SWIDTH 750 0
DWIDTH 30 0
BBX 20 25 5 0
BITMAP
FFFFF0
800010
800010
800010
800010
800010
800010
800010
800010
800010
800010
800010
800010
800010
800010
800010
800010
800010
800010
800010
800010
800010
800010
800010
FFFFF0
ENDCHAR
STARTCHAR afii62884-2
ENCODING -1
SWIDTH 211 0
DWIDTH 8 0
BBX 9 9 1 24
BITMAP
0600
3C00
F800
C080
0880
8980
9F80
FF00
E000
ENDCHAR
STARTCHAR afii62881-2
ENCODING -1
SWIDTH 211 0
DWIDTH 8 0
BBX 9 12 1 24
BITMAP
0600
3C00
F800
C600
3E00
F800
C080
0880
8980
9F80
FF00
E000
ENDCHAR
STARTCHAR afii62886-2
ENCODING -1
SWIDTH 211 0
DWIDTH 8 0
BBX 9 10 1 24
BITMAP
0080
0880
9980
9F80
FF00
E000
0300
1E00
7C00
6000
ENDCHAR
STARTCHAR afii62883-2
ENCODING -1
SWIDTH 211 0
DWIDTH 8 0
BBX 9 13 1 24
BITMAP
0080
0880
9980
9F80
FF00
E000
0300
1E00
7800
6300
1E00
7C00
6000
ENDCHAR
STARTCHAR afii62885-2
ENCODING -1
SWIDTH 211 0
DWIDTH 8 0
BBX 9 13 1 24
BITMAP
0600
0E00
0A00
0A00
0C00
0600
0E00
3080
0880
8980
9F80
FF00
E000
ENDCHAR
STARTCHAR afii62882-2
ENCODING -1
SWIDTH 226 0
DWIDTH 9 0
BBX 9 14 1 24
BITMAP
0600
0E00
0A00
6A00
EE00
2600
2E00
3A00
6080
0880
8980
9F80
FF00
E000
ENDCHAR
STARTCHAR afii57504-2
ENCODING -1
SWIDTH 750 0
DWIDTH 30 0
BBX 20 25 5 0
BITMAP
FFFFF0
800010
800010
800010
800010
800010
800010
800010
800010
800010
800010
800010
800010
800010
800010
800010
800010
800010
800010
800010
800010
800010
800010
800010
FFFFF0
ENDCHAR
STARTCHAR afii57456-2
ENCODING -1
SWIDTH 201 0
DWIDTH 8 0
BBX 7 4 1 -1
BITMAP
06
3C
F0
C0
ENDCHAR
STARTCHAR afii57453-2
ENCODING -1
SWIDTH 201 0
DWIDTH 8 0
BBX 7 7 1 -5
BITMAP
06
3C
F0
C6
3C
F0
C0
ENDCHAR
STARTCHAR glyph1046
ENCODING -1
SWIDTH 750 0
DWIDTH 30 0
BBX 20 25 5 0
BITMAP
FFFFF0
800010
800010
800010
800010
800010
800010
800010
800010
800010
800010
800010
800010
800010
800010
800010
800010
800010
800010
800010
800010
800010
800010
800010
FFFFF0
ENDCHAR
STARTCHAR glyph1047
ENCODING -1
SWIDTH 750 0
DWIDTH 30 0
BBX 20 25 5 0
BITMAP
FFFFF0
800010
800010
800010
800010
800010
800010
800010
800010
800010
800010
800010
800010
800010
800010
800010
800010
800010
800010
800010
800010
800010
800010
800010
FFFFF0
ENDCHAR
STARTCHAR afii57543-3
ENCODING -1
SWIDTH 750 0
DWIDTH 30 0
BBX 20 25 5 0
BITMAP
FFFFF0
800010
800010
800010
800010
800010
800010
800010
800010
800010
800010
800010
800010
800010
800010
800010
800010
800010
800010
800010
800010
800010
800010
800010
FFFFF0
ENDCHAR
STARTCHAR afii57454-3
ENCODING -1
SWIDTH 750 0
DWIDTH 30 0
BBX 20 25 5 0
BITMAP
FFFFF0
800010
800010
800010
800010
800010
800010
800010
800010
800010
800010
800010
800010
800010
800010
800010
800010
800010
800010
800010
800010
800010
800010
800010
FFFFF0
ENDCHAR
STARTCHAR afii57451-3
ENCODING -1
SWIDTH 750 0
DWIDTH 30 0
BBX 20 25 5 0
BITMAP
FFFFF0
800010
800010
800010
800010
800010
800010
800010
800010
800010
800010
800010
800010
800010
800010
800010
800010
800010
800010
800010
800010
800010
800010
800010
FFFFF0
ENDCHAR
STARTCHAR glyph1051
ENCODING -1
SWIDTH 750 0
DWIDTH 30 0
BBX 20 25 5 0
BITMAP
FFFFF0
800010
800010
800010
800010
800010
800010
800010
800010
800010
800010
800010
800010
800010
800010
800010
800010
800010
800010
800010
800010
800010
800010
800010
FFFFF0
ENDCHAR
STARTCHAR glyph1052
ENCODING -1
SWIDTH 750 0
DWIDTH 30 0
BBX 20 25 5 0
BITMAP
FFFFF0
800010
800010
800010
800010
800010
800010
800010
800010
800010
800010
800010
800010
800010
800010
800010
800010
800010
800010
800010
800010
800010
800010
800010
FFFFF0
ENDCHAR
STARTCHAR afii57471-3
ENCODING -1
SWIDTH 750 0
DWIDTH 30 0
BBX 20 25 5 0
BITMAP
FFFFF0
800010
800010
800010
800010
800010
800010
800010
800010
800010
800010
800010
800010
800010
800010
800010
800010
800010
800010
800010
800010
800010
800010
800010
FFFFF0
ENDCHAR
STARTCHAR afii57458-3
ENCODING -1
SWIDTH 750 0
DWIDTH 30 0
BBX 20 25 5 0
BITMAP
FFFFF0
800010
800010
800010
800010
800010
800010
800010
800010
800010
800010
800010
800010
800010
800010
800010
800010
800010
800010
800010
800010
800010
800010
800010
FFFFF0
ENDCHAR
STARTCHAR afii57457-3
ENCODING -1
SWIDTH 750 0
DWIDTH 30 0
BBX 20 25 5 0
BITMAP
FFFFF0
800010
800010
800010
800010
800010
800010
800010
800010
800010
800010
800010
800010
800010
800010
800010
800010
800010
800010
800010
800010
800010
800010
800010
FFFFF0
ENDCHAR
STARTCHAR afii57494-3
ENCODING -1
SWIDTH 750 0
DWIDTH 30 0
BBX 20 25 5 0
BITMAP
FFFFF0
800010
800010
800010
800010
800010
800010
800010
800010
800010
800010
800010
800010
800010
800010
800010
800010
800010
800010
800010
800010
800010
800010
800010
FFFFF0
ENDCHAR
STARTCHAR afii57459-3
ENCODING -1
SWIDTH 750 0
DWIDTH 30 0
BBX 20 25 5 0
BITMAP
FFFFF0
800010
800010
800010
800010
800010
800010
800010
800010
800010
800010
800010
800010
800010
800010
800010
800010
800010
800010
800010
800010
800010
800010
800010
FFFFF0
ENDCHAR
STARTCHAR afii57455-3
ENCODING -1
SWIDTH 750 0
DWIDTH 30 0
BBX 20 25 5 0
BITMAP
FFFFF0
800010
800010
800010
800010
800010
800010
800010
800010
800010
800010
800010
800010
800010
800010
800010
800010
800010
800010
800010
800010
800010
800010
800010
FFFFF0
ENDCHAR
STARTCHAR afii57452-3
ENCODING -1
SWIDTH 750 0
DWIDTH 30 0
BBX 20 25 5 0
BITMAP
FFFFF0
800010
800010
800010
800010
800010
800010
800010
800010
800010
800010
800010
800010
800010
800010
800010
800010
800010
800010
800010
800010
800010
800010
800010
FFFFF0
ENDCHAR
STARTCHAR glyph1060
ENCODING -1
SWIDTH 750 0
DWIDTH 30 0
BBX 20 25 5 0
BITMAP
FFFFF0
800010
800010
800010
800010
800010
800010
800010
800010
800010
800010
800010
800010
800010
800010
800010
800010
800010
800010
800010
800010
800010
800010
800010
FFFFF0
ENDCHAR
STARTCHAR glyph1061
ENCODING -1
SWIDTH 750 0
DWIDTH 30 0
BBX 20 25 5 0
BITMAP
FFFFF0
800010
800010
800010
800010
800010
800010
800010
800010
800010
800010
800010
800010
800010
800010
800010
800010
800010
800010
800010
800010
800010
800010
800010
FFFFF0
ENDCHAR
STARTCHAR glyph1062
ENCODING -1
SWIDTH 750 0
DWIDTH 30 0
BBX 20 25 5 0
BITMAP
FFFFF0
800010
800010
800010
800010
800010
800010
800010
800010
800010
800010
800010
800010
800010
800010
800010
800010
800010
800010
800010
800010
800010
800010
800010
FFFFF0
ENDCHAR
STARTCHAR afii62884-3
ENCODING -1
SWIDTH 750 0
DWIDTH 30 0
BBX 20 25 5 0
BITMAP
FFFFF0
800010
800010
800010
800010
800010
800010
800010
800010
800010
800010
800010
800010
800010
800010
800010
800010
800010
800010
800010
800010
800010
800010
800010
FFFFF0
ENDCHAR
STARTCHAR afii62881-3
ENCODING -1
SWIDTH 750 0
DWIDTH 30 0
BBX 20 25 5 0
BITMAP
FFFFF0
800010
800010
800010
800010
800010
800010
800010
800010
800010
800010
800010
800010
800010
800010
800010
800010
800010
800010
800010
800010
800010
800010
800010
FFFFF0
ENDCHAR
STARTCHAR afii62886-3
ENCODING -1
SWIDTH 750 0
DWIDTH 30 0
BBX 20 25 5 0
BITMAP
FFFFF0
800010
800010
800010
800010
800010
800010
800010
800010
800010
800010
800010
800010
800010
800010
800010
800010
800010
800010
800010
800010
800010
800010
800010
FFFFF0
ENDCHAR
STARTCHAR afii62883-3
ENCODING -1
SWIDTH 750 0
DWIDTH 30 0
BBX 20 25 5 0
BITMAP
FFFFF0
800010
800010
800010
800010
800010
800010
800010
800010
800010
800010
800010
800010
800010
800010
800010
800010
800010
800010
800010
800010
800010
800010
800010
FFFFF0
ENDCHAR
STARTCHAR afii62885-3
ENCODING -1
SWIDTH 750 0
DWIDTH 30 0
BBX 20 25 5 0
BITMAP
FFFFF0
800010
800010
800010
800010
800010
800010
800010
800010
800010
800010
800010
800010
800010
800010
800010
800010
800010
800010
800010
800010
800010
800010
800010
FFFFF0
ENDCHAR
STARTCHAR afii62882-3
ENCODING -1
SWIDTH 750 0
DWIDTH 30 0
BBX 20 25 5 0
BITMAP
FFFFF0
800010
800010
800010
800010
800010
800010
800010
800010
800010
800010
800010
800010
800010
800010
800010
800010
800010
800010
800010
800010
800010
800010
800010
FFFFF0
ENDCHAR
STARTCHAR afii57504-3
ENCODING -1
SWIDTH 750 0
DWIDTH 30 0
BBX 20 25 5 0
BITMAP
FFFFF0
800010
800010
800010
800010
800010
800010
800010
800010
800010
800010
800010
800010
800010
800010
800010
800010
800010
800010
800010
800010
800010
800010
800010
FFFFF0
ENDCHAR
STARTCHAR afii57456-3
ENCODING -1
SWIDTH 750 0
DWIDTH 30 0
BBX 20 25 5 0
BITMAP
FFFFF0
800010
800010
800010
800010
800010
800010
800010
800010
800010
800010
800010
800010
800010
800010
800010
800010
800010
800010
800010
800010
800010
800010
800010
FFFFF0
ENDCHAR
STARTCHAR afii57453-3
ENCODING -1
SWIDTH 750 0
DWIDTH 30 0
BBX 20 25 5 0
BITMAP
FFFFF0
800010
800010
800010
800010
800010
800010
800010
800010
800010
800010
800010
800010
800010
800010
800010
800010
800010
800010
800010
800010
800010
800010
800010
FFFFF0
ENDCHAR
STARTCHAR glyph1072
ENCODING -1
SWIDTH 750 0
DWIDTH 30 0
BBX 20 25 5 0
BITMAP
FFFFF0
800010
800010
800010
800010
800010
800010
800010
800010
800010
800010
800010
800010
800010
800010
800010
800010
800010
800010
800010
800010
800010
800010
800010
FFFFF0
ENDCHAR
STARTCHAR glyph1073
ENCODING -1
SWIDTH 750 0
DWIDTH 30 0
BBX 20 25 5 0
BITMAP
FFFFF0
800010
800010
800010
800010
800010
800010
800010
800010
800010
800010
800010
800010
800010
800010
800010
800010
800010
800010
800010
800010
800010
800010
800010
FFFFF0
ENDCHAR
STARTCHAR afii57543-4
ENCODING -1
SWIDTH 750 0
DWIDTH 30 0
BBX 20 25 5 0
BITMAP
FFFFF0
800010
800010
800010
800010
800010
800010
800010
800010
800010
800010
800010
800010
800010
800010
800010
800010
800010
800010
800010
800010
800010
800010
800010
FFFFF0
ENDCHAR
STARTCHAR afii57454-4
ENCODING -1
SWIDTH 750 0
DWIDTH 30 0
BBX 20 25 5 0
BITMAP
FFFFF0
800010
800010
800010
800010
800010
800010
800010
800010
800010
800010
800010
800010
800010
800010
800010
800010
800010
800010
800010
800010
800010
800010
800010
FFFFF0
ENDCHAR
STARTCHAR afii57451-4
ENCODING -1
SWIDTH 750 0
DWIDTH 30 0
BBX 20 25 5 0
BITMAP
FFFFF0
800010
800010
800010
800010
800010
800010
800010
800010
800010
800010
800010
800010
800010
800010
800010
800010
800010
800010
800010
800010
800010
800010
800010
FFFFF0
ENDCHAR
STARTCHAR glyph1077
ENCODING -1
SWIDTH 750 0
DWIDTH 30 0
BBX 20 25 5 0
BITMAP
FFFFF0
800010
800010
800010
800010
800010
800010
800010
800010
800010
800010
800010
800010
800010
800010
800010
800010
800010
800010
800010
800010
800010
800010
800010
FFFFF0
ENDCHAR
STARTCHAR glyph1078
ENCODING -1
SWIDTH 750 0
DWIDTH 30 0
BBX 20 25 5 0
BITMAP
FFFFF0
800010
800010
800010
800010
800010
800010
800010
800010
800010
800010
800010
800010
800010
800010
800010
800010
800010
800010
800010
800010
800010
800010
800010
FFFFF0
ENDCHAR
STARTCHAR afii57471-4
ENCODING -1
SWIDTH 750 0
DWIDTH 30 0
BBX 20 25 5 0
BITMAP
FFFFF0
800010
800010
800010
800010
800010
800010
800010
800010
800010
800010
800010
800010
800010
800010
800010
800010
800010
800010
800010
800010
800010
800010
800010
FFFFF0
ENDCHAR
STARTCHAR afii57458-4
ENCODING -1
SWIDTH 750 0
DWIDTH 30 0
BBX 20 25 5 0
BITMAP
FFFFF0
800010
800010
800010
800010
800010
800010
800010
800010
800010
800010
800010
800010
800010
800010
800010
800010
800010
800010
800010
800010
800010
800010
800010
FFFFF0
ENDCHAR
STARTCHAR afii57457-4
ENCODING -1
SWIDTH 750 0
DWIDTH 30 0
BBX 20 25 5 0
BITMAP
FFFFF0
800010
800010
800010
800010
800010
800010
800010
800010
800010
800010
800010
800010
800010
800010
800010
800010
800010
800010
800010
800010
800010
800010
800010
FFFFF0
ENDCHAR
STARTCHAR afii57494-4
ENCODING -1
SWIDTH 750 0
DWIDTH 30 0
BBX 20 25 5 0
BITMAP
FFFFF0
800010
800010
800010
800010
800010
800010
800010
800010
800010
800010
800010
800010
800010
800010
800010
800010
800010
800010
800010
800010
800010
800010
800010
FFFFF0
ENDCHAR
STARTCHAR afii57459-4
ENCODING -1
SWIDTH 750 0
DWIDTH 30 0
BBX 20 25 5 0
BITMAP
FFFFF0
800010
800010
800010
800010
800010
800010
800010
800010
800010
800010
800010
800010
800010
800010
800010
800010
800010
800010
800010
800010
800010
800010
800010
FFFFF0
ENDCHAR
STARTCHAR afii57455-4
ENCODING -1
SWIDTH 750 0
DWIDTH 30 0
BBX 20 25 5 0
BITMAP
FFFFF0
800010
800010
800010
800010
800010
800010
800010
800010
800010
800010
800010
800010
800010
800010
800010
800010
800010
800010
800010
800010
800010
800010
800010
FFFFF0
ENDCHAR
STARTCHAR afii57452-4
ENCODING -1
SWIDTH 750 0
DWIDTH 30 0
BBX 20 25 5 0
BITMAP
FFFFF0
800010
800010
800010
800010
800010
800010
800010
800010
800010
800010
800010
800010
800010
800010
800010
800010
800010
800010
800010
800010
800010
800010
800010
FFFFF0
ENDCHAR
STARTCHAR glyph1086
ENCODING -1
SWIDTH 750 0
DWIDTH 30 0
BBX 20 25 5 0
BITMAP
FFFFF0
800010
800010
800010
800010
800010
800010
800010
800010
800010
800010
800010
800010
800010
800010
800010
800010
800010
800010
800010
800010
800010
800010
800010
FFFFF0
ENDCHAR
STARTCHAR glyph1087
ENCODING -1
SWIDTH 750 0
DWIDTH 30 0
BBX 20 25 5 0
BITMAP
FFFFF0
800010
800010
800010
800010
800010
800010
800010
800010
800010
800010
800010
800010
800010
800010
800010
800010
800010
800010
800010
800010
800010
800010
800010
FFFFF0
ENDCHAR
STARTCHAR glyph1088
ENCODING -1
SWIDTH 750 0
DWIDTH 30 0
BBX 20 25 5 0
BITMAP
FFFFF0
800010
800010
800010
800010
800010
800010
800010
800010
800010
800010
800010
800010
800010
800010
800010
800010
800010
800010
800010
800010
800010
800010
800010
FFFFF0
ENDCHAR
STARTCHAR afii62884-4
ENCODING -1
SWIDTH 750 0
DWIDTH 30 0
BBX 20 25 5 0
BITMAP
FFFFF0
800010
800010
800010
800010
800010
800010
800010
800010
800010
800010
800010
800010
800010
800010
800010
800010
800010
800010
800010
800010
800010
800010
800010
FFFFF0
ENDCHAR
STARTCHAR afii62881-4
ENCODING -1
SWIDTH 750 0
DWIDTH 30 0
BBX 20 25 5 0
BITMAP
FFFFF0
800010
800010
800010
800010
800010
800010
800010
800010
800010
800010
800010
800010
800010
800010
800010
800010
800010
800010
800010
800010
800010
800010
800010
FFFFF0
ENDCHAR
STARTCHAR afii62886-4
ENCODING -1
SWIDTH 750 0
DWIDTH 30 0
BBX 20 25 5 0
BITMAP
FFFFF0
800010
800010
800010
800010
800010
800010
800010
800010
800010
800010
800010
800010
800010
800010
800010
800010
800010
800010
800010
800010
800010
800010
800010
FFFFF0
ENDCHAR
STARTCHAR afii62883-4
ENCODING -1
SWIDTH 750 0
DWIDTH 30 0
BBX 20 25 5 0
BITMAP
FFFFF0
800010
800010
800010
800010
800010
800010
800010
800010
800010
800010
800010
800010
800010
800010
800010
800010
800010
800010
800010
800010
800010
800010
800010
FFFFF0
ENDCHAR
STARTCHAR afii62885-4
ENCODING -1
SWIDTH 750 0
DWIDTH 30 0
BBX 20 25 5 0
BITMAP
FFFFF0
800010
800010
800010
800010
800010
800010
800010
800010
800010
800010
800010
800010
800010
800010
800010
800010
800010
800010
800010
800010
800010
800010
800010
FFFFF0
ENDCHAR
STARTCHAR afii62882-4
ENCODING -1
SWIDTH 750 0
DWIDTH 30 0
BBX 20 25 5 0
BITMAP
FFFFF0
800010
800010
800010
800010
800010
800010
800010
800010
800010
800010
800010
800010
800010
800010
800010
800010
800010
800010
800010
800010
800010
800010
800010
FFFFF0
ENDCHAR
STARTCHAR afii57504-4
ENCODING -1
SWIDTH 750 0
DWIDTH 30 0
BBX 20 25 5 0
BITMAP
FFFFF0
800010
800010
800010
800010
800010
800010
800010
800010
800010
800010
800010
800010
800010
800010
800010
800010
800010
800010
800010
800010
800010
800010
800010
FFFFF0
ENDCHAR
STARTCHAR afii57456-4
ENCODING -1
SWIDTH 750 0
DWIDTH 30 0
BBX 20 25 5 0
BITMAP
FFFFF0
800010
800010
800010
800010
800010
800010
800010
800010
800010
800010
800010
800010
800010
800010
800010
800010
800010
800010
800010
800010
800010
800010
800010
FFFFF0
ENDCHAR
STARTCHAR afii57453-4
ENCODING -1
SWIDTH 750 0
DWIDTH 30 0
BBX 20 25 5 0
BITMAP
FFFFF0
800010
800010
800010
800010
800010
800010
800010
800010
800010
800010
800010
800010
800010
800010
800010
800010
800010
800010
800010
800010
800010
800010
800010
FFFFF0
ENDCHAR
STARTCHAR glyph1098
ENCODING -1
SWIDTH 750 0
DWIDTH 30 0
BBX 20 25 5 0
BITMAP
FFFFF0
800010
800010
800010
800010
800010
800010
800010
800010
800010
800010
800010
800010
800010
800010
800010
800010
800010
800010
800010
800010
800010
800010
800010
FFFFF0
ENDCHAR
STARTCHAR glyph1099
ENCODING -1
SWIDTH 750 0
DWIDTH 30 0
BBX 20 25 5 0
BITMAP
FFFFF0
800010
800010
800010
800010
800010
800010
800010
800010
800010
800010
800010
800010
800010
800010
800010
800010
800010
800010
800010
800010
800010
800010
800010
FFFFF0
ENDCHAR
STARTCHAR glyph1100
ENCODING -1
SWIDTH 318 0
DWIDTH 13 0
BBX 5 24 4 5
BITMAP
70
F8
F8
F8
F8
F8
78
70
70
70
70
60
20
20
20
20
20
00
00
70
F8
F8
F8
70
ENDCHAR
STARTCHAR glyph1101
ENCODING -1
SWIDTH 318 0
DWIDTH 13 0
BBX 5 5 4 5
BITMAP
70
F8
F8
F8
70
ENDCHAR
STARTCHAR glyph1102
ENCODING -1
SWIDTH 318 0
DWIDTH 13 0
BBX 5 16 4 5
BITMAP
70
F8
F8
F8
70
00
00
00
00
00
00
70
F8
F8
F8
70
ENDCHAR
STARTCHAR glyph1103
ENCODING -1
SWIDTH 750 0
DWIDTH 30 0
BBX 20 25 5 0
BITMAP
FFFFF0
800010
800010
800010
800010
800010
800010
800010
800010
800010
800010
800010
800010
800010
800010
800010
800010
800010
800010
800010
800010
800010
800010
800010
FFFFF0
ENDCHAR
STARTCHAR glyph1104
ENCODING -1
SWIDTH 750 0
DWIDTH 30 0
BBX 20 25 5 0
BITMAP
FFFFF0
800010
800010
800010
800010
800010
800010
800010
800010
800010
800010
800010
800010
800010
800010
800010
800010
800010
800010
800010
800010
800010
800010
800010
FFFFF0
ENDCHAR
STARTCHAR glyph1105
ENCODING -1
SWIDTH 750 0
DWIDTH 30 0
BBX 20 25 5 0
BITMAP
FFFFF0
800010
800010
800010
800010
800010
800010
800010
800010
800010
800010
800010
800010
800010
800010
800010
800010
800010
800010
800010
800010
800010
800010
800010
FFFFF0
ENDCHAR
STARTCHAR glyph1106
ENCODING -1
SWIDTH 750 0
DWIDTH 30 0
BBX 20 25 5 0
BITMAP
FFFFF0
800010
800010
800010
800010
800010
800010
800010
800010
800010
800010
800010
800010
800010
800010
800010
800010
800010
800010
800010
800010
800010
800010
800010
FFFFF0
ENDCHAR
STARTCHAR glyph1107
ENCODING -1
SWIDTH 750 0
DWIDTH 30 0
BBX 20 25 5 0
BITMAP
FFFFF0
800010
800010
800010
800010
800010
800010
800010
800010
800010
800010
800010
800010
800010
800010
800010
800010
800010
800010
800010
800010
800010
800010
800010
FFFFF0
ENDCHAR
STARTCHAR glyph1108
ENCODING -1
SWIDTH 750 0
DWIDTH 30 0
BBX 20 25 5 0
BITMAP
FFFFF0
800010
800010
800010
800010
800010
800010
800010
800010
800010
800010
800010
800010
800010
800010
800010
800010
800010
800010
800010
800010
800010
800010
800010
FFFFF0
ENDCHAR
STARTCHAR glyph1109
ENCODING -1
SWIDTH 750 0
DWIDTH 30 0
BBX 20 25 5 0
BITMAP
FFFFF0
800010
800010
800010
800010
800010
800010
800010
800010
800010
800010
800010
800010
800010
800010
800010
800010
800010
800010
800010
800010
800010
800010
800010
FFFFF0
ENDCHAR
STARTCHAR glyph1110
ENCODING -1
SWIDTH 750 0
DWIDTH 30 0
BBX 20 25 5 0
BITMAP
FFFFF0
800010
800010
800010
800010
800010
800010
800010
800010
800010
800010
800010
800010
800010
800010
800010
800010
800010
800010
800010
800010
800010
800010
800010
FFFFF0
ENDCHAR
STARTCHAR glyph1111
ENCODING -1
SWIDTH 750 0
DWIDTH 30 0
BBX 20 25 5 0
BITMAP
FFFFF0
800010
800010
800010
800010
800010
800010
800010
800010
800010
800010
800010
800010
800010
800010
800010
800010
800010
800010
800010
800010
800010
800010
800010
FFFFF0
ENDCHAR
STARTCHAR glyph1112
ENCODING -1
SWIDTH 750 0
DWIDTH 30 0
BBX 20 25 5 0
BITMAP
FFFFF0
800010
800010
800010
800010
800010
800010
800010
800010
800010
800010
800010
800010
800010
800010
800010
800010
800010
800010
800010
800010
800010
800010
800010
FFFFF0
ENDCHAR
STARTCHAR glyph1113
ENCODING -1
SWIDTH 750 0
DWIDTH 30 0
BBX 20 25 5 0
BITMAP
FFFFF0
800010
800010
800010
800010
800010
800010
800010
800010
800010
800010
800010
800010
800010
800010
800010
800010
800010
800010
800010
800010
800010
800010
800010
FFFFF0
ENDCHAR
STARTCHAR glyph1114
ENCODING -1
SWIDTH 750 0
DWIDTH 30 0
BBX 20 25 5 0
BITMAP
FFFFF0
800010
800010
800010
800010
800010
800010
800010
800010
800010
800010
800010
800010
800010
800010
800010
800010
800010
800010
800010
800010
800010
800010
800010
FFFFF0
ENDCHAR
STARTCHAR glyph1115
ENCODING -1
SWIDTH 750 0
DWIDTH 30 0
BBX 20 25 5 0
BITMAP
FFFFF0
800010
800010
800010
800010
800010
800010
800010
800010
800010
800010
800010
800010
800010
800010
800010
800010
800010
800010
800010
800010
800010
800010
800010
FFFFF0
ENDCHAR
STARTCHAR glyph1116
ENCODING -1
SWIDTH 750 0
DWIDTH 30 0
BBX 20 25 5 0
BITMAP
FFFFF0
800010
800010
800010
800010
800010
800010
800010
800010
800010
800010
800010
800010
800010
800010
800010
800010
800010
800010
800010
800010
800010
800010
800010
FFFFF0
ENDCHAR
STARTCHAR glyph1117
ENCODING -1
SWIDTH 750 0
DWIDTH 30 0
BBX 20 25 5 0
BITMAP
FFFFF0
800010
800010
800010
800010
800010
800010
800010
800010
800010
800010
800010
800010
800010
800010
800010
800010
800010
800010
800010
800010
800010
800010
800010
FFFFF0
ENDCHAR
STARTCHAR glyph1118
ENCODING -1
SWIDTH 750 0
DWIDTH 30 0
BBX 20 25 5 0
BITMAP
FFFFF0
800010
800010
800010
800010
800010
800010
800010
800010
800010
800010
800010
800010
800010
800010
800010
800010
800010
800010
800010
800010
800010
800010
800010
FFFFF0
ENDCHAR
STARTCHAR glyph1119
ENCODING -1
SWIDTH 750 0
DWIDTH 30 0
BBX 20 25 5 0
BITMAP
FFFFF0
800010
800010
800010
800010
800010
800010
800010
800010
800010
800010
800010
800010
800010
800010
800010
800010
800010
800010
800010
800010
800010
800010
800010
FFFFF0
ENDCHAR
STARTCHAR glyph1120
ENCODING -1
SWIDTH 750 0
DWIDTH 30 0
BBX 20 25 5 0
BITMAP
FFFFF0
800010
800010
800010
800010
800010
800010
800010
800010
800010
800010
800010
800010
800010
800010
800010
800010
800010
800010
800010
800010
800010
800010
800010
FFFFF0
ENDCHAR
STARTCHAR glyph1121
ENCODING -1
SWIDTH 750 0
DWIDTH 30 0
BBX 20 25 5 0
BITMAP
FFFFF0
800010
800010
800010
800010
800010
800010
800010
800010
800010
800010
800010
800010
800010
800010
800010
800010
800010
800010
800010
800010
800010
800010
800010
FFFFF0
ENDCHAR
STARTCHAR glyph1122
ENCODING -1
SWIDTH 750 0
DWIDTH 30 0
BBX 20 25 5 0
BITMAP
FFFFF0
800010
800010
800010
800010
800010
800010
800010
800010
800010
800010
800010
800010
800010
800010
800010
800010
800010
800010
800010
800010
800010
800010
800010
FFFFF0
ENDCHAR
STARTCHAR glyph1123
ENCODING -1
SWIDTH 750 0
DWIDTH 30 0
BBX 20 25 5 0
BITMAP
FFFFF0
800010
800010
800010
800010
800010
800010
800010
800010
800010
800010
800010
800010
800010
800010
800010
800010
800010
800010
800010
800010
800010
800010
800010
FFFFF0
ENDCHAR
STARTCHAR glyph1124
ENCODING -1
SWIDTH 750 0
DWIDTH 30 0
BBX 20 25 5 0
BITMAP
FFFFF0
800010
800010
800010
800010
800010
800010
800010
800010
800010
800010
800010
800010
800010
800010
800010
800010
800010
800010
800010
800010
800010
800010
800010
FFFFF0
ENDCHAR
STARTCHAR glyph1125
ENCODING -1
SWIDTH 750 0
DWIDTH 30 0
BBX 20 25 5 0
BITMAP
FFFFF0
800010
800010
800010
800010
800010
800010
800010
800010
800010
800010
800010
800010
800010
800010
800010
800010
800010
800010
800010
800010
800010
800010
800010
FFFFF0
ENDCHAR
STARTCHAR glyph1126
ENCODING -1
SWIDTH 750 0
DWIDTH 30 0
BBX 20 25 5 0
BITMAP
FFFFF0
800010
800010
800010
800010
800010
800010
800010
800010
800010
800010
800010
800010
800010
800010
800010
800010
800010
800010
800010
800010
800010
800010
800010
FFFFF0
ENDCHAR
STARTCHAR afii57440-2
ENCODING -1
SWIDTH 125 0
DWIDTH 5 0
BBX 6 3 -1 6
BITMAP
FC
FC
FC
ENDCHAR
STARTCHAR afii57440-3
ENCODING -1
SWIDTH 1000 0
DWIDTH 40 0
BBX 41 3 -1 6
BITMAP
FFFFFFFFFF80
FFFFFFFFFF80
FFFFFFFFFF80
ENDCHAR
STARTCHAR afii57440-4
ENCODING -1
SWIDTH 2000 0
DWIDTH 80 0
BBX 81 3 -1 6
BITMAP
FFFFFFFFFFFFFFFFFFFF80
FFFFFFFFFFFFFFFFFFFF80
FFFFFFFFFFFFFFFFFFFF80
ENDCHAR
STARTCHAR glyph1134
ENCODING -1
SWIDTH 0 0
DWIDTH 0 0
BBX 7 3 -10 33
BITMAP
F8
3C
1E
ENDCHAR
STARTCHAR glyph1135
ENCODING -1
SWIDTH 0 0
DWIDTH 0 0
BBX 7 3 -18 33
BITMAP
F8
3C
1E
ENDCHAR
STARTCHAR glyph1136
ENCODING -1
SWIDTH 0 0
DWIDTH 0 0
BBX 8 5 -17 31
BITMAP
F8
7C
3C
1E
0F
ENDCHAR
STARTCHAR glyph1147
ENCODING -1
SWIDTH 0 0
DWIDTH 0 0
BBX 12 2 -6 29
BITMAP
E070
3FC0
ENDCHAR
STARTCHAR glyph1148
ENCODING -1
SWIDTH 0 0
DWIDTH 0 0
BBX 9 2 -4 29
BITMAP
3E00
E380
ENDCHAR
STARTCHAR glyph1154
ENCODING -1
SWIDTH 0 0
DWIDTH 0 0
BBX 8 5 -13 24
BITMAP
1F
3E
7C
78
F0
ENDCHAR
STARTCHAR glyph1155
ENCODING -1
SWIDTH 0 0
DWIDTH 0 0
BBX 8 5 -10 24
BITMAP
F8
7C
3C
1E
0F
ENDCHAR
STARTCHAR glyph1292
ENCODING -1
SWIDTH 0 0
DWIDTH 0 0
BBX 11 7 -5 30
BITMAP
FFE0
FFE0
0000
0000
E0E0
E0E0
E0E0
ENDCHAR
STARTCHAR glyph1293
ENCODING -1
SWIDTH 0 0
DWIDTH 0 0
BBX 11 6 -5 30
BITMAP
07C0
0F00
1E00
E0E0
E0E0
E0E0
ENDCHAR
STARTCHAR glyph1294
ENCODING -1
SWIDTH 0 0
DWIDTH 0 0
BBX 11 6 -5 30
BITMAP
7180
1B00
0E00
E0E0
E0E0
E0E0
ENDCHAR
STARTCHAR glyph1295
ENCODING -1
SWIDTH 0 0
DWIDTH 0 0
BBX 11 6 -5 30
BITMAP
7C00
1E00
0F00
E0E0
E0E0
E0E0
ENDCHAR
STARTCHAR glyph1321
ENCODING -1
SWIDTH 244 0
DWIDTH 10 0
BBX 11 13 -1 6
BITMAP
0040
0040
00E0
00E0
0060
0060
0020
0020
0020
0020
FFE0
FFE0
FFE0
ENDCHAR
STARTCHAR glyph1322
ENCODING -1
SWIDTH 267 0
DWIDTH 11 0
BBX 12 15 -1 6
BITMAP
0780
0FC0
0FC0
19E0
18E0
18E0
1FF0
1FF0
0FB0
0030
0030
0030
FFF0
FFF0
FFF0
ENDCHAR
STARTCHAR glyph1323
ENCODING -1
SWIDTH 262 0
DWIDTH 11 0
BBX 12 13 -1 6
BITMAP
03C0
07E0
07E0
0CF0
0C70
0C30
0E30
07F0
03F0
0030
FFF0
FFF0
FFF0
ENDCHAR
STARTCHAR glyph1325
ENCODING -1
SWIDTH 244 0
DWIDTH 10 0
BBX 5 5 3 -2
BITMAP
40
70
F8
70
30
ENDCHAR
STARTCHAR glyph1326
ENCODING -1
SWIDTH 244 0
DWIDTH 10 0
BBX 10 7 0 -4
BITMAP
0300
0380
67C0
7380
F980
7000
3000
ENDCHAR
STARTCHAR glyph1327
ENCODING -1
SWIDTH 244 0
DWIDTH 10 0
BBX 10 11 0 -8
BITMAP
3000
3800
7C00
3800
1B00
0380
67C0
7380
F980
7000
3000
ENDCHAR
STARTCHAR glyph1328
ENCODING -1
SWIDTH 244 0
DWIDTH 10 0
BBX 10 11 0 -8
BITMAP
0300
0380
67C0
7380
F980
7000
3600
0700
0F80
0700
0300
ENDCHAR
STARTCHAR glyph1329
ENCODING -1
SWIDTH 244 0
DWIDTH 10 0
BBX 6 10 2 -7
BITMAP
60
70
F8
70
30
30
38
7C
38
18
ENDCHAR
STARTCHAR glyph1330
ENCODING -1
SWIDTH 244 0
DWIDTH 10 0
BBX 11 12 0 -8
BITMAP
0300
0380
47C0
7380
F980
7180
31C0
33E0
39C0
7CC0
3800
1800
ENDCHAR
STARTCHAR glyph1331
ENCODING -1
SWIDTH 269 0
DWIDTH 11 0
BBX 12 12 -1 21
BITMAP
2000
3800
1800
1000
0800
0800
08E0
0BF0
0E10
1010
FFF0
FFF0
ENDCHAR
STARTCHAR glyph1332
ENCODING -1
SWIDTH 207 0
DWIDTH 8 0
BBX 8 6 0 30
BITMAP
07
1B
23
FF
FE
80
ENDCHAR
STARTCHAR glyph1333
ENCODING -1
SWIDTH 207 0
DWIDTH 8 0
BBX 6 6 1 30
BITMAP
18
38
40
60
3C
E0
ENDCHAR
STARTCHAR glyph1334
ENCODING -1
SWIDTH 333 0
DWIDTH 13 0
BBX 7 5 3 24
BITMAP
C6
6C
6C
38
10
ENDCHAR
STARTCHAR glyph1335
ENCODING -1
SWIDTH 333 0
DWIDTH 13 0
BBX 7 5 3 24
BITMAP
10
38
6C
6C
C6
ENDCHAR
STARTCHAR glyph1343
ENCODING -1
SWIDTH 229 0
DWIDTH 9 0
BBX 10 30 -1 6
BITMAP
0C00
1C00
2000
3000
1E00
7000
8000
1000
3000
7000
7000
3000
3800
3800
1800
1800
1800
1800
1800
1800
1800
1800
1800
1800
1800
1C00
0C00
0FC0
0FC0
07C0
ENDCHAR
STARTCHAR glyph1345
ENCODING -1
SWIDTH 229 0
DWIDTH 9 0
BBX 9 32 0 -3
BITMAP
2000
6000
E000
E000
6000
7000
7000
3000
3000
3000
3000
3000
3000
3000
3000
3000
3000
3000
3800
1800
1F80
1F80
0F80
0000
0000
0000
0C00
1C00
2000
3000
1E00
7000
ENDCHAR
STARTCHAR glyph47
ENCODING -1
SWIDTH 229 0
DWIDTH 9 0
BBX 10 23 0 6
BITMAP
20C0
61C0
E240
E300
61C0
7600
7000
3000
3000
3000
3000
3000
3000
3000
3000
3000
3000
3000
3800
1800
1F80
1F80
0F80
ENDCHAR
STARTCHAR glyph1349
ENCODING -1
SWIDTH 432 0
DWIDTH 17 0
BBX 18 28 1 -4
BITMAP
000180
000380
000400
000600
0003C0
000400
000000
000000
000000
001C00
003E00
003F00
006300
006300
007100
007F00
003F00
001F00
000100
000300
000700
000600
000E00
001C00
007C00
C1F800
3FF000
07C000
ENDCHAR
STARTCHAR glyph1351
ENCODING -1
SWIDTH 432 0
DWIDTH 17 0
BBX 18 29 1 -4
BITMAP
018000
03C180
02C380
034400
038600
01C3C0
014400
060000
0C0000
000000
001C00
003E00
003F00
006300
006300
007100
007F00
003F00
001F00
000100
000300
000700
000600
000E00
001C00
007C00
C1F800
3FF000
07C000
ENDCHAR
STARTCHAR glyph
ENCODING -1
SWIDTH 588 0
DWIDTH 24 0
BBX 23 21 1 -4
BITMAP
000018
00003C
000020
000030
00001C
000060
000000
100000
3000FE
2003FE
6007FE
400C00
C00FF0
C00FF8
C00FF8
E00018
F00018
FE00F0
7FFFE0
3FFFC0
07FE00
ENDCHAR
STARTCHAR glyph1367
ENCODING -1
SWIDTH 713 0
DWIDTH 29 0
BBX 28 25 1 1
BITMAP
00018000
0001C000
0033E000
0039C000
007CC000
00380000
00180000
40000020
40000020
80000070
80000070
80000030
80000010
80000010
C0000010
E0000010
78000010
7FFFFFF0
1FFFFFF0
07FFFFF0
00098000
00088000
00088000
000F0000
000E0000
ENDCHAR
STARTCHAR glyph1368
ENCODING -1
SWIDTH 244 0
DWIDTH 10 0
BBX 12 27 -1 1
BITMAP
00C0
00E0
19F0
1CE0
3E60
1C00
0C00
0000
0000
0040
0040
00E0
00E0
0060
0060
0020
0020
0020
0020
FFE0
FFE0
FFE0
1300
1100
1100
1E00
1C00
ENDCHAR
STARTCHAR glyph1369
ENCODING -1
SWIDTH 244 0
DWIDTH 10 0
BBX 12 27 -1 1
BITMAP
00C0
00E0
19F0
1CE0
3E60
1C00
0C00
0000
0000
0040
0040
00E0
00E0
0060
0060
0020
0020
0020
0020
FFE0
FFE0
FFE0
1300
1100
1100
1E00
1C00
ENDCHAR
STARTCHAR glyph1371
ENCODING -1
SWIDTH 713 0
DWIDTH 29 0
BBX 28 24 1 6
BITMAP
00020000
00038000
00478000
00778000
00F10000
00F00000
00240000
00070000
000F0000
000F0000
00020000
40000020
40000020
80000070
80000070
80000030
80000010
80000010
C0000010
E0000010
78000010
7FFFFFF0
1FFFFFF0
07FFFFF0
ENDCHAR
STARTCHAR glyph1372
ENCODING -1
SWIDTH 244 0
DWIDTH 10 0
BBX 11 24 -1 6
BITMAP
0080
01E0
11E0
3DC0
3C40
3800
0900
03C0
03C0
0380
0080
0040
0040
00E0
00E0
0060
0060
0020
0020
0020
0020
FFE0
FFE0
FFE0
ENDCHAR
STARTCHAR glyph1373
ENCODING -1
SWIDTH 244 0
DWIDTH 10 0
BBX 11 24 -1 6
BITMAP
0080
01E0
11E0
3DC0
3C40
3800
0900
03C0
03C0
0380
0080
0040
0040
00E0
00E0
0060
0060
0020
0020
0020
0020
FFE0
FFE0
FFE0
ENDCHAR
STARTCHAR glyph1383
ENCODING -1
SWIDTH 525 0
DWIDTH 21 0
BBX 20 35 1 -8
BITMAP
003000
007000
008000
00C000
007000
018000
000000
000000
000000
000000
000000
1FFFE0
7FFFE0
7FFFC0
80FE00
01E400
070400
0C0600
1007F0
2007F0
4003F0
400000
800000
800000
800000
800000
800000
C00000
E00000
700000
7C0000
3FC000
1FFFF0
07FFC0
00FF00
ENDCHAR
STARTCHAR glyph1384
ENCODING -1
SWIDTH 529 0
DWIDTH 21 0
BBX 22 21 -1 6
BITMAP
001800
003800
004000
006000
003800
00C000
000000
000000
000000
000000
03E000
07F800
0FFC00
007E00
001F00
0007C0
0003E0
0001F0
FFFFFC
FFFFFC
FFFFFC
ENDCHAR
STARTCHAR glyph1385
ENCODING -1
SWIDTH 529 0
DWIDTH 21 0
BBX 22 21 -1 6
BITMAP
001800
003800
004000
006000
003800
00C000
000000
000000
000000
000000
03E000
07F800
0FFC00
007E00
001F00
0007C0
0003E0
0001F0
FFFFFC
FFFFFC
FFFFFC
ENDCHAR
STARTCHAR glyph1387
ENCODING -1
SWIDTH 525 0
DWIDTH 21 0
BBX 20 38 1 -8
BITMAP
010000
01C000
03E000
03C000
00C000
008000
00E000
01F000
00E000
006000
000000
000000
000000
000000
1FFFE0
7FFFE0
7FFFC0
80FE00
01E400
070400
0C0600
1007F0
2007F0
4003F0
400000
800000
800000
800000
800000
800000
C00000
E00000
700000
7C0000
3FC000
1FFFF0
07FFC0
00FF00
ENDCHAR
STARTCHAR glyph1388
ENCODING -1
SWIDTH 529 0
DWIDTH 21 0
BBX 22 24 -1 6
BITMAP
004000
007000
00F800
00F000
003000
002000
003800
007C00
003800
001800
000000
000000
000000
03E000
07F800
0FFC00
007E00
001F00
0007C0
0003E0
0001F0
FFFFFC
FFFFFC
FFFFFC
ENDCHAR
STARTCHAR glyph1389
ENCODING -1
SWIDTH 529 0
DWIDTH 21 0
BBX 22 24 -1 6
BITMAP
004000
007000
00F800
00F000
003000
002000
003800
007C00
003800
001800
000000
000000
000000
03E000
07F800
0FFC00
007E00
001F00
0007C0
0003E0
0001F0
FFFFFC
FFFFFC
FFFFFC
ENDCHAR
STARTCHAR glyph1399
ENCODING -1
SWIDTH 525 0
DWIDTH 21 0
BBX 20 38 1 -8
BITMAP
010000
03C000
03C000
03C000
009000
003C00
023C00
07BC00
078800
078000
010000
000000
000000
000000
1FFFE0
7FFFE0
7FFFC0
80FE00
01E400
070400
0C0600
1007F0
2007F0
4003F0
400000
800000
800000
800000
800000
800000
C00000
E00000
700000
7C0000
3FC000
1FFFF0
07FFC0
00FF00
ENDCHAR
STARTCHAR glyph1400
ENCODING -1
SWIDTH 529 0
DWIDTH 21 0
BBX 22 24 -1 6
BITMAP
004000
00F000
00F000
00F000
002400
000F00
008F00
01EF00
01E200
01E000
004000
000000
000000
03E000
07F800
0FFC00
007E00
001F00
0007C0
0003E0
0001F0
FFFFFC
FFFFFC
FFFFFC
ENDCHAR
STARTCHAR glyph1401
ENCODING -1
SWIDTH 529 0
DWIDTH 21 0
BBX 22 24 -1 6
BITMAP
004000
00F000
00F000
00F000
002400
000F00
008F00
01EF00
01E200
01E000
004000
000000
000000
03E000
07F800
0FFC00
007E00
001F00
0007C0
0003E0
0001F0
FFFFFC
FFFFFC
FFFFFC
ENDCHAR
STARTCHAR glyph1409
ENCODING -1
SWIDTH 337 0
DWIDTH 14 0
BBX 12 20 2 1
BITMAP
0200
0380
03C0
01C0
0060
0060
0020
0030
0010
0010
0010
8010
FFF0
FFF0
7FF0
0B00
1100
1900
1F00
0E00
ENDCHAR
STARTCHAR glyph1411
ENCODING -1
SWIDTH 337 0
DWIDTH 14 0
BBX 12 23 2 -2
BITMAP
0200
0380
03C0
01C0
0060
0060
0020
0030
0010
0010
0010
8010
FFF0
FFF0
7FF0
0000
0000
0000
0400
0700
0F00
0F00
0200
ENDCHAR
STARTCHAR glyph1413
ENCODING -1
SWIDTH 337 0
DWIDTH 14 0
BBX 12 37 2 -2
BITMAP
2000
3800
1800
1000
0800
0800
09E0
0BF0
0E10
1010
FFF0
FFF0
0000
0000
0200
0380
03C0
01C0
0060
0060
0020
0030
0010
0010
0010
8010
FFF0
FFF0
7FF0
0000
0000
0000
0400
0700
0F00
0F00
0200
ENDCHAR
STARTCHAR glyph1421
ENCODING -1
SWIDTH 337 0
DWIDTH 14 0
BBX 12 28 2 6
BITMAP
0200
0380
4780
7780
F100
F000
2400
0700
0F00
0F00
0200
0000
0000
0200
0380
03C0
01C0
0060
0060
0020
0030
0010
0010
0010
8010
FFF0
FFF0
7FF0
ENDCHAR
STARTCHAR glyph1423
ENCODING -1
SWIDTH 337 0
DWIDTH 14 0
BBX 12 29 2 6
BITMAP
0200
0780
4780
F780
F100
F100
23C0
23C0
7BC0
7880
7800
1000
0000
0000
0200
0380
03C0
01C0
0060
0060
0020
0030
0010
0010
0010
8010
FFF0
FFF0
7FF0
ENDCHAR
STARTCHAR glyph1426
ENCODING -1
SWIDTH 488 0
DWIDTH 20 0
BBX 19 30 1 -4
BITMAP
0018C0
000D80
000D00
000700
000600
000000
000000
000000
000000
000080
0000C0
0001C0
0001C0
0000E0
000060
000060
000020
000020
000020
000020
000060
000060
0000E0
0001C0
0003C0
000780
001F00
E07C00
1FF800
03E000
ENDCHAR
STARTCHAR glyph1429
ENCODING -1
SWIDTH 488 0
DWIDTH 20 0
BBX 19 22 1 -5
BITMAP
000080
0000C0
0001C0
0001C0
0000E0
000060
000060
000020
000020
000020
000020
000060
000060
0000E0
0001C0
0003C0
0007C0
001F60
E07E20
1FFA20
03E3C0
000180
ENDCHAR
STARTCHAR glyph1431
ENCODING -1
SWIDTH 488 0
DWIDTH 20 0
BBX 19 23 1 -6
BITMAP
000080
0000C0
0001C0
0001C0
0000E0
000060
000060
000020
000020
000020
000020
000060
000060
0000E0
0001C0
0003C0
000780
001F00
E07C80
1FF9E0
03E1E0
0001E0
000040
ENDCHAR
STARTCHAR glyph1433
ENCODING -1
SWIDTH 488 0
DWIDTH 20 0
BBX 19 25 1 -8
BITMAP
000080
0000C0
0001C0
0001C0
0000E0
000060
000060
000020
000020
000020
000020
000060
000060
0000E0
0001C0
0003C0
000780
001F00
E07C00
1FF800
03E620
000260
000340
0001C0
000180
ENDCHAR
STARTCHAR glyph1435
ENCODING -1
SWIDTH 488 0
DWIDTH 20 0
BBX 19 23 1 -6
BITMAP
000080
0000C0
0001C0
0001C0
0000E0
000060
000060
000020
020020
038020
07C020
078060
018060
0000E0
0001C0
0003C0
000780
001F00
E07C80
1FF9E0
03E1E0
0001E0
000040
ENDCHAR
STARTCHAR glyph1437
ENCODING -1
SWIDTH 488 0
DWIDTH 20 0
BBX 19 30 1 -4
BITMAP
000200
000380
004780
007780
00F980
00F000
003000
000000
000000
000080
0000C0
0001C0
0001C0
0000E0
000060
000060
000020
000020
000020
000020
000060
000060
0000E0
0001C0
0003C0
000780
001F00
E07C00
1FF800
03E000
ENDCHAR
STARTCHAR glyph1439
ENCODING -1
SWIDTH 488 0
DWIDTH 20 0
BBX 19 36 1 -4
BITMAP
000200
000780
004780
00F780
00F100
00F100
0023C0
0023C0
007BC0
007880
007800
001000
000000
000000
000000
000080
0000C0
0001C0
0001C0
0000E0
000060
000060
000020
000020
000020
000020
000060
000060
0000E0
0001C0
0003C0
000780
001F00
E07C00
1FF800
03E000
ENDCHAR
STARTCHAR glyph1441
ENCODING -1
SWIDTH 821 0
DWIDTH 33 0
BBX 32 27 1 -3
BITMAP
00000080
000001E0
000001E0
000001E0
00000040
00000000
00000000
00002002
00002026
00006027
00007023
20003023
20003021
40003031
40001079
80001FFF
80001FFF
80001FCF
80001000
80003000
80003000
C0006020
E001E078
F80FC078
7FFF8078
3FFE0010
0FF80000
ENDCHAR
STARTCHAR glyph1442
ENCODING -1
SWIDTH 530 0
DWIDTH 21 0
BBX 22 26 -1 -2
BITMAP
000400
000700
000F00
000F00
000200
000000
000000
000008
010098
01009C
01008C
018084
018084
0180C4
03C1E4
FFFFFC
FFFFFC
FE7F3C
000000
000000
000000
000080
0000E0
0001E0
0001E0
000040
ENDCHAR
STARTCHAR glyph1443
ENCODING -1
SWIDTH 530 0
DWIDTH 21 0
BBX 22 26 -1 -2
BITMAP
000400
000700
000F00
000F00
000200
000000
000000
000008
010098
01009C
01008C
018084
018084
0180C4
03C1E4
FFFFFC
FFFFFC
FE7F3C
000000
000000
000000
000080
0000E0
0001E0
0001E0
000040
ENDCHAR
STARTCHAR glyph1445
ENCODING -1
SWIDTH 821 0
DWIDTH 33 0
BBX 32 25 1 -8
BITMAP
00002002
00002026
00006027
00007023
20003023
20003021
40003031
40001079
80001FFF
80001FFF
80001FCF
80001000
80003000
80003000
C0006004
E001E00F
F80FC08F
7FFF81EF
3FFE01E2
0FF801E0
00000048
0000001E
0000001E
0000001E
00000004
ENDCHAR
STARTCHAR glyph1446
ENCODING -1
SWIDTH 530 0
DWIDTH 21 0
BBX 22 25 -1 -8
BITMAP
000008
010098
01009C
01008C
018084
018084
0180C4
03C1E4
FFFFFC
FFFFFC
FE7F3C
000000
000000
000000
000010
00001C
00023C
0003BC
000788
000780
000120
000038
000078
000078
000010
ENDCHAR
STARTCHAR glyph1447
ENCODING -1
SWIDTH 530 0
DWIDTH 21 0
BBX 22 25 -1 -8
BITMAP
000008
010098
01009C
01008C
018084
018084
0180C4
03C1E4
FFFFFC
FFFFFC
FE7F3C
000000
000000
000000
000010
00001C
00023C
0003BC
000788
000780
000120
000038
000078
000078
000010
ENDCHAR
STARTCHAR glyph1449
ENCODING -1
SWIDTH 821 0
DWIDTH 33 0
BBX 32 37 1 -8
BITMAP
00000200
00000780
00000780
00000780
00000120
00000078
00000478
00000F78
00000F10
00000F00
00000200
00000000
00002002
00002026
00006027
00007023
20003023
20003021
40003031
40001079
80001FFF
80001FFF
80001FCF
80001000
80003000
80003000
C0006004
E001E00F
F80FC08F
7FFF81EF
3FFE01E2
0FF801E0
00000048
0000001E
0000001E
0000001E
00000004
ENDCHAR
STARTCHAR glyph1450
ENCODING -1
SWIDTH 530 0
DWIDTH 21 0
BBX 22 37 -1 -8
BITMAP
000800
000E00
001E00
001E00
000480
0000E0
0011E0
001DE0
003C40
003C00
000800
000000
000008
010098
01009C
01008C
018084
018084
0180C4
03C1E4
FFFFFC
FFFFFC
FE7F3C
000000
000000
000000
000010
00001C
00023C
0003BC
000788
000780
000120
000038
000078
000078
000010
ENDCHAR
STARTCHAR glyph1451
ENCODING -1
SWIDTH 530 0
DWIDTH 21 0
BBX 22 37 -1 -8
BITMAP
000800
000E00
001E00
001E00
000480
0000E0
0011E0
001DE0
003C40
003C00
000800
000000
000008
010098
01009C
01008C
018084
018084
0180C4
03C1E4
FFFFFC
FFFFFC
FE7F3C
000000
000000
000000
000010
00001C
00023C
0003BC
000788
000780
000120
000038
000078
000078
000010
ENDCHAR
STARTCHAR glyph1453
ENCODING -1
SWIDTH 1098 0
DWIDTH 44 0
BBX 43 21 1 -4
BITMAP
000040003F00
00004000FFC0
0000C001FFC0
0000E00783E0
2000600E00E0
2000601C00E0
4000607000E0
400021E001E0
80003FFFFFE0
80003FFFFFE0
80003FFFFFE0
800020000000
800020000000
800040000000
C000C0008000
C003C001E000
F00F8011E000
7FFF003DE000
3FFE003C4000
0FF0003C0000
000000080000
ENDCHAR
STARTCHAR glyph1454
ENCODING -1
SWIDTH 846 0
DWIDTH 34 0
BBX 35 20 -1 -4
BITMAP
0000001F00
010000FFC0
010001FFC0
010007C3E0
01800E00E0
01803800E0
03E1F001E0
FFFFFFFFE0
FFFFFFFFE0
FE7FFFFFE0
0000000000
0000000000
0000000000
0000002000
0000007800
0000047800
00000F7800
00000F1000
00000F0000
0000020000
ENDCHAR
STARTCHAR glyph1455
ENCODING -1
SWIDTH 846 0
DWIDTH 34 0
BBX 35 20 -1 -4
BITMAP
0000001F00
010000FFC0
010001FFC0
010007C3E0
01800E00E0
01803800E0
03E1F001E0
FFFFFFFFE0
FFFFFFFFE0
FE7FFFFFE0
0000000000
0000000000
0000000000
0000002000
0000007800
0000047800
00000F7800
00000F1000
00000F0000
0000020000
ENDCHAR
STARTCHAR glyph1457
ENCODING -1
SWIDTH 1098 0
DWIDTH 44 0
BBX 43 32 1 -3
BITMAP
000000080000
0000001E0000
0000001E0000
0000001E0000
000000048000
00000001E000
00000011E000
0000003DE000
0000003C4000
0000003C0000
000000080000
000000000000
000040003F00
00004000FFC0
0000C001FFC0
0000E00783E0
2000600E00E0
2000601C00E0
4000607000E0
400021E001E0
80003FFFFFE0
80003FFFFFE0
80003FFFFFE0
800020000000
800020000000
800040000000
C000C0000000
C003C0000000
F00F80000000
7FFF00000000
3FFE00000000
0FF000000000
ENDCHAR
STARTCHAR glyph1458
ENCODING -1
SWIDTH 846 0
DWIDTH 34 0
BBX 35 23 -1 6
BITMAP
0000020000
0000078000
0000078000
0000078000
0000012000
0000007800
0000047800
00000F7800
00000F1000
00000F0000
0000020000
0000000000
0000000000
0000001F00
010000FFC0
010001FFC0
010007C3E0
01800E00E0
01803800E0
03E1F001E0
FFFFFFFFE0
FFFFFFFFE0
FE7FFFFFE0
ENDCHAR
STARTCHAR glyph1459
ENCODING -1
SWIDTH 846 0
DWIDTH 34 0
BBX 35 23 -1 6
BITMAP
0000020000
0000078000
0000078000
0000078000
0000012000
0000007800
0000047800
00000F7800
00000F1000
00000F0000
0000020000
0000000000
0000000000
0000001F00
010000FFC0
010001FFC0
010007C3E0
01800E00E0
01803800E0
03E1F001E0
FFFFFFFFE0
FFFFFFFFE0
FE7FFFFFE0
ENDCHAR
STARTCHAR glyph1461
ENCODING -1
SWIDTH 581 0
DWIDTH 23 0
BBX 24 25 -1 6
BITMAP
020000
030000
03E080
03E0E0
01E1E0
0181E0
00C048
00C00E
00C11E
00C1DE
00E3C4
0063C0
006080
006000
006000
0060FC
0063FE
004FFE
007E0F
00F007
01C007
07800F
FFFFFF
FFFFFF
FFFFFF
ENDCHAR
STARTCHAR glyph1463
ENCODING -1
SWIDTH 450 0
DWIDTH 18 0
BBX 18 37 1 -8
BITMAP
0C0000
0E0000
1F0000
0E0000
02C000
00E000
19F000
1CE000
3E2000
1C0000
040000
000000
03E000
07F000
07F800
0FF800
09F800
01F000
03F000
07F800
0E7F80
1C3F80
380F80
700000
600000
C00000
C00000
C00000
C00000
E00000
E00000
F80000
7C0000
3FC000
1FFFC0
0FFF00
00FE00
ENDCHAR
STARTCHAR glyph1464
ENCODING -1
SWIDTH 525 0
DWIDTH 21 0
BBX 20 25 -1 6
BITMAP
010000
03C000
03C000
03C000
009000
003C00
023C00
07BC00
078800
078000
010000
000000
01F800
07FC00
0FFE00
1E0300
180000
180000
180000
1C0000
1E0030
0F0FE0
FFFFE0
FFFF80
FFE000
ENDCHAR
STARTCHAR glyph1465
ENCODING -1
SWIDTH 394 0
DWIDTH 16 0
BBX 17 23 -1 6
BITMAP
020000
038000
07C000
038000
01A000
003800
047C00
073800
0F9800
070000
030000
000000
03F000
0FF800
0FFC00
0FFC00
09FC00
00F800
01F000
07F800
FFFF80
FF3F80
FC0F80
ENDCHAR
STARTCHAR glyph1468
ENCODING -1
SWIDTH 788 0
DWIDTH 32 0
BBX 31 21 1 -2
BITMAP
40000038
4000007C
800000FC
800000CE
800001C6
800001C6
800001E6
C00001FE
E00000FE
7E00003E
3FFFFFFE
1FFFFFFE
03FFFFFE
00000000
00000000
00000000
00000020
00000078
00000078
00000078
00000010
ENDCHAR
STARTCHAR glyph1469
ENCODING -1
SWIDTH 267 0
DWIDTH 11 0
BBX 12 23 -1 -2
BITMAP
0780
0FC0
0FC0
19E0
18E0
18E0
1FF0
1FF0
0FB0
0030
0030
0030
FFF0
FFF0
FFF0
0000
0000
0000
0200
0380
07C0
0380
0180
ENDCHAR
STARTCHAR glyph1470
ENCODING -1
SWIDTH 262 0
DWIDTH 11 0
BBX 12 21 -1 -2
BITMAP
03C0
07E0
07E0
0CF0
0C70
0C30
0E30
07F0
03F0
0030
FFF0
FFF0
FFF0
0000
0000
0000
0400
0700
0F80
0700
0300
ENDCHAR
STARTCHAR glyph1472
ENCODING -1
SWIDTH 788 0
DWIDTH 32 0
BBX 31 28 1 -2
BITMAP
00000020
00000078
00000078
00000078
00000010
00000000
00000000
40000038
4000007C
800000FC
800000CE
800001C6
800001C6
800001E6
C00001FE
E00000FE
7E00003E
3FFFFFFE
1FFFFFFE
03FFFFFE
00000000
00000000
00000000
00010000
0001C000
0003C000
0003C000
00008000
ENDCHAR
STARTCHAR glyph1473
ENCODING -1
SWIDTH 267 0
DWIDTH 11 0
BBX 12 30 -1 -2
BITMAP
0800
0E00
1E00
1E00
0400
0000
0000
0780
0FC0
0FC0
19E0
18E0
18E0
1FF0
1FF0
0FB0
0030
0030
0030
FFF0
FFF0
FFF0
0000
0000
0000
0200
0380
07C0
0380
0180
ENDCHAR
STARTCHAR glyph1474
ENCODING -1
SWIDTH 262 0
DWIDTH 11 0
BBX 12 30 -1 -2
BITMAP
0400
0700
0F00
0F00
0200
0000
0000
0000
0000
03C0
07E0
07E0
0CF0
0C70
0C30
0E30
07F0
03F0
0030
FFF0
FFF0
FFF0
0000
0000
0000
0200
0380
07C0
0380
0180
ENDCHAR
STARTCHAR glyph1480
ENCODING -1
SWIDTH 788 0
DWIDTH 32 0
BBX 32 27 1 -8
BITMAP
40000038
4000007C
800000FC
800000CE
800001C6
800001C6
800001E6
C00001FE
E00000FE
7E00003E
3FFFFFFE
1FFFFFFE
03FFFFFE
00000000
00000000
00000000
00000004
0000000F
0000008F
000001EF
000001E2
000001E0
00000048
0000001E
0000001E
0000001E
00000004
ENDCHAR
STARTCHAR glyph1481
ENCODING -1
SWIDTH 267 0
DWIDTH 11 0
BBX 12 29 -1 -8
BITMAP
0780
0FC0
0FC0
19E0
18E0
18E0
1FF0
1FF0
0FB0
0030
0030
0030
FFF0
FFF0
FFF0
0000
0000
0000
0100
01C0
23C0
3BC0
7880
7800
1200
0380
0780
0780
0100
ENDCHAR
STARTCHAR glyph1482
ENCODING -1
SWIDTH 262 0
DWIDTH 11 0
BBX 12 27 -1 -8
BITMAP
03C0
07E0
07E0
0CF0
0C70
0C30
0E30
07F0
03F0
0030
FFF0
FFF0
FFF0
0000
0000
0000
0100
01C0
23C0
3BC0
7880
7800
1200
0380
0780
0780
0100
ENDCHAR
STARTCHAR glyph1488
ENCODING -1
SWIDTH 581 0
DWIDTH 23 0
BBX 22 28 1 -3
BITMAP
000100
0003C0
0003C0
000380
000080
000000
000000
000000
0000E0
0003F0
0003F8
000638
200618
20061C
4007FC
4007FC
4001F4
800004
800004
800004
800004
80000C
C0001C
E00078
7803F8
7FFFF0
1FFFC0
07FE00
ENDCHAR
STARTCHAR glyph1490
ENCODING -1
SWIDTH 581 0
DWIDTH 23 0
BBX 22 32 1 -3
BITMAP
000800
000E00
001F00
000E00
000680
0000E0
0011F0
001CE0
003E60
001C00
000C00
000000
0000E0
0003F0
0003F8
000638
200618
20061C
4007FC
4007FC
4001F4
800004
800004
800004
800004
80000C
C0001C
E00078
7803F8
7FFFF0
1FFFC0
07FE00
ENDCHAR
STARTCHAR glyph1492
ENCODING -1
SWIDTH 932 0
DWIDTH 37 0
BBX 37 21 0 6
BITMAP
0000400000
0003C00000
000FC00000
003F800000
007C000000
01F0000000
01C0000000
0300000000
0700000000
07C0000000
07F8000000
03FFC00000
00FFF80000
000FFF0000
80007FC000
800007F000
C00000FC00
F00001BF00
7FFFFF0FF8
7FFFFE03F8
1FFFF000F8
ENDCHAR
STARTCHAR glyph1493
ENCODING -1
SWIDTH 394 0
DWIDTH 16 0
BBX 17 19 -1 6
BITMAP
000200
000E00
003E00
00FC00
03F000
078000
0E0000
0C0000
1C0000
1E0000
1FE000
0FFC00
03FE00
003F00
000700
000180
FFFF80
FFFF80
FFFF80
ENDCHAR
STARTCHAR glyph1494
ENCODING -1
SWIDTH 514 0
DWIDTH 21 0
BBX 22 19 -1 6
BITMAP
000200
000E00
003E00
00FC00
03F000
078000
0E0000
0C0000
1C0000
1F0000
1FE000
0FFC00
03FE00
003F00
000780
0003C0
FFFEFC
FFFC7C
FFF03C
ENDCHAR
STARTCHAR glyph1496
ENCODING -1
SWIDTH 932 0
DWIDTH 37 0
BBX 37 23 0 6
BITMAP
0000000400
0000003C00
000001FC00
000007FC00
00001FCC00
00003E4400
0000384400
0000707800
0000783800
00007E0000
00007F0000
00003F8000
40001FC000
400001E000
800000F000
8000007800
8000005C00
8000004E00
C00000CF00
F000078780
7FFFFF03F8
7FFFFE01F8
0FFFF80078
ENDCHAR
STARTCHAR glyph1497
ENCODING -1
SWIDTH 394 0
DWIDTH 16 0
BBX 17 23 -1 6
BITMAP
000200
001E00
00FE00
03FE00
0FF600
1F2200
1C3200
381E00
3C1C00
3F0000
3F8000
1FC000
0FE000
01F000
007800
003C00
000E00
000700
000700
000380
FFFF80
FFFF80
FFFF80
ENDCHAR
STARTCHAR glyph1498
ENCODING -1
SWIDTH 514 0
DWIDTH 21 0
BBX 22 23 -1 6
BITMAP
000200
001E00
00FE00
03FE00
0FF600
1F2200
1C3200
381E00
3C1C00
3F0000
3F8000
1FC000
0FE000
00F000
007800
003C00
002E00
002700
006780
03C3C0
FF81FC
FF00FC
FC003C
ENDCHAR
STARTCHAR glyph1500
ENCODING -1
SWIDTH 601 0
DWIDTH 24 0
BBX 23 26 1 6
BITMAP
001820
001C20
003E38
001C3E
000C3E
00001E
000118
000718
000C18
001818
00100C
00300C
003F8C
003F8C
00018C
20018C
60038C
40070C
C3FC0E
C00006
C00006
E00006
F80006
7FFFFE
7FFFFE
1FFFFE
ENDCHAR
STARTCHAR glyph1501
ENCODING -1
SWIDTH 394 0
DWIDTH 16 0
BBX 17 28 -1 6
BITMAP
010000
03C000
03C000
03C000
008000
000200
001E00
00FE00
03FC00
0FE000
1F0000
1C0000
380000
3C0000
3F0000
3F8000
1FC000
0FE000
01F000
007800
003C00
000E00
000700
000700
000380
FFFF80
FFFF80
FFFF80
ENDCHAR
STARTCHAR glyph1502
ENCODING -1
SWIDTH 394 0
DWIDTH 16 0
BBX 17 28 -1 6
BITMAP
010000
03C000
03C000
03C000
008000
000200
001E00
00FE00
03FC00
0FE000
1F0000
1C0000
380000
3C0000
3F0000
3F8000
1FC000
0FE000
01F000
007800
003C00
000E00
000700
000700
000380
FFFF80
FFFF80
FFFF80
ENDCHAR
STARTCHAR glyph1508
ENCODING -1
SWIDTH 601 0
DWIDTH 24 0
BBX 23 40 1 -8
BITMAP
000020
000020
000038
00003E
00003E
00001E
000118
000718
000C18
001818
00100C
00300C
003F8C
003F8C
00018C
20018C
60038C
40070C
C3FC0E
C00006
C00006
E00006
F80006
7FFFFE
7FFFFE
1FFFFE
000000
000000
000000
000400
000700
008F00
00EF00
01F300
01E000
006800
000E00
001F00
001E00
000600
ENDCHAR
STARTCHAR glyph1509
ENCODING -1
SWIDTH 394 0
DWIDTH 16 0
BBX 17 37 -1 -8
BITMAP
000200
001E00
00FE00
03FC00
0FE000
1F0000
1C0000
380000
3C0000
3F0000
3F8000
1FC000
0FE000
01F000
007800
003C00
000E00
000700
000700
000380
FFFF80
FFFF80
FFFF80
000000
000000
000000
002000
003800
047800
077800
0F1000
0F0000
024000
007000
00F000
00F000
002000
ENDCHAR
STARTCHAR glyph1510
ENCODING -1
SWIDTH 394 0
DWIDTH 16 0
BBX 17 37 -1 -8
BITMAP
000200
001E00
00FE00
03FC00
0FE000
1F0000
1C0000
380000
3C0000
3F0000
3F8000
1FC000
0FE000
01F000
007800
003C00
000E00
000700
000700
000380
FFFF80
FFFF80
FFFF80
000000
000000
000000
002000
003800
047800
077800
0F1000
0F0000
024000
007000
00F000
00F000
002000
ENDCHAR
STARTCHAR glyph1512
ENCODING -1
SWIDTH 932 0
DWIDTH 37 0
BBX 37 28 0 6
BITMAP
0000000400
0000003C00
000000FC00
000003F800
00000FC000
00001F0400
00007C3C00
000071FC00
000047FC00
00001FCC00
00003E4400
0000384400
0000707800
0000783800
00007E0000
00007F0000
00003F8000
40001FC000
400001E000
800000F000
8000007800
8000005C00
8000004E00
C00000CF00
F000078780
7FFFFF03F8
7FFFFE01F8
0FFFF80078
ENDCHAR
STARTCHAR glyph1513
ENCODING -1
SWIDTH 394 0
DWIDTH 16 0
BBX 17 28 -1 6
BITMAP
000200
001E00
007E00
01FC00
07E000
1F0200
3C1E00
30FE00
03FE00
0FF600
1F2200
1C3200
381E00
3C1C00
3F0000
3F8000
1FC000
0FE000
01F000
007800
003C00
000E00
000700
000700
000380
FFFF80
FFFF80
FFFF80
ENDCHAR
STARTCHAR glyph1514
ENCODING -1
SWIDTH 514 0
DWIDTH 21 0
BBX 22 28 -1 6
BITMAP
000200
001E00
007E00
01FC00
07E000
1F0200
3C1E00
30FE00
03FE00
0FF600
1F2200
1C3200
381E00
3C1C00
3F0000
3F8000
1FC000
0FE000
00F000
007800
003C00
002E00
002700
006780
03C3C0
FF81FC
FF00FC
FC003C
ENDCHAR
STARTCHAR glyph1520
ENCODING -1
SWIDTH 932 0
DWIDTH 37 0
BBX 37 38 0 -4
BITMAP
0000000400
0000003C00
000000FC00
000003F800
00000FC000
00001F0400
00007C3C00
000071FC00
000047F800
00001FC000
00003E0000
0000380000
0000700000
0000780000
00007E0000
00007F0000
00003F8000
40001FC000
400001E000
800000F000
8000007800
8000005C00
8000004E00
C00000CF00
F000078780
7FFFFF03F8
7FFFFE01F8
0FFFF80078
0000000000
0000000000
0000000000
0001000000
0003C00000
0023C00000
007B800000
0078800000
0070000000
0010000000
ENDCHAR
STARTCHAR glyph1521
ENCODING -1
SWIDTH 394 0
DWIDTH 16 0
BBX 17 38 -1 -4
BITMAP
000200
001E00
007E00
01FC00
07E000
1F0200
3C1E00
30FE00
03FC00
0FE000
1F0000
1C0000
380000
3C0000
3F0000
3F8000
1FC000
0FE000
01F000
007800
003C00
000E00
000700
000700
000380
FFFF80
FFFF80
FFFF80
000000
000000
000000
003000
003C00
067C00
073800
0F8800
070000
010000
ENDCHAR
STARTCHAR glyph1522
ENCODING -1
SWIDTH 514 0
DWIDTH 21 0
BBX 22 38 -1 -4
BITMAP
000200
001E00
007E00
01FC00
07E000
1F0200
3C1E00
30FE00
03FC00
0FE000
1F0000
1C0000
380000
3C0000
3F0000
3F8000
1FC000
0FE000
00F000
007800
003C00
002E00
002700
006780
03C3C0
FF81FC
FF00FC
FC003C
000000
000000
000000
010000
03C000
23C000
7BC000
788000
780000
100000
ENDCHAR
STARTCHAR glyph1528
ENCODING -1
SWIDTH 932 0
DWIDTH 37 0
BBX 37 30 0 6
BITMAP
0000300000
00003B0000
0000338000
0000631C00
0000707C00
000061FC00
000007E000
00001F8400
00003E3C00
000079FC00
000067F800
00001FC000
00003E0000
0000380000
0000700000
0000780000
00007E0000
00007F0000
00003F8000
40001FC000
400001E000
800000F000
8000007800
8000005C00
8000004E00
C00000CF00
F000078780
7FFFFF03F8
7FFFFE01F8
0FFFF80078
ENDCHAR
STARTCHAR glyph1529
ENCODING -1
SWIDTH 394 0
DWIDTH 16 0
BBX 17 30 -1 6
BITMAP
0C0000
1CC000
0DC000
18CE00
383E00
18FE00
03F000
0FC200
3E1E00
38FE00
23FC00
0FE000
1F0000
1C0000
380000
3C0000
3F0000
3F8000
1FC000
0FE000
01F000
007800
003C00
000E00
000700
000700
000380
FFFF80
FFFF80
FFFF80
ENDCHAR
STARTCHAR glyph1530
ENCODING -1
SWIDTH 514 0
DWIDTH 21 0
BBX 22 30 -1 6
BITMAP
0C0000
1CC000
0DC000
18CE00
383E00
18FE00
03F000
0FC200
3E1E00
38FE00
23FC00
0FE000
1F0000
1C0000
380000
3C0000
3F0000
3F8000
1FC000
0FE000
00F000
007800
003C00
002E00
002700
006780
03C3C0
FF81FC
FF00FC
FC003C
ENDCHAR
STARTCHAR glyph1532
ENCODING -1
SWIDTH 506 0
DWIDTH 20 0
BBX 19 37 1 -1
BITMAP
000C40
0004C0
000680
000380
000300
000000
000000
0001C0
0003E0
0003E0
0001E0
000180
000180
000180
000080
0000C0
0000C0
0000C0
0000C0
0000C0
0800C0
1000C0
1000E0
200060
200060
600060
400060
C00060
C00060
C00060
C00060
E000E0
F001C0
780FC0
7FFF80
3FFF00
0FF800
ENDCHAR
STARTCHAR glyph1533
ENCODING -1
SWIDTH 207 0
DWIDTH 8 0
BBX 9 30 -1 6
BITMAP
3180
1B00
0E00
0600
0000
0000
0800
0E00
0F00
0700
0600
0600
0600
0600
0300
0300
0300
0300
0300
0300
0300
0300
0380
0180
0180
0180
0180
FF80
FF80
FF80
ENDCHAR
STARTCHAR glyph1534
ENCODING -1
SWIDTH 207 0
DWIDTH 8 0
BBX 9 30 -1 6
BITMAP
3180
1B00
0E00
0600
0000
0000
0800
0E00
0F00
0700
0600
0600
0600
0600
0300
0300
0300
0300
0300
0300
0300
0300
0380
0180
0180
0180
0180
FF80
FF80
FF80
ENDCHAR
STARTCHAR glyph1536
ENCODING -1
SWIDTH 506 0
DWIDTH 20 0
BBX 19 37 1 -1
BITMAP
000100
0003C0
0003C0
0003C0
000080
000000
000000
0001C0
0003E0
0003E0
0001E0
000180
000180
000180
000080
0000C0
0000C0
0000C0
0000C0
0000C0
0800C0
1000C0
1000E0
200060
200060
600060
400060
C00060
C00060
C00060
C00060
E000E0
F001C0
780FC0
7FFF80
3FFF00
0FF800
ENDCHAR
STARTCHAR glyph1537
ENCODING -1
SWIDTH 207 0
DWIDTH 8 0
BBX 9 30 -1 6
BITMAP
0E00
0F00
1E00
0E00
0000
0000
0800
0E00
0F00
0700
0600
0600
0600
0600
0300
0300
0300
0300
0300
0300
0300
0300
0380
0180
0180
0180
0180
FF80
FF80
FF80
ENDCHAR
STARTCHAR glyph1538
ENCODING -1
SWIDTH 207 0
DWIDTH 8 0
BBX 9 30 -1 6
BITMAP
0E00
0F00
1E00
0E00
0000
0000
0800
0E00
0F00
0700
0600
0600
0600
0600
0300
0300
0300
0300
0300
0300
0300
0300
0380
0180
0180
0180
0180
FF80
FF80
FF80
ENDCHAR
STARTCHAR glyph1540
ENCODING -1
SWIDTH 506 0
DWIDTH 20 0
BBX 19 37 1 -1
BITMAP
000C00
001EC0
000DE0
0018C0
003C00
001800
000000
0001C0
0003E0
0003E0
0001E0
000180
000180
000180
000080
0000C0
0000C0
0000C0
0000C0
0000C0
0800C0
1000C0
1000E0
200060
200060
600060
400060
C00060
C00060
C00060
C00060
E000E0
F001C0
780FC0
7FFF80
3FFF00
0FF800
ENDCHAR
STARTCHAR glyph1541
ENCODING -1
SWIDTH 207 0
DWIDTH 8 0
BBX 9 30 -1 6
BITMAP
1800
3980
1B80
3180
7000
3000
0800
0E00
0F00
0700
0600
0600
0600
0600
0300
0300
0300
0300
0300
0300
0300
0300
0380
0180
0180
0180
0180
FF80
FF80
FF80
ENDCHAR
STARTCHAR glyph1542
ENCODING -1
SWIDTH 207 0
DWIDTH 8 0
BBX 9 30 -1 6
BITMAP
1800
3980
1B80
3180
7000
3000
0800
0E00
0F00
0700
0600
0600
0600
0600
0300
0300
0300
0300
0300
0300
0300
0300
0380
0180
0180
0180
0180
FF80
FF80
FF80
ENDCHAR
STARTCHAR glyph1544
ENCODING -1
SWIDTH 506 0
DWIDTH 20 0
BBX 19 40 1 -8
BITMAP
000100
000100
0003C0
0003E0
0003E0
0001E0
000180
000180
000180
000080
0000C0
0000C0
0000C0
0000C0
0000C0
0800C0
1000C0
1000E0
200060
200060
600060
400060
C00060
C00060
C00060
C00060
E000E0
F001C0
780FC0
7FFF80
3FFF00
0FF800
001800
001E00
033C00
03CC00
07B000
01BC00
007800
001800
ENDCHAR
STARTCHAR glyph1545
ENCODING -1
SWIDTH 207 0
DWIDTH 8 0
BBX 10 40 -1 -8
BITMAP
0800
0800
0E00
0F00
0F00
0700
0600
0600
0600
0600
0300
0300
0300
0300
0300
0300
0300
0300
0380
0180
0180
0180
0180
FF80
FF80
FF80
0000
0000
0000
0100
03C0
23C0
7B80
7880
7000
1200
0780
0780
0700
0100
ENDCHAR
STARTCHAR glyph1546
ENCODING -1
SWIDTH 207 0
DWIDTH 8 0
BBX 10 40 -1 -8
BITMAP
0800
0800
0E00
0F00
0F00
0700
0600
0600
0600
0600
0300
0300
0300
0300
0300
0300
0300
0300
0380
0180
0180
0180
0180
FF80
FF80
FF80
0000
0000
0000
0100
03C0
23C0
7B80
7880
7000
1200
0780
0780
0700
0100
ENDCHAR
STARTCHAR glyph1548
ENCODING -1
SWIDTH 525 0
DWIDTH 21 0
BBX 20 31 1 -8
BITMAP
006000
007000
00F800
007000
003000
000000
000020
000020
000060
000070
200030
200030
400010
400010
800010
800010
800010
800010
800030
800030
C00070
E001E0
F80FE0
7FFFC0
3FFF00
0FFC00
006000
007800
00F800
007000
001000
ENDCHAR
STARTCHAR glyph1549
ENCODING -1
SWIDTH 244 0
DWIDTH 10 0
BBX 11 29 -1 -2
BITMAP
0300
0380
07C0
0380
0180
0000
0000
0000
0040
0040
00E0
00E0
0060
0060
0020
0020
0020
0020
FFE0
FFE0
FFE0
0000
0000
0000
0800
0E00
1F00
0E00
0600
ENDCHAR
STARTCHAR glyph1550
ENCODING -1
SWIDTH 244 0
DWIDTH 10 0
BBX 11 29 -1 -2
BITMAP
0300
0380
07C0
0380
0180
0000
0000
0000
0040
0040
00E0
00E0
0060
0060
0020
0020
0020
0020
FFE0
FFE0
FFE0
0000
0000
0000
0800
0E00
1F00
0E00
0600
ENDCHAR
STARTCHAR glyph1556
ENCODING -1
SWIDTH 525 0
DWIDTH 21 0
BBX 20 31 1 -8
BITMAP
006000
007000
00F800
007000
003000
000000
000020
000020
000060
000070
200030
200030
400010
400010
800010
800010
800010
800010
800030
800030
C00070
E001E0
F80FE0
7FFFC0
3FFF00
0FFC00
009800
009800
009000
00F000
00E000
ENDCHAR
STARTCHAR glyph1557
ENCODING -1
SWIDTH 244 0
DWIDTH 10 0
BBX 11 26 -1 1
BITMAP
0300
0380
07C0
0380
0180
0000
0000
0000
0040
0040
00E0
00E0
0060
0060
0020
0020
0020
0020
FFE0
FFE0
FFE0
1300
1100
1100
1E00
1C00
ENDCHAR
STARTCHAR glyph1558
ENCODING -1
SWIDTH 244 0
DWIDTH 10 0
BBX 11 26 -1 1
BITMAP
0300
0380
07C0
0380
0180
0000
0000
0000
0040
0040
00E0
00E0
0060
0060
0020
0020
0020
0020
FFE0
FFE0
FFE0
1300
1100
1100
1E00
1C00
ENDCHAR
STARTCHAR glyph1560
ENCODING -1
SWIDTH 525 0
DWIDTH 21 0
BBX 20 32 1 -3
BITMAP
010000
01C000
03E000
03C000
00D000
001C00
023E00
039C00
07CC00
078000
018000
000000
000020
000020
000060
000070
200030
200030
400010
400010
800010
800010
800010
800010
800030
800030
C00070
E001E0
F80FE0
7FFFC0
3FFF00
0FFC00
ENDCHAR
STARTCHAR glyph1562
ENCODING -1
SWIDTH 525 0
DWIDTH 21 0
BBX 20 34 1 -8
BITMAP
004000
00F000
00F000
00F000
002000
000000
000000
000000
000000
000000
1FFFE0
7FFFE0
7FFFC0
80FE00
01E400
070400
0C0600
1007F0
2067F0
4073F0
4CF800
8E7000
9F3000
8E0000
86C000
80E000
C1F000
E0E000
706000
7C0000
3FC000
1FFFF0
07FFC0
00FF00
ENDCHAR
STARTCHAR glyph1563
ENCODING -1
SWIDTH 529 0
DWIDTH 21 0
BBX 22 34 -1 -8
BITMAP
006000
007000
00F800
007000
001000
000000
000000
000000
000000
03E000
07F800
0FFC00
007E00
001F00
0007C0
0003E0
0001F0
FFFFFC
FFFFFC
FFFFFC
000000
000000
000000
000C00
000E00
019F00
01CE00
03E600
01C000
00D800
001C00
003E00
001C00
000C00
ENDCHAR
STARTCHAR glyph1564
ENCODING -1
SWIDTH 529 0
DWIDTH 21 0
BBX 22 34 -1 -8
BITMAP
006000
007000
00F800
007000
001000
000000
000000
000000
000000
03E000
07F800
0FFC00
007E00
001F00
0007C0
0003E0
0001F0
FFFFFC
FFFFFC
FFFFFC
000000
000000
000000
000C00
000E00
019F00
01CE00
03E600
01C000
00D800
001C00
003E00
001C00
000C00
ENDCHAR
STARTCHAR glyph1571
ENCODING -1
SWIDTH 432 0
DWIDTH 17 0
BBX 16 19 1 -4
BITMAP
001C
003E
003F
0063
0063
0071
007F
003F
001F
0001
00E3
00F7
0136
011E
011C
01FC
C1F8
3FF0
07C0
ENDCHAR
STARTCHAR glyph1583
ENCODING -1
SWIDTH 432 0
DWIDTH 17 0
BBX 16 29 1 -4
BITMAP
0008
000E
011E
01DE
03E6
03C0
00C0
0000
0000
0000
001C
003E
003F
0063
0063
0071
007F
003F
001F
0001
0003
0007
0006
000E
001C
007C
C1F8
3FF0
07C0
ENDCHAR
STARTCHAR glyph1587
ENCODING -1
SWIDTH 588 0
DWIDTH 24 0
BBX 25 14 -1 -4
BITMAP
04000000
1C003F80
6800FF80
9801FF80
10030000
3003FC00
3003FE00
3003FE00
38000600
3C000600
3F003C00
1FFFF800
0FFFF000
01FF8000
ENDCHAR
STARTCHAR glyph1589
ENCODING -1
SWIDTH 588 0
DWIDTH 24 0
BBX 23 21 1 -4
BITMAP
031800
01B000
01A000
00E000
004000
000000
000000
100000
3000FE
2003FE
6007FE
400C00
C00FF0
C00FF8
C00FF8
E00018
F00018
FE00F0
7FFFE0
3FFFC0
07FE00
ENDCHAR
STARTCHAR glyph1590
ENCODING -1
SWIDTH 244 0
DWIDTH 10 0
BBX 12 29 -1 -3
BITMAP
0C60
06C0
02C0
0380
0180
0000
0000
0040
0040
00E0
00E0
0060
0060
0020
0020
0020
0020
FFE0
FFE0
FFE0
0000
0000
00C0
00E0
19F0
1CE0
3E60
1C00
0C00
ENDCHAR
STARTCHAR glyph1591
ENCODING -1
SWIDTH 244 0
DWIDTH 10 0
BBX 12 29 -1 -3
BITMAP
0C60
06C0
02C0
0380
0180
0000
0000
0040
0040
00E0
00E0
0060
0060
0020
0020
0020
0020
FFE0
FFE0
FFE0
0000
0000
00C0
00E0
19F0
1CE0
3E60
1C00
0C00
ENDCHAR
STARTCHAR glyph1593
ENCODING -1
SWIDTH 432 0
DWIDTH 17 0
BBX 16 28 1 -4
BITMAP
0020
0078
0078
0078
0010
0000
0000
0000
0000
001C
003E
003F
0063
0063
0071
007F
003F
001F
0001
0003
0007
0006
000E
001C
007C
C1F8
3FF0
07C0
ENDCHAR
STARTCHAR glyph1599
ENCODING -1
SWIDTH 588 0
DWIDTH 24 0
BBX 23 18 1 -8
BITMAP
100000
3000FE
2003FE
6007FE
400C00
C00FF0
C00FF8
C00FF8
E00018
F00018
FE00F0
7FFFE0
3FFFC0
07FE00
000800
005800
00D000
003000
ENDCHAR
STARTCHAR glyph1629
ENCODING -1
SWIDTH 821 0
DWIDTH 33 0
BBX 32 32 1 -3
BITMAP
00000200
00000780
00000780
00000780
00000120
00000078
00000478
00000F78
00000F10
00000F00
00000200
00000000
00002002
00002026
00006027
00007023
20003023
20003021
40003031
40001079
80001FFF
80001FFF
80001FCF
80001000
80003000
80003000
C0006020
E001E078
F80FC078
7FFF8078
3FFE0010
0FF80000
ENDCHAR
STARTCHAR glyph1630
ENCODING -1
SWIDTH 530 0
DWIDTH 21 0
BBX 22 31 -1 -2
BITMAP
000800
000E00
001E00
001E00
000480
0000E0
0011E0
001DE0
003C40
003C00
000800
000000
000008
010098
01009C
01008C
018084
018084
0180C4
03C1E4
FFFFFC
FFFFFC
FE7F3C
000000
000000
000000
000080
0000E0
0001E0
0001E0
000040
ENDCHAR
STARTCHAR glyph1631
ENCODING -1
SWIDTH 530 0
DWIDTH 21 0
BBX 22 31 -1 -2
BITMAP
000800
000E00
001E00
001E00
000480
0000E0
0011E0
001DE0
003C40
003C00
000800
000000
000008
010098
01009C
01008C
018084
018084
0180C4
03C1E4
FFFFFC
FFFFFC
FE7F3C
000000
000000
000000
000080
0000E0
0001E0
0001E0
000040
ENDCHAR
STARTCHAR glyph1633
ENCODING -1
SWIDTH 1098 0
DWIDTH 44 0
BBX 43 27 1 -3
BITMAP
000000200000
000000380000
0000007C0000
000000380000
000000180000
000000000000
000000000000
000040003F00
00004000FFC0
0000C001FFC0
0000E00783E0
2000600E00E0
2000601C00E0
4000607000E0
400021E001E0
80003FFFFFE0
80003FFFFFE0
80003FFFFFE0
800020000000
800020000000
800040000000
C000C0020000
C003C0038000
F00F8007C000
7FFF00078000
3FFE00018000
0FF000000000
ENDCHAR
STARTCHAR glyph1634
ENCODING -1
SWIDTH 846 0
DWIDTH 34 0
BBX 35 26 -1 -2
BITMAP
0000100000
00001C0000
00003E0000
00001C0000
00000C0000
0000000000
0000000000
0000000000
0000001F00
010000FFC0
010001FFC0
010007C3E0
01800E00E0
01803800E0
03E1F001E0
FFFFFFFFE0
FFFFFFFFE0
FE7FFFFFE0
0000000000
0000000000
0000000000
0000080000
00000E0000
00001F0000
00001E0000
0000040000
ENDCHAR
STARTCHAR glyph1635
ENCODING -1
SWIDTH 846 0
DWIDTH 34 0
BBX 35 26 -1 -2
BITMAP
0000100000
00001C0000
00003E0000
00001C0000
00000C0000
0000000000
0000000000
0000000000
0000001F00
010000FFC0
010001FFC0
010007C3E0
01800E00E0
01803800E0
03E1F001E0
FFFFFFFFE0
FFFFFFFFE0
FE7FFFFFE0
0000000000
0000000000
0000000000
0000080000
00000E0000
00001F0000
00001E0000
0000040000
ENDCHAR
STARTCHAR glyph1637
ENCODING -1
SWIDTH 450 0
DWIDTH 18 0
BBX 18 34 1 -8
BITMAP
018000
01C000
03E000
01C000
00C000
000000
000000
000000
000000
03E000
07F000
07F800
0FF800
09F800
01F000
03F000
07F800
0E7F80
1C3F80
380F80
700000
600000
C04000
C0F000
C0F000
C0E000
E02000
E00000
F80000
7C0000
3FC000
1FFFC0
0FFF00
00FE00
ENDCHAR
STARTCHAR glyph1638
ENCODING -1
SWIDTH 525 0
DWIDTH 21 0
BBX 20 28 -1 -2
BITMAP
018000
01C000
03E000
01C000
00C000
000000
000000
01F800
07FC00
0FFE00
1E0300
180000
180000
180000
1C0000
1E0030
0F0FE0
FFFFE0
FFFF80
FFE000
000000
000000
000000
001000
001C00
003E00
003C00
000C00
ENDCHAR
STARTCHAR glyph1639
ENCODING -1
SWIDTH 394 0
DWIDTH 16 0
BBX 17 28 -1 -2
BITMAP
030000
038000
07C000
038000
018000
000000
000000
000000
000000
03F000
0FF800
0FFC00
0FFC00
09FC00
00F800
01F000
07F800
FFFF80
FF3F80
FC0F80
000000
000000
000000
004000
007000
00F800
007000
003000
ENDCHAR
STARTCHAR glyph1645
ENCODING -1
SWIDTH 244 0
DWIDTH 10 0
BBX 8 5 1 -3
BITMAP
06
0F
66
F0
60
ENDCHAR
STARTCHAR glyph1646
ENCODING -1
SWIDTH 244 0
DWIDTH 10 0
BBX 9 6 1 -6
BITMAP
3000
7B00
3780
6300
F000
6000
ENDCHAR
STARTCHAR glyph1647
ENCODING -1
SWIDTH 244 0
DWIDTH 10 0
BBX 10 8 0 -5
BITMAP
0300
03C0
6780
7980
F600
3780
0F00
0300
ENDCHAR
STARTCHAR glyph1648
ENCODING -1
SWIDTH 244 0
DWIDTH 10 0
BBX 5 4 3 -2
BITMAP
70
E0
38
70
ENDCHAR
STARTCHAR glyph1649
ENCODING -1
SWIDTH 244 0
DWIDTH 10 0
BBX 5 4 2 -3
BITMAP
18
D8
F0
30
ENDCHAR
STARTCHAR glyph1650
ENCODING -1
SWIDTH 812 0
DWIDTH 32 0
BBX 32 29 0 6
BITMAP
00001800
00001D80
000019C0
00003180
00003800
00003000
00000004
0000003C
000001FC
000007F8
00001FC0
00003E00
00003800
00007000
00007800
00007E00
00007F00
00003F80
40001FC0
400003E0
800000F0
80000078
8000001C
8000000E
C000000E
F0000007
7FFFFFFF
7FFFFFFF
0FFFFFFF
ENDCHAR
STARTCHAR glyph1651
ENCODING -1
SWIDTH 932 0
DWIDTH 37 0
BBX 37 29 0 6
BITMAP
0000180000
00001D8000
000019C000
0000318000
0000380000
0000300000
0000000400
0000003C00
000001FC00
000007F800
00001FC000
00003E0000
0000380000
0000700000
0000780000
00007E0000
00007F0000
00003F8000
40001FC000
400001E000
800000F000
8000007800
8000005C00
8000004E00
C00000CF00
F000078780
7FFFFF03F8
7FFFFE01F8
0FFFF80078
ENDCHAR
STARTCHAR glyph1654
ENCODING -1
SWIDTH 341 0
DWIDTH 14 0
BBX 14 2 0 6
BITMAP
FFFC
FFFC
ENDCHAR
STARTCHAR glyph1656
ENCODING -1
SWIDTH 543 0
DWIDTH 22 0
BBX 20 33 1 3
BITMAP
180000
380000
400000
600000
3C0000
E00000
000000
600100
700180
7801E0
7C01F0
7E01F0
3F00E0
3F00C0
1F80C0
0FC0C0
00C0C0
0060C0
0060C0
003180
001980
001980
000F00
000F00
000600
000600
000F00
001B00
007100
00C100
01FF00
01FF00
01F800
ENDCHAR
STARTCHAR glyph1657
ENCODING -1
SWIDTH 600 0
DWIDTH 24 0
BBX 23 31 1 5
BITMAP
180000
380000
400000
600000
3C0000
E00000
000000
700040
7C00C0
7E00C0
3F80C0
3FC0C0
1FE0C0
067040
003860
001860
000C60
000C60
000660
000260
0002E0
0000A0
0001B0
0003B0
000730
000F30
003E38
00FC1E
07F81E
3FF00E
FF8000
ENDCHAR
STARTCHAR glyph1658
ENCODING -1
SWIDTH 543 0
DWIDTH 22 0
BBX 19 33 2 -4
BITMAP
C00200
E00300
F003C0
F803E0
FC03E0
7E01C0
7E0180
3F0180
1F8180
018180
00C180
00C180
006300
003300
003300
001E00
001E00
000C00
000C00
001E00
003600
00E200
018200
03FE00
03FE00
03F000
000000
018000
038000
040000
060000
038000
1E0000
ENDCHAR
STARTCHAR glyph1659
ENCODING -1
SWIDTH 600 0
DWIDTH 24 0
BBX 23 34 1 -5
BITMAP
700040
7C00C0
7E00C0
3F80C0
3FC0C0
1FE0C0
067040
003860
001860
000C60
000C60
000660
000260
0002E0
0000A0
0001B0
0003B0
000730
000F30
003E38
00FC1E
07F81E
3FF00E
FF8000
000000
000000
000000
060000
0E0000
100000
180000
0E0000
380000
400000
ENDCHAR
STARTCHAR glyph1660
ENCODING -1
SWIDTH 543 0
DWIDTH 22 0
BBX 19 28 2 3
BITMAP
002000
00F000
C08200
E0C300
F073C0
F983E0
FC03E0
7E01C0
7E0180
3F0180
1F8180
018180
00C180
00C180
006300
003300
003300
001E00
001E00
000C00
000C00
001E00
003600
00E200
018200
03FE00
03FE00
03F000
ENDCHAR
STARTCHAR glyph1661
ENCODING -1
SWIDTH 600 0
DWIDTH 24 0
BBX 23 27 1 5
BITMAP
001800
003800
002000
706040
7C3CC0
7E40C0
3F80C0
3FC0C0
1FE0C0
067040
003860
001860
000C60
000C60
000660
000260
0002E0
0000A0
0001B0
0003B0
000730
000F30
003E38
00FC1E
07F81E
3FF00E
FF8000
ENDCHAR
STARTCHAR glyph1662
ENCODING -1
SWIDTH 543 0
DWIDTH 22 0
BBX 20 33 2 3
BITMAP
000630
000360
000340
0001C0
000080
000000
000000
C00200
E00300
F003C0
F803E0
FC03E0
7E01C0
7E0180
3F0180
1F8180
018180
00C180
00C180
006300
003300
003300
001E00
001E00
000C00
000C00
001E00
003600
00E200
018200
03FE00
03FE00
03F000
ENDCHAR
STARTCHAR glyph1663
ENCODING -1
SWIDTH 600 0
DWIDTH 24 0
BBX 23 31 1 5
BITMAP
000630
000360
000340
0001C0
000080
000000
000000
700040
7C00C0
7E00C0
3F80C0
3FC0C0
1FE0C0
067040
003860
001860
000C60
000C60
000660
000260
0002E0
0000A0
0001B0
0003B0
000730
000F30
003E38
00FC1E
07F81E
3FF00E
FF8000
ENDCHAR
STARTCHAR glyph1664
ENCODING -1
SWIDTH 543 0
DWIDTH 22 0
BBX 19 33 2 3
BITMAP
000100
0003C0
0003C0
0003C0
000080
000000
000000
C00200
E00300
F003C0
F803E0
FC03E0
7E01C0
7E0180
3F0180
1F8180
018180
00C180
00C180
006300
003300
003300
001E00
001E00
000C00
000C00
001E00
003600
00E200
018200
03FE00
03FE00
03F000
ENDCHAR
STARTCHAR glyph1665
ENCODING -1
SWIDTH 600 0
DWIDTH 24 0
BBX 23 31 1 5
BITMAP
000100
0003C0
0003C0
0003C0
000080
000000
000000
700040
7C00C0
7E00C0
3F80C0
3FC0C0
1FE0C0
067040
003860
001860
000C60
000C60
000660
000260
0002E0
0000A0
0001B0
0003B0
000730
000F30
003E38
00FC1E
07F81E
3FF00E
FF8000
ENDCHAR
STARTCHAR glyph1666
ENCODING -1
SWIDTH 543 0
DWIDTH 22 0
BBX 19 33 2 3
BITMAP
000C00
001EC0
000DE0
0018C0
003C00
001800
000000
C00200
E00300
F003C0
F803E0
FC03E0
7E01C0
7E0180
3F0180
1F8180
018180
00C180
00C180
006300
003300
003300
001E00
001E00
000C00
000C00
001E00
003600
00E200
018200
03FE00
03FE00
03F000
ENDCHAR
STARTCHAR glyph1667
ENCODING -1
SWIDTH 600 0
DWIDTH 24 0
BBX 23 31 1 5
BITMAP
000600
000E60
0006E0
000C60
001C00
000C00
000000
700040
7C00C0
7E00C0
3F80C0
3FC0C0
1FE0C0
067040
003860
001860
000C60
000C60
000660
000260
0002E0
0000A0
0001B0
0003B0
000730
000F30
003E38
00FC1E
07F81E
3FF00E
FF8000
ENDCHAR
STARTCHAR glyph1668
ENCODING -1
SWIDTH 543 0
DWIDTH 22 0
BBX 19 35 2 -6
BITMAP
C00200
E00300
F003C0
F803E0
FC03E0
7E01C0
7E0180
3F0180
1F8180
018180
00C180
00C180
006300
003300
003300
001E00
001E00
000C00
000C00
001E00
003600
00E200
018200
03FE00
03FE00
03F000
000000
000300
0007C0
006780
00F980
00F600
003F80
000F00
000300
ENDCHAR
STARTCHAR glyph1669
ENCODING -1
SWIDTH 600 0
DWIDTH 24 0
BBX 23 35 1 -6
BITMAP
700040
7C00C0
7E00C0
3F80C0
3FC0C0
1FE0C0
067040
003860
001860
000C60
000C60
000660
000260
0002E0
0000A0
0001B0
0003B0
000730
000F30
003E38
00FC1E
07F81E
3FF00E
FF8000
000000
000000
000000
000018
00003E
00033C
0007C8
0007B0
00017C
000078
000010
ENDCHAR
STARTCHAR glyph1670
ENCODING -1
SWIDTH 525 0
DWIDTH 21 0
BBX 17 23 2 6
BITMAP
0F8E00
3FDF00
7FF880
FFF000
78F000
786000
3C2000
1E2000
1E2000
0F0000
0F0000
070000
070000
038000
038000
038000
038000
018000
018000
018000
018000
008000
008000
ENDCHAR
STARTCHAR glyph1671
ENCODING -1
SWIDTH 525 0
DWIDTH 21 0
BBX 15 24 3 5
BITMAP
0080
0080
0180
0180
0180
0180
0380
0380
0380
0300
0700
0700
0E00
0E00
1E00
1C00
3C00
7800
7FFC
FFFE
FFFE
7FFE
700E
0002
ENDCHAR
STARTCHAR glyph1672
ENCODING -1
SWIDTH 543 0
DWIDTH 22 0
BBX 20 33 1 3
BITMAP
070000
1B0000
230000
FF0000
FE0000
800000
000000
600100
700180
7801E0
7C01F0
7E01F0
3F00E0
3F00C0
1F80C0
0FC0C0
00C0C0
0060C0
0060C0
003180
001980
001980
000F00
000F00
000600
000600
000F00
001B00
007100
00C100
01FF00
01FF00
01F800
ENDCHAR
STARTCHAR glyph1673
ENCODING -1
SWIDTH 600 0
DWIDTH 24 0
BBX 24 31 0 5
BITMAP
070000
1B0000
230000
FF0000
FE0000
800000
000000
380020
3E0060
3F0060
1FC060
1FE060
0FF060
033820
001C30
000C30
000630
000630
000330
000130
000170
000050
0000D8
0001D8
000398
000798
001F1C
007E0F
03FC0F
1FF807
7FC000
ENDCHAR
ENDFONT
