STARTFONT 2.1
FONT -FontForge-Arial-Book-R-Normal--42-400-75-75-P-225-ISO10646-1
SIZE 40 75 75
FONTBOUNDINGBOX 112 56 -28 -14
COMMENT "Generated by fontforge, http://fontforge.sourceforge.net"
COMMENT "Typeface (c) The Monotype Corporation plc. Data (c) The Monotype Corporation plc/Type Solutions Inc. 1990-1992. All Rights Reserved"
STARTPROPERTIES 40
FOUNDRY "FontForge"
FAMILY_NAME "Arial"
WEIGHT_NAME "Book"
SLANT "R"
SETWIDTH_NAME "Normal"
ADD_STYLE_NAME ""
PIXEL_SIZE 42
POINT_SIZE 400
RESOLUTION_X 75
RESOLUTION_Y 75
SPACING "P"
AVERAGE_WIDTH 225
CHARSET_REGISTRY "ISO10646"
CHARSET_ENCODING "1"
FONTNAME_REGISTRY ""
CHARSET_COLLECTIONS "ASCII ISOLatin1Encoding ISO8859-2 ISO8859-5 ISO8859-7 ISO8859-9 ISO8859-8 ISO8859-6 ISO8859-4 Symbol ISO10646-1"
FONT_NAME "ArialMT"
FACE_NAME "Arial"
COPYRIGHT "Typeface (c) The Monotype Corporation plc. Data (c) The Monotype Corporation plc/Type Solutions Inc. 1990-1992. All Rights Reserved"
FONT_VERSION "3.00"
FONT_ASCENT 34
FONT_DESCENT 8
UNDERLINE_POSITION -6
UNDERLINE_THICKNESS 4
X_HEIGHT 21
CAP_HEIGHT 29
RAW_ASCENT 799
RAW_DESCENT 200
NORM_SPACE 12
RELATIVE_WEIGHT 40
RELATIVE_SETWIDTH 50
SUPERSCRIPT_X 0
SUPERSCRIPT_Y 20
SUPERSCRIPT_SIZE 27
SUBSCRIPT_X 0
SUBSCRIPT_Y 5
SUBSCRIPT_SIZE 27
FIGURE_WIDTH 23
AVG_LOWERCASE_WIDTH 218
AVG_UPPERCASE_WIDTH 288
ENDPROPERTIES
CHARS 1777
STARTCHAR space
ENCODING 32
SWIDTH 277 0
DWIDTH 12 0
BBX 1 1 0 0
BITMAP
00
ENDCHAR
STARTCHAR exclam
ENCODING 33
SWIDTH 277 0
DWIDTH 14 0
BBX 4 30 5 0
BITMAP
F0
F0
F0
F0
F0
F0
F0
F0
F0
F0
F0
F0
F0
F0
F0
60
60
60
60
60
60
60
60
00
00
00
F0
F0
F0
F0
ENDCHAR
STARTCHAR quotedbl
ENCODING 34
SWIDTH 354 0
DWIDTH 15 0
BBX 11 11 2 19
BITMAP
F1E0
F1E0
F1E0
F1E0
F1E0
F1E0
F1E0
F1E0
70C0
60C0
60C0
ENDCHAR
STARTCHAR numbersign
ENCODING 35
SWIDTH 556 0
DWIDTH 23 0
BBX 23 30 0 0
BITMAP
00F078
00F078
01F0F8
01E0F0
01E0F0
01E0F0
01E0F0
03E1F0
FFFFFE
FFFFFE
FFFFFE
FFFFFE
07C3E0
0783C0
0783C0
0783C0
0783C0
0F87C0
FFFFFE
FFFFFE
FFFFFE
FFFFFE
1F0F80
1E0F00
1E0F00
1E0F00
1E0F00
3E1F00
3C1E00
3C1E00
ENDCHAR
STARTCHAR dollar
ENCODING 36
SWIDTH 556 0
DWIDTH 23 0
BBX 20 36 2 -4
BITMAP
006000
006000
03FC00
0FFF00
1FFF80
3FFFC0
3E67C0
7C63E0
7861E0
786180
786000
786000
7C6000
3F6000
1FE000
0FFE00
03FF80
00FFC0
007FE0
0067E0
0061F0
0060F0
3060F0
F060F0
F860F0
F861F0
7C63E0
7E67E0
3FFFC0
1FFF80
0FFF00
03FC00
006000
006000
006000
006000
ENDCHAR
STARTCHAR percent
ENCODING 37
SWIDTH 889 0
DWIDTH 37 0
BBX 32 30 2 0
BITMAP
0F800380
3FE00780
7FF00700
78F00F00
F0780E00
E0381E00
E0381C00
E0383C00
E0383800
E0387800
E0387000
F070F000
78F0E000
7FE1C000
3FC1C1F0
0F8387FC
00038FFE
00070F1E
00071E0F
000E1C07
001E1C07
001C1C07
003C1C07
00381C07
00781C07
00701E0E
00F00F1E
00E00FFC
01E007F8
01C001F0
ENDCHAR
STARTCHAR ampersand
ENCODING 38
SWIDTH 666 0
DWIDTH 28 0
BBX 25 30 2 0
BITMAP
00FC0000
01FF0000
07FF8000
07FF8000
0F87C000
0F03C000
0F03C000
0F03C000
0F83C000
07878000
07DF0000
03FE0000
01FC0000
03F00000
0FF80000
1F7C0000
3E3E1C00
7C1F1E00
780F3C00
F00FBC00
F007FC00
F003F800
F001F800
F800F800
7C03FC00
7E0FFE00
3FFFFF00
1FFF9F80
0FFE0F00
03F80600
ENDCHAR
STARTCHAR quotesingle
ENCODING 39
SWIDTH 190 0
DWIDTH 8 0
BBX 4 11 2 19
BITMAP
F0
F0
F0
F0
F0
F0
F0
F0
60
60
60
ENDCHAR
STARTCHAR parenleft
ENCODING 40
SWIDTH 333 0
DWIDTH 14 0
BBX 11 38 3 -8
BITMAP
00E0
01C0
0380
0780
0700
0E00
1E00
1C00
3C00
3C00
3800
7800
7800
7800
F000
F000
F000
F000
F000
F000
F000
F000
F000
F000
7800
7800
7800
3800
3C00
3C00
1E00
1E00
0F00
0700
0780
0380
01C0
00E0
ENDCHAR
STARTCHAR parenright
ENCODING 41
SWIDTH 333 0
DWIDTH 14 0
BBX 11 38 0 -8
BITMAP
E000
7000
3800
3C00
1C00
0E00
0F00
0700
0780
0780
0380
03C0
03C0
03C0
01E0
01E0
01E0
01E0
01E0
01E0
01E0
01E0
01E0
01E0
03C0
03C0
03C0
0380
0780
0780
0F00
0F00
1E00
1C00
3C00
3800
7000
E000
ENDCHAR
STARTCHAR asterisk
ENCODING 42
SWIDTH 389 0
DWIDTH 16 0
BBX 15 13 1 17
BITMAP
0380
0380
0380
4384
7BBC
FFFE
3FF8
07C0
0FE0
1EF0
3C78
3C78
0820
ENDCHAR
STARTCHAR plus
ENCODING 43
SWIDTH 583 0
DWIDTH 25 0
BBX 20 20 2 5
BITMAP
00F000
00F000
00F000
00F000
00F000
00F000
00F000
00F000
FFFFF0
FFFFF0
FFFFF0
FFFFF0
00F000
00F000
00F000
00F000
00F000
00F000
00F000
00F000
ENDCHAR
STARTCHAR comma
ENCODING 44
SWIDTH 277 0
DWIDTH 12 0
BBX 4 10 4 -6
BITMAP
F0
F0
F0
F0
30
30
70
60
E0
40
ENDCHAR
STARTCHAR hyphen
ENCODING 45
SWIDTH 333 0
DWIDTH 14 0
BBX 11 4 1 9
BITMAP
FFE0
FFE0
FFE0
FFE0
ENDCHAR
STARTCHAR period
ENCODING 46
SWIDTH 277 0
DWIDTH 12 0
BBX 4 4 4 0
BITMAP
F0
F0
F0
F0
ENDCHAR
STARTCHAR slash
ENCODING 47
SWIDTH 277 0
DWIDTH 12 0
BBX 12 30 0 0
BITMAP
0070
0070
00E0
00E0
00E0
01C0
01C0
01C0
03C0
0380
0380
0380
0700
0700
0700
0E00
0E00
0E00
1E00
1C00
1C00
1C00
3800
3800
3800
7000
7000
7000
F000
E000
ENDCHAR
STARTCHAR zero
ENCODING 48
SWIDTH 556 0
DWIDTH 23 0
BBX 19 30 2 0
BITMAP
03F800
0FFE00
1FFF00
3FFF80
3E0F80
7C07C0
7803C0
7803C0
7803C0
F001E0
F001E0
F001E0
F001E0
F001E0
F001E0
F001E0
F001E0
F001E0
F001E0
F001E0
F001E0
7803C0
7803C0
7803C0
7C07C0
3E0F80
3FFF80
1FFF00
0FFE00
03F800
ENDCHAR
STARTCHAR one
ENCODING 49
SWIDTH 556 0
DWIDTH 23 0
BBX 11 30 4 0
BITMAP
00E0
01E0
01E0
03E0
07E0
1FE0
3FE0
FDE0
F9E0
E1E0
81E0
01E0
01E0
01E0
01E0
01E0
01E0
01E0
01E0
01E0
01E0
01E0
01E0
01E0
01E0
01E0
01E0
01E0
01E0
01E0
ENDCHAR
STARTCHAR two
ENCODING 50
SWIDTH 556 0
DWIDTH 23 0
BBX 20 30 1 0
BITMAP
01FC00
07FF00
1FFFC0
1FFFC0
3F07E0
3C01F0
7C01F0
7800F0
1800F0
0000F0
0000F0
0001E0
0001E0
0003C0
0007C0
000F80
003F00
007E00
00FC00
01F800
03E000
0FC000
1F8000
1F0000
3E0000
7C0000
7FFFF0
FFFFF0
FFFFF0
FFFFF0
ENDCHAR
STARTCHAR three
ENCODING 51
SWIDTH 556 0
DWIDTH 23 0
BBX 19 30 2 0
BITMAP
03F000
0FFC00
3FFE00
3FFF00
7E1F00
780F80
F80780
F00780
300780
000780
000F00
001F00
00FE00
01F800
01FE00
01FF80
0007C0
0003C0
0001E0
0001E0
0001E0
3001E0
F001E0
F803E0
7803C0
7E0FC0
3FFF80
1FFF00
0FFE00
03F800
ENDCHAR
STARTCHAR four
ENCODING 52
SWIDTH 556 0
DWIDTH 23 0
BBX 20 30 1 0
BITMAP
000700
000F00
001F00
001F00
003F00
007F00
007F00
00FF00
01FF00
03EF00
03CF00
07CF00
0F8F00
0F0F00
1F0F00
3E0F00
3C0F00
7C0F00
F80F00
FFFFF0
FFFFF0
FFFFF0
FFFFF0
000F00
000F00
000F00
000F00
000F00
000F00
000F00
ENDCHAR
STARTCHAR five
ENCODING 53
SWIDTH 556 0
DWIDTH 23 0
BBX 19 30 2 0
BITMAP
0FFF80
0FFF80
1FFF80
1FFF80
1E0000
1E0000
1E0000
3E0000
3E0000
3C0000
3CFC00
3DFE00
7FFF00
7FFF80
7E0FC0
1803C0
0003E0
0001E0
0001E0
0001E0
0001E0
0001E0
F001E0
F003C0
7803C0
7C0F80
3FFF80
3FFF00
0FFE00
03F000
ENDCHAR
STARTCHAR six
ENCODING 54
SWIDTH 556 0
DWIDTH 23 0
BBX 20 30 1 0
BITMAP
01FC00
07FF00
0FFF80
1FFF80
3F0FC0
3C03C0
7C03E0
7801E0
780000
700000
F0FC00
F3FF00
F7FF80
FFFFC0
FF07E0
FC03E0
F801F0
F000F0
F000F0
F000F0
F000F0
7000F0
7800F0
7801E0
7C03E0
3E07E0
1FFFC0
0FFF80
07FF00
01FC00
ENDCHAR
STARTCHAR seven
ENCODING 55
SWIDTH 556 0
DWIDTH 23 0
BBX 19 30 2 0
BITMAP
FFFFE0
FFFFE0
FFFFE0
FFFFE0
0001C0
000380
000780
000F00
000F00
001E00
001E00
003C00
003C00
007800
007800
00F000
00F000
01F000
01E000
01E000
01E000
03C000
03C000
03C000
03C000
078000
078000
078000
078000
078000
ENDCHAR
STARTCHAR eight
ENCODING 56
SWIDTH 556 0
DWIDTH 23 0
BBX 19 30 2 0
BITMAP
03F800
0FFE00
1FFF00
3FFF80
3E0F80
7C07C0
7803C0
7803C0
7803C0
7C07C0
3E0F80
1FFF00
07FC00
0FFE00
1FFF00
3E0F80
7803C0
F803C0
F001E0
F001E0
F001E0
F001E0
F001E0
F803E0
7803C0
7E0FC0
3FFF80
1FFF00
0FFE00
03F800
ENDCHAR
STARTCHAR nine
ENCODING 57
SWIDTH 556 0
DWIDTH 23 0
BBX 19 30 2 0
BITMAP
03F000
0FFC00
1FFE00
3FFF00
7E0F80
7C03C0
F803C0
F001C0
F001E0
F001E0
F001E0
F001E0
F001E0
F803E0
7807E0
7E0FE0
3FFFE0
1FFDE0
0FF9E0
07E1E0
0001E0
0003C0
7803C0
7803C0
7C0780
3E0F80
3FFF00
1FFE00
0FFC00
03F000
ENDCHAR
STARTCHAR colon
ENCODING 58
SWIDTH 277 0
DWIDTH 12 0
BBX 4 22 4 0
BITMAP
F0
F0
F0
F0
00
00
00
00
00
00
00
00
00
00
00
00
00
00
F0
F0
F0
F0
ENDCHAR
STARTCHAR semicolon
ENCODING 59
SWIDTH 277 0
DWIDTH 12 0
BBX 4 28 4 -6
BITMAP
F0
F0
F0
F0
00
00
00
00
00
00
00
00
00
00
00
00
00
00
F0
F0
F0
F0
30
30
30
60
E0
40
ENDCHAR
STARTCHAR less
ENCODING 60
SWIDTH 583 0
DWIDTH 25 0
BBX 20 21 2 4
BITMAP
000010
000070
0003F0
000FF0
003FE0
00FF00
03FC00
1FE000
7F8000
FC0000
F00000
FC0000
7F8000
1FE000
03FC00
00FF00
003FE0
000FF0
0003F0
000070
000010
ENDCHAR
STARTCHAR equal
ENCODING 61
SWIDTH 583 0
DWIDTH 25 0
BBX 20 13 2 9
BITMAP
FFFFF0
FFFFF0
FFFFF0
FFFFF0
000000
000000
000000
000000
000000
FFFFF0
FFFFF0
FFFFF0
FFFFF0
ENDCHAR
STARTCHAR greater
ENCODING 62
SWIDTH 583 0
DWIDTH 25 0
BBX 20 21 2 4
BITMAP
800000
E00000
FC0000
FF0000
7FC000
0FF000
03FC00
007F80
001FE0
0003F0
0000F0
0003F0
001FE0
007F80
03FC00
0FF000
7FC000
FF0000
FC0000
E00000
800000
ENDCHAR
STARTCHAR question
ENCODING 63
SWIDTH 556 0
DWIDTH 23 0
BBX 19 30 2 0
BITMAP
03F800
0FFE00
1FFF80
3FFF80
7E0FC0
7C03E0
F803E0
F001E0
F001E0
0001E0
0003E0
0003C0
0007C0
001F80
003F00
007E00
007C00
00F800
01F000
01E000
01E000
01E000
01E000
000000
000000
000000
01E000
01E000
01E000
01E000
ENDCHAR
STARTCHAR at
ENCODING 64
SWIDTH 1015 0
DWIDTH 43 0
BBX 39 39 2 -9
BITMAP
0001FF8000
000FFFF000
003FFFFC00
00FFFFFF00
01FF007F80
03F8000FC0
07E00003E0
0F80F879F0
0F03FC78F0
1E07FE7078
3C0FFFF038
3C1F87F038
383E03F03C
703C03F01C
707C01E01C
707801E01C
E07801E01C
E0F001E01C
E0F001C01C
E0F001C038
E0F003C038
E0F003C078
E0F00780F0
E0F80781F0
E0780F83E0
707C3F8FC0
703FFFFF80
783FF7FF00
781FE3FC00
3C0781F01E
3E0000003C
1F000000F8
0FC00001F8
07F00007F0
03FE003FE0
01FFFFFF80
007FFFFF00
001FFFFC00
0001FFC000
ENDCHAR
STARTCHAR A
ENCODING 65
SWIDTH 666 0
DWIDTH 28 0
BBX 27 30 0 0
BITMAP
000E0000
001F0000
001F0000
003F8000
003B8000
003B8000
007BC000
0071C000
00F1E000
00F0E000
00E0E000
01E0F000
01C07000
03C07800
03C07800
03803800
07803C00
07FFFC00
0FFFFE00
0FFFFE00
0FFFFE00
1E000F00
1E000F00
3C000780
3C000780
3C000780
780003C0
780003C0
F80003E0
F00001E0
ENDCHAR
STARTCHAR B
ENCODING 66
SWIDTH 666 0
DWIDTH 28 0
BBX 23 30 3 0
BITMAP
FFFF00
FFFFE0
FFFFF0
FFFFF8
F001F8
F0007C
F0003C
F0003C
F0003C
F0003C
F00078
F001F8
FFFFF0
FFFFE0
FFFFE0
FFFFF0
F000F8
F0003C
F0003E
F0001E
F0001E
F0001E
F0001E
F0003E
F0003C
F000FC
FFFFF8
FFFFF0
FFFFE0
FFFF80
ENDCHAR
STARTCHAR C
ENCODING 67
SWIDTH 722 0
DWIDTH 30 0
BBX 26 30 2 0
BITMAP
003F8000
01FFF000
07FFF800
0FFFFC00
1FC0FE00
1F003F00
3E001F00
7C000F80
78000780
78000400
F8000000
F0000000
F0000000
F0000000
F0000000
F0000000
F0000000
F0000000
F0000000
78000300
780003C0
780007C0
3C000780
3E000F80
1F001F00
1FC07F00
0FFFFE00
07FFFC00
01FFF000
007F8000
ENDCHAR
STARTCHAR D
ENCODING 68
SWIDTH 722 0
DWIDTH 30 0
BBX 25 30 3 0
BITMAP
FFFF0000
FFFFE000
FFFFF000
FFFFF800
F001FC00
F0007E00
F0003E00
F0001F00
F0000F00
F0000F00
F0000780
F0000780
F0000780
F0000780
F0000780
F0000780
F0000780
F0000780
F0000780
F0000F80
F0000F00
F0000F00
F0001F00
F0003E00
F0007E00
F001FC00
FFFFF800
FFFFF000
FFFFC000
FFFF0000
ENDCHAR
STARTCHAR E
ENCODING 69
SWIDTH 666 0
DWIDTH 28 0
BBX 23 30 3 0
BITMAP
FFFFFC
FFFFFC
FFFFFC
FFFFFC
F00000
F00000
F00000
F00000
F00000
F00000
F00000
F00000
FFFFF8
FFFFF8
FFFFF8
FFFFF8
F00000
F00000
F00000
F00000
F00000
F00000
F00000
F00000
F00000
F00000
FFFFFE
FFFFFE
FFFFFE
FFFFFE
ENDCHAR
STARTCHAR F
ENCODING 70
SWIDTH 610 0
DWIDTH 26 0
BBX 21 30 3 0
BITMAP
FFFFF8
FFFFF8
FFFFF8
FFFFF8
F00000
F00000
F00000
F00000
F00000
F00000
F00000
F00000
FFFFE0
FFFFE0
FFFFE0
FFFFE0
F00000
F00000
F00000
F00000
F00000
F00000
F00000
F00000
F00000
F00000
F00000
F00000
F00000
F00000
ENDCHAR
STARTCHAR G
ENCODING 71
SWIDTH 777 0
DWIDTH 33 0
BBX 28 30 2 0
BITMAP
001FE000
00FFFC00
03FFFF00
07FFFF80
0FE03FC0
1F8007C0
3E0003E0
3C0001E0
7C0001E0
780000C0
78000000
F0000000
F0000000
F0000000
F0000000
F001FFF0
F001FFF0
F001FFF0
F001FFF0
780000F0
780000F0
7C0000F0
3C0000F0
3E0000F0
1F8003F0
0FE01FF0
07FFFFE0
03FFFF80
00FFFE00
001FF000
ENDCHAR
STARTCHAR H
ENCODING 72
SWIDTH 722 0
DWIDTH 30 0
BBX 24 30 3 0
BITMAP
F0000F
F0000F
F0000F
F0000F
F0000F
F0000F
F0000F
F0000F
F0000F
F0000F
F0000F
F0000F
FFFFFF
FFFFFF
FFFFFF
FFFFFF
F0000F
F0000F
F0000F
F0000F
F0000F
F0000F
F0000F
F0000F
F0000F
F0000F
F0000F
F0000F
F0000F
F0000F
ENDCHAR
STARTCHAR I
ENCODING 73
SWIDTH 277 0
DWIDTH 12 0
BBX 4 30 4 0
BITMAP
F0
F0
F0
F0
F0
F0
F0
F0
F0
F0
F0
F0
F0
F0
F0
F0
F0
F0
F0
F0
F0
F0
F0
F0
F0
F0
F0
F0
F0
F0
ENDCHAR
STARTCHAR J
ENCODING 74
SWIDTH 500 0
DWIDTH 21 0
BBX 17 30 1 0
BITMAP
000780
000780
000780
000780
000780
000780
000780
000780
000780
000780
000780
000780
000780
000780
000780
000780
000780
000780
000780
000780
F00780
F00780
F00780
F80780
F80F80
7C1F00
7FFF00
3FFE00
1FFC00
07F000
ENDCHAR
STARTCHAR K
ENCODING 75
SWIDTH 666 0
DWIDTH 28 0
BBX 25 30 3 0
BITMAP
F0003F00
F0007E00
F000FC00
F001F800
F003F000
F007E000
F00FC000
F01F8000
F03F0000
F07E0000
F0FC0000
F1F80000
F3F00000
F7F80000
FFFC0000
FFBC0000
FF3E0000
FE1F0000
FC0F8000
F80F8000
F007C000
F003E000
F001E000
F001F000
F000F800
F0007C00
F0003C00
F0003E00
F0001F00
F0000F80
ENDCHAR
STARTCHAR L
ENCODING 76
SWIDTH 556 0
DWIDTH 23 0
BBX 19 30 3 0
BITMAP
F00000
F00000
F00000
F00000
F00000
F00000
F00000
F00000
F00000
F00000
F00000
F00000
F00000
F00000
F00000
F00000
F00000
F00000
F00000
F00000
F00000
F00000
F00000
F00000
F00000
F00000
FFFFE0
FFFFE0
FFFFE0
FFFFE0
ENDCHAR
STARTCHAR M
ENCODING 77
SWIDTH 833 0
DWIDTH 35 0
BBX 29 30 3 0
BITMAP
FE0003F8
FE0003F8
FF0007F8
FF0007F8
FF0007F8
FF0007F8
F7800F78
F7800F78
F7800F78
F3C01E78
F3C01E78
F3C01E78
F1E03C78
F1E03C78
F1E03C78
F1E03C78
F0F07878
F0F07878
F0F07878
F078F078
F078F078
F078F078
F03DE078
F03DE078
F03DE078
F03DE078
F01FC078
F01FC078
F01FC078
F00F8078
ENDCHAR
STARTCHAR N
ENCODING 78
SWIDTH 722 0
DWIDTH 30 0
BBX 24 30 3 0
BITMAP
F8000F
F8000F
FC000F
FE000F
FE000F
FF000F
FF800F
F7800F
F7C00F
F3E00F
F1E00F
F1F00F
F0F80F
F0780F
F07C0F
F03E0F
F01E0F
F01F0F
F00F8F
F0078F
F007CF
F003EF
F001EF
F001FF
F000FF
F0007F
F0007F
F0003F
F0001F
F0001F
ENDCHAR
STARTCHAR O
ENCODING 79
SWIDTH 777 0
DWIDTH 33 0
BBX 29 30 2 0
BITMAP
003FE000
00FFF800
03FFFE00
07FFFF00
0FE03F80
1F800FC0
3E0003E0
3C0001E0
7C0001F0
780000F0
780000F0
F0000078
F0000078
F0000078
F0000078
F0000078
F0000078
F0000078
F0000078
780000F0
780000F0
7C0001F0
3C0001E0
3E0003E0
1F800FC0
0FE03F80
07FFFF00
03FFFE00
00FFF800
003FC000
ENDCHAR
STARTCHAR P
ENCODING 80
SWIDTH 666 0
DWIDTH 28 0
BBX 23 30 3 0
BITMAP
FFFF80
FFFFE0
FFFFF8
FFFFF8
F000FC
F0003C
F0003E
F0001E
F0001E
F0001E
F0001E
F0003E
F0003C
F000FC
FFFFF8
FFFFF0
FFFFE0
FFFF00
F00000
F00000
F00000
F00000
F00000
F00000
F00000
F00000
F00000
F00000
F00000
F00000
ENDCHAR
STARTCHAR Q
ENCODING 81
SWIDTH 777 0
DWIDTH 33 0
BBX 29 32 2 -2
BITMAP
003FC000
01FFF800
03FFFC00
0FFFFF00
0FE07F80
1F001F80
3E0007C0
3C0003C0
780003E0
780001E0
780001F0
F00000F0
F00000F0
F00000F0
F00000F0
F00000F0
F00000F0
F00000F0
F00000F0
780001E0
780001E0
7C0183E0
3C01E3C0
3E03F780
1F80FF80
0FE07F00
07FFFF80
03FFFFC0
01FFFFF0
003FC1F8
000000F0
00000030
ENDCHAR
STARTCHAR R
ENCODING 82
SWIDTH 722 0
DWIDTH 30 0
BBX 26 30 3 0
BITMAP
FFFFC000
FFFFF800
FFFFFC00
FFFFFE00
F0007E00
F0001F00
F0001F00
F0000F00
F0000F00
F0000F00
F0001F00
F0001F00
F0007E00
FFFFFC00
FFFFFC00
FFFFF000
FFFFC000
F00F0000
F007C000
F003E000
F001F000
F000F000
F000F800
F0007C00
F0003C00
F0003E00
F0001F00
F0000F00
F0000F80
F00007C0
ENDCHAR
STARTCHAR S
ENCODING 83
SWIDTH 666 0
DWIDTH 28 0
BBX 24 30 2 0
BITMAP
00FF00
07FFC0
0FFFF0
1FFFF8
3F01FC
7C007C
78003E
78001E
78001E
780000
7C0000
3F0000
1FF000
0FFF00
03FFE0
007FF8
0007FC
00007E
00001E
F0000F
F0000F
F8000F
78000F
7C001F
7E003E
3F80FE
1FFFFC
0FFFF8
03FFE0
00FF80
ENDCHAR
STARTCHAR T
ENCODING 84
SWIDTH 610 0
DWIDTH 26 0
BBX 24 30 1 0
BITMAP
FFFFFF
FFFFFF
FFFFFF
FFFFFF
003C00
003C00
003C00
003C00
003C00
003C00
003C00
003C00
003C00
003C00
003C00
003C00
003C00
003C00
003C00
003C00
003C00
003C00
003C00
003C00
003C00
003C00
003C00
003C00
003C00
003C00
ENDCHAR
STARTCHAR U
ENCODING 85
SWIDTH 722 0
DWIDTH 30 0
BBX 24 30 3 0
BITMAP
F0000F
F0000F
F0000F
F0000F
F0000F
F0000F
F0000F
F0000F
F0000F
F0000F
F0000F
F0000F
F0000F
F0000F
F0000F
F0000F
F0000F
F0000F
F0000F
F0000F
F0000F
F0001F
78001E
78001E
7C003E
3F00FC
3FFFF8
1FFFF0
07FFE0
00FF80
ENDCHAR
STARTCHAR V
ENCODING 86
SWIDTH 666 0
DWIDTH 28 0
BBX 27 30 1 0
BITMAP
F00001E0
F80003E0
780003C0
780003C0
7C0007C0
3C000780
3C000780
1E000F80
1E000F00
1E000F00
0F001E00
0F001E00
0F803E00
07803C00
07803C00
07C07C00
03C07800
03C07800
03E0F800
01E0F000
01E1F000
00F1F000
00F1E000
00FBE000
007BC000
007BC000
007FC000
003F8000
003F8000
003F8000
ENDCHAR
STARTCHAR W
ENCODING 87
SWIDTH 943 0
DWIDTH 42 0
BBX 41 30 1 0
BITMAP
F0007F000780
F0007F000780
78007F000F00
7800FF000F00
7800F7800F00
7800F7800F00
3C00F7801E00
3C01E3C01E00
3C01E3C01E00
3C01E3C01E00
1E01E3C03C00
1E03C1E03C00
1E03C1E03C00
1E03C1E03C00
0F03C1E07800
0F0780F07800
0F0780F07800
0F0780F07800
078F8078F000
078F0078F000
078F0078F000
078F0078F000
03DE003DE000
03DE003DE000
03DE003DE000
03DE003DE000
01FC001FC000
01FC001FC000
01FC001FC000
01FC001FC000
ENDCHAR
STARTCHAR X
ENCODING 88
SWIDTH 666 0
DWIDTH 27 0
BBX 27 30 0 0
BITMAP
7C0007C0
3E000F80
1E001F00
1F001F00
0F803E00
07C07C00
03C07800
03E0F800
01F1F000
00F1E000
00FBE000
007FC000
003F8000
001F0000
001F0000
003F8000
003F8000
007FC000
00FBE000
01F1F000
01E0F000
03E0F800
07C07C00
07803C00
0F803E00
1F001F00
3E000F80
3E000780
7C0007C0
F80003E0
ENDCHAR
STARTCHAR Y
ENCODING 89
SWIDTH 666 0
DWIDTH 28 0
BBX 28 30 0 0
BITMAP
F80001F0
7C0003E0
3C0003C0
3E0007C0
1F000F80
0F000F00
0F801F00
07C03E00
03E07C00
01E07800
01F0F800
00F9F000
0079E000
007FE000
003FC000
001F8000
001F8000
000F0000
000F0000
000F0000
000F0000
000F0000
000F0000
000F0000
000F0000
000F0000
000F0000
000F0000
000F0000
000F0000
ENDCHAR
STARTCHAR Z
ENCODING 90
SWIDTH 610 0
DWIDTH 26 0
BBX 24 30 1 0
BITMAP
3FFFFE
3FFFFE
3FFFFE
3FFFFE
00003E
00007C
0000F8
0001F0
0003E0
0007C0
0007C0
000F80
001F00
003E00
007C00
007C00
00F800
01F000
03E000
07C000
0F8000
0F8000
1F0000
3E0000
7C0000
F80000
FFFFFF
FFFFFF
FFFFFF
FFFFFF
ENDCHAR
STARTCHAR bracketleft
ENCODING 91
SWIDTH 277 0
DWIDTH 12 0
BBX 8 38 3 -8
BITMAP
FF
FF
FF
F0
F0
F0
F0
F0
F0
F0
F0
F0
F0
F0
F0
F0
F0
F0
F0
F0
F0
F0
F0
F0
F0
F0
F0
F0
F0
F0
F0
F0
F0
F0
F0
FF
FF
FF
ENDCHAR
STARTCHAR backslash
ENCODING 92
SWIDTH 277 0
DWIDTH 12 0
BBX 12 30 1 0
BITMAP
E000
E000
7000
7000
7000
3800
3800
3800
3C00
1C00
1C00
1C00
0E00
0E00
0E00
0700
0700
0700
0780
0380
0380
0380
01C0
01C0
01C0
00E0
00E0
00E0
00F0
0070
ENDCHAR
STARTCHAR bracketright
ENCODING 93
SWIDTH 277 0
DWIDTH 12 0
BBX 8 38 1 -8
BITMAP
FF
FF
FF
0F
0F
0F
0F
0F
0F
0F
0F
0F
0F
0F
0F
0F
0F
0F
0F
0F
0F
0F
0F
0F
0F
0F
0F
0F
0F
0F
0F
0F
0F
0F
0F
FF
FF
FF
ENDCHAR
STARTCHAR asciicircum
ENCODING 94
SWIDTH 469 0
DWIDTH 19 0
BBX 17 16 1 15
BITMAP
01C000
03E000
03E000
07F000
077000
077000
0F7800
0E3800
1E3C00
1C1C00
3C1E00
3C1E00
380E00
780F00
780F00
F00780
ENDCHAR
STARTCHAR underscore
ENCODING 95
SWIDTH 556 0
DWIDTH 23 0
BBX 24 4 -1 -8
BITMAP
FFFFFF
FFFFFF
FFFFFF
FFFFFF
ENDCHAR
STARTCHAR grave
ENCODING 96
SWIDTH 333 0
DWIDTH 14 0
BBX 8 6 2 24
BITMAP
F8
7C
3C
1E
0E
07
ENDCHAR
STARTCHAR a
ENCODING 97
SWIDTH 556 0
DWIDTH 23 0
BBX 19 23 2 0
BITMAP
03FC00
0FFF00
1FFF80
3E0F80
3C07C0
7C03C0
7803C0
1803C0
0003C0
000FC0
03FFC0
1FFFC0
3FF3C0
7F03C0
F803C0
F003C0
F003C0
F007C0
F80FC0
7C1FC0
7FFFC0
3FF3C0
0FC1E0
ENDCHAR
STARTCHAR b
ENCODING 98
SWIDTH 556 0
DWIDTH 23 0
BBX 19 30 3 0
BITMAP
F00000
F00000
F00000
F00000
F00000
F00000
F00000
F1F800
F7FE00
FFFF00
FF0F80
FC0780
F803C0
F803C0
F001E0
F001E0
F001E0
F001E0
F001E0
F001E0
F001E0
F001E0
F003E0
F803C0
F803C0
FC0780
FE1F80
FFFF00
F7FE00
F1F800
ENDCHAR
STARTCHAR c
ENCODING 99
SWIDTH 500 0
DWIDTH 21 0
BBX 19 23 2 0
BITMAP
03F800
0FFE00
1FFF00
3F0F80
3C0780
7803C0
7803C0
F00300
F00000
F00000
F00000
F00000
F00000
F00000
F00180
F001E0
7801E0
7803C0
3C03C0
3F0F80
1FFF00
0FFE00
03F800
ENDCHAR
STARTCHAR d
ENCODING 100
SWIDTH 556 0
DWIDTH 23 0
BBX 19 30 1 0
BITMAP
0001E0
0001E0
0001E0
0001E0
0001E0
0001E0
0001E0
03F1E0
0FFDE0
1FFFE0
3E1FE0
3C07E0
7803E0
7803E0
F003E0
F001E0
F001E0
F001E0
F001E0
F001E0
F001E0
F001E0
F001E0
7803E0
7803E0
3C07E0
3F0FE0
1FFDE0
0FFDE0
03F1E0
ENDCHAR
STARTCHAR e
ENCODING 101
SWIDTH 556 0
DWIDTH 23 0
BBX 19 23 2 0
BITMAP
03F800
0FFE00
1FFF00
3E0F80
3C07C0
7803C0
7803C0
F001E0
F001E0
FFFFE0
FFFFE0
FFFFE0
F00000
F00000
F00000
F80080
7801E0
7C01C0
3C03C0
3F0F80
1FFF00
0FFE00
03F800
ENDCHAR
STARTCHAR f
ENCODING 102
SWIDTH 277 0
DWIDTH 13 0
BBX 13 30 1 0
BITMAP
01F8
07F8
0FF0
1F00
1E00
1E00
1E00
1E00
FFE0
FFE0
FFE0
1E00
1E00
1E00
1E00
1E00
1E00
1E00
1E00
1E00
1E00
1E00
1E00
1E00
1E00
1E00
1E00
1E00
1E00
1E00
ENDCHAR
STARTCHAR g
ENCODING 103
SWIDTH 556 0
DWIDTH 23 0
BBX 19 31 1 -8
BITMAP
03F000
0FF9E0
1FFFE0
3E1FE0
3C07E0
7803E0
7803E0
F003E0
F001E0
F001E0
F001E0
F001E0
F001E0
F001E0
F001E0
F001E0
7803E0
7803E0
3C07E0
3E0FE0
1FFFE0
0FFDE0
03F1E0
0001E0
6001E0
7803C0
7C03C0
3E0F80
3FFF80
0FFE00
03F800
ENDCHAR
STARTCHAR h
ENCODING 104
SWIDTH 556 0
DWIDTH 23 0
BBX 17 30 3 0
BITMAP
F00000
F00000
F00000
F00000
F00000
F00000
F00000
F1F800
F7FE00
FFFF00
FE1F00
FC0F80
F80780
F00780
F00780
F00780
F00780
F00780
F00780
F00780
F00780
F00780
F00780
F00780
F00780
F00780
F00780
F00780
F00780
F00780
ENDCHAR
STARTCHAR i
ENCODING 105
SWIDTH 222 0
DWIDTH 10 0
BBX 4 30 3 0
BITMAP
F0
F0
F0
F0
00
00
00
00
F0
F0
F0
F0
F0
F0
F0
F0
F0
F0
F0
F0
F0
F0
F0
F0
F0
F0
F0
F0
F0
F0
ENDCHAR
STARTCHAR j
ENCODING 106
SWIDTH 222 0
DWIDTH 10 0
BBX 9 38 -2 -8
BITMAP
0780
0780
0780
0780
0000
0000
0000
0000
0780
0780
0780
0780
0780
0780
0780
0780
0780
0780
0780
0780
0780
0780
0780
0780
0780
0780
0780
0780
0780
0780
0780
0780
0780
0780
0F80
7F00
FE00
FC00
ENDCHAR
STARTCHAR k
ENCODING 107
SWIDTH 500 0
DWIDTH 21 0
BBX 18 30 3 0
BITMAP
F00000
F00000
F00000
F00000
F00000
F00000
F00000
F00000
F01F00
F03E00
F07C00
F0F800
F1F000
F3E000
F7C000
FF8000
FF8000
FFC000
FFC000
FBE000
F1F000
F0F000
F0F800
F07C00
F03C00
F03E00
F01F00
F00F00
F00F80
F007C0
ENDCHAR
STARTCHAR l
ENCODING 108
SWIDTH 222 0
DWIDTH 10 0
BBX 4 30 3 0
BITMAP
F0
F0
F0
F0
F0
F0
F0
F0
F0
F0
F0
F0
F0
F0
F0
F0
F0
F0
F0
F0
F0
F0
F0
F0
F0
F0
F0
F0
F0
F0
ENDCHAR
STARTCHAR m
ENCODING 109
SWIDTH 833 0
DWIDTH 36 0
BBX 30 23 3 0
BITMAP
00F80FC0
F3FE3FF0
F7FF7FF8
FE1FF0F8
FC0FE07C
F807C03C
F807803C
F007803C
F007803C
F007803C
F007803C
F007803C
F007803C
F007803C
F007803C
F007803C
F007803C
F007803C
F007803C
F007803C
F007803C
F007803C
F007803C
ENDCHAR
STARTCHAR n
ENCODING 110
SWIDTH 556 0
DWIDTH 23 0
BBX 17 23 3 0
BITMAP
00F800
F3FE00
F7FF00
FE1F00
FC0F80
F80780
F80780
F00780
F00780
F00780
F00780
F00780
F00780
F00780
F00780
F00780
F00780
F00780
F00780
F00780
F00780
F00780
F00780
ENDCHAR
STARTCHAR o
ENCODING 111
SWIDTH 556 0
DWIDTH 23 0
BBX 19 23 2 0
BITMAP
03F800
0FFE00
1FFF00
3E0F80
3C0780
7803C0
7803C0
F001E0
F001E0
F001E0
F001E0
F001E0
F001E0
F001E0
F001E0
F003E0
7803C0
7803C0
3C0780
3E0F80
1FFF00
0FFE00
03F800
ENDCHAR
STARTCHAR p
ENCODING 112
SWIDTH 556 0
DWIDTH 23 0
BBX 19 31 3 -8
BITMAP
01F800
F3FE00
F7FF00
FF0F80
FC0780
F803C0
F803C0
F801E0
F001E0
F001E0
F001E0
F001E0
F001E0
F001E0
F001E0
F003C0
F803C0
F803C0
FC0780
FE0F80
FFFF00
F7FC00
F1F000
F00000
F00000
F00000
F00000
F00000
F00000
F00000
F00000
ENDCHAR
STARTCHAR q
ENCODING 113
SWIDTH 556 0
DWIDTH 23 0
BBX 19 31 1 -8
BITMAP
03F000
0FF9E0
1FFDE0
3E1FE0
7C07E0
7807E0
7803E0
F003E0
F001E0
F001E0
F001E0
F001E0
F001E0
F001E0
F001E0
F001E0
7803E0
7803E0
3C07E0
3F0FE0
1FFFE0
07FDE0
03F1E0
0001E0
0001E0
0001E0
0001E0
0001E0
0001E0
0001E0
0001E0
ENDCHAR
STARTCHAR r
ENCODING 114
SWIDTH 333 0
DWIDTH 14 0
BBX 12 23 3 0
BITMAP
03C0
E7F0
EFF0
FC60
F820
F800
F000
F000
F000
F000
F000
F000
F000
F000
F000
F000
F000
F000
F000
F000
F000
F000
F000
ENDCHAR
STARTCHAR s
ENCODING 115
SWIDTH 500 0
DWIDTH 20 0
BBX 18 23 1 0
BITMAP
07F800
1FFE00
3FFF00
3E0F80
780780
780300
780000
7C0000
7F0000
3FE000
1FFC00
07FF00
00FF80
001FC0
0007C0
0003C0
6003C0
F003C0
F80780
7C0F80
3FFF00
1FFE00
07F800
ENDCHAR
STARTCHAR t
ENCODING 116
SWIDTH 277 0
DWIDTH 12 0
BBX 11 29 0 0
BITMAP
0600
1E00
1E00
1E00
1E00
1E00
1E00
FFC0
FFC0
FFC0
1E00
1E00
1E00
1E00
1E00
1E00
1E00
1E00
1E00
1E00
1E00
1E00
1E00
1E00
1E00
1E00
1FC0
0FE0
07E0
ENDCHAR
STARTCHAR u
ENCODING 117
SWIDTH 556 0
DWIDTH 23 0
BBX 17 22 3 0
BITMAP
F00780
F00780
F00780
F00780
F00780
F00780
F00780
F00780
F00780
F00780
F00780
F00780
F00780
F00780
F00780
F00780
F00F80
F81F80
7C3F80
7FF780
3FE780
0F8780
ENDCHAR
STARTCHAR v
ENCODING 118
SWIDTH 500 0
DWIDTH 23 0
BBX 21 22 1 0
BITMAP
F00078
7800F0
7800F0
7C01F0
3C01E0
3C01E0
3E03E0
1E03C0
1E03C0
0F0780
0F0780
0F0780
078F00
078F00
03CE00
03DE00
03DE00
01DC00
01FC00
00FC00
00F800
00F800
ENDCHAR
STARTCHAR w
ENCODING 119
SWIDTH 722 0
DWIDTH 29 0
BBX 29 22 0 0
BITMAP
F0070078
F0070078
F00F8078
780F80F0
780F80F0
781DC0F0
3C1DC1E0
3C1DC1E0
3C3DE1E0
3C38E1E0
1E38E3C0
1E78F3C0
1E78F3C0
0F707780
0F707780
0F707780
07603700
07E03F00
07E03F00
03E03E00
03C01E00
03C01E00
ENDCHAR
STARTCHAR x
ENCODING 120
SWIDTH 500 0
DWIDTH 22 0
BBX 22 22 0 0
BITMAP
7C0078
3E00F8
1F01F0
0F03E0
0F87C0
07C7C0
03EF80
01FF00
01FE00
00FC00
007C00
00FC00
01FE00
01FF00
03EF00
07CF80
0F87C0
1F03E0
1F01E0
3E01F0
7C00F8
F8007C
ENDCHAR
STARTCHAR y
ENCODING 121
SWIDTH 500 0
DWIDTH 21 0
BBX 19 30 1 -8
BITMAP
F001E0
7801E0
7803C0
7C03C0
3C03C0
3C0780
3E0780
1E0780
1E0F00
1F0F00
0F0F00
0F9E00
079E00
079E00
07DE00
03DC00
03FC00
03FC00
01F800
01F800
00F800
00F000
00F000
01F000
01E000
03E000
07C000
7F8000
3F8000
3E0000
ENDCHAR
STARTCHAR z
ENCODING 122
SWIDTH 500 0
DWIDTH 21 0
BBX 19 22 1 0
BITMAP
7FFFC0
7FFFC0
7FFFC0
000F80
001F00
001F00
003E00
007C00
00F800
00F800
01F000
03E000
07C000
0F8000
0F8000
1F0000
3E0000
7C0000
7C0000
FFFFE0
FFFFE0
FFFFE0
ENDCHAR
STARTCHAR braceleft
ENCODING 123
SWIDTH 333 0
DWIDTH 14 0
BBX 12 38 1 -8
BITMAP
01F0
03F0
07F0
0FF0
0F80
0F00
0F00
0F00
0F00
0F00
0F00
0F00
0F00
0F00
0F00
1E00
3E00
FC00
F000
F000
FC00
3E00
1E00
0F00
0F00
0F00
0F00
0F00
0F00
0F00
0F00
0F00
0F00
0F80
0FF0
07F0
03F0
01F0
ENDCHAR
STARTCHAR bar
ENCODING 124
SWIDTH 259 0
DWIDTH 11 0
BBX 3 39 4 -9
BITMAP
E0
E0
E0
E0
E0
E0
E0
E0
E0
E0
E0
E0
E0
E0
E0
E0
E0
E0
E0
E0
E0
E0
E0
E0
E0
E0
E0
E0
E0
E0
E0
E0
E0
E0
E0
E0
E0
E0
E0
ENDCHAR
STARTCHAR braceright
ENCODING 125
SWIDTH 333 0
DWIDTH 14 0
BBX 12 38 1 -8
BITMAP
F800
FC00
FE00
FF00
1F00
0F00
0F00
0F00
0F00
0F00
0F00
0F00
0F00
0F00
0F00
0780
07C0
03F0
00F0
00F0
03F0
07C0
0780
0F00
0F00
0F00
0F00
0F00
0F00
0F00
0F00
0F00
0F00
1F00
FF00
FE00
FC00
F800
ENDCHAR
STARTCHAR asciitilde
ENCODING 126
SWIDTH 583 0
DWIDTH 25 0
BBX 22 8 1 10
BITMAP
0F8000
3FE004
7FF80C
FFFC3C
F0FFFC
C03FF8
801FF0
0007C0
ENDCHAR
STARTCHAR space.dup1
ENCODING 160
SWIDTH 277 0
DWIDTH 12 0
BBX 1 1 0 0
BITMAP
00
ENDCHAR
STARTCHAR exclamdown
ENCODING 161
SWIDTH 333 0
DWIDTH 14 0
BBX 4 30 5 -8
BITMAP
F0
F0
F0
F0
00
00
00
60
60
60
60
60
60
60
60
F0
F0
F0
F0
F0
F0
F0
F0
F0
F0
F0
F0
F0
F0
F0
ENDCHAR
STARTCHAR cent
ENCODING 162
SWIDTH 556 0
DWIDTH 23 0
BBX 18 38 2 -8
BITMAP
000600
000600
000E00
000C00
000C00
000C00
001C00
03F800
0FFC00
1FFE00
3E3F00
3C3F80
783780
783780
F06200
F06000
F06000
F0E000
F0C000
F0C000
F0C000
F1C000
F18300
7983C0
7987C0
3F0780
3F1F80
1FFF00
0FFC00
07F000
060000
060000
060000
0C0000
0C0000
0C0000
1C0000
180000
ENDCHAR
STARTCHAR sterling
ENCODING 163
SWIDTH 556 0
DWIDTH 23 0
BBX 21 30 1 0
BITMAP
00FE00
03FF80
07FFC0
0FFFC0
0F83E0
1F01E0
1E00F0
1E00F0
1E0000
1E0000
1E0000
1F0000
0F0000
FFFE00
FFFE00
FFFE00
FFFE00
078000
078000
078000
078000
070000
0F0000
1E0000
3C0010
7FF830
FFFFF8
7FFFF8
783FF0
4007C0
ENDCHAR
STARTCHAR currency
ENCODING 164
SWIDTH 556 0
DWIDTH 23 0
BBX 21 19 1 5
BITMAP
100040
78F8F0
FFFDF8
7FFFF0
1FFFC0
0F0780
1E03C0
3C01E0
3C01E0
3C01E0
3C01E0
3C01E0
1E03C0
0F0780
1FFFC0
7FFFF0
FDFDF8
78F8F0
100040
ENDCHAR
STARTCHAR yen
ENCODING 165
SWIDTH 556 0
DWIDTH 23 0
BBX 24 30 -1 0
BITMAP
F0000F
78001E
78001E
3C003C
3E007C
1E0078
1F00F8
0F00F0
0F81F0
0783E0
03C3C0
03E7C0
01E780
01FF80
00FF00
7FFFFE
7FFFFE
7FFFFE
7FFFFE
003C00
003C00
003C00
7FFFFE
7FFFFE
7FFFFE
7FFFFE
003C00
003C00
003C00
003C00
ENDCHAR
STARTCHAR brokenbar
ENCODING 166
SWIDTH 259 0
DWIDTH 11 0
BBX 3 39 4 -9
BITMAP
E0
E0
E0
E0
E0
E0
E0
E0
E0
E0
E0
E0
E0
E0
E0
E0
00
00
00
00
00
00
00
E0
E0
E0
E0
E0
E0
E0
E0
E0
E0
E0
E0
E0
E0
E0
E0
ENDCHAR
STARTCHAR section
ENCODING 167
SWIDTH 556 0
DWIDTH 23 0
BBX 19 38 2 -8
BITMAP
03F000
0FFC00
1FFE00
1F1F00
3C0F00
3C0780
3C0780
3C0000
1E0000
0F0000
07C000
1FE000
3DF000
78FC00
F07E00
F01F80
F00FC0
F007C0
F803E0
7C01E0
3E01E0
1F01E0
0FC3C0
03E7C0
01FF00
00FC00
007E00
001F00
000F00
000F80
780780
780780
3C0780
3C0F80
3E1F00
1FFE00
0FFC00
03F000
ENDCHAR
STARTCHAR dieresis
ENCODING 168
SWIDTH 333 0
DWIDTH 14 0
BBX 12 4 1 26
BITMAP
F0F0
F0F0
F0F0
F0F0
ENDCHAR
STARTCHAR copyright
ENCODING 169
SWIDTH 736 0
DWIDTH 31 0
BBX 31 30 0 0
BITMAP
000FE000
007FFC00
01FFFF00
07F01FC0
0FC007E0
1F0001F0
1E0FE0F0
3C3FF878
387FFC38
70F83C1C
70F01E1C
F1E00C1E
E1C0000E
E1C0000E
E1C0000E
E1C0000E
E1C0000E
E1C00C0E
F1E01E1E
70E01E1C
70F87C1C
387FF838
3C3FF078
1E0FC0F0
1F0001F0
0F8003E0
07F01F80
01FFFF00
007FFC00
001FF000
ENDCHAR
STARTCHAR ordfeminine
ENCODING 170
SWIDTH 370 0
DWIDTH 16 0
BBX 14 15 1 15
BITMAP
1FC0
3FF0
7FF0
F8F8
F078
0078
07F8
3FF8
7C78
F078
F078
F8F8
FFF8
7FF8
3E3C
ENDCHAR
STARTCHAR guillemotleft
ENCODING 171
SWIDTH 556 0
DWIDTH 23 0
BBX 18 19 3 1
BITMAP
03C3C0
078780
0F0F00
0F0F00
1E1E00
1E1E00
3C3C00
787800
787800
F0F000
787800
787800
3C3C00
1E1E00
1E1E00
0F0F00
0F0F00
078780
03C3C0
ENDCHAR
STARTCHAR logicalnot
ENCODING 172
SWIDTH 583 0
DWIDTH 25 0
BBX 20 12 2 9
BITMAP
FFFFF0
FFFFF0
FFFFF0
FFFFF0
0000F0
0000F0
0000F0
0000F0
0000F0
0000F0
0000F0
0000F0
ENDCHAR
STARTCHAR hyphen.dup2
ENCODING 173
SWIDTH 333 0
DWIDTH 14 0
BBX 11 4 1 9
BITMAP
FFE0
FFE0
FFE0
FFE0
ENDCHAR
STARTCHAR registered
ENCODING 174
SWIDTH 736 0
DWIDTH 31 0
BBX 31 30 0 0
BITMAP
000FE000
007FFC00
01FFFF00
07F01FC0
0FC007E0
1F0001F0
1E7FE0F0
3C7FF078
387FF838
70703C1C
70701C1C
F0701C1E
E0701C0E
E0703C0E
E07FF80E
E07FF00E
E07FE00E
E071C00E
F070E01E
7070F01C
7070781C
38703838
3C703C78
1E701EF0
1F0001F0
0F8003E0
07F01F80
01FFFF00
007FFC00
001FF000
ENDCHAR
STARTCHAR overscore
ENCODING 175
SWIDTH 552 0
DWIDTH 23 0
BBX 24 4 -1 32
BITMAP
FFFFFF
FFFFFF
FFFFFF
FFFFFF
ENDCHAR
STARTCHAR degree
ENCODING 176
SWIDTH 399 0
DWIDTH 17 0
BBX 11 11 3 19
BITMAP
1F00
3F80
71C0
E0E0
C060
C060
C060
E0E0
71C0
3F80
1F00
ENDCHAR
STARTCHAR plusminus
ENCODING 177
SWIDTH 548 0
DWIDTH 23 0
BBX 20 25 2 0
BITMAP
00F000
00F000
00F000
00F000
00F000
00F000
00F000
00F000
FFFFF0
FFFFF0
FFFFF0
FFFFF0
00F000
00F000
00F000
00F000
00F000
00F000
00F000
00F000
000000
FFFFF0
FFFFF0
FFFFF0
FFFFF0
ENDCHAR
STARTCHAR twosuperior
ENCODING 178
SWIDTH 333 0
DWIDTH 14 0
BBX 13 15 0 15
BITMAP
1FC0
7FF0
78F8
F078
0078
0078
00F0
01F0
07E0
0F80
1F00
3E00
7C00
FFF8
FFF8
ENDCHAR
STARTCHAR threesuperior
ENCODING 179
SWIDTH 333 0
DWIDTH 14 0
BBX 13 15 0 15
BITMAP
1FC0
3FF0
78F8
F078
0078
00F0
07C0
07E0
00F0
0078
0078
F078
78F0
7FF0
1FC0
ENDCHAR
STARTCHAR acute
ENCODING 180
SWIDTH 333 0
DWIDTH 14 0
BBX 8 6 5 24
BITMAP
1F
3E
3C
78
70
E0
ENDCHAR
STARTCHAR mu1
ENCODING 181
SWIDTH 576 0
DWIDTH 24 0
BBX 18 30 3 -8
BITMAP
F003C0
F003C0
F003C0
F003C0
F003C0
F003C0
F003C0
F003C0
F003C0
F003C0
F003C0
F003C0
F003C0
F003C0
F003C0
F003C0
F807C0
FC0FC0
FE1FC0
FFFFC0
F7FBC0
F3F3C0
F00000
F00000
F00000
F00000
F00000
F00000
F00000
F00000
ENDCHAR
STARTCHAR paragraph
ENCODING 182
SWIDTH 537 0
DWIDTH 23 0
BBX 23 38 0 -8
BITMAP
03FFFE
0FFFFE
3FFFFE
7FFFFE
7FF0F0
FFF0F0
FFF0F0
FFF0F0
FFF0F0
FFF0F0
FFF0F0
FFF0F0
7FF0F0
7FF0F0
3FF0F0
1FF0F0
07F0F0
00F0F0
00F0F0
00F0F0
00F0F0
00F0F0
00F0F0
00F0F0
00F0F0
00F0F0
00F0F0
00F0F0
00F0F0
00F0F0
00F0F0
00F0F0
00F0F0
00F0F0
00F0F0
00F0F0
00F0F0
00F0F0
ENDCHAR
STARTCHAR periodcentered
ENCODING 183
SWIDTH 277 0
DWIDTH 12 0
BBX 4 4 4 13
BITMAP
F0
F0
F0
F0
ENDCHAR
STARTCHAR cedilla
ENCODING 184
SWIDTH 333 0
DWIDTH 14 0
BBX 9 8 1 -8
BITMAP
0C00
0800
1E00
1F80
0380
0380
FF00
FC00
ENDCHAR
STARTCHAR onesuperior
ENCODING 185
SWIDTH 333 0
DWIDTH 14 0
BBX 9 15 2 15
BITMAP
0380
0F80
1F80
7F80
FF80
F780
E780
8780
0780
0780
0780
0780
0780
0780
0780
ENDCHAR
STARTCHAR ordmasculine
ENCODING 186
SWIDTH 365 0
DWIDTH 15 0
BBX 13 15 1 15
BITMAP
0F80
3FE0
7FF0
78F0
F078
F078
F078
F078
F078
F078
F0F8
78F0
7FF0
3FE0
0F80
ENDCHAR
STARTCHAR guillemotright
ENCODING 187
SWIDTH 556 0
DWIDTH 23 0
BBX 18 19 2 1
BITMAP
F0F000
787800
3C3C00
3C3C00
1E1E00
1E1E00
0F0F00
078780
078780
03C3C0
078780
078780
0F0F00
1E1E00
1E1E00
3C3C00
3C3C00
787800
F0F000
ENDCHAR
STARTCHAR onequarter
ENCODING 188
SWIDTH 833 0
DWIDTH 35 0
BBX 32 30 2 0
BITMAP
03800078
0F8000F0
1F8001E0
7F8001C0
FF8003C0
F7800780
E7800F00
87800E00
07801E00
07803C00
07807800
07807000
0780F000
0781E000
0783C000
0003803C
0007807C
000F007C
001E00FC
001C01FC
003C03BC
007807BC
00F0073C
00E00E3C
01E01C3C
03C01FFF
07801FFF
0700003C
0F00003C
1E00003C
ENDCHAR
STARTCHAR onehalf
ENCODING 189
SWIDTH 833 0
DWIDTH 35 0
BBX 32 30 2 0
BITMAP
03800070
0F8000F0
1F8001E0
7F8001C0
FF800380
F7800780
E7800F00
87800E00
07801C00
07803C00
07807800
07807000
0780E000
0781E000
0783C000
000381F8
000707FE
000F0F1F
001E0E0F
001C000F
0038000F
0078001E
00F0003E
00E0007C
01C000F8
03C001E0
078003C0
07000780
0E000FFF
1E000FFF
ENDCHAR
STARTCHAR threequarters
ENCODING 190
SWIDTH 833 0
DWIDTH 35 0
BBX 33 31 1 -1
BITMAP
0FC0003C00
3FE0003800
3CF0007000
78F000F000
18F001E000
01E001C000
0FC0038000
0FE0078000
00F0070000
00780E0000
00781E0000
F0783C0000
78F0380000
7FF0700000
1FC0F00000
0001E01E00
0001C03E00
0003803E00
0007807E00
000700FE00
000E01DE00
001E03DE00
003C039E00
0038079E00
00700F1E00
00F00FFF80
01E00FFF80
01C0001E00
0380001E00
0780001E00
0700000000
ENDCHAR
STARTCHAR questiondown
ENCODING 191
SWIDTH 610 0
DWIDTH 26 0
BBX 20 30 3 -8
BITMAP
00F000
00F000
00F000
00F000
000000
000000
000000
00F000
00F000
00F000
00F000
01F000
03E000
07C000
0FC000
1F8000
3F0000
7C0000
780000
F80000
F00000
F000F0
F000F0
F801E0
FC03E0
7E07E0
3FFFC0
1FFF80
0FFF00
03F800
ENDCHAR
STARTCHAR Agrave
ENCODING 192
SWIDTH 666 0
DWIDTH 28 0
BBX 27 38 0 0
BITMAP
007C0000
003E0000
001E0000
000F0000
00070000
00038000
00000000
00000000
000E0000
001F0000
001F0000
003F8000
003B8000
003B8000
007BC000
0071C000
00F1E000
00F0E000
00E0E000
01E0F000
01C07000
03C07800
03C07800
03803800
07803C00
07FFFC00
0FFFFE00
0FFFFE00
0FFFFE00
1E000F00
1E000F00
3C000780
3C000780
3C000780
780003C0
780003C0
F80003E0
F00001E0
ENDCHAR
STARTCHAR Aacute
ENCODING 193
SWIDTH 666 0
DWIDTH 28 0
BBX 27 38 0 0
BITMAP
0003E000
0007C000
00078000
000F0000
000E0000
001C0000
00000000
00000000
000E0000
001F0000
001F0000
003F8000
003B8000
003B8000
007BC000
0071C000
00F1E000
00F0E000
00E0E000
01E0F000
01C07000
03C07800
03C07800
03803800
07803C00
07FFFC00
0FFFFE00
0FFFFE00
0FFFFE00
1E000F00
1E000F00
3C000780
3C000780
3C000780
780003C0
780003C0
F80003E0
F00001E0
ENDCHAR
STARTCHAR Acircumflex
ENCODING 194
SWIDTH 666 0
DWIDTH 28 0
BBX 27 38 0 0
BITMAP
001F0000
003F8000
003B8000
007BC000
00F1E000
01E0F000
00000000
00000000
000E0000
001F0000
001F0000
003F8000
003B8000
003B8000
007BC000
0071C000
00F1E000
00F0E000
00E0E000
01E0F000
01C07000
03C07800
03C07800
03803800
07803C00
07FFFC00
0FFFFE00
0FFFFE00
0FFFFE00
1E000F00
1E000F00
3C000780
3C000780
3C000780
780003C0
780003C0
F80003E0
F00001E0
ENDCHAR
STARTCHAR Atilde
ENCODING 195
SWIDTH 666 0
DWIDTH 28 0
BBX 27 38 0 0
BITMAP
003C3800
007E3800
007FF800
00FFF000
00E3F000
00E1E000
00000000
00000000
000E0000
001F0000
001F0000
003F8000
003B8000
003B8000
007BC000
0071C000
00F1E000
00F0E000
00E0E000
01E0F000
01C07000
03C07800
03C07800
03803800
07803C00
07FFFC00
0FFFFE00
0FFFFE00
0FFFFE00
1E000F00
1E000F00
3C000780
3C000780
3C000780
780003C0
780003C0
F80003E0
F00001E0
ENDCHAR
STARTCHAR Adieresis
ENCODING 196
SWIDTH 666 0
DWIDTH 28 0
BBX 27 36 0 0
BITMAP
00F0F000
00F0F000
00F0F000
00F0F000
00000000
00000000
000E0000
001F0000
001F0000
003F8000
003B8000
003B8000
007BC000
0071C000
00F1E000
00F0E000
00E0E000
01E0F000
01C07000
03C07800
03C07800
03803800
07803C00
07FFFC00
0FFFFE00
0FFFFE00
0FFFFE00
1E000F00
1E000F00
3C000780
3C000780
3C000780
780003C0
780003C0
F80003E0
F00001E0
ENDCHAR
STARTCHAR Aring
ENCODING 197
SWIDTH 666 0
DWIDTH 28 0
BBX 27 37 0 0
BITMAP
001F0000
003F8000
0071C000
0060C000
0060C000
0060C000
0071C000
003F8000
001F0000
001F0000
003F8000
003B8000
003B8000
007BC000
0071C000
00F1E000
00F0E000
00E0E000
01E0F000
01C07000
03C07800
03C07800
03803800
07803C00
07FFFC00
0FFFFE00
0FFFFE00
0FFFFE00
1E000F00
1E000F00
3C000780
3C000780
3C000780
780003C0
780003C0
F80003E0
F00001E0
ENDCHAR
STARTCHAR AE
ENCODING 198
SWIDTH 1000 0
DWIDTH 42 0
BBX 40 30 0 0
BITMAP
0003FFFFFE
0003FFFFFE
0007FFFFFE
0007FFFFFE
000F0F0000
000F0F0000
001E0F0000
001E0F0000
003C0F0000
003C0F0000
00780F0000
00780F0000
00F00FFFFC
00F00FFFFC
01F00FFFFC
01E00FFFFC
03E00F0000
03C00F0000
07FFFF0000
07FFFF0000
0FFFFF0000
0FFFFF0000
1F000F0000
1E000F0000
3E000F0000
3C000F0000
7C000FFFFF
78000FFFFF
F8000FFFFF
F0000FFFFF
ENDCHAR
STARTCHAR Ccedilla
ENCODING 199
SWIDTH 722 0
DWIDTH 30 0
BBX 26 38 2 -8
BITMAP
003F8000
01FFF000
07FFF800
0FFFFC00
1FC0FE00
1F003F00
3E001F00
7C000F80
78000780
78000400
F8000000
F0000000
F0000000
F0000000
F0000000
F0000000
F0000000
F0000000
F0000000
78000300
780003C0
780007C0
3C000780
3E000F80
1F001F00
1FC07F00
0FFFFE00
07FFFC00
01FFF000
007F8000
000C0000
00080000
001E0000
001F8000
00038000
00038000
00FF0000
00FC0000
ENDCHAR
STARTCHAR Egrave
ENCODING 200
SWIDTH 666 0
DWIDTH 28 0
BBX 23 38 3 0
BITMAP
03E000
01F000
00F000
007800
003800
001C00
000000
000000
FFFFFC
FFFFFC
FFFFFC
FFFFFC
F00000
F00000
F00000
F00000
F00000
F00000
F00000
F00000
FFFFF8
FFFFF8
FFFFF8
FFFFF8
F00000
F00000
F00000
F00000
F00000
F00000
F00000
F00000
F00000
F00000
FFFFFE
FFFFFE
FFFFFE
FFFFFE
ENDCHAR
STARTCHAR Eacute
ENCODING 201
SWIDTH 666 0
DWIDTH 28 0
BBX 23 38 3 0
BITMAP
000F80
001F00
001E00
003C00
003800
007000
000000
000000
FFFFFC
FFFFFC
FFFFFC
FFFFFC
F00000
F00000
F00000
F00000
F00000
F00000
F00000
F00000
FFFFF8
FFFFF8
FFFFF8
FFFFF8
F00000
F00000
F00000
F00000
F00000
F00000
F00000
F00000
F00000
F00000
FFFFFE
FFFFFE
FFFFFE
FFFFFE
ENDCHAR
STARTCHAR Ecircumflex
ENCODING 202
SWIDTH 666 0
DWIDTH 28 0
BBX 23 38 3 0
BITMAP
007800
00FC00
01FE00
03CF00
038700
078780
000000
000000
FFFFFC
FFFFFC
FFFFFC
FFFFFC
F00000
F00000
F00000
F00000
F00000
F00000
F00000
F00000
FFFFF8
FFFFF8
FFFFF8
FFFFF8
F00000
F00000
F00000
F00000
F00000
F00000
F00000
F00000
F00000
F00000
FFFFFE
FFFFFE
FFFFFE
FFFFFE
ENDCHAR
STARTCHAR Edieresis
ENCODING 203
SWIDTH 666 0
DWIDTH 28 0
BBX 23 36 3 0
BITMAP
03C3C0
03C3C0
03C3C0
03C3C0
000000
000000
FFFFFC
FFFFFC
FFFFFC
FFFFFC
F00000
F00000
F00000
F00000
F00000
F00000
F00000
F00000
FFFFF8
FFFFF8
FFFFF8
FFFFF8
F00000
F00000
F00000
F00000
F00000
F00000
F00000
F00000
F00000
F00000
FFFFFE
FFFFFE
FFFFFE
FFFFFE
ENDCHAR
STARTCHAR Igrave
ENCODING 204
SWIDTH 277 0
DWIDTH 12 0
BBX 8 38 1 0
BITMAP
F8
7C
3C
1E
0E
07
00
00
1E
1E
1E
1E
1E
1E
1E
1E
1E
1E
1E
1E
1E
1E
1E
1E
1E
1E
1E
1E
1E
1E
1E
1E
1E
1E
1E
1E
1E
1E
ENDCHAR
STARTCHAR Iacute
ENCODING 205
SWIDTH 277 0
DWIDTH 12 0
BBX 8 38 3 0
BITMAP
1F
3E
3C
78
70
E0
00
00
78
78
78
78
78
78
78
78
78
78
78
78
78
78
78
78
78
78
78
78
78
78
78
78
78
78
78
78
78
78
ENDCHAR
STARTCHAR Icircumflex
ENCODING 206
SWIDTH 277 0
DWIDTH 12 0
BBX 12 38 0 0
BITMAP
0F00
1F80
3FC0
79E0
70E0
F0F0
0000
0000
0F00
0F00
0F00
0F00
0F00
0F00
0F00
0F00
0F00
0F00
0F00
0F00
0F00
0F00
0F00
0F00
0F00
0F00
0F00
0F00
0F00
0F00
0F00
0F00
0F00
0F00
0F00
0F00
0F00
0F00
ENDCHAR
STARTCHAR Idieresis
ENCODING 207
SWIDTH 277 0
DWIDTH 12 0
BBX 12 36 0 0
BITMAP
F0F0
F0F0
F0F0
F0F0
0000
0000
0F00
0F00
0F00
0F00
0F00
0F00
0F00
0F00
0F00
0F00
0F00
0F00
0F00
0F00
0F00
0F00
0F00
0F00
0F00
0F00
0F00
0F00
0F00
0F00
0F00
0F00
0F00
0F00
0F00
0F00
ENDCHAR
STARTCHAR Eth
ENCODING 208
SWIDTH 722 0
DWIDTH 30 0
BBX 28 30 0 0
BITMAP
1FFFE000
1FFFFC00
1FFFFE00
1FFFFF00
1E003F80
1E000FC0
1E0007C0
1E0003E0
1E0001E0
1E0001E0
1E0000F0
1E0000F0
FFFE00F0
FFFE00F0
FFFE00F0
FFFE00F0
1E0000F0
1E0000F0
1E0000F0
1E0001F0
1E0001E0
1E0001E0
1E0003E0
1E0007C0
1E000FC0
1E003F80
1FFFFF00
1FFFFE00
1FFFFC00
1FFFE000
ENDCHAR
STARTCHAR Ntilde
ENCODING 209
SWIDTH 722 0
DWIDTH 30 0
BBX 24 38 3 0
BITMAP
00F0E0
01F8E0
01FFE0
03FFC0
038FC0
038780
000000
000000
F8000F
F8000F
FC000F
FE000F
FE000F
FF000F
FF800F
F7800F
F7C00F
F3E00F
F1E00F
F1F00F
F0F80F
F0780F
F07C0F
F03E0F
F01E0F
F01F0F
F00F8F
F0078F
F007CF
F003EF
F001EF
F001FF
F000FF
F0007F
F0007F
F0003F
F0001F
F0001F
ENDCHAR
STARTCHAR Ograve
ENCODING 210
SWIDTH 777 0
DWIDTH 33 0
BBX 29 38 2 0
BITMAP
003E0000
001F0000
000F0000
00078000
00038000
0001C000
00000000
00000000
003FE000
00FFF800
03FFFE00
07FFFF00
0FE03F80
1F800FC0
3E0003E0
3C0001E0
7C0001F0
780000F0
780000F0
F0000078
F0000078
F0000078
F0000078
F0000078
F0000078
F0000078
F0000078
780000F0
780000F0
7C0001F0
3C0001E0
3E0003E0
1F800FC0
0FE03F80
07FFFF00
03FFFE00
00FFF800
003FC000
ENDCHAR
STARTCHAR Oacute
ENCODING 211
SWIDTH 777 0
DWIDTH 33 0
BBX 29 38 2 0
BITMAP
0001F000
0003E000
0003C000
00078000
00070000
000E0000
00000000
00000000
003FE000
00FFF800
03FFFE00
07FFFF00
0FE03F80
1F800FC0
3E0003E0
3C0001E0
7C0001F0
780000F0
780000F0
F0000078
F0000078
F0000078
F0000078
F0000078
F0000078
F0000078
F0000078
780000F0
780000F0
7C0001F0
3C0001E0
3E0003E0
1F800FC0
0FE03F80
07FFFF00
03FFFE00
00FFF800
003FC000
ENDCHAR
STARTCHAR Ocircumflex
ENCODING 212
SWIDTH 777 0
DWIDTH 33 0
BBX 29 38 2 0
BITMAP
000F8000
001F8000
003DC000
0039E000
0078F000
00F0F000
00000000
00000000
003FE000
00FFF800
03FFFE00
07FFFF00
0FE03F80
1F800FC0
3E0003E0
3C0001E0
7C0001F0
780000F0
780000F0
F0000078
F0000078
F0000078
F0000078
F0000078
F0000078
F0000078
F0000078
780000F0
780000F0
7C0001F0
3C0001E0
3E0003E0
1F800FC0
0FE03F80
07FFFF00
03FFFE00
00FFF800
003FC000
ENDCHAR
STARTCHAR Otilde
ENCODING 213
SWIDTH 777 0
DWIDTH 33 0
BBX 29 38 2 0
BITMAP
003C3800
007E3800
007FF800
00FFF000
00E3F000
00E1E000
00000000
00000000
003FE000
00FFF800
03FFFE00
07FFFF00
0FE03F80
1F800FC0
3E0003E0
3C0001E0
7C0001F0
780000F0
780000F0
F0000078
F0000078
F0000078
F0000078
F0000078
F0000078
F0000078
F0000078
780000F0
780000F0
7C0001F0
3C0001E0
3E0003E0
1F800FC0
0FE03F80
07FFFF00
03FFFE00
00FFF800
003FC000
ENDCHAR
STARTCHAR Odieresis
ENCODING 214
SWIDTH 777 0
DWIDTH 33 0
BBX 29 36 2 0
BITMAP
00787800
00787800
00787800
00787800
00000000
00000000
003FE000
00FFF800
03FFFE00
07FFFF00
0FE03F80
1F800FC0
3E0003E0
3C0001E0
7C0001F0
780000F0
780000F0
F0000078
F0000078
F0000078
F0000078
F0000078
F0000078
F0000078
F0000078
780000F0
780000F0
7C0001F0
3C0001E0
3E0003E0
1F800FC0
0FE03F80
07FFFF00
03FFFE00
00FFF800
003FC000
ENDCHAR
STARTCHAR multiply
ENCODING 215
SWIDTH 583 0
DWIDTH 25 0
BBX 17 19 4 5
BITMAP
400200
600300
F00780
780F80
7C1F00
3E3E00
1F7C00
0FF800
07F000
03E000
07F000
0FF800
1F7C00
3E3E00
7C1F00
780F80
F00780
600300
400200
ENDCHAR
STARTCHAR Oslash
ENCODING 216
SWIDTH 777 0
DWIDTH 33 0
BBX 30 32 2 -2
BITMAP
003FE038
00FFFC7C
03FFFEF8
07FFFFF0
0FE03FE0
1F800FC0
3E000FE0
3C001FE0
7C003FF0
78003EF0
78007CF0
F000F878
F001F078
F003E078
F007C078
F00F8078
F01F0078
F01F0078
F03E0078
F87C00F8
78F800F0
7DF001F0
3FE001E0
3FC003E0
1F800FC0
1FE03FC0
1FFFFF80
3FFFFE00
7DFFFC00
F83FE000
70000000
20000000
ENDCHAR
STARTCHAR Ugrave
ENCODING 217
SWIDTH 722 0
DWIDTH 30 0
BBX 24 38 3 0
BITMAP
01F000
00F800
007800
003C00
001C00
000E00
000000
000000
F0000F
F0000F
F0000F
F0000F
F0000F
F0000F
F0000F
F0000F
F0000F
F0000F
F0000F
F0000F
F0000F
F0000F
F0000F
F0000F
F0000F
F0000F
F0000F
F0000F
F0000F
F0001F
78001E
78001E
7C003E
3F00FC
3FFFF8
1FFFF0
07FFE0
00FF80
ENDCHAR
STARTCHAR Uacute
ENCODING 218
SWIDTH 722 0
DWIDTH 30 0
BBX 24 38 3 0
BITMAP
000F80
001F00
001E00
003C00
003800
007000
000000
000000
F0000F
F0000F
F0000F
F0000F
F0000F
F0000F
F0000F
F0000F
F0000F
F0000F
F0000F
F0000F
F0000F
F0000F
F0000F
F0000F
F0000F
F0000F
F0000F
F0000F
F0000F
F0001F
78001E
78001E
7C003E
3F00FC
3FFFF8
1FFFF0
07FFE0
00FF80
ENDCHAR
STARTCHAR Ucircumflex
ENCODING 219
SWIDTH 722 0
DWIDTH 30 0
BBX 24 38 3 0
BITMAP
003C00
007E00
00FF00
01E780
01C380
03C3C0
000000
000000
F0000F
F0000F
F0000F
F0000F
F0000F
F0000F
F0000F
F0000F
F0000F
F0000F
F0000F
F0000F
F0000F
F0000F
F0000F
F0000F
F0000F
F0000F
F0000F
F0000F
F0000F
F0001F
78001E
78001E
7C003E
3F00FC
3FFFF8
1FFFF0
07FFE0
00FF80
ENDCHAR
STARTCHAR Udieresis
ENCODING 220
SWIDTH 722 0
DWIDTH 30 0
BBX 24 36 3 0
BITMAP
03C3C0
03C3C0
03C3C0
03C3C0
000000
000000
F0000F
F0000F
F0000F
F0000F
F0000F
F0000F
F0000F
F0000F
F0000F
F0000F
F0000F
F0000F
F0000F
F0000F
F0000F
F0000F
F0000F
F0000F
F0000F
F0000F
F0000F
F0001F
78001E
78001E
7C003E
3F00FC
3FFFF8
1FFFF0
07FFE0
00FF80
ENDCHAR
STARTCHAR Yacute
ENCODING 221
SWIDTH 666 0
DWIDTH 28 0
BBX 28 38 0 0
BITMAP
0001F000
0003E000
0003C000
00078000
00070000
000E0000
00000000
00000000
F80001F0
7C0003E0
3C0003C0
3E0007C0
1F000F80
0F000F00
0F801F00
07C03E00
03E07C00
01E07800
01F0F800
00F9F000
0079E000
007FE000
003FC000
001F8000
001F8000
000F0000
000F0000
000F0000
000F0000
000F0000
000F0000
000F0000
000F0000
000F0000
000F0000
000F0000
000F0000
000F0000
ENDCHAR
STARTCHAR Thorn
ENCODING 222
SWIDTH 666 0
DWIDTH 28 0
BBX 23 30 3 0
BITMAP
F00000
F00000
F00000
F00000
F00000
F00000
FFFF80
FFFFE0
FFFFF8
FFFFF8
F000FC
F0003C
F0003E
F0001E
F0001E
F0001E
F0001E
F0003E
F0003C
F000FC
FFFFF8
FFFFF0
FFFFE0
FFFF00
F00000
F00000
F00000
F00000
F00000
F00000
ENDCHAR
STARTCHAR germandbls
ENCODING 223
SWIDTH 610 0
DWIDTH 26 0
BBX 21 30 3 0
BITMAP
03F800
0FFE00
3FFF00
7E0F80
780780
780380
F00780
F00780
F00F00
F01F00
F01E00
F03C00
F07C00
F07800
F07800
F07C00
F03E00
F03F80
F00FC0
F007E0
F001F0
F000F8
F00078
F00078
F18078
F7C0F8
F3E1F0
F1FFE0
F0FFC0
F03F00
ENDCHAR
STARTCHAR agrave
ENCODING 224
SWIDTH 556 0
DWIDTH 23 0
BBX 19 31 2 0
BITMAP
07C000
03E000
01E000
00F000
007000
003800
000000
000000
03FC00
0FFF00
1FFF80
3E0F80
3C07C0
7C03C0
7803C0
1803C0
0003C0
000FC0
03FFC0
1FFFC0
3FF3C0
7F03C0
F803C0
F003C0
F003C0
F007C0
F80FC0
7C1FC0
7FFFC0
3FF3C0
0FC1E0
ENDCHAR
STARTCHAR aacute
ENCODING 225
SWIDTH 556 0
DWIDTH 23 0
BBX 19 31 2 0
BITMAP
003E00
007C00
007800
00F000
00E000
01C000
000000
000000
03FC00
0FFF00
1FFF80
3E0F80
3C07C0
7C03C0
7803C0
1803C0
0003C0
000FC0
03FFC0
1FFFC0
3FF3C0
7F03C0
F803C0
F003C0
F003C0
F007C0
F80FC0
7C1FC0
7FFFC0
3FF3C0
0FC1E0
ENDCHAR
STARTCHAR acircumflex
ENCODING 226
SWIDTH 556 0
DWIDTH 23 0
BBX 19 31 2 0
BITMAP
01F000
03F800
03B800
07BC00
0F1E00
1E0F00
000000
000000
03FC00
0FFF00
1FFF80
3E0F80
3C07C0
7C03C0
7803C0
1803C0
0003C0
000FC0
03FFC0
1FFFC0
3FF3C0
7F03C0
F803C0
F003C0
F003C0
F007C0
F80FC0
7C1FC0
7FFFC0
3FF3C0
0FC1E0
ENDCHAR
STARTCHAR atilde
ENCODING 227
SWIDTH 556 0
DWIDTH 23 0
BBX 19 31 2 0
BITMAP
078700
0FC700
0FFF00
1FFE00
1C7E00
1C3C00
000000
000000
03FC00
0FFF00
1FFF80
3E0F80
3C07C0
7C03C0
7803C0
1803C0
0003C0
000FC0
03FFC0
1FFFC0
3FF3C0
7F03C0
F803C0
F003C0
F003C0
F007C0
F80FC0
7C1FC0
7FFFC0
3FF3C0
0FC1E0
ENDCHAR
STARTCHAR adieresis
ENCODING 228
SWIDTH 556 0
DWIDTH 23 0
BBX 19 29 2 0
BITMAP
0F0F00
0F0F00
0F0F00
0F0F00
000000
000000
03FC00
0FFF00
1FFF80
3E0F80
3C07C0
7C03C0
7803C0
1803C0
0003C0
000FC0
03FFC0
1FFFC0
3FF3C0
7F03C0
F803C0
F003C0
F003C0
F007C0
F80FC0
7C1FC0
7FFFC0
3FF3C0
0FC1E0
ENDCHAR
STARTCHAR aring
ENCODING 229
SWIDTH 556 0
DWIDTH 23 0
BBX 19 34 2 0
BITMAP
00F800
01FC00
038C00
030600
030600
030600
038E00
01FC00
00F800
000000
000000
03FC00
0FFF00
1FFF80
3E0F80
3C07C0
7C03C0
7803C0
1803C0
0003C0
000FC0
03FFC0
1FFFC0
3FF3C0
7F03C0
F803C0
F003C0
F003C0
F007C0
F80FC0
7C1FC0
7FFFC0
3FF3C0
0FC1E0
ENDCHAR
STARTCHAR ae
ENCODING 230
SWIDTH 889 0
DWIDTH 37 0
BBX 34 23 1 0
BITMAP
01FC07F000
0FFF1FFC00
1FFFBFFE00
3E0FFC1F00
3C07F00F00
7803E00780
7803E00780
0003C003C0
000FC003C0
01FFFFFFC0
0FFFFFFFC0
3FFBFFFFC0
7F03C00000
7803C00000
F003C00000
F003C00000
F007E003C0
F007E00780
F80FF00F80
7C3F7C1F00
7FFE3FFE00
3FF81FFC00
0FE007F000
ENDCHAR
STARTCHAR ccedilla
ENCODING 231
SWIDTH 500 0
DWIDTH 21 0
BBX 19 31 2 -8
BITMAP
03F800
0FFE00
1FFF00
3F0F80
3C0780
7803C0
7803C0
F00300
F00000
F00000
F00000
F00000
F00000
F00000
F00180
F001E0
7801E0
7803C0
3C03C0
3F0F80
1FFF00
0FFE00
03F800
00C000
008000
01E000
01F800
003800
003800
0FF000
0FC000
ENDCHAR
STARTCHAR egrave
ENCODING 232
SWIDTH 556 0
DWIDTH 23 0
BBX 19 31 2 0
BITMAP
07C000
03E000
01E000
00F000
007000
003800
000000
000000
03F800
0FFE00
1FFF00
3E0F80
3C07C0
7803C0
7803C0
F001E0
F001E0
FFFFE0
FFFFE0
FFFFE0
F00000
F00000
F00000
F80080
7801E0
7C01C0
3C03C0
3F0F80
1FFF00
0FFE00
03F800
ENDCHAR
STARTCHAR eacute
ENCODING 233
SWIDTH 556 0
DWIDTH 23 0
BBX 19 31 2 0
BITMAP
003E00
007C00
007800
00F000
00E000
01C000
000000
000000
03F800
0FFE00
1FFF00
3E0F80
3C07C0
7803C0
7803C0
F001E0
F001E0
FFFFE0
FFFFE0
FFFFE0
F00000
F00000
F00000
F80080
7801E0
7C01C0
3C03C0
3F0F80
1FFF00
0FFE00
03F800
ENDCHAR
STARTCHAR ecircumflex
ENCODING 234
SWIDTH 556 0
DWIDTH 23 0
BBX 19 31 2 0
BITMAP
01F000
03F800
03B800
079C00
0F1E00
1E0F00
000000
000000
03F800
0FFE00
1FFF00
3E0F80
3C07C0
7803C0
7803C0
F001E0
F001E0
FFFFE0
FFFFE0
FFFFE0
F00000
F00000
F00000
F80080
7801E0
7C01C0
3C03C0
3F0F80
1FFF00
0FFE00
03F800
ENDCHAR
STARTCHAR edieresis
ENCODING 235
SWIDTH 556 0
DWIDTH 23 0
BBX 19 29 2 0
BITMAP
0F0F00
0F0F00
0F0F00
0F0F00
000000
000000
03F800
0FFE00
1FFF00
3E0F80
3C07C0
7803C0
7803C0
F001E0
F001E0
FFFFE0
FFFFE0
FFFFE0
F00000
F00000
F00000
F80080
7801E0
7C01C0
3C03C0
3F0F80
1FFF00
0FFE00
03F800
ENDCHAR
STARTCHAR igrave
ENCODING 236
SWIDTH 277 0
DWIDTH 12 0
BBX 8 31 1 0
BITMAP
F8
7C
3C
1E
0E
07
00
00
00
1E
1E
1E
1E
1E
1E
1E
1E
1E
1E
1E
1E
1E
1E
1E
1E
1E
1E
1E
1E
1E
1E
ENDCHAR
STARTCHAR iacute
ENCODING 237
SWIDTH 277 0
DWIDTH 12 0
BBX 8 31 3 0
BITMAP
1F
3E
3C
78
70
E0
00
00
00
78
78
78
78
78
78
78
78
78
78
78
78
78
78
78
78
78
78
78
78
78
78
ENDCHAR
STARTCHAR icircumflex
ENCODING 238
SWIDTH 277 0
DWIDTH 12 0
BBX 12 31 0 0
BITMAP
0F80
1F80
3FC0
39E0
78F0
F0F0
0000
0000
0000
0F00
0F00
0F00
0F00
0F00
0F00
0F00
0F00
0F00
0F00
0F00
0F00
0F00
0F00
0F00
0F00
0F00
0F00
0F00
0F00
0F00
0F00
ENDCHAR
STARTCHAR idieresis
ENCODING 239
SWIDTH 277 0
DWIDTH 12 0
BBX 12 29 0 0
BITMAP
F0F0
F0F0
F0F0
F0F0
0000
0000
0000
0F00
0F00
0F00
0F00
0F00
0F00
0F00
0F00
0F00
0F00
0F00
0F00
0F00
0F00
0F00
0F00
0F00
0F00
0F00
0F00
0F00
0F00
ENDCHAR
STARTCHAR eth
ENCODING 240
SWIDTH 556 0
DWIDTH 23 0
BBX 21 30 1 0
BITMAP
03C080
01F7C0
007F00
00FC00
03FE00
078F00
060780
000780
03FBC0
0FFFE0
1FFFE0
3F07E0
3C03F0
7801F0
7800F0
F00078
F00078
F00078
F00078
F00078
F00078
F00078
F000F8
7800F0
7801F0
3C03E0
3F07C0
1FFF80
07FF00
01FC00
ENDCHAR
STARTCHAR ntilde
ENCODING 241
SWIDTH 556 0
DWIDTH 23 0
BBX 17 31 3 0
BITMAP
0F0E00
1F8E00
1FFE00
3FFC00
38FC00
387800
000000
000000
00F800
F3FE00
F7FF00
FE1F00
FC0F80
F80780
F80780
F00780
F00780
F00780
F00780
F00780
F00780
F00780
F00780
F00780
F00780
F00780
F00780
F00780
F00780
F00780
F00780
ENDCHAR
STARTCHAR ograve
ENCODING 242
SWIDTH 556 0
DWIDTH 23 0
BBX 19 31 2 0
BITMAP
07C000
03E000
01E000
00F000
007000
003800
000000
000000
03F800
0FFE00
1FFF00
3E0F80
3C0780
7803C0
7803C0
F001E0
F001E0
F001E0
F001E0
F001E0
F001E0
F001E0
F001E0
F003E0
7803C0
7803C0
3C0780
3E0F80
1FFF00
0FFE00
03F800
ENDCHAR
STARTCHAR oacute
ENCODING 243
SWIDTH 556 0
DWIDTH 23 0
BBX 19 31 2 0
BITMAP
003E00
007C00
007800
00F000
00E000
01C000
000000
000000
03F800
0FFE00
1FFF00
3E0F80
3C0780
7803C0
7803C0
F001E0
F001E0
F001E0
F001E0
F001E0
F001E0
F001E0
F001E0
F003E0
7803C0
7803C0
3C0780
3E0F80
1FFF00
0FFE00
03F800
ENDCHAR
STARTCHAR ocircumflex
ENCODING 244
SWIDTH 556 0
DWIDTH 23 0
BBX 19 31 2 0
BITMAP
01F000
03F800
03B800
079C00
0F1E00
1E0F00
000000
000000
03F800
0FFE00
1FFF00
3E0F80
3C0780
7803C0
7803C0
F001E0
F001E0
F001E0
F001E0
F001E0
F001E0
F001E0
F001E0
F003E0
7803C0
7803C0
3C0780
3E0F80
1FFF00
0FFE00
03F800
ENDCHAR
STARTCHAR otilde
ENCODING 245
SWIDTH 556 0
DWIDTH 23 0
BBX 19 31 2 0
BITMAP
078700
0FC700
0FFF00
1FFE00
1C7E00
1C3C00
000000
000000
03F800
0FFE00
1FFF00
3E0F80
3C0780
7803C0
7803C0
F001E0
F001E0
F001E0
F001E0
F001E0
F001E0
F001E0
F001E0
F003E0
7803C0
7803C0
3C0780
3E0F80
1FFF00
0FFE00
03F800
ENDCHAR
STARTCHAR odieresis
ENCODING 246
SWIDTH 556 0
DWIDTH 23 0
BBX 19 29 2 0
BITMAP
0F0F00
0F0F00
0F0F00
0F0F00
000000
000000
03F800
0FFE00
1FFF00
3E0F80
3C0780
7803C0
7803C0
F001E0
F001E0
F001E0
F001E0
F001E0
F001E0
F001E0
F001E0
F003E0
7803C0
7803C0
3C0780
3E0F80
1FFF00
0FFE00
03F800
ENDCHAR
STARTCHAR divide
ENCODING 247
SWIDTH 548 0
DWIDTH 23 0
BBX 20 16 2 7
BITMAP
00F000
00F000
00F000
00F000
000000
000000
FFFFF0
FFFFF0
FFFFF0
FFFFF0
000000
000000
00F000
00F000
00F000
00F000
ENDCHAR
STARTCHAR oslash
ENCODING 248
SWIDTH 610 0
DWIDTH 26 0
BBX 21 25 2 -1
BITMAP
000060
01FCF8
0FFFF0
1FFFE0
3E0FC0
7C07E0
780FE0
781FF0
F03EF0
F03EF8
F07C78
F0F878
F1F078
F1E078
F3E078
F7C078
FF80F8
FF00F0
7E01F0
7E03E0
7F07E0
FFFFC0
F7FF00
F1FC00
200000
ENDCHAR
STARTCHAR ugrave
ENCODING 249
SWIDTH 556 0
DWIDTH 23 0
BBX 17 31 3 0
BITMAP
1F0000
0F8000
078000
03C000
01C000
00E000
000000
000000
000000
F00780
F00780
F00780
F00780
F00780
F00780
F00780
F00780
F00780
F00780
F00780
F00780
F00780
F00780
F00780
F00780
F00F80
F81F80
7C3F80
7FF780
3FE780
0F8780
ENDCHAR
STARTCHAR uacute
ENCODING 250
SWIDTH 556 0
DWIDTH 23 0
BBX 17 31 3 0
BITMAP
007C00
00F800
00F000
01E000
01C000
038000
000000
000000
000000
F00780
F00780
F00780
F00780
F00780
F00780
F00780
F00780
F00780
F00780
F00780
F00780
F00780
F00780
F00780
F00780
F00F80
F81F80
7C3F80
7FF780
3FE780
0F8780
ENDCHAR
STARTCHAR ucircumflex
ENCODING 251
SWIDTH 556 0
DWIDTH 23 0
BBX 17 31 3 0
BITMAP
01E000
03F000
07F800
0F3C00
0E1C00
1E1E00
000000
000000
000000
F00780
F00780
F00780
F00780
F00780
F00780
F00780
F00780
F00780
F00780
F00780
F00780
F00780
F00780
F00780
F00780
F00F80
F81F80
7C3F80
7FF780
3FE780
0F8780
ENDCHAR
STARTCHAR udieresis
ENCODING 252
SWIDTH 556 0
DWIDTH 23 0
BBX 17 29 3 0
BITMAP
1E1E00
1E1E00
1E1E00
1E1E00
000000
000000
000000
F00780
F00780
F00780
F00780
F00780
F00780
F00780
F00780
F00780
F00780
F00780
F00780
F00780
F00780
F00780
F00780
F00F80
F81F80
7C3F80
7FF780
3FE780
0F8780
ENDCHAR
STARTCHAR yacute
ENCODING 253
SWIDTH 500 0
DWIDTH 21 0
BBX 19 39 1 -8
BITMAP
001F00
003E00
003C00
007800
007000
00E000
000000
000000
000000
F001E0
7801E0
7803C0
7C03C0
3C03C0
3C0780
3E0780
1E0780
1E0F00
1F0F00
0F0F00
0F9E00
079E00
079E00
07DE00
03DC00
03FC00
03FC00
01F800
01F800
00F800
00F000
00F000
01F000
01E000
03E000
07C000
7F8000
3F8000
3E0000
ENDCHAR
STARTCHAR thorn
ENCODING 254
SWIDTH 556 0
DWIDTH 23 0
BBX 19 38 3 -8
BITMAP
F00000
F00000
F00000
F00000
F00000
F00000
F00000
F1F800
F7FE00
FFFF00
FE1F80
FC0780
F803C0
F803C0
F001E0
F001E0
F001E0
F001E0
F001E0
F001E0
F001E0
F001E0
F003C0
F003C0
F803C0
FC0780
FE1F80
FFFF00
F7FC00
F1F000
F00000
F00000
F00000
F00000
F00000
F00000
F00000
F00000
ENDCHAR
STARTCHAR ydieresis
ENCODING 255
SWIDTH 500 0
DWIDTH 21 0
BBX 19 37 1 -8
BITMAP
0F0F00
0F0F00
0F0F00
0F0F00
000000
000000
000000
F001E0
7801E0
7803C0
7C03C0
3C03C0
3C0780
3E0780
1E0780
1E0F00
1F0F00
0F0F00
0F9E00
079E00
079E00
07DE00
03DC00
03FC00
03FC00
01F800
01F800
00F800
00F000
00F000
01F000
01E000
03E000
07C000
7F8000
3F8000
3E0000
ENDCHAR
STARTCHAR Amacron
ENCODING 256
SWIDTH 666 0
DWIDTH 28 0
BBX 27 36 0 0
BITMAP
01FFF000
01FFF000
01FFF000
01FFF000
00000000
00000000
000E0000
001F0000
001F0000
003F8000
003B8000
003B8000
007BC000
0071C000
00F1E000
00F0E000
00E0E000
01E0F000
01C07000
03C07800
03C07800
03803800
07803C00
07FFFC00
0FFFFE00
0FFFFE00
0FFFFE00
1E000F00
1E000F00
3C000780
3C000780
3C000780
780003C0
780003C0
F80003E0
F00001E0
ENDCHAR
STARTCHAR amacron
ENCODING 257
SWIDTH 556 0
DWIDTH 23 0
BBX 19 29 2 0
BITMAP
1FFF00
1FFF00
1FFF00
1FFF00
000000
000000
03FC00
0FFF00
1FFF80
3E0F80
3C07C0
7C03C0
7803C0
1803C0
0003C0
000FC0
03FFC0
1FFFC0
3FF3C0
7F03C0
F803C0
F003C0
F003C0
F007C0
F80FC0
7C1FC0
7FFFC0
3FF3C0
0FC1E0
ENDCHAR
STARTCHAR Abreve
ENCODING 258
SWIDTH 666 0
DWIDTH 28 0
BBX 27 37 0 0
BITMAP
01C0E000
01E1E000
00FFC000
007FC000
003F0000
00000000
00000000
000E0000
001F0000
001F0000
003F8000
003B8000
003B8000
007BC000
0071C000
00F1E000
00F0E000
00E0E000
01E0F000
01C07000
03C07800
03C07800
03803800
07803C00
07FFFC00
0FFFFE00
0FFFFE00
0FFFFE00
1E000F00
1E000F00
3C000780
3C000780
3C000780
780003C0
780003C0
F80003E0
F00001E0
ENDCHAR
STARTCHAR abreve
ENCODING 259
SWIDTH 556 0
DWIDTH 23 0
BBX 19 30 2 0
BITMAP
0E0700
0F0F00
07FE00
03FE00
01F800
000000
000000
03FC00
0FFF00
1FFF80
3E0F80
3C07C0
7C03C0
7803C0
1803C0
0003C0
000FC0
03FFC0
1FFFC0
3FF3C0
7F03C0
F803C0
F003C0
F003C0
F007C0
F80FC0
7C1FC0
7FFFC0
3FF3C0
0FC1E0
ENDCHAR
STARTCHAR Aogonek
ENCODING 260
SWIDTH 666 0
DWIDTH 28 0
BBX 30 38 0 -8
BITMAP
000E0000
001F0000
001F0000
003F8000
003B8000
003B8000
007BC000
0071C000
00F1E000
00F0E000
00E0E000
01E0F000
01C07000
03C07800
03C07800
03803800
07803C00
07FFFC00
0FFFFE00
0FFFFE00
0FFFFE00
1E000F00
1E000F00
3C000780
3C000780
3C000780
780003C0
780003C0
F80003E0
F00001E0
000001C0
00000380
00000380
00000380
000003C4
000003FC
000001FC
000000F0
ENDCHAR
STARTCHAR aogonek
ENCODING 261
SWIDTH 556 0
DWIDTH 23 0
BBX 22 31 2 -8
BITMAP
03FC00
0FFF00
1FFF80
3E0F80
3C07C0
7C03C0
7803C0
1803C0
0003C0
000FC0
03FFC0
1FFFC0
3FF3C0
7F03C0
F803C0
F003C0
F003C0
F007C0
F80FC0
7C1FC0
7FFFC0
3FF3C0
0FC1E0
0001C0
000380
000380
000380
0003C4
0003FC
0001FC
0000F0
ENDCHAR
STARTCHAR Cacute
ENCODING 262
SWIDTH 722 0
DWIDTH 30 0
BBX 26 38 2 0
BITMAP
0003E000
0007C000
00078000
000F0000
000E0000
001C0000
00000000
00000000
003F8000
01FFF000
07FFF800
0FFFFC00
1FC0FE00
1F003F00
3E001F00
7C000F80
78000780
78000400
F8000000
F0000000
F0000000
F0000000
F0000000
F0000000
F0000000
F0000000
F0000000
78000300
780003C0
780007C0
3C000780
3E000F80
1F001F00
1FC07F00
0FFFFE00
07FFFC00
01FFF000
007F8000
ENDCHAR
STARTCHAR cacute
ENCODING 263
SWIDTH 500 0
DWIDTH 21 0
BBX 19 31 2 0
BITMAP
003E00
007C00
007800
00F000
00E000
01C000
000000
000000
03F800
0FFE00
1FFF00
3F0F80
3C0780
7803C0
7803C0
F00300
F00000
F00000
F00000
F00000
F00000
F00000
F00180
F001E0
7801E0
7803C0
3C03C0
3F0F80
1FFF00
0FFE00
03F800
ENDCHAR
STARTCHAR Ccircumflex
ENCODING 264
SWIDTH 722 0
DWIDTH 30 0
BBX 26 38 2 0
BITMAP
003E0000
003F0000
007F8000
00F38000
01E3C000
01E1E000
00000000
00000000
003F8000
01FFF000
07FFF800
0FFFFC00
1FC0FE00
1F003F00
3E001F00
7C000F80
78000780
78000400
F8000000
F0000000
F0000000
F0000000
F0000000
F0000000
F0000000
F0000000
F0000000
78000300
780003C0
780007C0
3C000780
3E000F80
1F001F00
1FC07F00
0FFFFE00
07FFFC00
01FFF000
007F8000
ENDCHAR
STARTCHAR ccircumflex
ENCODING 265
SWIDTH 500 0
DWIDTH 21 0
BBX 19 31 2 0
BITMAP
01F000
03F000
07F800
0F3C00
0F1E00
1E1E00
000000
000000
03F800
0FFE00
1FFF00
3F0F80
3C0780
7803C0
7803C0
F00300
F00000
F00000
F00000
F00000
F00000
F00000
F00180
F001E0
7801E0
7803C0
3C03C0
3F0F80
1FFF00
0FFE00
03F800
ENDCHAR
STARTCHAR Cdot
ENCODING 266
SWIDTH 722 0
DWIDTH 30 0
BBX 26 36 2 0
BITMAP
000F0000
000F0000
000F0000
000F0000
00000000
00000000
003F8000
01FFF000
07FFF800
0FFFFC00
1FC0FE00
1F003F00
3E001F00
7C000F80
78000780
78000400
F8000000
F0000000
F0000000
F0000000
F0000000
F0000000
F0000000
F0000000
F0000000
78000300
780003C0
780007C0
3C000780
3E000F80
1F001F00
1FC07F00
0FFFFE00
07FFFC00
01FFF000
007F8000
ENDCHAR
STARTCHAR cdot
ENCODING 267
SWIDTH 500 0
DWIDTH 21 0
BBX 19 29 2 0
BITMAP
00F000
00F000
00F000
00F000
000000
000000
03F800
0FFE00
1FFF00
3F0F80
3C0780
7803C0
7803C0
F00300
F00000
F00000
F00000
F00000
F00000
F00000
F00180
F001E0
7801E0
7803C0
3C03C0
3F0F80
1FFF00
0FFE00
03F800
ENDCHAR
STARTCHAR Ccaron
ENCODING 268
SWIDTH 722 0
DWIDTH 30 0
BBX 26 38 2 0
BITMAP
01E1E000
01E3C000
00F38000
007F8000
003F0000
003E0000
00000000
00000000
003F8000
01FFF000
07FFF800
0FFFFC00
1FC0FE00
1F003F00
3E001F00
7C000F80
78000780
78000400
F8000000
F0000000
F0000000
F0000000
F0000000
F0000000
F0000000
F0000000
F0000000
78000300
780003C0
780007C0
3C000780
3E000F80
1F001F00
1FC07F00
0FFFFE00
07FFFC00
01FFF000
007F8000
ENDCHAR
STARTCHAR ccaron
ENCODING 269
SWIDTH 500 0
DWIDTH 21 0
BBX 19 31 2 0
BITMAP
1E1E00
0F1E00
073C00
07F800
03F000
01F000
000000
000000
03F800
0FFE00
1FFF00
3F0F80
3C0780
7803C0
7803C0
F00300
F00000
F00000
F00000
F00000
F00000
F00000
F00180
F001E0
7801E0
7803C0
3C03C0
3F0F80
1FFF00
0FFE00
03F800
ENDCHAR
STARTCHAR Dcaron
ENCODING 270
SWIDTH 722 0
DWIDTH 30 0
BBX 25 38 3 0
BITMAP
0F0F0000
070E0000
079E0000
03FC0000
01F80000
00F00000
00000000
00000000
FFFF0000
FFFFE000
FFFFF000
FFFFF800
F001FC00
F0007E00
F0003E00
F0001F00
F0000F00
F0000F00
F0000780
F0000780
F0000780
F0000780
F0000780
F0000780
F0000780
F0000780
F0000780
F0000F80
F0000F00
F0000F00
F0001F00
F0003E00
F0007E00
F001FC00
FFFFF800
FFFFF000
FFFFC000
FFFF0000
ENDCHAR
STARTCHAR dcaron
ENCODING 271
SWIDTH 614 0
DWIDTH 26 0
BBX 25 30 1 0
BITMAP
0001E780
0001E780
0001E780
0001E780
0001E180
0001E180
0001E380
03F1E700
0FF9E600
1FFFE000
3E1FE000
3C07E000
7803E000
7803E000
F003E000
F001E000
F001E000
F001E000
F001E000
F001E000
F001E000
F001E000
F001E000
7803E000
7803E000
3C07E000
3F0FE000
1FFDE000
0FFDE000
03F1E000
ENDCHAR
STARTCHAR Dslash
ENCODING 272
SWIDTH 722 0
DWIDTH 30 0
BBX 28 30 0 0
BITMAP
1FFFE000
1FFFFC00
1FFFFE00
1FFFFF00
1E003F80
1E000FC0
1E0007C0
1E0003E0
1E0001E0
1E0001E0
1E0000F0
1E0000F0
FFFE00F0
FFFE00F0
FFFE00F0
FFFE00F0
1E0000F0
1E0000F0
1E0000F0
1E0001F0
1E0001E0
1E0001E0
1E0003E0
1E0007C0
1E000FC0
1E003F80
1FFFFF00
1FFFFE00
1FFFFC00
1FFFE000
ENDCHAR
STARTCHAR dmacron
ENCODING 273
SWIDTH 556 0
DWIDTH 23 0
BBX 22 30 1 0
BITMAP
0001E0
0001E0
00FFFC
00FFFC
00FFFC
0001E0
0001E0
03F1E0
0FFDE0
1FFFE0
3E1FE0
3C07E0
7803E0
7803E0
F003E0
F001E0
F001E0
F001E0
F001E0
F001E0
F001E0
F001E0
F001E0
7803E0
7803E0
3C07E0
3F0FE0
1FFDE0
0FFDE0
03F1E0
ENDCHAR
STARTCHAR Emacron
ENCODING 274
SWIDTH 666 0
DWIDTH 28 0
BBX 23 36 3 0
BITMAP
07FFC0
07FFC0
07FFC0
07FFC0
000000
000000
FFFFFC
FFFFFC
FFFFFC
FFFFFC
F00000
F00000
F00000
F00000
F00000
F00000
F00000
F00000
FFFFF8
FFFFF8
FFFFF8
FFFFF8
F00000
F00000
F00000
F00000
F00000
F00000
F00000
F00000
F00000
F00000
FFFFFE
FFFFFE
FFFFFE
FFFFFE
ENDCHAR
STARTCHAR emacron
ENCODING 275
SWIDTH 556 0
DWIDTH 23 0
BBX 19 29 2 0
BITMAP
0FFF80
0FFF80
0FFF80
0FFF80
000000
000000
03F800
0FFE00
1FFF00
3E0F80
3C07C0
7803C0
7803C0
F001E0
F001E0
FFFFE0
FFFFE0
FFFFE0
F00000
F00000
F00000
F80080
7801E0
7C01C0
3C03C0
3F0F80
1FFF00
0FFE00
03F800
ENDCHAR
STARTCHAR Ebreve
ENCODING 276
SWIDTH 666 0
DWIDTH 28 0
BBX 23 37 3 0
BITMAP
070380
078780
03FF00
01FF00
00FC00
000000
000000
FFFFFC
FFFFFC
FFFFFC
FFFFFC
F00000
F00000
F00000
F00000
F00000
F00000
F00000
F00000
FFFFF8
FFFFF8
FFFFF8
FFFFF8
F00000
F00000
F00000
F00000
F00000
F00000
F00000
F00000
F00000
F00000
FFFFFE
FFFFFE
FFFFFE
FFFFFE
ENDCHAR
STARTCHAR ebreve
ENCODING 277
SWIDTH 556 0
DWIDTH 23 0
BBX 19 30 2 0
BITMAP
0E0700
0F0F00
07FE00
03FE00
01F800
000000
000000
03F800
0FFE00
1FFF00
3E0F80
3C07C0
7803C0
7803C0
F001E0
F001E0
FFFFE0
FFFFE0
FFFFE0
F00000
F00000
F00000
F80080
7801E0
7C01C0
3C03C0
3F0F80
1FFF00
0FFE00
03F800
ENDCHAR
STARTCHAR Edot
ENCODING 278
SWIDTH 666 0
DWIDTH 28 0
BBX 23 36 3 0
BITMAP
007800
007800
007800
007800
000000
000000
FFFFFC
FFFFFC
FFFFFC
FFFFFC
F00000
F00000
F00000
F00000
F00000
F00000
F00000
F00000
FFFFF8
FFFFF8
FFFFF8
FFFFF8
F00000
F00000
F00000
F00000
F00000
F00000
F00000
F00000
F00000
F00000
FFFFFE
FFFFFE
FFFFFE
FFFFFE
ENDCHAR
STARTCHAR edot
ENCODING 279
SWIDTH 556 0
DWIDTH 23 0
BBX 19 29 2 0
BITMAP
00F000
00F000
00F000
00F000
000000
000000
03F800
0FFE00
1FFF00
3E0F80
3C07C0
7803C0
7803C0
F001E0
F001E0
FFFFE0
FFFFE0
FFFFE0
F00000
F00000
F00000
F80080
7801E0
7C01C0
3C03C0
3F0F80
1FFF00
0FFE00
03F800
ENDCHAR
STARTCHAR Eogonek
ENCODING 280
SWIDTH 666 0
DWIDTH 28 0
BBX 23 38 3 -8
BITMAP
FFFFFC
FFFFFC
FFFFFC
FFFFFC
F00000
F00000
F00000
F00000
F00000
F00000
F00000
F00000
FFFFF8
FFFFF8
FFFFF8
FFFFF8
F00000
F00000
F00000
F00000
F00000
F00000
F00000
F00000
F00000
F00000
FFFFFE
FFFFFE
FFFFFE
FFFFFE
0000E0
0001C0
0001C0
0001C0
0001E2
0001FE
0000FE
000078
ENDCHAR
STARTCHAR eogonek
ENCODING 281
SWIDTH 556 0
DWIDTH 23 0
BBX 19 31 2 -8
BITMAP
03F800
0FFE00
1FFF00
3E0F80
3C07C0
7803C0
7803C0
F001E0
F001E0
FFFFE0
FFFFE0
FFFFE0
F00000
F00000
F00000
F80080
7801E0
7C01C0
3C03C0
3F0F80
1FFF00
0FFE00
03F800
00E000
01C000
01C000
01C000
01E200
01FE00
00FE00
007800
ENDCHAR
STARTCHAR Ecaron
ENCODING 282
SWIDTH 666 0
DWIDTH 28 0
BBX 23 38 3 0
BITMAP
078780
038700
03CF00
01FE00
00FC00
007800
000000
000000
FFFFFC
FFFFFC
FFFFFC
FFFFFC
F00000
F00000
F00000
F00000
F00000
F00000
F00000
F00000
FFFFF8
FFFFF8
FFFFF8
FFFFF8
F00000
F00000
F00000
F00000
F00000
F00000
F00000
F00000
F00000
F00000
FFFFFE
FFFFFE
FFFFFE
FFFFFE
ENDCHAR
STARTCHAR ecaron
ENCODING 283
SWIDTH 556 0
DWIDTH 23 0
BBX 19 31 2 0
BITMAP
0F0F00
070E00
079E00
03FC00
01F800
00F000
000000
000000
03F800
0FFE00
1FFF00
3E0F80
3C07C0
7803C0
7803C0
F001E0
F001E0
FFFFE0
FFFFE0
FFFFE0
F00000
F00000
F00000
F80080
7801E0
7C01C0
3C03C0
3F0F80
1FFF00
0FFE00
03F800
ENDCHAR
STARTCHAR Gcircumflex
ENCODING 284
SWIDTH 777 0
DWIDTH 33 0
BBX 28 38 2 0
BITMAP
00078000
000FC000
001FE000
003CF000
00387000
00787800
00000000
00000000
001FE000
00FFFC00
03FFFF00
07FFFF80
0FE03FC0
1F8007C0
3E0003E0
3C0001E0
7C0001E0
780000C0
78000000
F0000000
F0000000
F0000000
F0000000
F001FFF0
F001FFF0
F001FFF0
F001FFF0
780000F0
780000F0
7C0000F0
3C0000F0
3E0000F0
1F8003F0
0FE01FF0
07FFFFE0
03FFFF80
00FFFE00
001FF000
ENDCHAR
STARTCHAR gcircumflex
ENCODING 285
SWIDTH 556 0
DWIDTH 23 0
BBX 19 39 1 -8
BITMAP
00F000
01F800
03FC00
079E00
078E00
0F0F00
000000
000000
03F000
0FF9E0
1FFFE0
3E1FE0
3C07E0
7803E0
7803E0
F003E0
F001E0
F001E0
F001E0
F001E0
F001E0
F001E0
F001E0
F001E0
7803E0
7803E0
3C07E0
3E0FE0
1FFFE0
0FFDE0
03F1E0
0001E0
6001E0
7803C0
7C03C0
3E0F80
3FFF80
0FFE00
03F800
ENDCHAR
STARTCHAR Gbreve
ENCODING 286
SWIDTH 777 0
DWIDTH 33 0
BBX 28 37 2 0
BITMAP
00703800
00787800
003FF000
001FF000
000FC000
00000000
00000000
001FE000
00FFFC00
03FFFF00
07FFFF80
0FE03FC0
1F8007C0
3E0003E0
3C0001E0
7C0001E0
780000C0
78000000
F0000000
F0000000
F0000000
F0000000
F001FFF0
F001FFF0
F001FFF0
F001FFF0
780000F0
780000F0
7C0000F0
3C0000F0
3E0000F0
1F8003F0
0FE01FF0
07FFFFE0
03FFFF80
00FFFE00
001FF000
ENDCHAR
STARTCHAR gbreve
ENCODING 287
SWIDTH 556 0
DWIDTH 23 0
BBX 19 38 1 -8
BITMAP
1C0E00
1E1E00
0FFC00
07FC00
03F000
000000
000000
03F000
0FF9E0
1FFFE0
3E1FE0
3C07E0
7803E0
7803E0
F003E0
F001E0
F001E0
F001E0
F001E0
F001E0
F001E0
F001E0
F001E0
7803E0
7803E0
3C07E0
3E0FE0
1FFFE0
0FFDE0
03F1E0
0001E0
6001E0
7803C0
7C03C0
3E0F80
3FFF80
0FFE00
03F800
ENDCHAR
STARTCHAR Gdot
ENCODING 288
SWIDTH 777 0
DWIDTH 33 0
BBX 28 36 2 0
BITMAP
00078000
00078000
00078000
00078000
00000000
00000000
001FE000
00FFFC00
03FFFF00
07FFFF80
0FE03FC0
1F8007C0
3E0003E0
3C0001E0
7C0001E0
780000C0
78000000
F0000000
F0000000
F0000000
F0000000
F001FFF0
F001FFF0
F001FFF0
F001FFF0
780000F0
780000F0
7C0000F0
3C0000F0
3E0000F0
1F8003F0
0FE01FF0
07FFFFE0
03FFFF80
00FFFE00
001FF000
ENDCHAR
STARTCHAR gdot
ENCODING 289
SWIDTH 556 0
DWIDTH 23 0
BBX 19 37 1 -8
BITMAP
00F000
00F000
00F000
00F000
000000
000000
03F000
0FF9E0
1FFFE0
3E1FE0
3C07E0
7803E0
7803E0
F003E0
F001E0
F001E0
F001E0
F001E0
F001E0
F001E0
F001E0
F001E0
7803E0
7803E0
3C07E0
3E0FE0
1FFFE0
0FFDE0
03F1E0
0001E0
6001E0
7803C0
7C03C0
3E0F80
3FFF80
0FFE00
03F800
ENDCHAR
STARTCHAR Gcedilla
ENCODING 290
SWIDTH 777 0
DWIDTH 33 0
BBX 28 38 2 -8
BITMAP
001FE000
00FFFC00
03FFFF00
07FFFF80
0FE03FC0
1F8007C0
3E0003E0
3C0001E0
7C0001E0
780000C0
78000000
F0000000
F0000000
F0000000
F0000000
F001FFF0
F001FFF0
F001FFF0
F001FFF0
780000F0
780000F0
7C0000F0
3C0000F0
3E0000F0
1F8003F0
0FE01FF0
07FFFFE0
03FFFF80
00FFFE00
001FF000
00030000
00020000
00078000
0007E000
0000E000
0001E000
003FC000
003F0000
ENDCHAR
STARTCHAR gcedilla
ENCODING 291
SWIDTH 556 0
DWIDTH 23 0
BBX 19 42 1 -8
BITMAP
004000
00E000
00C000
018000
018000
01E000
01E000
01E000
01E000
000000
000000
03F000
0FFDE0
1FFFE0
3E0FE0
3C07E0
7803E0
7803E0
F803E0
F001E0
F001E0
F001E0
F001E0
F001E0
F001E0
F001E0
F001E0
7803E0
7803E0
3C07E0
3E0FE0
1FFFE0
0FFDE0
03F1E0
0001E0
6001E0
7803C0
7C03C0
3E0F80
3FFF80
0FFE00
03F800
ENDCHAR
STARTCHAR Hcircumflex
ENCODING 292
SWIDTH 722 0
DWIDTH 30 0
BBX 24 38 3 0
BITMAP
007C00
007E00
00FF00
01E700
03C780
03C3C0
000000
000000
F0000F
F0000F
F0000F
F0000F
F0000F
F0000F
F0000F
F0000F
F0000F
F0000F
F0000F
F0000F
FFFFFF
FFFFFF
FFFFFF
FFFFFF
F0000F
F0000F
F0000F
F0000F
F0000F
F0000F
F0000F
F0000F
F0000F
F0000F
F0000F
F0000F
F0000F
F0000F
ENDCHAR
STARTCHAR hcircumflex
ENCODING 293
SWIDTH 556 0
DWIDTH 23 0
BBX 17 38 3 0
BITMAP
00F000
01F800
03FC00
079E00
070E00
0F0F00
000000
000000
F00000
F00000
F00000
F00000
F00000
F00000
F00000
F1F800
F7FE00
FFFF00
FE1F00
FC0F80
F80780
F00780
F00780
F00780
F00780
F00780
F00780
F00780
F00780
F00780
F00780
F00780
F00780
F00780
F00780
F00780
F00780
F00780
ENDCHAR
STARTCHAR Hbar
ENCODING 294
SWIDTH 722 0
DWIDTH 30 0
BBX 30 30 0 0
BITMAP
1E0001E0
1E0001E0
1E0001E0
FFFFFFFC
FFFFFFFC
FFFFFFFC
FFFFFFFC
1E0001E0
1E0001E0
1E0001E0
1E0001E0
1E0001E0
1FFFFFE0
1FFFFFE0
1FFFFFE0
1FFFFFE0
1E0001E0
1E0001E0
1E0001E0
1E0001E0
1E0001E0
1E0001E0
1E0001E0
1E0001E0
1E0001E0
1E0001E0
1E0001E0
1E0001E0
1E0001E0
1E0001E0
ENDCHAR
STARTCHAR hbar
ENCODING 295
SWIDTH 556 0
DWIDTH 23 0
BBX 20 30 0 0
BITMAP
1E0000
1E0000
FFFC00
FFFC00
FFFC00
1E0000
1E0000
1E3F00
1EFFC0
1FFFE0
1FC3E0
1F81F0
1F00F0
1E00F0
1E00F0
1E00F0
1E00F0
1E00F0
1E00F0
1E00F0
1E00F0
1E00F0
1E00F0
1E00F0
1E00F0
1E00F0
1E00F0
1E00F0
1E00F0
1E00F0
ENDCHAR
STARTCHAR Itilde
ENCODING 296
SWIDTH 277 0
DWIDTH 12 0
BBX 13 38 0 0
BITMAP
3878
7E70
FFF0
FFF0
E7E0
E1C0
0000
0000
0F00
0F00
0F00
0F00
0F00
0F00
0F00
0F00
0F00
0F00
0F00
0F00
0F00
0F00
0F00
0F00
0F00
0F00
0F00
0F00
0F00
0F00
0F00
0F00
0F00
0F00
0F00
0F00
0F00
0F00
ENDCHAR
STARTCHAR itilde
ENCODING 297
SWIDTH 277 0
DWIDTH 12 0
BBX 13 31 0 0
BITMAP
3C38
7E38
7FF8
FFF0
E7F0
E1E0
0000
0000
0000
0F00
0F00
0F00
0F00
0F00
0F00
0F00
0F00
0F00
0F00
0F00
0F00
0F00
0F00
0F00
0F00
0F00
0F00
0F00
0F00
0F00
0F00
ENDCHAR
STARTCHAR Imacron
ENCODING 298
SWIDTH 277 0
DWIDTH 12 0
BBX 13 36 0 0
BITMAP
FFF8
FFF8
FFF8
FFF8
0000
0000
0F00
0F00
0F00
0F00
0F00
0F00
0F00
0F00
0F00
0F00
0F00
0F00
0F00
0F00
0F00
0F00
0F00
0F00
0F00
0F00
0F00
0F00
0F00
0F00
0F00
0F00
0F00
0F00
0F00
0F00
ENDCHAR
STARTCHAR imacron
ENCODING 299
SWIDTH 277 0
DWIDTH 12 0
BBX 13 29 0 0
BITMAP
FFF8
FFF8
FFF8
FFF8
0000
0000
0000
0F00
0F00
0F00
0F00
0F00
0F00
0F00
0F00
0F00
0F00
0F00
0F00
0F00
0F00
0F00
0F00
0F00
0F00
0F00
0F00
0F00
0F00
ENDCHAR
STARTCHAR Ibreve
ENCODING 300
SWIDTH 277 0
DWIDTH 12 0
BBX 12 37 0 0
BITMAP
E070
F0F0
7FE0
3FE0
0F80
0000
0000
0F00
0F00
0F00
0F00
0F00
0F00
0F00
0F00
0F00
0F00
0F00
0F00
0F00
0F00
0F00
0F00
0F00
0F00
0F00
0F00
0F00
0F00
0F00
0F00
0F00
0F00
0F00
0F00
0F00
0F00
ENDCHAR
STARTCHAR ibreve
ENCODING 301
SWIDTH 277 0
DWIDTH 12 0
BBX 12 30 0 0
BITMAP
E070
F0F0
7FE0
3FC0
1F80
0000
0000
0000
0F00
0F00
0F00
0F00
0F00
0F00
0F00
0F00
0F00
0F00
0F00
0F00
0F00
0F00
0F00
0F00
0F00
0F00
0F00
0F00
0F00
0F00
ENDCHAR
STARTCHAR Iogonek
ENCODING 302
SWIDTH 277 0
DWIDTH 12 0
BBX 9 38 3 -8
BITMAP
7800
7800
7800
7800
7800
7800
7800
7800
7800
7800
7800
7800
7800
7800
7800
7800
7800
7800
7800
7800
7800
7800
7800
7800
7800
7800
7800
7800
7800
7800
6000
E000
E000
E000
F080
FF80
7F80
3E00
ENDCHAR
STARTCHAR iogonek
ENCODING 303
SWIDTH 222 0
DWIDTH 10 0
BBX 9 38 2 -8
BITMAP
7800
7800
7800
7800
0000
0000
0000
0000
7800
7800
7800
7800
7800
7800
7800
7800
7800
7800
7800
7800
7800
7800
7800
7800
7800
7800
7800
7800
7800
7800
7000
E000
E000
E000
F080
FF80
7F80
3E00
ENDCHAR
STARTCHAR Idotaccent
ENCODING 304
SWIDTH 277 0
DWIDTH 12 0
BBX 4 36 4 0
BITMAP
F0
F0
F0
F0
00
00
F0
F0
F0
F0
F0
F0
F0
F0
F0
F0
F0
F0
F0
F0
F0
F0
F0
F0
F0
F0
F0
F0
F0
F0
F0
F0
F0
F0
F0
F0
ENDCHAR
STARTCHAR dotlessi
ENCODING 305
SWIDTH 277 0
DWIDTH 12 0
BBX 4 22 4 0
BITMAP
F0
F0
F0
F0
F0
F0
F0
F0
F0
F0
F0
F0
F0
F0
F0
F0
F0
F0
F0
F0
F0
F0
ENDCHAR
STARTCHAR IJ
ENCODING 306
SWIDTH 734 0
DWIDTH 31 0
BBX 24 30 4 0
BITMAP
F0000F
F0000F
F0000F
F0000F
F0000F
F0000F
F0000F
F0000F
F0000F
F0000F
F0000F
F0000F
F0000F
F0000F
F0000F
F0000F
F0000F
F0000F
F0000F
F0000F
F1E00F
F1E00F
F1E00F
F1F00F
F1F01F
F0F83E
F0FFFE
F07FFC
F03FF8
F00FE0
ENDCHAR
STARTCHAR ij
ENCODING 307
SWIDTH 443 0
DWIDTH 19 0
BBX 14 38 3 -8
BITMAP
F03C
F03C
F03C
F03C
0000
0000
0000
0000
F03C
F03C
F03C
F03C
F03C
F03C
F03C
F03C
F03C
F03C
F03C
F03C
F03C
F03C
F03C
F03C
F03C
F03C
F03C
F03C
F03C
F03C
003C
003C
003C
003C
007C
03F8
07F0
07E0
ENDCHAR
STARTCHAR Jcircumflex
ENCODING 308
SWIDTH 500 0
DWIDTH 21 0
BBX 21 38 1 0
BITMAP
0007C0
000FC0
001EE0
001CF0
003C78
007878
000000
000000
000780
000780
000780
000780
000780
000780
000780
000780
000780
000780
000780
000780
000780
000780
000780
000780
000780
000780
000780
000780
F00780
F00780
F00780
F80780
F80F80
7C1F00
7FFF00
3FFE00
1FFC00
07F000
ENDCHAR
STARTCHAR jcircumflex
ENCODING 309
SWIDTH 222 0
DWIDTH 10 0
BBX 13 39 -2 -8
BITMAP
0780
0FC0
1FE0
3CF0
3870
7878
0000
0000
0000
0780
0780
0780
0780
0780
0780
0780
0780
0780
0780
0780
0780
0780
0780
0780
0780
0780
0780
0780
0780
0780
0780
0780
0780
0780
0780
0F80
7F00
FF00
FC00
ENDCHAR
STARTCHAR Kcedilla
ENCODING 310
SWIDTH 666 0
DWIDTH 28 0
BBX 25 38 3 -8
BITMAP
F0003F00
F0007E00
F000FC00
F001F800
F003F000
F007E000
F00FC000
F01F8000
F03F0000
F07E0000
F0FC0000
F1F80000
F3F00000
F7F80000
FFFC0000
FFBC0000
FF3E0000
FE1F0000
FC0F8000
F80F8000
F007C000
F003E000
F001E000
F001F000
F000F800
F0007C00
F0003C00
F0003E00
F0001F00
F0000F80
00000000
007E0000
007F8000
00078000
00078000
00078000
01FF0000
01FC0000
ENDCHAR
STARTCHAR kcedilla
ENCODING 311
SWIDTH 500 0
DWIDTH 21 0
BBX 18 38 3 -8
BITMAP
F00000
F00000
F00000
F00000
F00000
F00000
F00000
F00000
F01F00
F03E00
F07C00
F0F800
F1F000
F3E000
F7C000
FF8000
FF8000
FFC000
FFC000
FBE000
F1F000
F0F000
F0F800
F07C00
F03C00
F03E00
F01F00
F00F00
F00F80
F007C0
000000
03E000
03F800
007C00
003C00
007C00
0FF800
0FE000
ENDCHAR
STARTCHAR kgreenlandic
ENCODING 312
SWIDTH 500 0
DWIDTH 21 0
BBX 17 22 3 0
BITMAP
F01F00
F03E00
F07C00
F0F800
F1F000
F3E000
F7C000
F7C000
FF8000
FFC000
FFC000
F9E000
F9F000
F0F000
F0F800
F07800
F03C00
F03E00
F01E00
F01F00
F00F80
F00780
ENDCHAR
STARTCHAR Lacute
ENCODING 313
SWIDTH 556 0
DWIDTH 23 0
BBX 19 38 3 0
BITMAP
03E000
07C000
078000
0F0000
0E0000
1C0000
000000
000000
F00000
F00000
F00000
F00000
F00000
F00000
F00000
F00000
F00000
F00000
F00000
F00000
F00000
F00000
F00000
F00000
F00000
F00000
F00000
F00000
F00000
F00000
F00000
F00000
F00000
F00000
FFFFE0
FFFFE0
FFFFE0
FFFFE0
ENDCHAR
STARTCHAR lacute
ENCODING 314
SWIDTH 222 0
DWIDTH 10 0
BBX 8 38 2 0
BITMAP
1F
3E
3C
78
70
E0
00
00
78
78
78
78
78
78
78
78
78
78
78
78
78
78
78
78
78
78
78
78
78
78
78
78
78
78
78
78
78
78
ENDCHAR
STARTCHAR Lcedilla
ENCODING 315
SWIDTH 556 0
DWIDTH 23 0
BBX 19 38 3 -8
BITMAP
F00000
F00000
F00000
F00000
F00000
F00000
F00000
F00000
F00000
F00000
F00000
F00000
F00000
F00000
F00000
F00000
F00000
F00000
F00000
F00000
F00000
F00000
F00000
F00000
F00000
F00000
FFFFE0
FFFFE0
FFFFE0
FFFFE0
000000
01F000
01FC00
003E00
001E00
003E00
07FC00
07F000
ENDCHAR
STARTCHAR lcedilla
ENCODING 316
SWIDTH 222 0
DWIDTH 10 0
BBX 10 38 1 -8
BITMAP
3C00
3C00
3C00
3C00
3C00
3C00
3C00
3C00
3C00
3C00
3C00
3C00
3C00
3C00
3C00
3C00
3C00
3C00
3C00
3C00
3C00
3C00
3C00
3C00
3C00
3C00
3C00
3C00
3C00
3C00
0000
3E00
3F80
07C0
03C0
0780
FF80
FE00
ENDCHAR
STARTCHAR Lcaron
ENCODING 317
SWIDTH 556 0
DWIDTH 23 0
BBX 17 30 4 0
BITMAP
F01E00
F01E00
F01E00
F01E00
F00600
F00600
F00600
F00C00
F01C00
F01800
F00000
F00000
F00000
F00000
F00000
F00000
F00000
F00000
F00000
F00000
F00000
F00000
F00000
F00000
F00000
F00000
FFFF80
FFFF80
FFFF80
FFFF80
ENDCHAR
STARTCHAR lcaron
ENCODING 318
SWIDTH 291 0
DWIDTH 12 0
BBX 9 30 3 0
BITMAP
F780
F780
F780
F780
F180
F180
F380
F300
F600
F000
F000
F000
F000
F000
F000
F000
F000
F000
F000
F000
F000
F000
F000
F000
F000
F000
F000
F000
F000
F000
ENDCHAR
STARTCHAR Ldot
ENCODING 319
SWIDTH 556 0
DWIDTH 23 0
BBX 19 30 3 0
BITMAP
F00000
F00000
F00000
F00000
F00000
F00000
F00000
F00000
F00000
F00000
F00000
F00000
F00F00
F00F00
F00F00
F00F00
F00000
F00000
F00000
F00000
F00000
F00000
F00000
F00000
F00000
F00000
FFFFE0
FFFFE0
FFFFE0
FFFFE0
ENDCHAR
STARTCHAR ldot
ENCODING 320
SWIDTH 333 0
DWIDTH 14 0
BBX 11 30 3 0
BITMAP
F000
F000
F000
F000
F000
F000
F000
F000
F000
F000
F000
F000
F000
F1E0
F1E0
F1E0
F1E0
F000
F000
F000
F000
F000
F000
F000
F000
F000
F000
F000
F000
F000
ENDCHAR
STARTCHAR Lslash
ENCODING 321
SWIDTH 556 0
DWIDTH 23 0
BBX 21 30 1 0
BITMAP
1E0000
1E0000
1E0000
1E0000
1E0000
1E0000
1E0400
1E1C00
1E3C00
1E7C00
1EF800
1FE000
1FC000
1F8000
1F0000
7E0000
FE0000
FE0000
FE0000
9E0000
1E0000
1E0000
1E0000
1E0000
1E0000
1E0000
1FFFF8
1FFFF8
1FFFF8
1FFFF8
ENDCHAR
STARTCHAR lslash
ENCODING 322
SWIDTH 222 0
DWIDTH 9 0
BBX 10 30 0 0
BITMAP
1E00
1E00
1E00
1E00
1E00
1E00
1E00
1E00
1E00
1E40
1FC0
1FC0
1FC0
1F80
3F00
7E00
FE00
FE00
FE00
9E00
1E00
1E00
1E00
1E00
1E00
1E00
1E00
1E00
1E00
1E00
ENDCHAR
STARTCHAR Nacute
ENCODING 323
SWIDTH 722 0
DWIDTH 30 0
BBX 24 38 3 0
BITMAP
0007C0
000F80
000F00
001E00
001C00
003800
000000
000000
F8000F
F8000F
FC000F
FE000F
FE000F
FF000F
FF800F
F7800F
F7C00F
F3E00F
F1E00F
F1F00F
F0F80F
F0780F
F07C0F
F03E0F
F01E0F
F01F0F
F00F8F
F0078F
F007CF
F003EF
F001EF
F001FF
F000FF
F0007F
F0007F
F0003F
F0001F
F0001F
ENDCHAR
STARTCHAR nacute
ENCODING 324
SWIDTH 556 0
DWIDTH 23 0
BBX 17 31 3 0
BITMAP
007C00
00F800
00F000
01E000
01C000
038000
000000
000000
00F800
F3FE00
F7FF00
FE1F00
FC0F80
F80780
F80780
F00780
F00780
F00780
F00780
F00780
F00780
F00780
F00780
F00780
F00780
F00780
F00780
F00780
F00780
F00780
F00780
ENDCHAR
STARTCHAR Ncedilla
ENCODING 325
SWIDTH 722 0
DWIDTH 30 0
BBX 24 38 3 -8
BITMAP
F8000F
F8000F
FC000F
FE000F
FE000F
FF000F
FF800F
F7800F
F7C00F
F3E00F
F1E00F
F1F00F
F0F80F
F0780F
F07C0F
F03E0F
F01E0F
F01F0F
F00F8F
F0078F
F007CF
F003EF
F001EF
F001FF
F000FF
F0007F
F0007F
F0003F
F0001F
F0001F
000000
003E00
003F80
0007C0
0003C0
0007C0
00FF80
00FE00
ENDCHAR
STARTCHAR ncedilla
ENCODING 326
SWIDTH 556 0
DWIDTH 23 0
BBX 17 31 3 -8
BITMAP
00F800
F3FE00
F7FF00
FE1F00
FC0F80
F80780
F80780
F00780
F00780
F00780
F00780
F00780
F00780
F00780
F00780
F00780
F00780
F00780
F00780
F00780
F00780
F00780
F00780
000000
03E000
03F800
003C00
003C00
007C00
0FF800
0FE000
ENDCHAR
STARTCHAR Ncaron
ENCODING 327
SWIDTH 722 0
DWIDTH 30 0
BBX 24 38 3 0
BITMAP
01E1E0
01E3C0
00F380
007780
003F00
003E00
000000
000000
F8000F
F8000F
FC000F
FE000F
FE000F
FF000F
FF800F
F7800F
F7C00F
F3E00F
F1E00F
F1F00F
F0F80F
F0780F
F07C0F
F03E0F
F01E0F
F01F0F
F00F8F
F0078F
F007CF
F003EF
F001EF
F001FF
F000FF
F0007F
F0007F
F0003F
F0001F
F0001F
ENDCHAR
STARTCHAR ncaron
ENCODING 328
SWIDTH 556 0
DWIDTH 23 0
BBX 17 31 3 0
BITMAP
1C1E00
1E3C00
0F3800
077800
03F000
03E000
000000
000000
00F800
F3FE00
F7FF00
FE1F00
FC0F80
F80780
F80780
F00780
F00780
F00780
F00780
F00780
F00780
F00780
F00780
F00780
F00780
F00780
F00780
F00780
F00780
F00780
F00780
ENDCHAR
STARTCHAR napostrophe
ENCODING 329
SWIDTH 604 0
DWIDTH 25 0
BBX 22 30 0 0
BITMAP
F00000
F00000
F00000
F00000
300000
300000
300000
7007C0
E79FF0
47BFF8
07F0F8
07E07C
07C03C
07C03C
07803C
07803C
07803C
07803C
07803C
07803C
07803C
07803C
07803C
07803C
07803C
07803C
07803C
07803C
07803C
07803C
ENDCHAR
STARTCHAR Eng
ENCODING 330
SWIDTH 723 0
DWIDTH 30 0
BBX 25 30 3 0
BITMAP
F07F8000
F3FFF000
F7FFF800
FFFFFC00
FF80FE00
FE003E00
FC001F00
F8001F00
F8000F00
F0000F80
F0000780
F0000780
F0000780
F0000780
F0000780
F0000780
F0000780
F0000780
F0000780
F0000780
F0000F80
F0000F00
F0000F00
F0001F00
F0003E00
F0007E00
F01FFC00
F01FF800
F03FF000
F00FC000
ENDCHAR
STARTCHAR eng
ENCODING 331
SWIDTH 556 0
DWIDTH 23 0
BBX 17 31 3 -8
BITMAP
00F800
F3FE00
F7FF00
FE1F00
FC0F80
F80780
F00780
F00780
F00780
F00780
F00780
F00780
F00780
F00780
F00780
F00780
F00780
F00780
F00780
F00780
F00780
F00780
F00780
000780
000780
000780
000780
000F80
007F00
007E00
00FC00
ENDCHAR
STARTCHAR Omacron
ENCODING 332
SWIDTH 777 0
DWIDTH 33 0
BBX 29 36 2 0
BITMAP
00FFF800
00FFF800
00FFF800
00FFF800
00000000
00000000
003FE000
00FFF800
03FFFE00
07FFFF00
0FE03F80
1F800FC0
3E0003E0
3C0001E0
7C0001F0
780000F0
780000F0
F0000078
F0000078
F0000078
F0000078
F0000078
F0000078
F0000078
F0000078
780000F0
780000F0
7C0001F0
3C0001E0
3E0003E0
1F800FC0
0FE03F80
07FFFF00
03FFFE00
00FFF800
003FC000
ENDCHAR
STARTCHAR omacron
ENCODING 333
SWIDTH 556 0
DWIDTH 23 0
BBX 19 29 2 0
BITMAP
1FFF00
1FFF00
1FFF00
1FFF00
000000
000000
03F800
0FFE00
1FFF00
3E0F80
3C0780
7803C0
7803C0
F001E0
F001E0
F001E0
F001E0
F001E0
F001E0
F001E0
F001E0
F003E0
7803C0
7803C0
3C0780
3E0F80
1FFF00
0FFE00
03F800
ENDCHAR
STARTCHAR Obreve
ENCODING 334
SWIDTH 777 0
DWIDTH 33 0
BBX 29 37 2 0
BITMAP
00E07000
00F0F000
007FE000
003FE000
001F8000
00000000
00000000
003FE000
00FFF800
03FFFE00
07FFFF00
0FE03F80
1F800FC0
3E0003E0
3C0001E0
7C0001F0
780000F0
780000F0
F0000078
F0000078
F0000078
F0000078
F0000078
F0000078
F0000078
F0000078
780000F0
780000F0
7C0001F0
3C0001E0
3E0003E0
1F800FC0
0FE03F80
07FFFF00
03FFFE00
00FFF800
003FC000
ENDCHAR
STARTCHAR obreve
ENCODING 335
SWIDTH 556 0
DWIDTH 23 0
BBX 19 30 2 0
BITMAP
0E0700
0F0E00
07FE00
03FC00
01F800
000000
000000
03F800
0FFE00
1FFF00
3E0F80
3C0780
7803C0
7803C0
F001E0
F001E0
F001E0
F001E0
F001E0
F001E0
F001E0
F001E0
F003E0
7803C0
7803C0
3C0780
3E0F80
1FFF00
0FFE00
03F800
ENDCHAR
STARTCHAR Odblacute
ENCODING 336
SWIDTH 777 0
DWIDTH 33 0
BBX 29 38 2 0
BITMAP
000F1E00
001E3C00
001C3800
003C7800
00387000
0070E000
00000000
00000000
003FE000
00FFF800
03FFFE00
07FFFF00
0FE03F80
1F800FC0
3E0003E0
3C0001E0
7C0001F0
780000F0
780000F0
F0000078
F0000078
F0000078
F0000078
F0000078
F0000078
F0000078
F0000078
780000F0
780000F0
7C0001F0
3C0001E0
3E0003E0
1F800FC0
0FE03F80
07FFFF00
03FFFE00
00FFF800
003FC000
ENDCHAR
STARTCHAR odblacute
ENCODING 337
SWIDTH 556 0
DWIDTH 23 0
BBX 19 31 2 0
BITMAP
03C780
078F00
070E00
0F1E00
0E1C00
1C3800
000000
000000
03F800
0FFE00
1FFF00
3E0F80
3C0780
7803C0
7803C0
F001E0
F001E0
F001E0
F001E0
F001E0
F001E0
F001E0
F001E0
F003E0
7803C0
7803C0
3C0780
3E0F80
1FFF00
0FFE00
03F800
ENDCHAR
STARTCHAR OE
ENCODING 338
SWIDTH 1000 0
DWIDTH 42 0
BBX 38 30 3 0
BITMAP
00FE0FFFF8
03FF8FFFF8
0FFFCFFFF8
1FFFEFFFF8
1F81FF0000
3E00FF0000
3C003F0000
7C003F0000
78001F0000
78001F0000
F0000F0000
F0000F0000
F0000FFFF0
F0000FFFF0
F0000FFFF0
F0000FFFF0
F0000F0000
F0000F0000
F0000F0000
F0001F0000
78001F0000
78001F0000
7C003F0000
3C003F0000
3F00FF0000
1F81FF0000
0FFFEFFFFC
07FFCFFFFC
03FF8FFFFC
00FE0FFFFC
ENDCHAR
STARTCHAR oe
ENCODING 339
SWIDTH 943 0
DWIDTH 40 0
BBX 36 23 1 0
BITMAP
01F801F800
07FE07FE00
1FFF9FFF80
3F0FFF07C0
3C03FC03C0
7C03F801E0
7801F801E0
F801F000F0
F000F000F0
F000FFFFF0
F000FFFFF0
F000FFFFF0
F000F00000
F000F00000
F000F00000
F801F80000
7801F800F0
7803FC01E0
3C03FE03E0
3F0FBF07C0
1FFF1FFF80
0FFE07FF00
01F801FC00
ENDCHAR
STARTCHAR Racute
ENCODING 340
SWIDTH 722 0
DWIDTH 30 0
BBX 26 38 3 0
BITMAP
001F0000
003E0000
003C0000
00780000
00700000
00E00000
00000000
00000000
FFFFC000
FFFFF800
FFFFFC00
FFFFFE00
F0007E00
F0001F00
F0001F00
F0000F00
F0000F00
F0000F00
F0001F00
F0001F00
F0007E00
FFFFFC00
FFFFFC00
FFFFF000
FFFFC000
F00F0000
F007C000
F003E000
F001F000
F000F000
F000F800
F0007C00
F0003C00
F0003E00
F0001F00
F0000F00
F0000F80
F00007C0
ENDCHAR
STARTCHAR racute
ENCODING 341
SWIDTH 333 0
DWIDTH 14 0
BBX 12 31 3 0
BITMAP
07C0
0F80
0F00
1E00
1C00
3800
0000
0000
03C0
E7F0
EFF0
FC60
F820
F800
F000
F000
F000
F000
F000
F000
F000
F000
F000
F000
F000
F000
F000
F000
F000
F000
F000
ENDCHAR
STARTCHAR Rcedilla
ENCODING 342
SWIDTH 722 0
DWIDTH 30 0
BBX 26 38 3 -8
BITMAP
FFFFC000
FFFFF800
FFFFFC00
FFFFFE00
F0007E00
F0001F00
F0001F00
F0000F00
F0000F00
F0000F00
F0001F00
F0001F00
F0007E00
FFFFFC00
FFFFFC00
FFFFF000
FFFFC000
F00F0000
F007C000
F003E000
F001F000
F000F000
F000F800
F0007C00
F0003C00
F0003E00
F0001F00
F0000F00
F0000F80
F00007C0
00000000
003E0000
003F8000
0007C000
0003C000
0007C000
00FF8000
00FE0000
ENDCHAR
STARTCHAR rcedilla
ENCODING 343
SWIDTH 333 0
DWIDTH 14 0
BBX 12 31 3 -8
BITMAP
03C0
E7F0
EFF0
FC60
F820
F800
F000
F000
F000
F000
F000
F000
F000
F000
F000
F000
F000
F000
F000
F000
F000
F000
F000
0000
3E00
3F80
07C0
03C0
0780
FF80
FE00
ENDCHAR
STARTCHAR Rcaron
ENCODING 344
SWIDTH 722 0
DWIDTH 30 0
BBX 26 38 3 0
BITMAP
0F0F0000
070E0000
079E0000
03FC0000
01F80000
00F00000
00000000
00000000
FFFFC000
FFFFF800
FFFFFC00
FFFFFE00
F0007E00
F0001F00
F0001F00
F0000F00
F0000F00
F0000F00
F0001F00
F0001F00
F0007E00
FFFFFC00
FFFFFC00
FFFFF000
FFFFC000
F00F0000
F007C000
F003E000
F001F000
F000F000
F000F800
F0007C00
F0003C00
F0003E00
F0001F00
F0000F00
F0000F80
F00007C0
ENDCHAR
STARTCHAR rcaron
ENCODING 345
SWIDTH 333 0
DWIDTH 14 0
BBX 12 31 3 0
BITMAP
F0F0
70E0
79E0
3FC0
1F80
0F00
0000
0000
03C0
E7F0
EFF0
FC60
F820
F800
F000
F000
F000
F000
F000
F000
F000
F000
F000
F000
F000
F000
F000
F000
F000
F000
F000
ENDCHAR
STARTCHAR Sacute
ENCODING 346
SWIDTH 666 0
DWIDTH 28 0
BBX 24 38 2 0
BITMAP
000F80
001F00
001E00
003C00
003800
007000
000000
000000
00FF00
07FFC0
0FFFF0
1FFFF8
3F01FC
7C007C
78003E
78001E
78001E
780000
7C0000
3F0000
1FF000
0FFF00
03FFE0
007FF8
0007FC
00007E
00001E
F0000F
F0000F
F8000F
78000F
7C001F
7E003E
3F80FE
1FFFFC
0FFFF8
03FFE0
00FF80
ENDCHAR
STARTCHAR sacute
ENCODING 347
SWIDTH 500 0
DWIDTH 20 0
BBX 18 31 1 0
BITMAP
007C00
00F800
00F000
01E000
01C000
038000
000000
000000
07F800
1FFE00
3FFF00
3E0F80
780780
780300
780000
7C0000
7F0000
3FE000
1FFC00
07FF00
00FF80
001FC0
0007C0
0003C0
6003C0
F003C0
F80780
7C0F80
3FFF00
1FFE00
07F800
ENDCHAR
STARTCHAR Scircumflex
ENCODING 348
SWIDTH 666 0
DWIDTH 28 0
BBX 24 38 2 0
BITMAP
007C00
007E00
00FF00
01E700
03C780
03C3C0
000000
000000
00FF00
07FFC0
0FFFF0
1FFFF8
3F01FC
7C007C
78003E
78001E
78001E
780000
7C0000
3F0000
1FF000
0FFF00
03FFE0
007FF8
0007FC
00007E
00001E
F0000F
F0000F
F8000F
78000F
7C001F
7E003E
3F80FE
1FFFFC
0FFFF8
03FFE0
00FF80
ENDCHAR
STARTCHAR scircumflex
ENCODING 349
SWIDTH 500 0
DWIDTH 20 0
BBX 18 31 1 0
BITMAP
01E000
03F000
07F800
0F3C00
0E3C00
1E1E00
000000
000000
07F800
1FFE00
3FFF00
3E0F80
780780
780300
780000
7C0000
7F0000
3FE000
1FFC00
07FF00
00FF80
001FC0
0007C0
0003C0
6003C0
F003C0
F80780
7C0F80
3FFF00
1FFE00
07F800
ENDCHAR
STARTCHAR Scedilla
ENCODING 350
SWIDTH 666 0
DWIDTH 28 0
BBX 24 38 2 -8
BITMAP
00FF00
07FFC0
0FFFF0
1FFFF8
3F01FC
7C007C
78003E
78001E
78001E
780000
7C0000
3F0000
1FF000
0FFF00
03FFE0
007FF8
0007FC
00007E
00001E
F0000F
F0000F
F8000F
78000F
7C001F
7E003E
3F80FE
1FFFFC
0FFFF8
03FFE0
00FF80
001800
001000
003C00
003F00
000700
000700
01FE00
01F800
ENDCHAR
STARTCHAR scedilla
ENCODING 351
SWIDTH 500 0
DWIDTH 20 0
BBX 18 31 1 -8
BITMAP
07F800
1FFE00
3FFF00
3E0F80
780780
780300
780000
7C0000
7F0000
3FE000
1FFC00
07FF00
00FF80
001FC0
0007C0
0003C0
6003C0
F003C0
F80780
7C0F80
3FFF00
1FFE00
07F800
00C000
008000
01E000
01F800
003800
003800
0FF000
0FC000
ENDCHAR
STARTCHAR Scaron
ENCODING 352
SWIDTH 666 0
DWIDTH 28 0
BBX 24 38 2 0
BITMAP
03C3C0
01C380
01E780
00FF00
007E00
003C00
000000
000000
00FF00
07FFC0
0FFFF0
1FFFF8
3F01FC
7C007C
78003E
78001E
78001E
780000
7C0000
3F0000
1FF000
0FFF00
03FFE0
007FF8
0007FC
00007E
00001E
F0000F
F0000F
F8000F
78000F
7C001F
7E003E
3F80FE
1FFFFC
0FFFF8
03FFE0
00FF80
ENDCHAR
STARTCHAR scaron
ENCODING 353
SWIDTH 500 0
DWIDTH 20 0
BBX 18 31 1 0
BITMAP
1E1E00
0E1C00
0F3C00
07F800
03F000
01E000
000000
000000
07F800
1FFE00
3FFF00
3E0F80
780780
780300
780000
7C0000
7F0000
3FE000
1FFC00
07FF00
00FF80
001FC0
0007C0
0003C0
6003C0
F003C0
F80780
7C0F80
3FFF00
1FFE00
07F800
ENDCHAR
STARTCHAR Tcedilla
ENCODING 354
SWIDTH 610 0
DWIDTH 26 0
BBX 24 41 1 -11
BITMAP
FFFFFF
FFFFFF
FFFFFF
FFFFFF
003C00
003C00
003C00
003C00
003C00
003C00
003C00
003C00
003C00
003C00
003C00
003C00
003C00
003C00
003C00
003C00
003C00
003C00
003C00
003C00
003C00
003C00
003C00
003C00
003C00
003C00
000000
000000
003C00
003C00
003C00
003C00
000C00
000C00
001800
003800
003000
ENDCHAR
STARTCHAR tcedilla
ENCODING 355
SWIDTH 277 0
DWIDTH 12 0
BBX 11 40 1 -11
BITMAP
0600
1E00
1E00
1E00
1E00
1E00
1E00
FFC0
FFC0
FFC0
1E00
1E00
1E00
1E00
1E00
1E00
1E00
1E00
1E00
1E00
1E00
1E00
1E00
1E00
1E00
1E00
1FC0
0FE0
07E0
0000
0000
0780
0780
0780
0780
0180
0180
0300
0700
0600
ENDCHAR
STARTCHAR Tcaron
ENCODING 356
SWIDTH 610 0
DWIDTH 26 0
BBX 24 38 1 0
BITMAP
03C3C0
01C380
01E780
00FF00
007E00
003C00
000000
000000
FFFFFF
FFFFFF
FFFFFF
FFFFFF
003C00
003C00
003C00
003C00
003C00
003C00
003C00
003C00
003C00
003C00
003C00
003C00
003C00
003C00
003C00
003C00
003C00
003C00
003C00
003C00
003C00
003C00
003C00
003C00
003C00
003C00
ENDCHAR
STARTCHAR tcaron
ENCODING 357
SWIDTH 375 0
DWIDTH 16 0
BBX 15 30 0 0
BITMAP
001E
061E
1E1E
1E1E
1E06
1E06
1E0E
1E0C
FFF8
FFE0
FFE0
1E00
1E00
1E00
1E00
1E00
1E00
1E00
1E00
1E00
1E00
1E00
1E00
1E00
1E00
1E00
1F00
1FE0
0FF0
03F0
ENDCHAR
STARTCHAR Tbar
ENCODING 358
SWIDTH 610 0
DWIDTH 26 0
BBX 24 30 1 0
BITMAP
FFFFFF
FFFFFF
FFFFFF
FFFFFF
003C00
003C00
003C00
003C00
003C00
003C00
003C00
003C00
003C00
003C00
1FFFF8
1FFFF8
1FFFF8
1FFFF8
003C00
003C00
003C00
003C00
003C00
003C00
003C00
003C00
003C00
003C00
003C00
003C00
ENDCHAR
STARTCHAR tbar
ENCODING 359
SWIDTH 277 0
DWIDTH 12 0
BBX 11 29 0 0
BITMAP
0600
0E00
1E00
1E00
1E00
1E00
1E00
FFC0
FFC0
FFC0
1E00
1E00
1E00
1E00
1E00
FFC0
FFC0
FFC0
1E00
1E00
1E00
1E00
1E00
1E00
1E00
1FC0
1FC0
0FE0
07E0
ENDCHAR
STARTCHAR Utilde
ENCODING 360
SWIDTH 722 0
DWIDTH 30 0
BBX 24 38 3 0
BITMAP
00E0E0
01F9E0
03FFC0
03FFC0
039F80
038700
000000
000000
F0000F
F0000F
F0000F
F0000F
F0000F
F0000F
F0000F
F0000F
F0000F
F0000F
F0000F
F0000F
F0000F
F0000F
F0000F
F0000F
F0000F
F0000F
F0000F
F0000F
F0000F
F0001F
78001E
78001E
7C003E
3F00FC
3FFFF8
1FFFF0
07FFE0
00FF80
ENDCHAR
STARTCHAR utilde
ENCODING 361
SWIDTH 556 0
DWIDTH 23 0
BBX 17 31 3 0
BITMAP
0F0E00
1F9E00
3FFE00
3FFC00
39FC00
387800
000000
000000
000000
F00780
F00780
F00780
F00780
F00780
F00780
F00780
F00780
F00780
F00780
F00780
F00780
F00780
F00780
F00780
F00780
F00F80
F81F80
7C3F80
7FF780
3FE780
0F8780
ENDCHAR
STARTCHAR Umacron
ENCODING 362
SWIDTH 722 0
DWIDTH 30 0
BBX 24 36 3 0
BITMAP
07FFC0
07FFC0
07FFC0
07FFC0
000000
000000
F0000F
F0000F
F0000F
F0000F
F0000F
F0000F
F0000F
F0000F
F0000F
F0000F
F0000F
F0000F
F0000F
F0000F
F0000F
F0000F
F0000F
F0000F
F0000F
F0000F
F0000F
F0001F
78001E
78001E
7C003E
3F00FC
3FFFF8
1FFFF0
07FFE0
00FF80
ENDCHAR
STARTCHAR umacron
ENCODING 363
SWIDTH 556 0
DWIDTH 23 0
BBX 17 29 3 0
BITMAP
3FFE00
3FFE00
3FFE00
3FFE00
000000
000000
000000
F00780
F00780
F00780
F00780
F00780
F00780
F00780
F00780
F00780
F00780
F00780
F00780
F00780
F00780
F00780
F00780
F00F80
F81F80
7C3F80
7FF780
3FE780
0F8780
ENDCHAR
STARTCHAR Ubreve
ENCODING 364
SWIDTH 722 0
DWIDTH 30 0
BBX 24 37 3 0
BITMAP
0381C0
01C3C0
01FF80
00FF80
003E00
000000
000000
F0000F
F0000F
F0000F
F0000F
F0000F
F0000F
F0000F
F0000F
F0000F
F0000F
F0000F
F0000F
F0000F
F0000F
F0000F
F0000F
F0000F
F0000F
F0000F
F0000F
F0000F
F0001F
78001E
78001E
7C003E
3F00FC
3FFFF8
1FFFF0
07FFE0
00FF80
ENDCHAR
STARTCHAR ubreve
ENCODING 365
SWIDTH 556 0
DWIDTH 23 0
BBX 17 30 3 0
BITMAP
1C0E00
1E1E00
0FFC00
07FC00
03F000
000000
000000
000000
F00780
F00780
F00780
F00780
F00780
F00780
F00780
F00780
F00780
F00780
F00780
F00780
F00780
F00780
F00780
F00780
F00F80
F81F80
7C3F80
7FF780
3FE780
0F8780
ENDCHAR
STARTCHAR Uring
ENCODING 366
SWIDTH 722 0
DWIDTH 30 0
BBX 24 38 3 0
BITMAP
003E00
007F00
00E300
00C180
00C180
00C180
00E380
007F00
F03E0F
F0000F
F0000F
F0000F
F0000F
F0000F
F0000F
F0000F
F0000F
F0000F
F0000F
F0000F
F0000F
F0000F
F0000F
F0000F
F0000F
F0000F
F0000F
F0000F
F0000F
F0001F
78001E
78001E
7C003E
3F00FC
3FFFF8
1FFFF0
07FFE0
00FF80
ENDCHAR
STARTCHAR uring
ENCODING 367
SWIDTH 556 0
DWIDTH 23 0
BBX 17 34 3 0
BITMAP
03C000
07E000
0E7000
0C3000
0C1800
0C3000
0E7000
07E000
03C000
000000
000000
000000
F00780
F00780
F00780
F00780
F00780
F00780
F00780
F00780
F00780
F00780
F00780
F00780
F00780
F00780
F00780
F00780
F00F80
F81F80
7C3F80
7FF780
3FE780
0F8780
ENDCHAR
STARTCHAR Udblacute
ENCODING 368
SWIDTH 722 0
DWIDTH 30 0
BBX 24 38 3 0
BITMAP
0078F0
00F1E0
00E1C0
01E3C0
01C380
038700
000000
000000
F0000F
F0000F
F0000F
F0000F
F0000F
F0000F
F0000F
F0000F
F0000F
F0000F
F0000F
F0000F
F0000F
F0000F
F0000F
F0000F
F0000F
F0000F
F0000F
F0000F
F0000F
F0001F
78001E
78001E
7C003E
3F00FC
3FFFF8
1FFFF0
07FFE0
00FF80
ENDCHAR
STARTCHAR udblacute
ENCODING 369
SWIDTH 556 0
DWIDTH 23 0
BBX 17 31 3 0
BITMAP
03C780
078F00
070E00
0F1E00
0E1C00
1C3800
000000
000000
000000
F00780
F00780
F00780
F00780
F00780
F00780
F00780
F00780
F00780
F00780
F00780
F00780
F00780
F00780
F00780
F00780
F00F80
F81F80
7C3F80
7FF780
3FE780
0F8780
ENDCHAR
STARTCHAR Uogonek
ENCODING 370
SWIDTH 722 0
DWIDTH 30 0
BBX 24 38 3 -8
BITMAP
F0000F
F0000F
F0000F
F0000F
F0000F
F0000F
F0000F
F0000F
F0000F
F0000F
F0000F
F0000F
F0000F
F0000F
F0000F
F0000F
F0000F
F0000F
F0000F
F0000F
F0000F
F0001F
78001E
78001E
7C003E
3F00FC
3FFFF8
1FFFF0
07FFE0
00FF80
001800
003800
003800
003800
003C00
003FE0
001FE0
000FC0
ENDCHAR
STARTCHAR uogonek
ENCODING 371
SWIDTH 556 0
DWIDTH 23 0
BBX 22 30 3 -8
BITMAP
F00780
F00780
F00780
F00780
F00780
F00780
F00780
F00780
F00780
F00780
F00780
F00780
F00780
F00780
F00780
F00780
F00F80
F81F80
7C3F80
7FF780
3FE780
0FC780
000700
000E00
000E00
000E00
000F00
000FFC
0007FC
0003F0
ENDCHAR
STARTCHAR Wcircumflex
ENCODING 372
SWIDTH 943 0
DWIDTH 42 0
BBX 41 38 1 0
BITMAP
00001E000000
00003F000000
00007F800000
0000F3C00000
0000E1C00000
0001E1E00000
000000000000
000000000000
F0007F000780
F0007F000780
78007F000F00
7800FF000F00
7800F7800F00
7800F7800F00
3C00F7801E00
3C01E3C01E00
3C01E3C01E00
3C01E3C01E00
1E01E3C03C00
1E03C1E03C00
1E03C1E03C00
1E03C1E03C00
0F03C1E07800
0F0780F07800
0F0780F07800
0F0780F07800
078F8078F000
078F0078F000
078F0078F000
078F0078F000
03DE003DE000
03DE003DE000
03DE003DE000
03DE003DE000
01FC001FC000
01FC001FC000
01FC001FC000
01FC001FC000
ENDCHAR
STARTCHAR wcircumflex
ENCODING 373
SWIDTH 722 0
DWIDTH 29 0
BBX 29 31 0 0
BITMAP
00078000
000FC000
001FE000
003CF000
00387000
00787800
00000000
00000000
00000000
F0070078
F0070078
F00F8078
780F80F0
780F80F0
781DC0F0
3C1DC1E0
3C1DC1E0
3C3DE1E0
3C38E1E0
1E38E3C0
1E78F3C0
1E78F3C0
0F707780
0F707780
0F707780
07603700
07E03F00
07E03F00
03E03E00
03C01E00
03C01E00
ENDCHAR
STARTCHAR Ycircumflex
ENCODING 374
SWIDTH 666 0
DWIDTH 28 0
BBX 28 38 0 0
BITMAP
000F8000
001FC000
001DC000
003DE000
0078F000
00F07800
00000000
00000000
F80001F0
7C0003E0
3C0003C0
3E0007C0
1F000F80
0F000F00
0F801F00
07C03E00
03E07C00
01E07800
01F0F800
00F9F000
0079E000
007FE000
003FC000
001F8000
001F8000
000F0000
000F0000
000F0000
000F0000
000F0000
000F0000
000F0000
000F0000
000F0000
000F0000
000F0000
000F0000
000F0000
ENDCHAR
STARTCHAR ycircumflex
ENCODING 375
SWIDTH 500 0
DWIDTH 21 0
BBX 19 39 1 -8
BITMAP
00F000
01F800
03FC00
079E00
070E00
0F0F00
000000
000000
000000
F001E0
7801E0
7803C0
7C03C0
3C03C0
3C0780
3E0780
1E0780
1E0F00
1F0F00
0F0F00
0F9E00
079E00
079E00
07DE00
03DC00
03FC00
03FC00
01F800
01F800
00F800
00F000
00F000
01F000
01E000
03E000
07C000
7F8000
3F8000
3E0000
ENDCHAR
STARTCHAR Ydieresis
ENCODING 376
SWIDTH 666 0
DWIDTH 28 0
BBX 28 36 0 0
BITMAP
00F0F000
00F0F000
00F0F000
00F0F000
00000000
00000000
F80001F0
7C0003E0
3C0003C0
3E0007C0
1F000F80
0F000F00
0F801F00
07C03E00
03E07C00
01E07800
01F0F800
00F9F000
0079E000
007FE000
003FC000
001F8000
001F8000
000F0000
000F0000
000F0000
000F0000
000F0000
000F0000
000F0000
000F0000
000F0000
000F0000
000F0000
000F0000
000F0000
ENDCHAR
STARTCHAR Zacute
ENCODING 377
SWIDTH 610 0
DWIDTH 26 0
BBX 24 38 1 0
BITMAP
000F80
001F00
001E00
003C00
003800
007000
000000
000000
3FFFFE
3FFFFE
3FFFFE
3FFFFE
00003E
00007C
0000F8
0001F0
0003E0
0007C0
0007C0
000F80
001F00
003E00
007C00
007C00
00F800
01F000
03E000
07C000
0F8000
0F8000
1F0000
3E0000
7C0000
F80000
FFFFFF
FFFFFF
FFFFFF
FFFFFF
ENDCHAR
STARTCHAR zacute
ENCODING 378
SWIDTH 500 0
DWIDTH 21 0
BBX 19 31 1 0
BITMAP
003E00
007C00
007800
00F000
00E000
01C000
000000
000000
000000
7FFFC0
7FFFC0
7FFFC0
000F80
001F00
001F00
003E00
007C00
00F800
00F800
01F000
03E000
07C000
0F8000
0F8000
1F0000
3E0000
7C0000
7C0000
FFFFE0
FFFFE0
FFFFE0
ENDCHAR
STARTCHAR Zdot
ENCODING 379
SWIDTH 610 0
DWIDTH 26 0
BBX 24 36 1 0
BITMAP
003C00
003C00
003C00
003C00
000000
000000
3FFFFE
3FFFFE
3FFFFE
3FFFFE
00003E
00007C
0000F8
0001F0
0003E0
0007C0
0007C0
000F80
001F00
003E00
007C00
007C00
00F800
01F000
03E000
07C000
0F8000
0F8000
1F0000
3E0000
7C0000
F80000
FFFFFF
FFFFFF
FFFFFF
FFFFFF
ENDCHAR
STARTCHAR zdot
ENCODING 380
SWIDTH 500 0
DWIDTH 21 0
BBX 19 29 1 0
BITMAP
01E000
01E000
01E000
01E000
000000
000000
000000
7FFFC0
7FFFC0
7FFFC0
000F80
001F00
001F00
003E00
007C00
00F800
00F800
01F000
03E000
07C000
0F8000
0F8000
1F0000
3E0000
7C0000
7C0000
FFFFE0
FFFFE0
FFFFE0
ENDCHAR
STARTCHAR Zcaron
ENCODING 381
SWIDTH 610 0
DWIDTH 26 0
BBX 24 38 1 0
BITMAP
01C1E0
01E3C0
00F380
007780
003F00
003E00
000000
000000
3FFFFE
3FFFFE
3FFFFE
3FFFFE
00003E
00007C
0000F8
0001F0
0003E0
0007C0
0007C0
000F80
001F00
003E00
007C00
007C00
00F800
01F000
03E000
07C000
0F8000
0F8000
1F0000
3E0000
7C0000
F80000
FFFFFF
FFFFFF
FFFFFF
FFFFFF
ENDCHAR
STARTCHAR zcaron
ENCODING 382
SWIDTH 500 0
DWIDTH 21 0
BBX 19 31 1 0
BITMAP
0F0F00
0F1E00
079C00
03BC00
01F800
01F000
000000
000000
000000
7FFFC0
7FFFC0
7FFFC0
000F80
001F00
001F00
003E00
007C00
00F800
00F800
01F000
03E000
07C000
0F8000
0F8000
1F0000
3E0000
7C0000
7C0000
FFFFE0
FFFFE0
FFFFE0
ENDCHAR
STARTCHAR longs
ENCODING 383
SWIDTH 222 0
DWIDTH 10 0
BBX 10 30 3 0
BITMAP
1FC0
3FC0
7F80
F800
F000
F000
F000
F000
F000
F000
F000
F000
F000
F000
F000
F000
F000
F000
F000
F000
F000
F000
F000
F000
F000
F000
F000
F000
F000
F000
ENDCHAR
STARTCHAR uni018F
ENCODING 399
SWIDTH 752 0
DWIDTH 32 0
BBX 28 30 2 0
BITMAP
003FC000
00FFF800
03FFFC00
07FFFF00
0FE03F80
1F800F80
1F0007C0
3E0003C0
3E0001E0
0C0001E0
000000F0
000000F0
000000F0
FFFFFFF0
FFFFFFF0
FFFFFFF0
FFFFFFF0
F00000F0
F00000F0
F00000F0
780001E0
780001E0
7C0003E0
3E0007C0
3F000FC0
1FC03F80
0FFFFF00
07FFFE00
01FFF800
007FE000
ENDCHAR
STARTCHAR florin
ENCODING 402
SWIDTH 556 0
DWIDTH 23 0
BBX 21 38 1 -8
BITMAP
0003F0
000FF8
000FF0
001F00
001E00
001E00
001E00
001E00
03FFC0
03FFC0
03FFC0
003C00
003C00
003C00
007800
007800
007800
007800
007800
007800
00F000
00F000
00F000
00F000
00F000
00F000
01E000
01E000
01E000
01E000
01E000
01E000
03C000
03C000
07C000
FFC000
FF8000
FE0000
ENDCHAR
STARTCHAR Ohorn
ENCODING 416
SWIDTH 857 0
DWIDTH 36 0
BBX 33 30 2 0
BITMAP
003FC00780
00FFF80780
03FFFE0780
07FFFF0780
0FE03F8180
1F800FC180
3E0003E180
3C0001E300
7C0001F700
780000FE00
780000F800
F000007800
F000007800
F000007800
F000007800
F000007800
F000007800
F000007800
F000007800
780000F800
780000F000
7C0001F000
3C0001E000
3E0003E000
1F800FC000
0FE03F8000
07FFFF0000
03FFFE0000
00FFF80000
003FE00000
ENDCHAR
STARTCHAR ohorn
ENCODING 417
SWIDTH 655 0
DWIDTH 28 0
BBX 25 23 2 0
BITMAP
01F80780
07FE0780
1FFF8780
3F0FC180
3C03C180
7801E180
7801E380
F801F700
F000FE00
F000FC00
F000F800
F000F000
F000F000
F000F000
F000F000
F801F000
7801E000
7801E000
3C03C000
3F0FC000
1FFF8000
0FFF0000
03F80000
ENDCHAR
STARTCHAR Uhorn
ENCODING 431
SWIDTH 854 0
DWIDTH 36 0
BBX 31 30 3 0
BITMAP
F0000F1E
F0000F1E
F0000F1E
F0000F06
F0000F06
F0000F06
F0000F0C
F0000F1C
F0000FF8
F0000FE0
F0000F00
F0000F00
F0000F00
F0000F00
F0000F00
F0000F00
F0000F00
F0000F00
F0000F00
F0000F00
F0000F00
F8001F00
78001E00
78001E00
7C003E00
3F00FC00
3FFFF800
1FFFF000
07FFE000
00FF0000
ENDCHAR
STARTCHAR uhorn
ENCODING 432
SWIDTH 669 0
DWIDTH 28 0
BBX 24 23 3 -1
BITMAP
F0078F
F0078F
F0078F
F00783
F00783
F00783
F00787
F00786
F0079C
F007F8
F007E0
F00780
F00780
F00780
F00780
F00780
F00780
F00F80
F81F80
7C3F80
7FF780
3FE780
0F8000
ENDCHAR
STARTCHAR uni01CD
ENCODING 461
SWIDTH 666 0
DWIDTH 28 0
BBX 27 38 0 0
BITMAP
01E0E000
00F1E000
0073C000
007B8000
003F0000
001F0000
00000000
00000000
000E0000
001F0000
001F0000
003F8000
003B8000
003B8000
007BC000
0071C000
00F1E000
00F0E000
00E0E000
01E0F000
01C07000
03C07800
03C07800
03803800
07803C00
07FFFC00
0FFFFE00
0FFFFE00
0FFFFE00
1E000F00
1E000F00
3C000780
3C000780
3C000780
780003C0
780003C0
F80003E0
F00001E0
ENDCHAR
STARTCHAR uni01CE
ENCODING 462
SWIDTH 556 0
DWIDTH 23 0
BBX 19 31 2 0
BITMAP
0F0F00
070E00
079E00
03FC00
01F800
00F000
000000
000000
03FC00
0FFF00
1FFF80
3E0F80
3C07C0
7C03C0
7803C0
1803C0
0003C0
000FC0
03FFC0
1FFFC0
3FF3C0
7F03C0
F803C0
F003C0
F003C0
F007C0
F80FC0
7C1FC0
7FFFC0
3FF3C0
0FC1E0
ENDCHAR
STARTCHAR uni01CF
ENCODING 463
SWIDTH 277 0
DWIDTH 12 0
BBX 13 38 0 0
BITMAP
F078
78F0
3DE0
1DC0
1FC0
0F80
0000
0000
0F00
0F00
0F00
0F00
0F00
0F00
0F00
0F00
0F00
0F00
0F00
0F00
0F00
0F00
0F00
0F00
0F00
0F00
0F00
0F00
0F00
0F00
0F00
0F00
0F00
0F00
0F00
0F00
0F00
0F00
ENDCHAR
STARTCHAR uni01D0
ENCODING 464
SWIDTH 222 0
DWIDTH 10 0
BBX 13 31 -1 0
BITMAP
F078
78F0
3DE0
1DC0
1FC0
0F80
0000
0000
0000
0F00
0F00
0F00
0F00
0F00
0F00
0F00
0F00
0F00
0F00
0F00
0F00
0F00
0F00
0F00
0F00
0F00
0F00
0F00
0F00
0F00
0F00
ENDCHAR
STARTCHAR uni01D1
ENCODING 465
SWIDTH 777 0
DWIDTH 33 0
BBX 29 38 2 0
BITMAP
00787800
003C7800
001CF000
001EE000
000FC000
0007C000
00000000
00000000
003FE000
00FFF800
03FFFE00
07FFFF00
0FE03F80
1F800FC0
3E0003E0
3C0001E0
7C0001F0
780000F0
780000F0
F0000078
F0000078
F0000078
F0000078
F0000078
F0000078
F0000078
F0000078
780000F0
780000F0
7C0001F0
3C0001E0
3E0003E0
1F800FC0
0FE03F80
07FFFF00
03FFFE00
00FFF800
003FC000
ENDCHAR
STARTCHAR uni01D2
ENCODING 466
SWIDTH 556 0
DWIDTH 23 0
BBX 19 31 2 0
BITMAP
1E1E00
0F1E00
073C00
07B800
03F000
01F000
000000
000000
03F800
0FFE00
1FFF00
3E0F80
3C0780
7803C0
7803C0
F001E0
F001E0
F001E0
F001E0
F001E0
F001E0
F001E0
F001E0
F003E0
7803C0
7803C0
3C0780
3E0F80
1FFF00
0FFE00
03F800
ENDCHAR
STARTCHAR uni01D3
ENCODING 467
SWIDTH 722 0
DWIDTH 30 0
BBX 24 38 3 0
BITMAP
03C3C0
01E3C0
00E780
00F700
007E00
003E00
000000
000000
F0000F
F0000F
F0000F
F0000F
F0000F
F0000F
F0000F
F0000F
F0000F
F0000F
F0000F
F0000F
F0000F
F0000F
F0000F
F0000F
F0000F
F0000F
F0000F
F0000F
F0000F
F0001F
78001E
78001E
7C003E
3F00FC
3FFFF8
1FFFF0
07FFE0
00FF80
ENDCHAR
STARTCHAR uni01D4
ENCODING 468
SWIDTH 556 0
DWIDTH 23 0
BBX 17 31 3 0
BITMAP
3C1E00
1E3C00
0F7800
077000
07F000
03E000
000000
000000
000000
F00780
F00780
F00780
F00780
F00780
F00780
F00780
F00780
F00780
F00780
F00780
F00780
F00780
F00780
F00780
F00780
F00F80
F81F80
7C3F80
7FF780
3FE780
0F8780
ENDCHAR
STARTCHAR uni01D5
ENCODING 469
SWIDTH 722 0
DWIDTH 30 0
BBX 24 38 3 0
BITMAP
03FF80
03FF80
000000
000000
038380
038380
038380
000000
F0000F
F0000F
F0000F
F0000F
F0000F
F0000F
F0000F
F0000F
F0000F
F0000F
F0000F
F0000F
F0000F
F0000F
F0000F
F0000F
F0000F
F0000F
F0000F
F0000F
F0000F
F0001F
78001E
78001E
7C003E
3F00FC
3FFFF8
1FFFF0
07FFE0
00FF80
ENDCHAR
STARTCHAR uni01D6
ENCODING 470
SWIDTH 556 0
DWIDTH 23 0
BBX 17 37 3 0
BITMAP
1FFF00
1FFF00
1FFF00
1FFF00
000000
000000
000000
000000
1E1E00
1E1E00
1E1E00
1E1E00
000000
000000
000000
F00780
F00780
F00780
F00780
F00780
F00780
F00780
F00780
F00780
F00780
F00780
F00780
F00780
F00780
F00780
F00780
F00F80
F81F80
7C3F80
7FF780
3FE780
0F8780
ENDCHAR
STARTCHAR uni01D7
ENCODING 471
SWIDTH 722 0
DWIDTH 30 0
BBX 24 38 3 0
BITMAP
000F80
001E00
003C00
003800
038380
038380
038380
000000
F0000F
F0000F
F0000F
F0000F
F0000F
F0000F
F0000F
F0000F
F0000F
F0000F
F0000F
F0000F
F0000F
F0000F
F0000F
F0000F
F0000F
F0000F
F0000F
F0000F
F0000F
F0001F
78001E
78001E
7C003E
3F00FC
3FFFF8
1FFFF0
07FFE0
00FF80
ENDCHAR
STARTCHAR uni01D8
ENCODING 472
SWIDTH 556 0
DWIDTH 23 0
BBX 17 38 3 0
BITMAP
007C00
007800
00F800
00F000
01E000
01C000
000000
000000
000000
1E1E00
1E1E00
1E1E00
1E1E00
000000
000000
000000
F00780
F00780
F00780
F00780
F00780
F00780
F00780
F00780
F00780
F00780
F00780
F00780
F00780
F00780
F00780
F00780
F00F80
F81F80
7C3F80
7FF780
3FE780
0F8780
ENDCHAR
STARTCHAR uni01D9
ENCODING 473
SWIDTH 722 0
DWIDTH 30 0
BBX 24 38 3 0
BITMAP
00E700
006E00
007C00
003C00
000000
038380
038380
038380
F0000F
F0000F
F0000F
F0000F
F0000F
F0000F
F0000F
F0000F
F0000F
F0000F
F0000F
F0000F
F0000F
F0000F
F0000F
F0000F
F0000F
F0000F
F0000F
F0000F
F0000F
F0001F
78001E
78001E
7C003E
3F00FC
3FFFF8
1FFFF0
07FFE0
00FF80
ENDCHAR
STARTCHAR uni01DA
ENCODING 474
SWIDTH 556 0
DWIDTH 23 0
BBX 17 38 3 0
BITMAP
3C1E00
1E3C00
0F7800
077000
07F000
03E000
000000
000000
000000
1E1E00
1E1E00
1E1E00
1E1E00
000000
000000
000000
F00780
F00780
F00780
F00780
F00780
F00780
F00780
F00780
F00780
F00780
F00780
F00780
F00780
F00780
F00780
F00780
F00F80
F81F80
7C3F80
7FF780
3FE780
0F8780
ENDCHAR
STARTCHAR uni01DB
ENCODING 475
SWIDTH 722 0
DWIDTH 30 0
BBX 24 38 3 0
BITMAP
01F000
00F800
003800
001C00
038380
038380
038380
000000
F0000F
F0000F
F0000F
F0000F
F0000F
F0000F
F0000F
F0000F
F0000F
F0000F
F0000F
F0000F
F0000F
F0000F
F0000F
F0000F
F0000F
F0000F
F0000F
F0000F
F0000F
F0001F
78001E
78001E
7C003E
3F00FC
3FFFF8
1FFFF0
07FFE0
00FF80
ENDCHAR
STARTCHAR uni01DC
ENCODING 476
SWIDTH 556 0
DWIDTH 23 0
BBX 17 38 3 0
BITMAP
0F0000
0F8000
078000
03C000
01C000
00E000
000000
000000
000000
1E1E00
1E1E00
1E1E00
1E1E00
000000
000000
000000
F00780
F00780
F00780
F00780
F00780
F00780
F00780
F00780
F00780
F00780
F00780
F00780
F00780
F00780
F00780
F00780
F00F80
F81F80
7C3F80
7FF780
3FE780
0F8780
ENDCHAR
STARTCHAR Aringacute
ENCODING 506
SWIDTH 666 0
DWIDTH 28 0
BBX 27 42 0 0
BITMAP
0001F000
0003E000
0003C000
00078000
00070000
001F0000
003F8000
0071C000
0060C000
0060C000
0060C000
0071C000
003F8000
001F0000
001F0000
003F8000
003B8000
003B8000
007BC000
0071C000
00F1E000
00F0E000
00E0E000
01E0F000
01C07000
03C07800
03C07800
03803800
07803C00
07FFFC00
0FFFFE00
0FFFFE00
0FFFFE00
1E000F00
1E000F00
3C000780
3C000780
3C000780
780003C0
780003C0
F80003E0
F00001E0
ENDCHAR
STARTCHAR aringacute
ENCODING 507
SWIDTH 556 0
DWIDTH 23 0
BBX 19 41 2 0
BITMAP
001F00
003E00
003C00
007800
007000
00E000
000000
00F800
01FC00
038C00
030600
030600
030600
038E00
01FC00
00F800
000000
000000
03FC00
0FFF00
1FFF80
3E0F80
3C07C0
7C03C0
7803C0
1803C0
0003C0
000FC0
03FFC0
1FFFC0
3FF3C0
7F03C0
F803C0
F003C0
F003C0
F007C0
F80FC0
7C1FC0
7FFFC0
3FF3C0
0FC1E0
ENDCHAR
STARTCHAR AEacute
ENCODING 508
SWIDTH 1000 0
DWIDTH 42 0
BBX 40 38 0 0
BITMAP
00000F8000
00000F0000
00001E0000
00001E0000
00003C0000
0000380000
0000000000
0000000000
0003FFFFFE
0003FFFFFE
0007FFFFFE
0007FFFFFE
000F0F0000
000F0F0000
001E0F0000
001E0F0000
003C0F0000
003C0F0000
00780F0000
00780F0000
00F00FFFFC
00F00FFFFC
01F00FFFFC
01E00FFFFC
03E00F0000
03C00F0000
07FFFF0000
07FFFF0000
0FFFFF0000
0FFFFF0000
1F000F0000
1E000F0000
3E000F0000
3C000F0000
7C000FFFFF
78000FFFFF
F8000FFFFF
F0000FFFFF
ENDCHAR
STARTCHAR aeacute
ENCODING 509
SWIDTH 889 0
DWIDTH 37 0
BBX 34 31 1 0
BITMAP
00001F0000
00003E0000
00003C0000
0000780000
0000700000
0000E00000
0000000000
0000000000
01FC07F000
0FFF1FFC00
1FFFBFFE00
3E0FFC1F00
3C07F00F00
7803E00780
7803E00780
0003C003C0
000FC003C0
01FFFFFFC0
0FFFFFFFC0
3FFBFFFFC0
7F03C00000
7803C00000
F003C00000
F003C00000
F007E003C0
F007E00780
F80FF00F80
7C3F7C1F00
7FFE3FFE00
3FF81FFC00
0FE007F000
ENDCHAR
STARTCHAR Oslashacute
ENCODING 510
SWIDTH 777 0
DWIDTH 33 0
BBX 30 40 2 -2
BITMAP
0001F000
0003E000
0003C000
00078000
00070000
000E0000
00000000
00000000
003FE038
00FFFC7C
03FFFEF8
07FFFFF0
0FE03FE0
1F800FC0
3E000FE0
3C001FE0
7C003FF0
78003EF0
78007CF0
F000F878
F001F078
F003E078
F007C078
F00F8078
F01F0078
F01F0078
F03E0078
F87C00F8
78F800F0
7DF001F0
3FE001E0
3FC003E0
1F800FC0
1FE03FC0
1FFFFF80
3FFFFE00
7DFFFC00
F83FE000
70000000
20000000
ENDCHAR
STARTCHAR oslashacute
ENCODING 511
SWIDTH 610 0
DWIDTH 26 0
BBX 21 32 2 -1
BITMAP
001F00
003E00
003C00
007800
007000
00E000
000000
000060
01FCF8
0FFFF0
1FFFE0
3E0FC0
7C07E0
780FE0
781FF0
F03EF0
F03EF8
F07C78
F0F878
F1F078
F1E078
F3E078
F7C078
FF80F8
FF00F0
7E01F0
7E03E0
7F07E0
FFFFC0
F7FF00
F1FC00
200000
ENDCHAR
STARTCHAR uni0259
ENCODING 601
SWIDTH 556 0
DWIDTH 23 0
BBX 20 23 1 0
BITMAP
03F800
0FFE00
1FFF80
3E0FC0
7C07C0
7803E0
F801E0
F001F0
0000F0
0000F0
0000F0
FFFFF0
FFFFF0
FFFFF0
F000F0
F000E0
7801E0
7801E0
3C03C0
3E0FC0
1FFF80
0FFE00
03F800
ENDCHAR
STARTCHAR circumflex
ENCODING 710
SWIDTH 333 0
DWIDTH 14 0
BBX 12 6 0 24
BITMAP
0F00
1F80
3FC0
79E0
70E0
F0F0
ENDCHAR
STARTCHAR caron
ENCODING 711
SWIDTH 333 0
DWIDTH 14 0
BBX 12 6 1 24
BITMAP
F0F0
70E0
79E0
3FC0
1F80
0F00
ENDCHAR
STARTCHAR macron
ENCODING 713
SWIDTH 333 0
DWIDTH 14 0
BBX 13 4 0 25
BITMAP
FFF8
FFF8
FFF8
FFF8
ENDCHAR
STARTCHAR breve
ENCODING 728
SWIDTH 333 0
DWIDTH 14 0
BBX 12 5 0 25
BITMAP
E070
F0F0
7FE0
3FE0
1F80
ENDCHAR
STARTCHAR dotaccent
ENCODING 729
SWIDTH 333 0
DWIDTH 14 0
BBX 4 4 5 25
BITMAP
F0
F0
F0
F0
ENDCHAR
STARTCHAR ring
ENCODING 730
SWIDTH 333 0
DWIDTH 14 0
BBX 9 9 3 21
BITMAP
3E00
7F00
E380
C180
C180
C180
E380
7F00
3E00
ENDCHAR
STARTCHAR ogonek
ENCODING 731
SWIDTH 333 0
DWIDTH 14 0
BBX 8 8 4 -8
BITMAP
70
E0
E0
E0
F1
FF
7F
3C
ENDCHAR
STARTCHAR tilde
ENCODING 732
SWIDTH 333 0
DWIDTH 13 0
BBX 13 6 0 24
BITMAP
3C38
7E38
7FF8
FFF0
E3F0
E1E0
ENDCHAR
STARTCHAR hungarumlaut
ENCODING 733
SWIDTH 333 0
DWIDTH 14 0
BBX 14 6 1 24
BITMAP
1E3C
3C78
3870
78F0
70E0
E1C0
ENDCHAR
STARTCHAR combininggraveaccent
ENCODING 768
SWIDTH 0 0
DWIDTH 0 0
BBX 8 6 -11 32
BITMAP
F8
7C
3C
1E
0E
07
ENDCHAR
STARTCHAR combiningacuteaccent
ENCODING 769
SWIDTH 0 0
DWIDTH 0 0
BBX 8 6 -8 32
BITMAP
1F
3E
3C
78
70
E0
ENDCHAR
STARTCHAR combiningtildeaccent
ENCODING 771
SWIDTH 0 0
DWIDTH 0 0
BBX 14 5 -19 32
BITMAP
3C1C
7F3C
FFFC
E3F8
E0F0
ENDCHAR
STARTCHAR combininghookabove
ENCODING 777
SWIDTH 0 0
DWIDTH 0 0
BBX 9 6 -10 32
BITMAP
FE00
FF00
0780
0780
1E00
1800
ENDCHAR
STARTCHAR combiningdotbelow
ENCODING 803
SWIDTH 0 0
DWIDTH 0 0
BBX 4 4 -16 -6
BITMAP
F0
F0
F0
F0
ENDCHAR
STARTCHAR semicolon.dup3
ENCODING 894
SWIDTH 277 0
DWIDTH 12 0
BBX 4 28 4 -6
BITMAP
F0
F0
F0
F0
00
00
00
00
00
00
00
00
00
00
00
00
00
00
F0
F0
F0
F0
30
30
30
60
E0
40
ENDCHAR
STARTCHAR tonos
ENCODING 900
SWIDTH 333 0
DWIDTH 14 0
BBX 8 6 5 24
BITMAP
1F
3E
3C
78
70
E0
ENDCHAR
STARTCHAR dieresistonos
ENCODING 901
SWIDTH 333 0
DWIDTH 14 0
BBX 16 6 -1 24
BITMAP
00F0
01E0
F1CF
F1CF
F38F
F30F
ENDCHAR
STARTCHAR Alphatonos
ENCODING 902
SWIDTH 667 0
DWIDTH 28 0
BBX 27 30 0 0
BITMAP
078E0000
0F1F0000
1E1F0000
1E3F8000
3C3B8000
783B8000
007BC000
0071C000
00F1E000
00F0E000
00E0E000
01E0F000
01C07000
03C07800
03C07800
03803800
07803C00
07FFFC00
0FFFFE00
0FFFFE00
0FFFFE00
1E000F00
1E000F00
3C000780
3C000780
3C000780
780003C0
780003C0
F80003E0
F00001E0
ENDCHAR
STARTCHAR anoteleia
ENCODING 903
SWIDTH 277 0
DWIDTH 12 0
BBX 4 4 4 18
BITMAP
F0
F0
F0
F0
ENDCHAR
STARTCHAR Epsilontonos
ENCODING 904
SWIDTH 784 0
DWIDTH 33 0
BBX 32 30 -2 0
BITMAP
0F3FFFFE
1E3FFFFE
3C3FFFFE
3C3FFFFE
783C0000
F03C0000
003C0000
003C0000
003C0000
003C0000
003C0000
003C0000
003FFFFC
003FFFFC
003FFFFC
003FFFFC
003C0000
003C0000
003C0000
003C0000
003C0000
003C0000
003C0000
003C0000
003C0000
003C0000
003FFFFF
003FFFFF
003FFFFF
003FFFFF
ENDCHAR
STARTCHAR Etatonos
ENCODING 905
SWIDTH 837 0
DWIDTH 35 0
BBX 34 30 -3 0
BITMAP
0F3C0003C0
1E3C0003C0
3C3C0003C0
3C3C0003C0
783C0003C0
F03C0003C0
003C0003C0
003C0003C0
003C0003C0
003C0003C0
003C0003C0
003C0003C0
003FFFFFC0
003FFFFFC0
003FFFFFC0
003FFFFFC0
003C0003C0
003C0003C0
003C0003C0
003C0003C0
003C0003C0
003C0003C0
003C0003C0
003C0003C0
003C0003C0
003C0003C0
003C0003C0
003C0003C0
003C0003C0
003C0003C0
ENDCHAR
STARTCHAR Iotatonos
ENCODING 906
SWIDTH 383 0
DWIDTH 16 0
BBX 14 30 -3 0
BITMAP
0F3C
1E3C
3C3C
3C3C
783C
F03C
003C
003C
003C
003C
003C
003C
003C
003C
003C
003C
003C
003C
003C
003C
003C
003C
003C
003C
003C
003C
003C
003C
003C
003C
ENDCHAR
STARTCHAR Omicrontonos
ENCODING 908
SWIDTH 774 0
DWIDTH 33 0
BBX 33 30 -2 0
BITMAP
0F03FE0000
1E0FFF8000
3C3FFFE000
3C7FFFF000
78FE03F800
F1F800FC00
03E0003E00
03C0001E00
07C0001F00
0780000F00
0780000F00
0F00000780
0F00000780
0F00000780
0F00000780
0F00000780
0F00000780
0F00000780
0F00000780
0780000F00
0780000F00
07C0001F00
03C0001E00
03E0003E00
01F800FC00
00FE03F800
007FFFF000
003FFFE000
000FFF8000
0003FE0000
ENDCHAR
STARTCHAR Upsilontonos
ENCODING 910
SWIDTH 855 0
DWIDTH 35 0
BBX 37 30 -2 0
BITMAP
0F7C0000F8
1E3E0001F0
3C1E0001E0
3C1F0003E0
780F8007C0
F007C00F80
0003C00F00
0003E01F00
0001F03E00
0000F03C00
0000F87C00
00007CF800
00003DF000
00001FE000
00001FE000
00000FC000
0000078000
0000078000
0000078000
0000078000
0000078000
0000078000
0000078000
0000078000
0000078000
0000078000
0000078000
0000078000
0000078000
0000078000
ENDCHAR
STARTCHAR Omegatonos
ENCODING 911
SWIDTH 752 0
DWIDTH 32 0
BBX 32 30 -2 0
BITMAP
0F01FC00
1E0FFF80
3C1FFFC0
3C3FFFE0
787F07F0
F0FC01F8
00F800F8
01F0007C
01E0003C
03E0003C
03E0003E
03C0001E
03C0001E
03C0001E
03C0001E
03C0001E
03C0001E
03C0001E
01C0001C
01E0003C
00E00038
00F00078
00700070
007800E0
003C01E0
001F07C0
07FF8FFF
07FF8FFF
07FF8FFF
07FF8FFF
ENDCHAR
STARTCHAR iotadieresistonos
ENCODING 912
SWIDTH 222 0
DWIDTH 10 0
BBX 16 32 -3 0
BITMAP
00F0
01E0
F1CF
F1CF
F38F
F30F
0000
0000
0000
0000
03C0
03C0
03C0
03C0
03C0
03C0
03C0
03C0
03C0
03C0
03C0
03C0
03C0
03C0
03C0
03C0
03C0
03C0
03C0
03C0
03C0
03C0
ENDCHAR
STARTCHAR Alpha
ENCODING 913
SWIDTH 666 0
DWIDTH 28 0
BBX 27 30 0 0
BITMAP
000E0000
001F0000
001F0000
003F8000
003B8000
003B8000
007BC000
0071C000
00F1E000
00F0E000
00E0E000
01E0F000
01C07000
03C07800
03C07800
03803800
07803C00
07FFFC00
0FFFFE00
0FFFFE00
0FFFFE00
1E000F00
1E000F00
3C000780
3C000780
3C000780
780003C0
780003C0
F80003E0
F00001E0
ENDCHAR
STARTCHAR Beta
ENCODING 914
SWIDTH 666 0
DWIDTH 28 0
BBX 23 30 3 0
BITMAP
FFFF00
FFFFE0
FFFFF0
FFFFF8
F001F8
F0007C
F0003C
F0003C
F0003C
F0003C
F00078
F001F8
FFFFF0
FFFFE0
FFFFE0
FFFFF0
F000F8
F0003C
F0003E
F0001E
F0001E
F0001E
F0001E
F0003E
F0003C
F000FC
FFFFF8
FFFFF0
FFFFE0
FFFF80
ENDCHAR
STARTCHAR Gamma
ENCODING 915
SWIDTH 550 0
DWIDTH 23 0
BBX 20 30 4 0
BITMAP
FFFFF0
FFFFF0
FFFFF0
FFFFF0
F00000
F00000
F00000
F00000
F00000
F00000
F00000
F00000
F00000
F00000
F00000
F00000
F00000
F00000
F00000
F00000
F00000
F00000
F00000
F00000
F00000
F00000
F00000
F00000
F00000
F00000
ENDCHAR
STARTCHAR Delta
ENCODING 916
SWIDTH 667 0
DWIDTH 28 0
BBX 27 30 0 0
BITMAP
001F0000
001F0000
003F8000
003F8000
003F8000
007BC000
007BC000
00FBE000
00F1E000
00F1E000
01E0F000
01E0F000
03E0F800
03C07800
03C07800
07803C00
07803C00
0F803E00
0F001E00
0F001E00
1F000F00
1E000F00
3E000F80
3C000780
3C000780
7C0003C0
7FFFFFC0
FFFFFFE0
FFFFFFE0
FFFFFFE0
ENDCHAR
STARTCHAR Epsilon
ENCODING 917
SWIDTH 666 0
DWIDTH 28 0
BBX 23 30 3 0
BITMAP
FFFFFC
FFFFFC
FFFFFC
FFFFFC
F00000
F00000
F00000
F00000
F00000
F00000
F00000
F00000
FFFFF8
FFFFF8
FFFFF8
FFFFF8
F00000
F00000
F00000
F00000
F00000
F00000
F00000
F00000
F00000
F00000
FFFFFE
FFFFFE
FFFFFE
FFFFFE
ENDCHAR
STARTCHAR Zeta
ENCODING 918
SWIDTH 610 0
DWIDTH 26 0
BBX 24 30 1 0
BITMAP
3FFFFE
3FFFFE
3FFFFE
3FFFFE
00003E
00007C
0000F8
0001F0
0003E0
0007C0
0007C0
000F80
001F00
003E00
007C00
007C00
00F800
01F000
03E000
07C000
0F8000
0F8000
1F0000
3E0000
7C0000
F80000
FFFFFF
FFFFFF
FFFFFF
FFFFFF
ENDCHAR
STARTCHAR Eta
ENCODING 919
SWIDTH 722 0
DWIDTH 30 0
BBX 24 30 3 0
BITMAP
F0000F
F0000F
F0000F
F0000F
F0000F
F0000F
F0000F
F0000F
F0000F
F0000F
F0000F
F0000F
FFFFFF
FFFFFF
FFFFFF
FFFFFF
F0000F
F0000F
F0000F
F0000F
F0000F
F0000F
F0000F
F0000F
F0000F
F0000F
F0000F
F0000F
F0000F
F0000F
ENDCHAR
STARTCHAR Theta
ENCODING 920
SWIDTH 777 0
DWIDTH 33 0
BBX 29 30 2 0
BITMAP
003FE000
00FFF800
03FFFE00
07FFFF00
0FE03F80
1F800FC0
3E0003E0
3C0001E0
7C0001F0
780000F0
780000F0
F0000078
F0000078
F0FFF878
F0FFF878
F0FFF878
F0FFF878
F0000078
F0000078
780000F0
780000F0
7C0001F0
3C0001E0
3E0003E0
1F800FC0
0FE03F80
07FFFF00
03FFFE00
00FFF800
003FE000
ENDCHAR
STARTCHAR Iota
ENCODING 921
SWIDTH 277 0
DWIDTH 12 0
BBX 4 30 4 0
BITMAP
F0
F0
F0
F0
F0
F0
F0
F0
F0
F0
F0
F0
F0
F0
F0
F0
F0
F0
F0
F0
F0
F0
F0
F0
F0
F0
F0
F0
F0
F0
ENDCHAR
STARTCHAR Kappa
ENCODING 922
SWIDTH 666 0
DWIDTH 28 0
BBX 25 30 3 0
BITMAP
F0003F00
F0007E00
F000FC00
F001F800
F003F000
F007E000
F00FC000
F01F8000
F03F0000
F07E0000
F0FC0000
F1F80000
F3F00000
F7F80000
FFFC0000
FFBC0000
FF3E0000
FE1F0000
FC0F8000
F80F8000
F007C000
F003E000
F001E000
F001F000
F000F800
F0007C00
F0003C00
F0003E00
F0001F00
F0000F80
ENDCHAR
STARTCHAR Lambda
ENCODING 923
SWIDTH 667 0
DWIDTH 28 0
BBX 27 30 0 0
BITMAP
001F0000
001F0000
003F8000
003F8000
003F8000
007BC000
007BC000
00FBE000
00F1E000
00F1E000
01F0F000
01E0F000
03E0F800
03C07800
03C07800
07C03C00
07803C00
0F803E00
0F001E00
0F001E00
1F000F00
1E000F00
3E000F80
3C000780
3C000780
7C0007C0
780003C0
F80003E0
F00001E0
F00001E0
ENDCHAR
STARTCHAR Mu
ENCODING 924
SWIDTH 833 0
DWIDTH 35 0
BBX 29 30 3 0
BITMAP
FE0003F8
FE0003F8
FF0007F8
FF0007F8
FF0007F8
FF0007F8
F7800F78
F7800F78
F7800F78
F3C01E78
F3C01E78
F3C01E78
F1E03C78
F1E03C78
F1E03C78
F1E03C78
F0F07878
F0F07878
F0F07878
F078F078
F078F078
F078F078
F03DE078
F03DE078
F03DE078
F03DE078
F01FC078
F01FC078
F01FC078
F00F8078
ENDCHAR
STARTCHAR Nu
ENCODING 925
SWIDTH 722 0
DWIDTH 30 0
BBX 24 30 3 0
BITMAP
F8000F
F8000F
FC000F
FE000F
FE000F
FF000F
FF800F
F7800F
F7C00F
F3E00F
F1E00F
F1F00F
F0F80F
F0780F
F07C0F
F03E0F
F01E0F
F01F0F
F00F8F
F0078F
F007CF
F003EF
F001EF
F001FF
F000FF
F0007F
F0007F
F0003F
F0001F
F0001F
ENDCHAR
STARTCHAR Xi
ENCODING 926
SWIDTH 649 0
DWIDTH 27 0
BBX 23 30 2 0
BITMAP
7FFFFC
7FFFFC
7FFFFC
7FFFFC
000000
000000
000000
000000
000000
000000
000000
000000
000000
3FFFF8
3FFFF8
3FFFF8
3FFFF8
000000
000000
000000
000000
000000
000000
000000
000000
000000
FFFFFE
FFFFFE
FFFFFE
FFFFFE
ENDCHAR
STARTCHAR Omicron
ENCODING 927
SWIDTH 777 0
DWIDTH 33 0
BBX 29 30 2 0
BITMAP
003FE000
00FFF800
03FFFE00
07FFFF00
0FE03F80
1F800FC0
3E0003E0
3C0001E0
7C0001F0
780000F0
780000F0
F0000078
F0000078
F0000078
F0000078
F0000078
F0000078
F0000078
F0000078
780000F0
780000F0
7C0001F0
3C0001E0
3E0003E0
1F800FC0
0FE03F80
07FFFF00
03FFFE00
00FFF800
003FC000
ENDCHAR
STARTCHAR Pi
ENCODING 928
SWIDTH 722 0
DWIDTH 30 0
BBX 24 30 3 0
BITMAP
FFFFFF
FFFFFF
FFFFFF
FFFFFF
F0000F
F0000F
F0000F
F0000F
F0000F
F0000F
F0000F
F0000F
F0000F
F0000F
F0000F
F0000F
F0000F
F0000F
F0000F
F0000F
F0000F
F0000F
F0000F
F0000F
F0000F
F0000F
F0000F
F0000F
F0000F
F0000F
ENDCHAR
STARTCHAR Rho
ENCODING 929
SWIDTH 666 0
DWIDTH 28 0
BBX 23 30 3 0
BITMAP
FFFF80
FFFFE0
FFFFF8
FFFFF8
F000FC
F0003C
F0003E
F0001E
F0001E
F0001E
F0001E
F0003E
F0003C
F000FC
FFFFF8
FFFFF0
FFFFE0
FFFF00
F00000
F00000
F00000
F00000
F00000
F00000
F00000
F00000
F00000
F00000
F00000
F00000
ENDCHAR
STARTCHAR Sigma
ENCODING 931
SWIDTH 618 0
DWIDTH 26 0
BBX 20 30 4 0
BITMAP
FFFFE0
FFFFE0
FFFFE0
FFFFE0
F80000
7C0000
3E0000
1F0000
0F8000
07C000
03E000
03F000
01F800
00F800
007C00
00F800
01F000
01F000
03E000
07C000
0F8000
1F0000
3E0000
3C0000
780000
F80000
FFFFF0
FFFFF0
FFFFF0
FFFFF0
ENDCHAR
STARTCHAR Tau
ENCODING 932
SWIDTH 610 0
DWIDTH 26 0
BBX 24 30 1 0
BITMAP
FFFFFF
FFFFFF
FFFFFF
FFFFFF
003C00
003C00
003C00
003C00
003C00
003C00
003C00
003C00
003C00
003C00
003C00
003C00
003C00
003C00
003C00
003C00
003C00
003C00
003C00
003C00
003C00
003C00
003C00
003C00
003C00
003C00
ENDCHAR
STARTCHAR Upsilon
ENCODING 933
SWIDTH 666 0
DWIDTH 28 0
BBX 28 30 0 0
BITMAP
F80001F0
7C0003E0
3C0003C0
3E0007C0
1F000F80
0F000F00
0F801F00
07C03E00
03E07C00
01E07800
01F0F800
00F9F000
0079E000
007FE000
003FC000
001F8000
001F8000
000F0000
000F0000
000F0000
000F0000
000F0000
000F0000
000F0000
000F0000
000F0000
000F0000
000F0000
000F0000
000F0000
ENDCHAR
STARTCHAR Phi
ENCODING 934
SWIDTH 797 0
DWIDTH 34 0
BBX 30 30 2 0
BITMAP
00078000
00078000
00078000
00078000
007FF800
03FFFF00
0FFFFFC0
1FFFFFE0
3F8787F0
3E0781F0
7C0780F8
78078078
F007803C
F007803C
F007803C
F007803C
F007803C
F007803C
78078078
7C0780F8
7E0781F8
3F8787F0
1FFFFFE0
0FFFFFC0
03FFFF00
007FF800
00078000
00078000
00078000
00078000
ENDCHAR
STARTCHAR Chi
ENCODING 935
SWIDTH 666 0
DWIDTH 27 0
BBX 27 30 0 0
BITMAP
7C0007C0
3E000F80
1E001F00
1F001F00
0F803E00
07C07C00
03C07800
03E0F800
01F1F000
00F1E000
00FBE000
007FC000
003F8000
001F0000
001F0000
003F8000
003F8000
007FC000
00FBE000
01F1F000
01E0F000
03E0F800
07C07C00
07803C00
0F803E00
1F001F00
3E000F80
3E000780
7C0007C0
F80003E0
ENDCHAR
STARTCHAR Psi
ENCODING 936
SWIDTH 835 0
DWIDTH 35 0
BBX 29 30 3 0
BITMAP
F0078078
F0078078
F0078078
F0078078
F0078078
F0078078
F0078078
F0078078
F0078078
F0078078
F0078078
F0078078
F00780F8
780780F0
780780F0
7C0781F0
3E0783E0
1FC78FC0
0FFFFF80
03FFFF00
00FFF800
00078000
00078000
00078000
00078000
00078000
00078000
00078000
00078000
00078000
ENDCHAR
STARTCHAR Omega
ENCODING 937
SWIDTH 747 0
DWIDTH 31 0
BBX 26 30 3 0
BITMAP
007F8000
01FFE000
03FFF000
07FFF800
0FC0FC00
1F807E00
1F003E00
3E001F00
3C000F00
7C000F80
7C000F80
78000780
78000780
78000780
78000780
78000780
78000780
78000780
38000700
3C000F00
1C000E00
1E001E00
0E001C00
0F003800
07807800
03E1F000
FFF3FFC0
FFF3FFC0
FFF3FFC0
FFF3FFC0
ENDCHAR
STARTCHAR Iotadieresis
ENCODING 938
SWIDTH 277 0
DWIDTH 12 0
BBX 12 36 0 0
BITMAP
F0F0
F0F0
F0F0
F0F0
0000
0000
0F00
0F00
0F00
0F00
0F00
0F00
0F00
0F00
0F00
0F00
0F00
0F00
0F00
0F00
0F00
0F00
0F00
0F00
0F00
0F00
0F00
0F00
0F00
0F00
0F00
0F00
0F00
0F00
0F00
0F00
ENDCHAR
STARTCHAR Upsilondieresis
ENCODING 939
SWIDTH 666 0
DWIDTH 28 0
BBX 28 36 0 0
BITMAP
00F0F000
00F0F000
00F0F000
00F0F000
00000000
00000000
F80001F0
7C0003E0
3C0003C0
3E0007C0
1F000F80
0F000F00
0F801F00
07C03E00
03E07C00
01E07800
01F0F800
00F9F000
0079E000
007FE000
003FC000
001F8000
001F8000
000F0000
000F0000
000F0000
000F0000
000F0000
000F0000
000F0000
000F0000
000F0000
000F0000
000F0000
000F0000
000F0000
ENDCHAR
STARTCHAR alphatonos
ENCODING 940
SWIDTH 578 0
DWIDTH 24 0
BBX 22 31 1 0
BITMAP
0007C0
000F80
000F00
001E00
001C00
003800
000000
000000
03F800
0FFC3C
1FFF7C
3F0F78
3C03F8
7801F8
7801F8
F001F8
F000F8
F000F0
F000F0
F000F0
F000F0
F000F0
F000F0
F801F8
7801F8
7803F8
3C03F8
3F0F78
1FFF78
0FFE7C
03F83C
ENDCHAR
STARTCHAR epsilontonos
ENCODING 941
SWIDTH 445 0
DWIDTH 19 0
BBX 17 31 1 0
BITMAP
007C00
00F800
00F000
01E000
01C000
038000
000000
000000
07F000
1FFC00
3FFF00
3E1E00
7C0400
780000
780000
780000
7C0000
3E0000
1FE000
0FE000
3FE000
7C0000
F80000
F00000
F00000
F00200
F80700
7C1F80
7FFF00
3FFC00
0FF000
ENDCHAR
STARTCHAR etatonos
ENCODING 942
SWIDTH 556 0
DWIDTH 23 0
BBX 17 39 3 -8
BITMAP
003E00
007C00
007800
00F000
00E000
01C000
000000
000000
00F800
F3FE00
F7FF00
FE1F00
FC0F80
F80780
F00780
F00780
F00780
F00780
F00780
F00780
F00780
F00780
F00780
F00780
F00780
F00780
F00780
F00780
F00780
F00780
F00780
000780
000780
000780
000780
000780
000780
000780
000780
ENDCHAR
STARTCHAR iotatonos
ENCODING 943
SWIDTH 222 0
DWIDTH 10 0
BBX 8 31 2 0
BITMAP
1F
3E
3C
78
70
E0
00
00
00
78
78
78
78
78
78
78
78
78
78
78
78
78
78
78
78
78
78
78
78
78
78
ENDCHAR
STARTCHAR upsilondieresistonos
ENCODING 944
SWIDTH 546 0
DWIDTH 23 0
BBX 17 31 3 0
BITMAP
00F000
00F000
78E780
79C780
79C780
798780
000000
000000
000000
F00780
F00780
F00780
F00780
F00780
F00780
F00780
F00780
F00780
F00780
F00780
F00780
F00780
F00780
F00780
F00780
F80F00
780F00
7E3F00
3FFE00
1FFC00
07F000
ENDCHAR
STARTCHAR alpha
ENCODING 945
SWIDTH 578 0
DWIDTH 24 0
BBX 22 23 1 0
BITMAP
03F800
0FFC3C
1FFF7C
3F0F78
3C03F8
7801F8
7801F8
F001F8
F000F8
F000F0
F000F0
F000F0
F000F0
F000F0
F000F0
F801F8
7801F8
7803F8
3C03F8
3F0F78
1FFF78
0FFE7C
03F83C
ENDCHAR
STARTCHAR beta
ENCODING 946
SWIDTH 575 0
DWIDTH 24 0
BBX 19 38 3 -8
BITMAP
03F000
0FFC00
3FFE00
7C1F00
780F00
F00780
F00780
F00780
F00780
F00780
F00F00
F03E00
F1FC00
F1E000
F1FE00
F01F00
F00780
F003C0
F003E0
F001E0
F001E0
F001E0
F001E0
F801E0
F803C0
FC07C0
FF0F80
F7FF80
F3FF00
F0FC00
F00000
F00000
F00000
F00000
F00000
F00000
F00000
F00000
ENDCHAR
STARTCHAR gamma
ENCODING 947
SWIDTH 500 0
DWIDTH 21 0
BBX 18 30 2 -8
BITMAP
F003C0
F003C0
F807C0
780780
780780
7C0F80
3C0F00
3C0F00
3E1F00
1E1E00
1E1E00
1F3E00
0F3C00
0F3C00
0FFC00
07F800
07F800
07F800
03F000
03F000
03F000
01E000
01E000
01E000
01E000
01E000
01E000
01E000
01E000
01E000
ENDCHAR
STARTCHAR delta
ENCODING 948
SWIDTH 556 0
DWIDTH 23 0
BBX 19 30 2 0
BITMAP
3FFF80
3FFF80
3FFF80
1E0000
078000
03E000
00F000
03FC00
0FFE00
1FFF00
3E0F80
7C0780
7803C0
7803C0
F803E0
F001E0
F001E0
F001E0
F001E0
F001E0
F001E0
F001E0
F801E0
7803C0
7803C0
3C0780
3F0F80
1FFF00
0FFE00
03F800
ENDCHAR
STARTCHAR epsilon
ENCODING 949
SWIDTH 445 0
DWIDTH 19 0
BBX 17 23 1 0
BITMAP
07F000
1FFC00
3FFF00
3E1E00
7C0400
780000
780000
780000
7C0000
3E0000
1FE000
0FE000
3FE000
7C0000
F80000
F00000
F00000
F00200
F80700
7C1F80
7FFF00
3FFC00
0FF000
ENDCHAR
STARTCHAR zeta
ENCODING 950
SWIDTH 440 0
DWIDTH 19 0
BBX 17 38 1 -8
BITMAP
1FFF80
1FFF80
1FFF80
001F00
003C00
007800
00F000
01E000
03C000
078000
0F0000
0F0000
1E0000
3E0000
3C0000
780000
780000
780000
F00000
F00000
F00000
F00000
F00000
F00000
F00000
780000
7E0000
3FF800
1FFE00
07FF00
000F80
000780
000780
000780
000F00
003F00
007E00
007800
ENDCHAR
STARTCHAR eta
ENCODING 951
SWIDTH 556 0
DWIDTH 23 0
BBX 17 31 3 -8
BITMAP
00F800
F3FE00
F7FF00
FE1F00
FC0F80
F80780
F00780
F00780
F00780
F00780
F00780
F00780
F00780
F00780
F00780
F00780
F00780
F00780
F00780
F00780
F00780
F00780
F00780
000780
000780
000780
000780
000780
000780
000780
000780
ENDCHAR
STARTCHAR theta
ENCODING 952
SWIDTH 556 0
DWIDTH 23 0
BBX 19 30 2 0
BITMAP
03F800
0FFE00
1FFF00
1E1F00
3C0780
7803C0
7803C0
7803C0
7001C0
F001E0
F001E0
F001E0
F001E0
FFFFE0
FFFFE0
FFFFE0
F001E0
F001E0
F001E0
F001E0
F001E0
7803C0
7803C0
7803C0
7C07C0
3C0780
1E1F00
1FFF00
0FFE00
03F800
ENDCHAR
STARTCHAR iota
ENCODING 953
SWIDTH 222 0
DWIDTH 10 0
BBX 4 22 3 0
BITMAP
F0
F0
F0
F0
F0
F0
F0
F0
F0
F0
F0
F0
F0
F0
F0
F0
F0
F0
F0
F0
F0
F0
ENDCHAR
STARTCHAR kappa
ENCODING 954
SWIDTH 500 0
DWIDTH 21 0
BBX 17 22 3 0
BITMAP
F01F00
F03E00
F07C00
F0F800
F1F000
F3E000
F7C000
FF8000
FF0000
FF0000
FF8000
FFC000
F3C000
F3E000
F1F000
F0F800
F07800
F07C00
F03E00
F01F00
F00F00
F00F80
ENDCHAR
STARTCHAR lambda
ENCODING 955
SWIDTH 500 0
DWIDTH 21 0
BBX 19 30 1 0
BITMAP
078000
078000
078000
03C000
03C000
03E000
01E000
01E000
01F000
01F000
01F000
03F800
03F800
07F800
07BC00
07BC00
0FBE00
0F1E00
0F1E00
1E0F00
1E0F00
1E0F00
3C0780
3C0780
7C0780
7803C0
7803C0
F803E0
F001E0
F001E0
ENDCHAR
STARTCHAR mu
ENCODING 956
SWIDTH 576 0
DWIDTH 24 0
BBX 18 30 3 -8
BITMAP
F003C0
F003C0
F003C0
F003C0
F003C0
F003C0
F003C0
F003C0
F003C0
F003C0
F003C0
F003C0
F003C0
F003C0
F003C0
F003C0
F807C0
FC0FC0
FE1FC0
FFFFC0
F7FBC0
F3F3C0
F00000
F00000
F00000
F00000
F00000
F00000
F00000
F00000
ENDCHAR
STARTCHAR nu
ENCODING 957
SWIDTH 500 0
DWIDTH 23 0
BBX 21 22 1 0
BITMAP
F00078
7800F0
7800F0
7C01F0
3C01E0
3C01E0
3E03E0
1E03C0
1E03C0
0F0780
0F0780
0F0780
078F00
078F00
03CE00
03DE00
03DE00
01DC00
01FC00
00FC00
00F800
00F800
ENDCHAR
STARTCHAR xi
ENCODING 958
SWIDTH 447 0
DWIDTH 19 0
BBX 16 38 2 -8
BITMAP
03FC
0FFC
1FFC
3E00
7C00
7800
7800
7800
7C00
3E00
1FFC
0FFC
03FC
0FC0
1F00
3E00
7C00
7800
F800
F000
F000
F000
F000
F000
F800
7C00
3F00
3FF8
0FFC
03FE
001F
0007
0007
0007
001E
007E
00FC
00E0
ENDCHAR
STARTCHAR omicron
ENCODING 959
SWIDTH 556 0
DWIDTH 23 0
BBX 19 23 2 0
BITMAP
03F800
0FFE00
1FFF00
3E0F80
3C0780
7803C0
7803C0
F001E0
F001E0
F001E0
F001E0
F001E0
F001E0
F001E0
F001E0
F003E0
7803C0
7803C0
3C0780
3E0F80
1FFF00
0FFE00
03F800
ENDCHAR
STARTCHAR pi
ENCODING 960
SWIDTH 689 0
DWIDTH 29 0
BBX 27 22 1 0
BITMAP
FFFFFFE0
FFFFFFE0
FFFFFFE0
03C07800
03C07800
03C07800
03C07800
03C07800
03C07800
03C07800
03C07800
03C07800
03C07800
03C07800
03C07800
03C07800
03C07800
03C07800
03C07800
03C07800
03C07800
03C07800
ENDCHAR
STARTCHAR rho
ENCODING 961
SWIDTH 568 0
DWIDTH 24 0
BBX 19 31 3 -8
BITMAP
03F000
0FFC00
1FFF00
3E1F80
7C0780
7803C0
7803C0
F001E0
F001E0
F001E0
F001E0
F001E0
F001E0
F001E0
F001E0
F001E0
F803C0
F803C0
FC0780
FE0F80
FFFF00
F7FE00
F1F800
F00000
F00000
F00000
F00000
F00000
F00000
F00000
F00000
ENDCHAR
STARTCHAR sigma1
ENCODING 962
SWIDTH 481 0
DWIDTH 20 0
BBX 17 31 2 -8
BITMAP
007F00
03FF80
07FF00
0F8100
1E0000
3C0000
7C0000
780000
780000
F00000
F00000
F00000
F00000
F00000
F00000
F80000
780000
7C0000
7E0000
3F8000
1FF000
0FFC00
01FE00
003F00
000F00
000F00
000F00
001F00
01FE00
03FC00
03F000
ENDCHAR
STARTCHAR sigma
ENCODING 963
SWIDTH 617 0
DWIDTH 26 0
BBX 23 23 2 0
BITMAP
01F000
07FFFE
1FFFFE
3F0FFE
3C03C0
7801E0
7801E0
F801E0
F000F0
F000F0
F000F0
F000F0
F000F0
F000F0
F000F0
F001F0
7801E0
7801E0
3C03C0
3F0FC0
1FFF80
0FFF00
01F800
ENDCHAR
STARTCHAR tau
ENCODING 964
SWIDTH 395 0
DWIDTH 17 0
BBX 12 22 3 0
BITMAP
FFF0
FFF0
FFF0
0F00
0F00
0F00
0F00
0F00
0F00
0F00
0F00
0F00
0F00
0F00
0F00
0F00
0F00
0F00
0F00
0F00
0F00
0F00
ENDCHAR
STARTCHAR upsilon
ENCODING 965
SWIDTH 546 0
DWIDTH 23 0
BBX 17 22 3 0
BITMAP
F00780
F00780
F00780
F00780
F00780
F00780
F00780
F00780
F00780
F00780
F00780
F00780
F00780
F00780
F00780
F00780
F80F00
780F00
7E3F00
3FFE00
1FFC00
07F000
ENDCHAR
STARTCHAR phi
ENCODING 966
SWIDTH 648 0
DWIDTH 27 0
BBX 23 31 2 -8
BITMAP
071F80
0F3FE0
1E7FF0
3C7CF8
787878
78783C
78781C
F0781E
F0781E
F0781E
F0781E
F0781E
F0781E
F0781E
F0783C
78783C
78783C
7C7878
3E78F0
1F7BE0
0FFFC0
07FF80
01FE00
007800
007800
007800
007800
007800
007800
007800
007800
ENDCHAR
STARTCHAR chi
ENCODING 967
SWIDTH 524 0
DWIDTH 22 0
BBX 20 30 1 -8
BITMAP
7800F0
7C01F0
3C01E0
3E03E0
1E03C0
1F0780
0F0F80
078F00
079F00
03DE00
03FC00
01FC00
01F800
00F800
00F000
00F800
01F800
01FC00
03FC00
03DE00
079E00
0F8F00
0F0F00
1F0780
1E07C0
3C03C0
7C03E0
7801E0
F801F0
F000F0
ENDCHAR
STARTCHAR psi
ENCODING 968
SWIDTH 712 0
DWIDTH 30 0
BBX 24 30 3 -8
BITMAP
F03C0F
F03C0F
F03C0F
F03C0F
F03C0F
F03C0F
F03C0F
F03C0F
F03C0F
F03C0F
F03C0F
F03C0F
F03C0F
F03C0F
F03C0F
F83C1F
783C1E
7C3C3E
3F3CFC
1FFFF8
0FFFF0
03FFC0
003C00
003C00
003C00
003C00
003C00
003C00
003C00
003C00
ENDCHAR
STARTCHAR omega
ENCODING 969
SWIDTH 780 0
DWIDTH 33 0
BBX 29 22 2 0
BITMAP
1E0003C0
3C0001E0
3C0001E0
7C0001F0
780000F0
780700F0
780700F0
F0070078
F0070078
F0070078
F0070078
F0070078
F0070078
F0070078
F0070078
780700F8
780F80F0
7C0D81F0
3E3DE3E0
3FF8FFE0
1FF07F80
07C03F00
ENDCHAR
STARTCHAR iotadieresis
ENCODING 970
SWIDTH 222 0
DWIDTH 10 0
BBX 12 29 -1 0
BITMAP
F0F0
F0F0
F0F0
F0F0
0000
0000
0000
0F00
0F00
0F00
0F00
0F00
0F00
0F00
0F00
0F00
0F00
0F00
0F00
0F00
0F00
0F00
0F00
0F00
0F00
0F00
0F00
0F00
0F00
ENDCHAR
STARTCHAR upsilondieresis
ENCODING 971
SWIDTH 546 0
DWIDTH 23 0
BBX 17 29 3 0
BITMAP
1E1E00
1E1E00
1E1E00
1E1E00
000000
000000
000000
F00780
F00780
F00780
F00780
F00780
F00780
F00780
F00780
F00780
F00780
F00780
F00780
F00780
F00780
F00780
F00780
F80F00
780F00
7E3F00
3FFE00
1FFC00
07F000
ENDCHAR
STARTCHAR omicrontonos
ENCODING 972
SWIDTH 556 0
DWIDTH 23 0
BBX 19 31 2 0
BITMAP
003E00
007C00
007800
00F000
00E000
01C000
000000
000000
03F800
0FFE00
1FFF00
3E0F80
3C0780
7803C0
7803C0
F001E0
F001E0
F001E0
F001E0
F001E0
F001E0
F001E0
F001E0
F003E0
7803C0
7803C0
3C0780
3E0F80
1FFF00
0FFE00
03F800
ENDCHAR
STARTCHAR upsilontonos
ENCODING 973
SWIDTH 546 0
DWIDTH 23 0
BBX 17 31 3 0
BITMAP
007C00
007800
00F000
00F000
01E000
01C000
000000
000000
000000
F00780
F00780
F00780
F00780
F00780
F00780
F00780
F00780
F00780
F00780
F00780
F00780
F00780
F00780
F00780
F00780
F80F00
780F00
7E3F00
3FFE00
1FFC00
07F000
ENDCHAR
STARTCHAR omegatonos
ENCODING 974
SWIDTH 780 0
DWIDTH 33 0
BBX 29 31 2 0
BITMAP
0001E000
0003E000
0003C000
00078000
00070000
000E0000
00000000
00000000
00000000
1E0003C0
3C0001E0
3C0001E0
7C0001F0
780000F0
780700F0
780700F0
F0070078
F0070078
F0070078
F0070078
F0070078
F0070078
F0070078
F0070078
780700F8
780F80F0
7C0D81F0
3E3DE3E0
3FF8FFE0
1FF07F80
07C03F00
ENDCHAR
STARTCHAR afii10023
ENCODING 1025
SWIDTH 667 0
DWIDTH 28 0
BBX 23 36 3 0
BITMAP
078780
078780
078780
078780
000000
000000
FFFFFC
FFFFFC
FFFFFC
FFFFFC
F00000
F00000
F00000
F00000
F00000
F00000
F00000
F00000
FFFFF8
FFFFF8
FFFFF8
FFFFF8
F00000
F00000
F00000
F00000
F00000
F00000
F00000
F00000
F00000
F00000
FFFFFE
FFFFFE
FFFFFE
FFFFFE
ENDCHAR
STARTCHAR afii10051
ENCODING 1026
SWIDTH 864 0
DWIDTH 36 0
BBX 34 30 1 0
BITMAP
FFFFFF0000
FFFFFF0000
FFFFFF0000
FFFFFF0000
003C000000
003C000000
003C000000
003C000000
003C000000
003C000000
003C1FE000
003CFFF800
003FFFFE00
003FFFFF00
003FC03F00
003E000F80
003C000780
003C0007C0
003C0003C0
003C0003C0
003C0003C0
003C0003C0
003C0003C0
003C000780
003C000F80
003C001F80
003C07FF00
003C0FFE00
003C0FFC00
003C07F000
ENDCHAR
STARTCHAR afii10052
ENCODING 1027
SWIDTH 541 0
DWIDTH 23 0
BBX 19 38 4 0
BITMAP
003E00
007C00
007800
00F000
00E000
01C000
000000
000000
FFFFE0
FFFFE0
FFFFE0
FFFFE0
F00000
F00000
F00000
F00000
F00000
F00000
F00000
F00000
F00000
F00000
F00000
F00000
F00000
F00000
F00000
F00000
F00000
F00000
F00000
F00000
F00000
F00000
F00000
F00000
F00000
F00000
ENDCHAR
STARTCHAR afii10053
ENCODING 1028
SWIDTH 718 0
DWIDTH 30 0
BBX 26 30 2 0
BITMAP
003F8000
01FFF000
07FFF800
0FFFFE00
1FC07E00
1E001F00
3C000F00
78000F80
78000600
70000000
F0000000
F0000000
FFFE0000
FFFE0000
FFFE0000
FFFE0000
F0000000
F0000000
F0000000
F8000300
780003C0
780007C0
7C000F80
3E000F80
3F001F00
1FC07F00
0FFFFE00
07FFFC00
01FFF000
007FC000
ENDCHAR
STARTCHAR afii10054
ENCODING 1029
SWIDTH 666 0
DWIDTH 28 0
BBX 24 30 2 0
BITMAP
00FF00
07FFC0
0FFFF0
1FFFF8
3F01FC
7C007C
78003E
78001E
78001E
780000
7C0000
3F0000
1FF000
0FFF00
03FFE0
007FF8
0007FC
00007E
00001E
F0000F
F0000F
F8000F
78000F
7C001F
7E003E
3F80FE
1FFFFC
0FFFF8
03FFE0
00FF80
ENDCHAR
STARTCHAR afii10055
ENCODING 1030
SWIDTH 277 0
DWIDTH 12 0
BBX 4 30 4 0
BITMAP
F0
F0
F0
F0
F0
F0
F0
F0
F0
F0
F0
F0
F0
F0
F0
F0
F0
F0
F0
F0
F0
F0
F0
F0
F0
F0
F0
F0
F0
F0
ENDCHAR
STARTCHAR afii10056
ENCODING 1031
SWIDTH 277 0
DWIDTH 12 0
BBX 12 36 0 0
BITMAP
F0F0
F0F0
F0F0
F0F0
0000
0000
0F00
0F00
0F00
0F00
0F00
0F00
0F00
0F00
0F00
0F00
0F00
0F00
0F00
0F00
0F00
0F00
0F00
0F00
0F00
0F00
0F00
0F00
0F00
0F00
0F00
0F00
0F00
0F00
0F00
0F00
ENDCHAR
STARTCHAR afii10057
ENCODING 1032
SWIDTH 500 0
DWIDTH 21 0
BBX 17 30 1 0
BITMAP
000780
000780
000780
000780
000780
000780
000780
000780
000780
000780
000780
000780
000780
000780
000780
000780
000780
000780
000780
000780
F00780
F00780
F00780
F80780
F80F80
7C1F00
7FFF00
3FFE00
1FFC00
07F000
ENDCHAR
STARTCHAR afii10058
ENCODING 1033
SWIDTH 1057 0
DWIDTH 44 0
BBX 42 30 0 0
BITMAP
07FFFF000000
07FFFF000000
07FFFF000000
07FFFF000000
07800F000000
07800F000000
07800F000000
07800F000000
07800F000000
07800F000000
07800F000000
07800F000000
07800FFFF000
07800FFFFC00
07800FFFFF00
07800FFFFF00
07800F001F80
07800F000780
07800F0007C0
07800F0003C0
07800F0003C0
07800F0003C0
07800F0003C0
07800F0007C0
07800F000780
4F800F001F80
7F000FFFFF00
FF000FFFFE00
FE000FFFFC00
7C000FFFF000
ENDCHAR
STARTCHAR afii10059
ENCODING 1034
SWIDTH 1010 0
DWIDTH 42 0
BBX 37 30 3 0
BITMAP
F001E00000
F001E00000
F001E00000
F001E00000
F001E00000
F001E00000
F001E00000
F001E00000
F001E00000
F001E00000
F001E00000
F001E00000
FFFFFFFE00
FFFFFFFF80
FFFFFFFFE0
FFFFFFFFE0
F001E003F0
F001E000F0
F001E000F8
F001E00078
F001E00078
F001E00078
F001E00078
F001E000F8
F001E000F0
F001E003F0
F001FFFFE0
F001FFFFE0
F001FFFF80
F001FFFE00
ENDCHAR
STARTCHAR afii10060
ENCODING 1035
SWIDTH 854 0
DWIDTH 36 0
BBX 32 30 1 0
BITMAP
FFFFFF00
FFFFFF00
FFFFFF00
FFFFFF00
003C0000
003C0000
003C0000
003C0000
003C0000
003C0000
003C1FC0
003CFFF0
003FFFF8
003FFFFC
003FE07E
003E003E
003C001E
003C001F
003C000F
003C000F
003C000F
003C000F
003C000F
003C000F
003C000F
003C000F
003C000F
003C000F
003C000F
003C000F
ENDCHAR
STARTCHAR afii10061
ENCODING 1036
SWIDTH 582 0
DWIDTH 24 0
BBX 21 38 3 0
BITMAP
001F00
003E00
003C00
007800
007000
00F000
000000
000000
F000F8
F003F8
F007F8
F00FF8
F00F80
F01F00
F01E00
F01E00
F03C00
F03C00
F07800
F0F800
F1F000
FFE000
FF8000
FFE000
F1F000
F0F800
F07C00
F03C00
F01E00
F01F00
F00F00
F00F80
F007C0
F003C0
F003E0
F001E0
F000F0
F000F8
ENDCHAR
STARTCHAR afii10062
ENCODING 1038
SWIDTH 635 0
DWIDTH 27 0
BBX 25 37 2 0
BITMAP
0381C000
01C3C000
01FFC000
00FF8000
003E0000
00000000
00000000
F0000780
F8000F80
78000F00
7C001F00
3C001E00
3E001E00
1E003C00
1F003C00
0F007800
0F807800
0780F000
03C0F000
03C1E000
01E1E000
01F3C000
00F3C000
00FF8000
007F8000
007F0000
003F0000
003E0000
001E0000
001C0000
003C0000
00780000
00F80000
1FF00000
1FE00000
1FE00000
0F800000
ENDCHAR
STARTCHAR afii10145
ENCODING 1039
SWIDTH 718 0
DWIDTH 30 0
BBX 24 38 3 -8
BITMAP
F0000F
F0000F
F0000F
F0000F
F0000F
F0000F
F0000F
F0000F
F0000F
F0000F
F0000F
F0000F
F0000F
F0000F
F0000F
F0000F
F0000F
F0000F
F0000F
F0000F
F0000F
F0000F
F0000F
F0000F
F0000F
F0000F
FFFFFF
FFFFFF
FFFFFF
FFFFFF
003C00
003C00
003C00
003C00
003C00
003C00
003C00
003C00
ENDCHAR
STARTCHAR afii10017
ENCODING 1040
SWIDTH 666 0
DWIDTH 28 0
BBX 27 30 0 0
BITMAP
000E0000
001F0000
001F0000
003F8000
003B8000
003B8000
007BC000
0071C000
00F1E000
00F0E000
00E0E000
01E0F000
01C07000
03C07800
03C07800
03803800
07803C00
07FFFC00
0FFFFE00
0FFFFE00
0FFFFE00
1E000F00
1E000F00
3C000780
3C000780
3C000780
780003C0
780003C0
F80003E0
F00001E0
ENDCHAR
STARTCHAR afii10018
ENCODING 1041
SWIDTH 656 0
DWIDTH 28 0
BBX 23 30 3 0
BITMAP
FFFFF0
FFFFF0
FFFFF0
FFFFF0
F00000
F00000
F00000
F00000
F00000
F00000
F00000
F00000
FFFF80
FFFFE0
FFFFF8
FFFFF8
F000FC
F0003C
F0003E
F0001E
F0001E
F0001E
F0001E
F0003E
F0003C
F000FC
FFFFF8
FFFFF0
FFFFE0
FFFF80
ENDCHAR
STARTCHAR afii10019
ENCODING 1042
SWIDTH 666 0
DWIDTH 28 0
BBX 23 30 3 0
BITMAP
FFFF00
FFFFE0
FFFFF0
FFFFF8
F001F8
F0007C
F0003C
F0003C
F0003C
F0003C
F00078
F001F8
FFFFF0
FFFFE0
FFFFE0
FFFFF0
F000F8
F0003C
F0003E
F0001E
F0001E
F0001E
F0001E
F0003E
F0003C
F000FC
FFFFF8
FFFFF0
FFFFE0
FFFF80
ENDCHAR
STARTCHAR afii10020
ENCODING 1043
SWIDTH 541 0
DWIDTH 23 0
BBX 19 30 4 0
BITMAP
FFFFE0
FFFFE0
FFFFE0
FFFFE0
F00000
F00000
F00000
F00000
F00000
F00000
F00000
F00000
F00000
F00000
F00000
F00000
F00000
F00000
F00000
F00000
F00000
F00000
F00000
F00000
F00000
F00000
F00000
F00000
F00000
F00000
ENDCHAR
STARTCHAR afii10021
ENCODING 1044
SWIDTH 677 0
DWIDTH 28 0
BBX 27 37 1 -7
BITMAP
03FFFF00
03FFFF00
03FFFF00
03FFFF00
03C00F00
03C00F00
03C00F00
03C00F00
03C00F00
03C00F00
03C00F00
03C00F00
03C00F00
03C00F00
03800F00
03800F00
07800F00
07800F00
07800F00
07800F00
07800F00
07000F00
0F000F00
0F000F00
0F000F00
1E000F00
FFFFFFE0
FFFFFFE0
FFFFFFE0
FFFFFFE0
F00001E0
F00001E0
F00001E0
F00001E0
F00001E0
F00001E0
F00001E0
ENDCHAR
STARTCHAR afii10022
ENCODING 1045
SWIDTH 666 0
DWIDTH 28 0
BBX 23 30 3 0
BITMAP
FFFFFC
FFFFFC
FFFFFC
FFFFFC
F00000
F00000
F00000
F00000
F00000
F00000
F00000
F00000
FFFFF8
FFFFF8
FFFFF8
FFFFF8
F00000
F00000
F00000
F00000
F00000
F00000
F00000
F00000
F00000
F00000
FFFFFE
FFFFFE
FFFFFE
FFFFFE
ENDCHAR
STARTCHAR afii10024
ENCODING 1046
SWIDTH 923 0
DWIDTH 39 0
BBX 40 30 -1 0
BITMAP
F8003C001F
FE003C007F
FF003C00FF
FF803C01FF
0F803C01F0
07C03C03E0
03C03C03C0
03E03C07C0
01E03C0780
01F03C0F80
00F03C0F00
00F83C1E00
007E3C7E00
003FFFFC00
000FFFF000
001FFFFC00
007E3C7E00
00F83C3F00
00F03C1F00
01F03C0F80
03E03C07C0
03C03C03C0
07803C01E0
0F803C01F0
0F003C00F0
1F003C00F8
3E003C007C
3C003C003C
7C003C003E
F8003C001F
ENDCHAR
STARTCHAR afii10025
ENCODING 1047
SWIDTH 604 0
DWIDTH 25 0
BBX 21 30 2 0
BITMAP
01FC00
07FF80
0FFFC0
1FFFE0
3F07E0
3E01F0
3C00F0
7C00F0
7800F0
1800F0
0001E0
0007E0
007FC0
007F80
007FC0
007FE0
0003F0
0001F0
0000F8
000078
300078
F00078
F80078
7C00F8
7E01F0
3F03F0
1FFFE0
0FFFC0
07FF80
01FC00
ENDCHAR
STARTCHAR afii10026
ENCODING 1048
SWIDTH 718 0
DWIDTH 30 0
BBX 24 30 3 0
BITMAP
F0001F
F0001F
F0003F
F0007F
F0007F
F000FF
F001FF
F001EF
F003EF
F007CF
F0078F
F00F8F
F01F0F
F01E0F
F03E0F
F07C0F
F0780F
F0F80F
F1F00F
F1E00F
F3E00F
F7C00F
F7800F
FF800F
FF000F
FE000F
FE000F
FC000F
F8000F
F8000F
ENDCHAR
STARTCHAR afii10027
ENCODING 1049
SWIDTH 718 0
DWIDTH 30 0
BBX 24 37 3 0
BITMAP
0381C0
03C380
01FF80
01FF00
007E00
000000
000000
F0001F
F0001F
F0003F
F0007F
F0007F
F000FF
F001FF
F001EF
F003EF
F007CF
F0078F
F00F8F
F01F0F
F01E0F
F03E0F
F07C0F
F0780F
F0F80F
F1F00F
F1E00F
F3E00F
F7C00F
F7800F
FF800F
FF000F
FE000F
FE000F
FC000F
F8000F
F8000F
ENDCHAR
STARTCHAR afii10028
ENCODING 1050
SWIDTH 582 0
DWIDTH 24 0
BBX 21 30 3 0
BITMAP
F000F8
F003F8
F007F8
F00FF8
F00F80
F01F00
F01E00
F01E00
F03C00
F03C00
F07800
F0F800
F1F000
FFE000
FF8000
FFE000
F1F000
F0F800
F07C00
F03C00
F01E00
F01F00
F00F00
F00F80
F007C0
F003C0
F003E0
F001E0
F000F0
F000F8
ENDCHAR
STARTCHAR afii10029
ENCODING 1051
SWIDTH 656 0
DWIDTH 28 0
BBX 24 30 1 0
BITMAP
07FFFF
07FFFF
07FFFF
07FFFF
07800F
07800F
07800F
07800F
07800F
07800F
07800F
07800F
07800F
07800F
07800F
07800F
07800F
07800F
07800F
07800F
07800F
07800F
07800F
07800F
07800F
4F800F
7F000F
FF000F
FE000F
7C000F
ENDCHAR
STARTCHAR afii10030
ENCODING 1052
SWIDTH 833 0
DWIDTH 35 0
BBX 29 30 3 0
BITMAP
FE0003F8
FE0003F8
FF0007F8
FF0007F8
FF0007F8
FF0007F8
F7800F78
F7800F78
F7800F78
F3C01E78
F3C01E78
F3C01E78
F1E03C78
F1E03C78
F1E03C78
F1E03C78
F0F07878
F0F07878
F0F07878
F078F078
F078F078
F078F078
F03DE078
F03DE078
F03DE078
F03DE078
F01FC078
F01FC078
F01FC078
F00F8078
ENDCHAR
STARTCHAR afii10031
ENCODING 1053
SWIDTH 722 0
DWIDTH 30 0
BBX 24 30 3 0
BITMAP
F0000F
F0000F
F0000F
F0000F
F0000F
F0000F
F0000F
F0000F
F0000F
F0000F
F0000F
F0000F
FFFFFF
FFFFFF
FFFFFF
FFFFFF
F0000F
F0000F
F0000F
F0000F
F0000F
F0000F
F0000F
F0000F
F0000F
F0000F
F0000F
F0000F
F0000F
F0000F
ENDCHAR
STARTCHAR afii10032
ENCODING 1054
SWIDTH 777 0
DWIDTH 33 0
BBX 29 30 2 0
BITMAP
003FE000
00FFF800
03FFFE00
07FFFF00
0FE03F80
1F800FC0
3E0003E0
3C0001E0
7C0001F0
780000F0
780000F0
F0000078
F0000078
F0000078
F0000078
F0000078
F0000078
F0000078
F0000078
780000F0
780000F0
7C0001F0
3C0001E0
3E0003E0
1F800FC0
0FE03F80
07FFFF00
03FFFE00
00FFF800
003FC000
ENDCHAR
STARTCHAR afii10033
ENCODING 1055
SWIDTH 718 0
DWIDTH 30 0
BBX 24 30 3 0
BITMAP
FFFFFF
FFFFFF
FFFFFF
FFFFFF
F0000F
F0000F
F0000F
F0000F
F0000F
F0000F
F0000F
F0000F
F0000F
F0000F
F0000F
F0000F
F0000F
F0000F
F0000F
F0000F
F0000F
F0000F
F0000F
F0000F
F0000F
F0000F
F0000F
F0000F
F0000F
F0000F
ENDCHAR
STARTCHAR afii10034
ENCODING 1056
SWIDTH 666 0
DWIDTH 28 0
BBX 23 30 3 0
BITMAP
FFFF80
FFFFE0
FFFFF8
FFFFF8
F000FC
F0003C
F0003E
F0001E
F0001E
F0001E
F0001E
F0003E
F0003C
F000FC
FFFFF8
FFFFF0
FFFFE0
FFFF00
F00000
F00000
F00000
F00000
F00000
F00000
F00000
F00000
F00000
F00000
F00000
F00000
ENDCHAR
STARTCHAR afii10035
ENCODING 1057
SWIDTH 722 0
DWIDTH 30 0
BBX 26 30 2 0
BITMAP
003F8000
01FFF000
07FFF800
0FFFFC00
1FC0FE00
1F003F00
3E001F00
7C000F80
78000780
78000400
F8000000
F0000000
F0000000
F0000000
F0000000
F0000000
F0000000
F0000000
F0000000
78000300
780003C0
780007C0
3C000780
3E000F80
1F001F00
1FC07F00
0FFFFE00
07FFFC00
01FFF000
007F8000
ENDCHAR
STARTCHAR afii10036
ENCODING 1058
SWIDTH 610 0
DWIDTH 26 0
BBX 24 30 1 0
BITMAP
FFFFFF
FFFFFF
FFFFFF
FFFFFF
003C00
003C00
003C00
003C00
003C00
003C00
003C00
003C00
003C00
003C00
003C00
003C00
003C00
003C00
003C00
003C00
003C00
003C00
003C00
003C00
003C00
003C00
003C00
003C00
003C00
003C00
ENDCHAR
STARTCHAR afii10037
ENCODING 1059
SWIDTH 635 0
DWIDTH 27 0
BBX 25 30 2 0
BITMAP
F0000780
F8000F80
78000F00
7C001F00
3C001E00
3E001E00
1E003C00
1F003C00
0F007800
0F807800
0780F000
03C0F000
03C1E000
01E1E000
01F3C000
00F3C000
00FF8000
007F8000
007F0000
003F0000
003E0000
001E0000
001C0000
003C0000
00780000
00F80000
1FF00000
1FE00000
1FE00000
0F800000
ENDCHAR
STARTCHAR afii10038
ENCODING 1060
SWIDTH 760 0
DWIDTH 32 0
BBX 28 30 2 0
BITMAP
000F0000
000F0000
000F0000
000F0000
007FE000
03FFFC00
0FFFFF00
1FFFFF80
3F8F1FC0
7E0F07E0
7C0F03E0
F80F01E0
F00F00F0
F00F00F0
F00F00F0
F00F00F0
F00F00F0
F00F00F0
780F01E0
7C0F03E0
7E0F07E0
3F8F1FC0
1FFFFF80
0FFFFF00
03FFFC00
00FFF000
000F0000
000F0000
000F0000
000F0000
ENDCHAR
STARTCHAR afii10039
ENCODING 1061
SWIDTH 666 0
DWIDTH 27 0
BBX 27 30 0 0
BITMAP
7C0007C0
3E000F80
1E001F00
1F001F00
0F803E00
07C07C00
03C07800
03E0F800
01F1F000
00F1E000
00FBE000
007FC000
003F8000
001F0000
001F0000
003F8000
003F8000
007FC000
00FBE000
01F1F000
01E0F000
03E0F800
07C07C00
07803C00
0F803E00
1F001F00
3E000F80
3E000780
7C0007C0
F80003E0
ENDCHAR
STARTCHAR afii10040
ENCODING 1062
SWIDTH 739 0
DWIDTH 31 0
BBX 27 38 3 -8
BITMAP
F0000F00
F0000F00
F0000F00
F0000F00
F0000F00
F0000F00
F0000F00
F0000F00
F0000F00
F0000F00
F0000F00
F0000F00
F0000F00
F0000F00
F0000F00
F0000F00
F0000F00
F0000F00
F0000F00
F0000F00
F0000F00
F0000F00
F0000F00
F0000F00
F0000F00
F0000F00
FFFFFFE0
FFFFFFE0
FFFFFFE0
FFFFFFE0
000001E0
000001E0
000001E0
000001E0
000001E0
000001E0
000001E0
000001E0
ENDCHAR
STARTCHAR afii10041
ENCODING 1063
SWIDTH 666 0
DWIDTH 28 0
BBX 22 30 3 0
BITMAP
F0003C
F0003C
F0003C
F0003C
F0003C
F0003C
F0003C
F0003C
F0003C
F0003C
F0003C
F0003C
F8003C
F8003C
7C007C
7E03FC
3FFFFC
1FFFFC
0FFF3C
03F83C
00003C
00003C
00003C
00003C
00003C
00003C
00003C
00003C
00003C
00003C
ENDCHAR
STARTCHAR afii10042
ENCODING 1064
SWIDTH 916 0
DWIDTH 39 0
BBX 34 30 2 0
BITMAP
F001E003C0
F001E003C0
F001E003C0
F001E003C0
F001E003C0
F001E003C0
F001E003C0
F001E003C0
F001E003C0
F001E003C0
F001E003C0
F001E003C0
F001E003C0
F001E003C0
F001E003C0
F001E003C0
F001E003C0
F001E003C0
F001E003C0
F001E003C0
F001E003C0
F001E003C0
F001E003C0
F001E003C0
F001E003C0
F001E003C0
FFFFFFFFC0
FFFFFFFFC0
FFFFFFFFC0
FFFFFFFFC0
ENDCHAR
STARTCHAR afii10043
ENCODING 1065
SWIDTH 937 0
DWIDTH 39 0
BBX 37 38 2 -8
BITMAP
F001E003C0
F001E003C0
F001E003C0
F001E003C0
F001E003C0
F001E003C0
F001E003C0
F001E003C0
F001E003C0
F001E003C0
F001E003C0
F001E003C0
F001E003C0
F001E003C0
F001E003C0
F001E003C0
F001E003C0
F001E003C0
F001E003C0
F001E003C0
F001E003C0
F001E003C0
F001E003C0
F001E003C0
F001E003C0
F001E003C0
FFFFFFFFF8
FFFFFFFFF8
FFFFFFFFF8
FFFFFFFFF8
0000000078
0000000078
0000000078
0000000078
0000000078
0000000078
0000000078
0000000078
ENDCHAR
STARTCHAR afii10044
ENCODING 1066
SWIDTH 791 0
DWIDTH 33 0
BBX 31 30 0 0
BITMAP
FFF80000
FFF80000
FFF80000
FFF80000
00780000
00780000
00780000
00780000
00780000
00780000
00780000
00780000
007FFF80
007FFFE0
007FFFF8
007FFFF8
007800FC
0078003C
0078003E
0078001E
0078001E
0078001E
0078001E
0078003E
0078003C
007800FC
007FFFF8
007FFFF0
007FFFE0
007FFF00
ENDCHAR
STARTCHAR afii10045
ENCODING 1067
SWIDTH 885 0
DWIDTH 37 0
BBX 30 30 3 0
BITMAP
F000003C
F000003C
F000003C
F000003C
F000003C
F000003C
F000003C
F000003C
F000003C
F000003C
F000003C
F000003C
FFFF003C
FFFFC03C
FFFFF03C
FFFFF03C
F001F83C
F000783C
F0007C3C
F0003C3C
F0003C3C
F0003C3C
F0003C3C
F0007C3C
F000783C
F001F83C
FFFFF03C
FFFFE03C
FFFFC03C
FFFF003C
ENDCHAR
STARTCHAR afii10046
ENCODING 1068
SWIDTH 656 0
DWIDTH 28 0
BBX 23 30 3 0
BITMAP
F00000
F00000
F00000
F00000
F00000
F00000
F00000
F00000
F00000
F00000
F00000
F00000
FFFF80
FFFFE0
FFFFF8
FFFFF8
F000FC
F0003C
F0003E
F0001E
F0001E
F0001E
F0001E
F0003E
F0003C
F000FC
FFFFF8
FFFFF0
FFFFE0
FFFF00
ENDCHAR
STARTCHAR afii10047
ENCODING 1069
SWIDTH 718 0
DWIDTH 30 0
BBX 26 30 2 0
BITMAP
007F0000
03FFE000
07FFF800
1FFFFC00
1F80FE00
3E001E00
3C000F00
7C000780
18000780
00000380
000003C0
000003C0
001FFFC0
001FFFC0
001FFFC0
001FFFC0
000003C0
000003C0
000003C0
300007C0
F0000780
F8000780
7C000F80
7C001F00
3E003F00
3F80FE00
1FFFFC00
0FFFF800
03FFE000
00FF8000
ENDCHAR
STARTCHAR afii10048
ENCODING 1070
SWIDTH 1010 0
DWIDTH 42 0
BBX 37 30 3 0
BITMAP
F0000FE000
F0007FFC00
F001FFFE00
F003FFFF80
F007F01FC0
F00FC007C0
F00F8003E0
F01F0001F0
F01F0000F0
F01E0000F0
F03E0000F8
F03C000078
F03C000078
FFFC000078
FFFC000078
FFFC000078
FFFC000078
F03C000078
F03C000078
F03E0000F8
F01E0000F0
F01E0000F0
F01F0001F0
F00F8003E0
F00FC007C0
F007F01FC0
F003FFFF80
F001FFFE00
F0007FFC00
F0001FE000
ENDCHAR
STARTCHAR afii10049
ENCODING 1071
SWIDTH 722 0
DWIDTH 30 0
BBX 26 30 1 0
BITMAP
00FFFFC0
07FFFFC0
0FFFFFC0
1FFFFFC0
1F8003C0
3E0003C0
3C0003C0
3C0003C0
3C0003C0
3C0003C0
3E0003C0
3E0003C0
1F8003C0
0FFFFFC0
0FFFFFC0
03FFFFC0
00FFFFC0
003C03C0
00F803C0
01F003C0
03E003C0
03C003C0
07C003C0
0F8003C0
0F0003C0
1F0003C0
3E0003C0
3C0003C0
7C0003C0
F80003C0
ENDCHAR
STARTCHAR afii10065
ENCODING 1072
SWIDTH 556 0
DWIDTH 23 0
BBX 19 23 2 0
BITMAP
03FC00
0FFF00
1FFF80
3E0F80
3C07C0
7C03C0
7803C0
1803C0
0003C0
000FC0
03FFC0
1FFFC0
3FF3C0
7F03C0
F803C0
F003C0
F003C0
F007C0
F80FC0
7C1FC0
7FFFC0
3FF3C0
0FC1E0
ENDCHAR
STARTCHAR afii10066
ENCODING 1073
SWIDTH 572 0
DWIDTH 24 0
BBX 20 31 2 0
BITMAP
000070
00FFF0
07FFE0
1FFFC0
3E0000
380000
700000
700000
71F800
E3FE00
EFFF80
FF0FC0
FC03C0
FC01E0
F801E0
F801F0
F000F0
F000F0
F000F0
F000F0
F000F0
F000F0
F000F0
7001E0
7801E0
7803E0
3C03C0
1F0FC0
1FFF80
07FF00
01FC00
ENDCHAR
STARTCHAR afii10067
ENCODING 1074
SWIDTH 531 0
DWIDTH 22 0
BBX 17 22 3 0
BITMAP
FFF000
FFFC00
FFFE00
F01F00
F00F00
F00F00
F00F00
F00F00
F01E00
FFFC00
FFFC00
FFFE00
F01F00
F00F80
F00780
F00780
F00780
F00780
F01F00
FFFF00
FFFE00
FFF800
ENDCHAR
STARTCHAR afii10068
ENCODING 1075
SWIDTH 364 0
DWIDTH 15 0
BBX 12 22 3 0
BITMAP
FFF0
FFF0
FFF0
F000
F000
F000
F000
F000
F000
F000
F000
F000
F000
F000
F000
F000
F000
F000
F000
F000
F000
F000
ENDCHAR
STARTCHAR afii10069
ENCODING 1076
SWIDTH 583 0
DWIDTH 25 0
BBX 22 28 0 -6
BITMAP
03FFF0
03FFF0
03FFF0
0380F0
0380F0
0380F0
0380F0
0380F0
0380F0
0700F0
0700F0
0700F0
0700F0
0700F0
0F00F0
0E00F0
1E00F0
1E00F0
3C00F0
FFFFFC
FFFFFC
FFFFFC
E0001C
E0001C
E0001C
E0001C
E0001C
E0001C
ENDCHAR
STARTCHAR afii10070
ENCODING 1077
SWIDTH 556 0
DWIDTH 23 0
BBX 19 23 2 0
BITMAP
03F800
0FFE00
1FFF00
3E0F80
3C07C0
7803C0
7803C0
F001E0
F001E0
FFFFE0
FFFFE0
FFFFE0
F00000
F00000
F00000
F80080
7801E0
7C01C0
3C03C0
3F0F80
1FFF00
0FFE00
03F800
ENDCHAR
STARTCHAR afii10072
ENCODING 1078
SWIDTH 668 0
DWIDTH 28 0
BBX 30 22 0 0
BITMAP
78078078
7C0780F8
7E0781F8
0E0781C0
07078380
07078380
07878780
03878700
03C78F00
01C78E00
00FFFC00
00FFFC00
01E79E00
03C78F00
07878780
0F8787C0
1F0783C0
1E0781E0
3E0781F0
3C0780F0
780780F8
F807807C
ENDCHAR
STARTCHAR afii10073
ENCODING 1079
SWIDTH 458 0
DWIDTH 19 0
BBX 16 23 1 0
BITMAP
07E0
0FF8
1FFC
3E3C
7C1E
781E
181E
001E
001E
003C
01F8
01F8
01FC
001E
001F
000F
300F
F00F
F81F
7C3E
3FFE
1FFC
07F0
ENDCHAR
STARTCHAR afii10074
ENCODING 1080
SWIDTH 558 0
DWIDTH 23 0
BBX 17 22 3 0
BITMAP
F00780
F00F80
F00F80
F01F80
F01F80
F03F80
F03780
F07780
F0E780
F0E780
F1C780
F1C780
F38780
F38780
F70780
F70780
FE0780
FC0780
FC0780
F80780
F80780
F00780
ENDCHAR
STARTCHAR afii10075
ENCODING 1081
SWIDTH 558 0
DWIDTH 23 0
BBX 17 30 3 0
BITMAP
1C0E00
1E1E00
0FFC00
07FC00
01F000
000000
000000
000000
F00780
F00F80
F00F80
F01F80
F01F80
F03F80
F03780
F07780
F0E780
F0E780
F1C780
F1C780
F38780
F38780
F70780
F70780
FE0780
FC0780
FC0780
F80780
F80780
F00780
ENDCHAR
STARTCHAR afii10076
ENCODING 1082
SWIDTH 437 0
DWIDTH 18 0
BBX 15 22 3 0
BITMAP
F03C
F07C
F07C
F0E0
F0E0
F1E0
F1C0
F1C0
F380
F380
FF00
FF00
F780
F3C0
F1E0
F1E0
F0F0
F0F8
F078
F07C
F03C
F03E
ENDCHAR
STARTCHAR afii10077
ENCODING 1083
SWIDTH 583 0
DWIDTH 25 0
BBX 21 22 1 0
BITMAP
0FFFF8
0FFFF8
0FFFF8
0F0078
0F0078
0F0078
0F0078
0F0078
0F0078
0F0078
0F0078
0F0078
0F0078
0F0078
0F0078
0F0078
0F0078
0F0078
0F0078
FF0078
FE0078
FC0078
ENDCHAR
STARTCHAR afii10078
ENCODING 1084
SWIDTH 687 0
DWIDTH 29 0
BBX 23 22 3 0
BITMAP
F8003E
FC007E
FC007E
FC007E
FE00FE
F600DE
F600DE
F701DE
F3019E
F3019E
F3839E
F1831E
F1871E
F1C71E
F0C61E
F0CE1E
F0EE1E
F06C1E
F07C1E
F07C1E
F0381E
F0381E
ENDCHAR
STARTCHAR afii10079
ENCODING 1085
SWIDTH 552 0
DWIDTH 23 0
BBX 17 22 3 0
BITMAP
F00780
F00780
F00780
F00780
F00780
F00780
F00780
F00780
F00780
FFFF80
FFFF80
FFFF80
F00780
F00780
F00780
F00780
F00780
F00780
F00780
F00780
F00780
F00780
ENDCHAR
STARTCHAR afii10080
ENCODING 1086
SWIDTH 556 0
DWIDTH 23 0
BBX 19 23 2 0
BITMAP
03F800
0FFE00
1FFF00
3E0F80
3C0780
7803C0
7803C0
F001E0
F001E0
F001E0
F001E0
F001E0
F001E0
F001E0
F001E0
F003E0
7803C0
7803C0
3C0780
3E0F80
1FFF00
0FFE00
03F800
ENDCHAR
STARTCHAR afii10081
ENCODING 1087
SWIDTH 541 0
DWIDTH 23 0
BBX 17 22 3 0
BITMAP
FFFF80
FFFF80
FFFF80
F00780
F00780
F00780
F00780
F00780
F00780
F00780
F00780
F00780
F00780
F00780
F00780
F00780
F00780
F00780
F00780
F00780
F00780
F00780
ENDCHAR
STARTCHAR afii10082
ENCODING 1088
SWIDTH 556 0
DWIDTH 23 0
BBX 19 31 3 -8
BITMAP
01F800
F3FE00
F7FF00
FF0F80
FC0780
F803C0
F803C0
F801E0
F001E0
F001E0
F001E0
F001E0
F001E0
F001E0
F001E0
F003C0
F803C0
F803C0
FC0780
FE0F80
FFFF00
F7FC00
F1F000
F00000
F00000
F00000
F00000
F00000
F00000
F00000
F00000
ENDCHAR
STARTCHAR afii10083
ENCODING 1089
SWIDTH 500 0
DWIDTH 21 0
BBX 19 23 2 0
BITMAP
03F800
0FFE00
1FFF00
3F0F80
3C0780
7803C0
7803C0
F00300
F00000
F00000
F00000
F00000
F00000
F00000
F00180
F001E0
7801E0
7803C0
3C03C0
3F0F80
1FFF00
0FFE00
03F800
ENDCHAR
STARTCHAR afii10084
ENCODING 1090
SWIDTH 458 0
DWIDTH 19 0
BBX 18 22 0 0
BITMAP
FFFFC0
FFFFC0
FFFFC0
01E000
01E000
01E000
01E000
01E000
01E000
01E000
01E000
01E000
01E000
01E000
01E000
01E000
01E000
01E000
01E000
01E000
01E000
01E000
ENDCHAR
STARTCHAR afii10085
ENCODING 1091
SWIDTH 500 0
DWIDTH 21 0
BBX 19 30 1 -8
BITMAP
F001E0
7801E0
7803C0
7C03C0
3C03C0
3C0780
3E0780
1E0780
1E0F00
1F0F00
0F0F00
0F9E00
079E00
079E00
07DE00
03DC00
03FC00
03FC00
01F800
01F800
00F800
00F000
00F000
01F000
01E000
03E000
07C000
7F8000
3F8000
3E0000
ENDCHAR
STARTCHAR afii10086
ENCODING 1092
SWIDTH 822 0
DWIDTH 35 0
BBX 31 38 2 -8
BITMAP
0003C000
0003C000
0003C000
0003C000
0003C000
0003C000
0003C000
03E3C7C0
0FFBDFE0
1FFFFFF0
3E1FF8F8
3C0FE07C
7807E03C
7807E03C
F003C01E
F003C01E
F003C01E
F003C01E
F003C01E
F003C01E
F003C01E
F003C01E
F003C01E
7807C03C
7807E03C
3C0FE07C
3E1FF0F8
1FFFFFF0
0FFBDFE0
03E3CFC0
0003C000
0003C000
0003C000
0003C000
0003C000
0003C000
0003C000
0003C000
ENDCHAR
STARTCHAR afii10087
ENCODING 1093
SWIDTH 500 0
DWIDTH 22 0
BBX 22 22 0 0
BITMAP
7C0078
3E00F8
1F01F0
0F03E0
0F87C0
07C7C0
03EF80
01FF00
01FE00
00FC00
007C00
00FC00
01FE00
01FF00
03EF00
07CF80
0F87C0
1F03E0
1F01E0
3E01F0
7C00F8
F8007C
ENDCHAR
STARTCHAR afii10088
ENCODING 1094
SWIDTH 572 0
DWIDTH 24 0
BBX 20 30 3 -8
BITMAP
F003C0
F003C0
F003C0
F003C0
F003C0
F003C0
F003C0
F003C0
F003C0
F003C0
F003C0
F003C0
F003C0
F003C0
F003C0
F003C0
F003C0
F003C0
F003C0
FFFFF0
FFFFF0
FFFFF0
000070
000070
000070
000070
000070
000070
000070
000070
ENDCHAR
STARTCHAR afii10089
ENCODING 1095
SWIDTH 520 0
DWIDTH 22 0
BBX 18 22 1 0
BITMAP
F003C0
F003C0
F003C0
F003C0
F003C0
F003C0
F003C0
F003C0
F003C0
7803C0
7C0FC0
3FFFC0
1FFFC0
07F3C0
0003C0
0003C0
0003C0
0003C0
0003C0
0003C0
0003C0
0003C0
ENDCHAR
STARTCHAR afii10090
ENCODING 1096
SWIDTH 802 0
DWIDTH 34 0
BBX 29 22 3 0
BITMAP
F0078078
F0078078
F0078078
F0078078
F0078078
F0078078
F0078078
F0078078
F0078078
F0078078
F0078078
F0078078
F0078078
F0078078
F0078078
F0078078
F0078078
F0078078
F0078078
FFFFFFF8
FFFFFFF8
FFFFFFF8
ENDCHAR
STARTCHAR afii10091
ENCODING 1097
SWIDTH 822 0
DWIDTH 35 0
BBX 31 30 3 -8
BITMAP
F0078078
F0078078
F0078078
F0078078
F0078078
F0078078
F0078078
F0078078
F0078078
F0078078
F0078078
F0078078
F0078078
F0078078
F0078078
F0078078
F0078078
F0078078
F0078078
FFFFFFFE
FFFFFFFE
FFFFFFFE
0000000E
0000000E
0000000E
0000000E
0000000E
0000000E
0000000E
0000000E
ENDCHAR
STARTCHAR afii10092
ENCODING 1098
SWIDTH 625 0
DWIDTH 26 0
BBX 22 22 2 0
BITMAP
FF8000
FF8000
FF8000
078000
078000
078000
078000
078000
078000
07FFC0
07FFF0
07FFF8
078078
07803C
07803C
07803C
07803C
07803C
078078
07FFF8
07FFF0
07FF80
ENDCHAR
STARTCHAR afii10093
ENCODING 1099
SWIDTH 718 0
DWIDTH 30 0
BBX 24 22 3 0
BITMAP
F0000F
F0000F
F0000F
F0000F
F0000F
F0000F
F0000F
F0000F
F0000F
FFF00F
FFFC0F
FFFF0F
F01F0F
F00F8F
F0078F
F0078F
F0078F
F00F8F
F01F0F
FFFF0F
FFFE0F
FFF80F
ENDCHAR
STARTCHAR afii10094
ENCODING 1100
SWIDTH 520 0
DWIDTH 22 0
BBX 17 22 3 0
BITMAP
F00000
F00000
F00000
F00000
F00000
F00000
F00000
F00000
F00000
FFF000
FFFC00
FFFF00
F01F00
F00F80
F00780
F00780
F00780
F00F80
F01F00
FFFF00
FFFE00
FFF800
ENDCHAR
STARTCHAR afii10095
ENCODING 1101
SWIDTH 510 0
DWIDTH 21 0
BBX 18 23 2 0
BITMAP
07F000
1FFC00
3FFE00
7E1F00
780F00
F80780
F00780
3007C0
0003C0
0003C0
01FFC0
01FFC0
01FFC0
0003C0
3003C0
F003C0
F80780
780780
7C0F80
3E1F00
1FFE00
0FFC00
03F000
ENDCHAR
STARTCHAR afii10096
ENCODING 1102
SWIDTH 750 0
DWIDTH 32 0
BBX 27 23 3 0
BITMAP
0003F800
F00FFE00
F01FFF00
F03E0F80
F03C0780
F07803C0
F07803C0
F0F001E0
F0F001E0
F0F001E0
FFF001E0
FFF001E0
FFF001E0
F0F001E0
F0F001E0
F0F001E0
F07803C0
F07803C0
F07C07C0
F03E0F80
F01FFF00
F00FFE00
F003F800
ENDCHAR
STARTCHAR afii10097
ENCODING 1103
SWIDTH 541 0
DWIDTH 23 0
BBX 19 22 1 0
BITMAP
07FFE0
1FFFE0
3FFFE0
3E01E0
7C01E0
7801E0
7801E0
7801E0
7C01E0
3E01E0
1FFFE0
0FFFE0
01FFE0
07C1E0
0F81E0
0F01E0
1F01E0
3E01E0
3C01E0
7C01E0
F801E0
F001E0
ENDCHAR
STARTCHAR afii10071
ENCODING 1105
SWIDTH 556 0
DWIDTH 23 0
BBX 19 29 2 0
BITMAP
1E1E00
1E1E00
1E1E00
1E1E00
000000
000000
03F800
0FFE00
1FFF00
3E0F80
3C07C0
7803C0
7803C0
F001E0
F001E0
FFFFE0
FFFFE0
FFFFE0
F00000
F00000
F00000
F80080
7801E0
7C01C0
3C03C0
3F0F80
1FFF00
0FFE00
03F800
ENDCHAR
STARTCHAR afii10099
ENCODING 1106
SWIDTH 556 0
DWIDTH 23 0
BBX 20 38 0 -8
BITMAP
1E0000
1E0000
FFF800
FFF800
FFF800
1E0000
1E0000
1E3F00
1EFFC0
1FFFE0
1FC3E0
1F81F0
1F00F0
1E00F0
1E00F0
1E00F0
1E00F0
1E00F0
1E00F0
1E00F0
1E00F0
1E00F0
1E00F0
1E00F0
1E00F0
1E00F0
1E00F0
1E00F0
1E00F0
1E00F0
0000F0
0000F0
0000F0
0000F0
0001F0
0007E0
000FE0
000F80
ENDCHAR
STARTCHAR afii10100
ENCODING 1107
SWIDTH 364 0
DWIDTH 15 0
BBX 12 31 3 0
BITMAP
01F0
01E0
03C0
03C0
0780
0700
0000
0000
0000
FFF0
FFF0
FFF0
F000
F000
F000
F000
F000
F000
F000
F000
F000
F000
F000
F000
F000
F000
F000
F000
F000
F000
F000
ENDCHAR
STARTCHAR afii10101
ENCODING 1108
SWIDTH 510 0
DWIDTH 21 0
BBX 18 23 2 0
BITMAP
03F800
0FFE00
1FFF00
3E1F80
3C0780
7807C0
7803C0
F00300
F00000
F00000
FFE000
FFE000
FFE000
F00000
F00300
F003C0
7807C0
780780
7C0F80
3E1F00
1FFE00
0FFC00
03F000
ENDCHAR
STARTCHAR afii10102
ENCODING 1109
SWIDTH 500 0
DWIDTH 20 0
BBX 18 23 1 0
BITMAP
07F800
1FFE00
3FFF00
3E0F80
780780
780300
780000
7C0000
7F0000
3FE000
1FFC00
07FF00
00FF80
001FC0
0007C0
0003C0
6003C0
F003C0
F80780
7C0F80
3FFF00
1FFE00
07F800
ENDCHAR
STARTCHAR afii10103
ENCODING 1110
SWIDTH 222 0
DWIDTH 10 0
BBX 4 30 3 0
BITMAP
F0
F0
F0
F0
00
00
00
00
F0
F0
F0
F0
F0
F0
F0
F0
F0
F0
F0
F0
F0
F0
F0
F0
F0
F0
F0
F0
F0
F0
ENDCHAR
STARTCHAR afii10104
ENCODING 1111
SWIDTH 277 0
DWIDTH 12 0
BBX 12 29 0 0
BITMAP
F0F0
F0F0
F0F0
F0F0
0000
0000
0000
0F00
0F00
0F00
0F00
0F00
0F00
0F00
0F00
0F00
0F00
0F00
0F00
0F00
0F00
0F00
0F00
0F00
0F00
0F00
0F00
0F00
0F00
ENDCHAR
STARTCHAR afii10105
ENCODING 1112
SWIDTH 222 0
DWIDTH 10 0
BBX 9 38 -2 -8
BITMAP
0780
0780
0780
0780
0000
0000
0000
0000
0780
0780
0780
0780
0780
0780
0780
0780
0780
0780
0780
0780
0780
0780
0780
0780
0780
0780
0780
0780
0780
0780
0780
0780
0780
0780
0F80
7F00
FE00
FC00
ENDCHAR
STARTCHAR afii10106
ENCODING 1113
SWIDTH 906 0
DWIDTH 38 0
BBX 36 22 0 0
BITMAP
0FFFFC0000
0FFFFC0000
0FFFFC0000
0F003C0000
0F003C0000
0F003C0000
0F003C0000
0F003C0000
0F003C0000
0F003FFE00
0F003FFF80
0F003FFFC0
0F003C03E0
0F003C01F0
0F003C00F0
0F003C00F0
0F003C00F0
0F003C01F0
0F003C03E0
FE003FFFC0
FE003FFF80
FC003FFE00
ENDCHAR
STARTCHAR afii10107
ENCODING 1114
SWIDTH 812 0
DWIDTH 34 0
BBX 29 22 3 0
BITMAP
F01E0000
F01E0000
F01E0000
F01E0000
F01E0000
F01E0000
F01E0000
F01E0000
F01E0000
FFFFFF00
FFFFFFC0
FFFFFFE0
F01E01F0
F01E00F8
F01E0078
F01E0078
F01E0078
F01E00F8
F01E01F0
F01FFFE0
F01FFFC0
F01FFF00
ENDCHAR
STARTCHAR afii10108
ENCODING 1115
SWIDTH 556 0
DWIDTH 23 0
BBX 20 30 0 0
BITMAP
1E0000
1E0000
FFF800
FFF800
FFF800
1E0000
1E0000
1E3F00
1EFFC0
1FFFE0
1FC3E0
1F81F0
1F00F0
1E00F0
1E00F0
1E00F0
1E00F0
1E00F0
1E00F0
1E00F0
1E00F0
1E00F0
1E00F0
1E00F0
1E00F0
1E00F0
1E00F0
1E00F0
1E00F0
1E00F0
ENDCHAR
STARTCHAR afii10109
ENCODING 1116
SWIDTH 437 0
DWIDTH 18 0
BBX 15 31 3 0
BITMAP
01F0
01E0
03C0
03C0
0780
0700
0000
0000
0000
F03C
F07C
F07C
F0E0
F0E0
F1E0
F1C0
F1C0
F380
F380
FF00
FF00
F780
F3C0
F1E0
F1E0
F0F0
F0F8
F078
F07C
F03C
F03E
ENDCHAR
STARTCHAR afii10110
ENCODING 1118
SWIDTH 500 0
DWIDTH 21 0
BBX 19 38 1 -8
BITMAP
0E0700
0F0E00
07FE00
07FC00
01F800
000000
000000
000000
F001E0
7801E0
7803C0
7C03C0
3C03C0
3C0780
3E0780
1E0780
1E0F00
1F0F00
0F0F00
0F9E00
079E00
079E00
07DE00
03DC00
03FC00
03FC00
01F800
01F800
00F800
00F000
00F000
01F000
01E000
03E000
07C000
7F8000
3F8000
3E0000
ENDCHAR
STARTCHAR afii10193
ENCODING 1119
SWIDTH 552 0
DWIDTH 23 0
BBX 17 30 3 -8
BITMAP
F00780
F00780
F00780
F00780
F00780
F00780
F00780
F00780
F00780
F00780
F00780
F00780
F00780
F00780
F00780
F00780
F00780
F00780
F00780
FFFF80
FFFF80
FFFF80
01C000
01C000
01C000
01C000
01C000
01C000
01C000
01C000
ENDCHAR
STARTCHAR afii10050
ENCODING 1168
SWIDTH 488 0
DWIDTH 21 0
BBX 17 38 3 0
BITMAP
000780
000780
000780
000780
000780
000780
000780
000780
FFFF80
FFFF80
FFFF80
FFFF80
F00000
F00000
F00000
F00000
F00000
F00000
F00000
F00000
F00000
F00000
F00000
F00000
F00000
F00000
F00000
F00000
F00000
F00000
F00000
F00000
F00000
F00000
F00000
F00000
F00000
F00000
ENDCHAR
STARTCHAR afii10098
ENCODING 1169
SWIDTH 411 0
DWIDTH 17 0
BBX 13 30 3 0
BITMAP
0078
0078
0078
0078
0078
0078
0078
0078
FFF8
FFF8
FFF8
F000
F000
F000
F000
F000
F000
F000
F000
F000
F000
F000
F000
F000
F000
F000
F000
F000
F000
F000
ENDCHAR
STARTCHAR uni0492
ENCODING 1170
SWIDTH 541 0
DWIDTH 23 0
BBX 23 30 0 0
BITMAP
1FFFFE
1FFFFE
1FFFFE
1FFFFE
1E0000
1E0000
1E0000
1E0000
1E0000
1E0000
1E0000
1E0000
1E0000
FFFF00
FFFF00
FFFF00
FFFF00
1E0000
1E0000
1E0000
1E0000
1E0000
1E0000
1E0000
1E0000
1E0000
1E0000
1E0000
1E0000
1E0000
ENDCHAR
STARTCHAR uni0493
ENCODING 1171
SWIDTH 364 0
DWIDTH 15 0
BBX 15 22 0 0
BITMAP
1FFE
1FFE
1FFE
1E00
1E00
1E00
1E00
1E00
FFE0
FFE0
FFE0
1E00
1E00
1E00
1E00
1E00
1E00
1E00
1E00
1E00
1E00
1E00
ENDCHAR
STARTCHAR uni0496
ENCODING 1174
SWIDTH 923 0
DWIDTH 39 0
BBX 38 38 0 -8
BITMAP
F80078007C
FE007801FC
FF007803FC
FF807807FC
0F807807C0
07C0780F80
03C0780F00
03C0780F00
01E0781E00
01E0781E00
01F0783E00
00FC78FC00
007FFFF800
003FFFF000
001FFFE000
007FFFF800
00FC78FC00
01F8783E00
01F0781F00
03E0780F00
07C0780F80
0780780780
0F807807C0
0F007803E0
1F007801E0
1E007801F0
3C007800FC
7C007800FC
780078007C
F80078003C
000000003C
000000003C
000000003C
000000003C
000000003C
000000003C
000000003C
000000003C
ENDCHAR
STARTCHAR uni0497
ENCODING 1175
SWIDTH 668 0
DWIDTH 28 0
BBX 28 28 0 -6
BITMAP
7C0F03E0
7E0F07E0
7F0F0FE0
0F0F0F00
0F8F1F00
078F1E00
078F1E00
03CF3C00
03EF7C00
01FFF800
00FFF000
01FFF800
03CF3C00
078F1E00
0F8F1F00
0F0F0F00
1F0F0F80
1E0F0780
3E0F07C0
7C0F03F0
780F03F0
F80F01F0
000000F0
000000F0
000000F0
000000F0
000000F0
000000F0
ENDCHAR
STARTCHAR uni049A
ENCODING 1178
SWIDTH 582 0
DWIDTH 24 0
BBX 21 38 3 -8
BITMAP
F000F8
F003F8
F007F8
F00FF8
F00F80
F01F00
F01E00
F01E00
F03C00
F07C00
F07800
F1F800
FFF000
FFE000
FFC000
FFF000
F1F800
F07C00
F03C00
F03E00
F01F00
F00F00
F00F80
F00780
F007C0
F003E0
F001F8
F001F8
F000F8
F000F8
000078
000078
000078
000078
000078
000078
000078
000078
ENDCHAR
STARTCHAR uni049B
ENCODING 1179
SWIDTH 437 0
DWIDTH 18 0
BBX 15 28 3 -6
BITMAP
F03E
F07E
F0FE
F0F0
F1F0
F1E0
F1E0
F3C0
F7C0
FF80
FE00
FF80
F7C0
F3E0
F1E0
F0F0
F0F8
F078
F07C
F03E
F03E
F01E
001E
001E
001E
001E
001E
001E
ENDCHAR
STARTCHAR uni049C
ENCODING 1180
SWIDTH 582 0
DWIDTH 24 0
BBX 21 30 3 0
BITMAP
F000F8
F003F8
F007F8
F00FF8
F18F80
F19F00
F19E00
F1BE00
F1BC00
F1FC00
F1F800
F1F000
FFF000
FFC000
FFC000
FFE000
F1F000
F1F800
F1F800
F1BC00
F1BE00
F19E00
F18F00
F18F80
F18780
F003C0
F003E0
F001E0
F000F0
F000F8
ENDCHAR
STARTCHAR uni049D
ENCODING 1181
SWIDTH 437 0
DWIDTH 18 0
BBX 15 22 3 0
BITMAP
F03C
F07C
F6FC
F6E0
F6E0
F7E0
F7E0
F7C0
F7C0
FF80
FE00
FF80
F7C0
F7E0
F7E0
F6F0
F6F0
F678
F678
F07C
F03C
F03E
ENDCHAR
STARTCHAR uni04A2
ENCODING 1186
SWIDTH 722 0
DWIDTH 30 0
BBX 27 38 3 -8
BITMAP
F0000F00
F0000F00
F0000F00
F0000F00
F0000F00
F0000F00
F0000F00
F0000F00
F0000F00
F0000F00
F0000F00
F0000F00
FFFFFF00
FFFFFF00
FFFFFF00
FFFFFF00
F0000F00
F0000F00
F0000F00
F0000F00
F0000F00
F0000F00
F0000F00
F0000F00
F0000F00
F0000F00
F0000FE0
F0000FE0
F0000FE0
F0000FE0
000001E0
000001E0
000001E0
000001E0
000001E0
000001E0
000001E0
000001E0
ENDCHAR
STARTCHAR uni04A3
ENCODING 1187
SWIDTH 552 0
DWIDTH 23 0
BBX 19 28 3 -6
BITMAP
F00780
F00780
F00780
F00780
F00780
F00780
F00780
F00780
F00780
FFFF80
FFFF80
FFFF80
F00780
F00780
F00780
F00780
F00780
F00780
F00780
F007E0
F007E0
F007E0
0001E0
0001E0
0001E0
0001E0
0001E0
0001E0
ENDCHAR
STARTCHAR uni04AE
ENCODING 1198
SWIDTH 556 0
DWIDTH 23 0
BBX 24 30 0 0
BITMAP
F8001F
78001E
7C003E
3E007C
1E0078
1F00F8
0F00F0
0F81F0
07C3E0
03C3C0
03E7C0
01E780
01FF80
00FF00
007E00
007E00
003C00
003C00
003C00
003C00
003C00
003C00
003C00
003C00
003C00
003C00
003C00
003C00
003C00
003C00
ENDCHAR
STARTCHAR uni04AF
ENCODING 1199
SWIDTH 500 0
DWIDTH 21 0
BBX 20 30 1 -8
BITMAP
F000F0
7801E0
7801E0
7C03E0
3C03C0
3C03C0
3E07C0
1E0780
1E0780
1F0F80
0F0F00
0F9F00
079E00
079E00
07FE00
03FC00
03FC00
03FC00
01F800
01F800
01F800
00F000
00F000
00F000
00F000
00F000
00F000
00F000
00F000
00F000
ENDCHAR
STARTCHAR uni04B0
ENCODING 1200
SWIDTH 556 0
DWIDTH 23 0
BBX 24 30 0 0
BITMAP
F8001F
78001E
7C003E
3C003C
1E0078
1F00F8
0F00F0
0781E0
0781E0
03C3C0
03C3C0
01E780
00E700
00FF00
7FFFFE
7FFFFE
7FFFFE
7FFFFE
003C00
003C00
003C00
003C00
003C00
003C00
003C00
003C00
003C00
003C00
003C00
003C00
ENDCHAR
STARTCHAR uni04B1
ENCODING 1201
SWIDTH 500 0
DWIDTH 21 0
BBX 20 30 1 -8
BITMAP
F000F0
7801E0
7801E0
7C03E0
3C03C0
3C03C0
3E07C0
1E0780
1E0780
1F0F80
0F0F00
0F9F00
079E00
079E00
07FE00
03FC00
03FC00
03FC00
01F800
01F800
01F800
00F000
3FFFC0
3FFFC0
3FFFC0
00F000
00F000
00F000
00F000
00F000
ENDCHAR
STARTCHAR uni04B2
ENCODING 1202
SWIDTH 666 0
DWIDTH 28 0
BBX 28 38 0 -8
BITMAP
7C0003E0
3E0007C0
1F000F80
0F000F00
0F801F00
07C03E00
03E07C00
01E07800
01F0F800
00F9F000
007FE000
007FC000
003FC000
001F8000
001F8000
001F8000
003FC000
007FE000
0079E000
00F9F000
01F0F800
03E07C00
03C03C00
07C03E00
0F801F00
1F000F80
1E0007F0
3E0007F0
7C0003F0
F80001F0
000000F0
000000F0
000000F0
000000F0
000000F0
000000F0
000000F0
000000F0
ENDCHAR
STARTCHAR uni04B3
ENCODING 1203
SWIDTH 500 0
DWIDTH 21 0
BBX 20 28 0 -6
BITMAP
7C01F0
3E03E0
1E03C0
1F07C0
0F8F80
079F00
07DE00
03FE00
01FC00
01F800
00F800
01F800
01FC00
03FC00
07FE00
079F00
0F8F00
1F0F80
3E07C0
3C03F0
7C03F0
F801F0
0000F0
0000F0
0000F0
0000F0
0000F0
0000F0
ENDCHAR
STARTCHAR uni04B8
ENCODING 1208
SWIDTH 666 0
DWIDTH 28 0
BBX 22 30 3 0
BITMAP
F0003C
F0003C
F0003C
F0003C
F0003C
F0003C
F0003C
F0303C
F0303C
F0303C
F0303C
F0303C
F8303C
F8303C
7C307C
7E33FC
3FFFFC
1FFFFC
0FFFBC
03F83C
00303C
00303C
00303C
00303C
00303C
00003C
00003C
00003C
00003C
00003C
ENDCHAR
STARTCHAR uni04B9
ENCODING 1209
SWIDTH 520 0
DWIDTH 22 0
BBX 19 22 1 0
BITMAP
F001E0
F001E0
F001E0
F001E0
F001E0
F0C1E0
F0C1E0
F0C1E0
F8C1E0
78C1E0
7CC7E0
3FFFE0
1FFFE0
07F9E0
00C1E0
00C1E0
00C1E0
00C1E0
00C1E0
0001E0
0001E0
0001E0
ENDCHAR
STARTCHAR uni04BA
ENCODING 1210
SWIDTH 666 0
DWIDTH 28 0
BBX 23 30 3 0
BITMAP
F00000
F00000
F00000
F00000
F00000
F00000
F00000
F00000
F00000
F00000
F07F80
F7FFE0
FFFFF0
FFFFF8
FF00FC
F8007C
F0003E
F0003E
F0001E
F0001E
F0001E
F0001E
F0001E
F0001E
F0001E
F0001E
F0001E
F0001E
F0001E
F0001E
ENDCHAR
STARTCHAR uni04BB
ENCODING 1211
SWIDTH 556 0
DWIDTH 23 0
BBX 17 30 3 0
BITMAP
F00000
F00000
F00000
F00000
F00000
F00000
F00000
F1F800
F7FE00
FFFF00
FE1F00
FC0F80
F80780
F00780
F00780
F00780
F00780
F00780
F00780
F00780
F00780
F00780
F00780
F00780
F00780
F00780
F00780
F00780
F00780
F00780
ENDCHAR
STARTCHAR uni018F.dup4
ENCODING 1240
SWIDTH 752 0
DWIDTH 32 0
BBX 28 30 2 0
BITMAP
003FC000
00FFF800
03FFFC00
07FFFF00
0FE03F80
1F800F80
1F0007C0
3E0003C0
3E0001E0
0C0001E0
000000F0
000000F0
000000F0
FFFFFFF0
FFFFFFF0
FFFFFFF0
FFFFFFF0
F00000F0
F00000F0
F00000F0
780001E0
780001E0
7C0003E0
3E0007C0
3F000FC0
1FC03F80
0FFFFF00
07FFFE00
01FFF800
007FE000
ENDCHAR
STARTCHAR uni0259.dup5
ENCODING 1241
SWIDTH 556 0
DWIDTH 23 0
BBX 20 23 1 0
BITMAP
03F800
0FFE00
1FFF80
3E0FC0
7C07C0
7803E0
F801E0
F001F0
0000F0
0000F0
0000F0
FFFFF0
FFFFF0
FFFFF0
F000F0
F000E0
7801E0
7801E0
3C03C0
3E0FC0
1FFF80
0FFE00
03F800
ENDCHAR
STARTCHAR uni04E8
ENCODING 1256
SWIDTH 777 0
DWIDTH 33 0
BBX 29 30 2 0
BITMAP
003FE000
00FFF800
03FFFE00
07FFFF00
0FE03F80
1F000FC0
3E0003E0
3C0001E0
780000F0
780000F0
700000F0
F0000078
F0000078
FFFFFFF8
FFFFFFF8
FFFFFFF8
FFFFFFF8
F0000078
F0000078
780000F0
780000F0
780000F0
3C0001E0
3E0003E0
1F800FC0
0FE03F80
07FFFF00
03FFFE00
00FFF800
003FE000
ENDCHAR
STARTCHAR uni04E9
ENCODING 1257
SWIDTH 556 0
DWIDTH 23 0
BBX 21 23 1 0
BITMAP
01FC00
07FF00
1FFFC0
3F07E0
3C01E0
7800F0
7800F0
F00078
F00078
FFFFF8
FFFFF8
FFFFF8
F00078
F00078
F00078
F800F0
7800F0
7C01F0
3E03E0
3F07E0
1FFFC0
07FF00
01FC00
ENDCHAR
STARTCHAR sheva
ENCODING 1456
SWIDTH 333 0
DWIDTH 14 0
BBX 3 7 5 -8
BITMAP
E0
E0
E0
00
E0
E0
E0
ENDCHAR
STARTCHAR hatafsegol
ENCODING 1457
SWIDTH 333 0
DWIDTH 14 0
BBX 11 7 1 -8
BITMAP
EEE0
EEE0
EEE0
0000
38E0
38E0
38E0
ENDCHAR
STARTCHAR hatafpatah
ENCODING 1458
SWIDTH 333 0
DWIDTH 14 0
BBX 12 7 1 -8
BITMAP
FE70
FE70
0070
0000
0070
0070
0070
ENDCHAR
STARTCHAR hatafqamats
ENCODING 1459
SWIDTH 333 0
DWIDTH 14 0
BBX 11 7 2 -8
BITMAP
FCE0
FCE0
30E0
3000
30E0
00E0
00E0
ENDCHAR
STARTCHAR hiriq
ENCODING 1460
SWIDTH 333 0
DWIDTH 14 0
BBX 3 3 5 -8
BITMAP
E0
E0
E0
ENDCHAR
STARTCHAR tsere
ENCODING 1461
SWIDTH 333 0
DWIDTH 14 0
BBX 8 3 3 -8
BITMAP
E7
E7
E7
ENDCHAR
STARTCHAR segol
ENCODING 1462
SWIDTH 333 0
DWIDTH 14 0
BBX 8 7 3 -8
BITMAP
E7
E7
E7
00
38
38
38
ENDCHAR
STARTCHAR patah
ENCODING 1463
SWIDTH 333 0
DWIDTH 14 0
BBX 8 2 3 -6
BITMAP
FF
FF
ENDCHAR
STARTCHAR qamats
ENCODING 1464
SWIDTH 333 0
DWIDTH 14 0
BBX 8 6 3 -8
BITMAP
FF
FF
18
18
18
18
ENDCHAR
STARTCHAR holam
ENCODING 1465
SWIDTH 333 0
DWIDTH 14 0
BBX 3 3 5 24
BITMAP
E0
E0
E0
ENDCHAR
STARTCHAR holam.dup6
ENCODING 1466
SWIDTH 333 0
DWIDTH 14 0
BBX 3 3 5 24
BITMAP
E0
E0
E0
ENDCHAR
STARTCHAR qubuts
ENCODING 1467
SWIDTH 333 0
DWIDTH 14 0
BBX 13 7 0 -8
BITMAP
E000
E000
E700
0700
0738
0038
0038
ENDCHAR
STARTCHAR dagesh
ENCODING 1468
SWIDTH 333 0
DWIDTH 14 0
BBX 3 3 5 11
BITMAP
E0
E0
E0
ENDCHAR
STARTCHAR meteg
ENCODING 1469
SWIDTH 333 0
DWIDTH 14 0
BBX 2 7 6 -8
BITMAP
C0
C0
C0
C0
C0
C0
C0
ENDCHAR
STARTCHAR maqaf
ENCODING 1470
SWIDTH 382 0
DWIDTH 16 0
BBX 11 4 3 18
BITMAP
FFE0
FFE0
FFE0
FFE0
ENDCHAR
STARTCHAR rafe
ENCODING 1471
SWIDTH 333 0
DWIDTH 14 0
BBX 8 2 3 26
BITMAP
FF
FF
ENDCHAR
STARTCHAR paseq
ENCODING 1472
SWIDTH 274 0
DWIDTH 10 0
BBX 4 27 3 0
BITMAP
F0
F0
F0
F0
F0
F0
F0
F0
F0
F0
F0
F0
F0
F0
F0
F0
F0
F0
F0
F0
F0
F0
F0
F0
F0
F0
F0
ENDCHAR
STARTCHAR shindot
ENCODING 1473
SWIDTH 333 0
DWIDTH 14 0
BBX 3 3 16 25
BITMAP
E0
E0
E0
ENDCHAR
STARTCHAR sindot
ENCODING 1474
SWIDTH 333 0
DWIDTH 14 0
BBX 3 3 -5 25
BITMAP
E0
E0
E0
ENDCHAR
STARTCHAR sofpasuq
ENCODING 1475
SWIDTH 277 0
DWIDTH 12 0
BBX 4 22 4 0
BITMAP
F0
F0
F0
F0
00
00
00
00
00
00
00
00
00
00
00
00
00
00
F0
F0
F0
F0
ENDCHAR
STARTCHAR alef
ENCODING 1488
SWIDTH 562 0
DWIDTH 24 0
BBX 21 22 2 0
BITMAP
F800F0
7C00F0
3E00F0
1E00F0
1F01F0
0F81E0
07C1E0
07C1E0
0FE3E0
1FF7C0
3EFF80
3C7F00
787E00
783E00
781E00
781F00
780F80
7807C0
F003C0
F003E0
F001F0
F000F8
ENDCHAR
STARTCHAR bet
ENCODING 1489
SWIDTH 541 0
DWIDTH 23 0
BBX 21 23 1 0
BITMAP
FFE000
7FFC00
7FFE00
7FFF00
003F80
000F80
0007C0
0007C0
0003C0
0003C0
0003C0
0003C0
0003C0
0003C0
0003C0
0003C0
0003C0
0003C0
0003C0
FFFFF8
FFFFF8
FFFFF8
FFFFF8
ENDCHAR
STARTCHAR gimel
ENCODING 1490
SWIDTH 398 0
DWIDTH 17 0
BBX 15 23 1 0
BITMAP
3F80
3FE0
3FF0
3FF0
01F8
0078
0078
0078
0078
0078
0078
0078
0078
01F8
07F8
0FF8
1FF8
3E3C
3C3C
7C3C
783C
F81E
F01E
ENDCHAR
STARTCHAR dalet
ENCODING 1491
SWIDTH 508 0
DWIDTH 21 0
BBX 19 22 1 0
BITMAP
FFFFE0
FFFFE0
FFFFE0
FFFFE0
001E00
001E00
001E00
001E00
001E00
001E00
001E00
001E00
001E00
001E00
001E00
001E00
001E00
001E00
001E00
001E00
001E00
001E00
ENDCHAR
STARTCHAR he
ENCODING 1492
SWIDTH 602 0
DWIDTH 25 0
BBX 19 23 3 0
BITMAP
3FF000
FFFE00
FFFF00
FFFF80
C01FC0
0007C0
0003C0
0003E0
0001E0
0001E0
0001E0
F001E0
F001E0
F001E0
F001E0
F001E0
F001E0
F001E0
F001E0
F001E0
F001E0
F001E0
F001E0
ENDCHAR
STARTCHAR vav
ENCODING 1493
SWIDTH 246 0
DWIDTH 10 0
BBX 4 22 3 0
BITMAP
F0
F0
F0
F0
F0
F0
F0
F0
F0
F0
F0
F0
F0
F0
F0
F0
F0
F0
F0
F0
F0
F0
ENDCHAR
STARTCHAR zayin
ENCODING 1494
SWIDTH 382 0
DWIDTH 16 0
BBX 13 22 2 0
BITMAP
FFF8
FFF8
FFF8
FFF8
07C0
0F80
1F00
1E00
1E00
1E00
1E00
1E00
1E00
1E00
0F00
0F00
0F00
0F00
0F00
0F00
0F00
0F00
ENDCHAR
STARTCHAR het
ENCODING 1495
SWIDTH 598 0
DWIDTH 25 0
BBX 19 23 3 0
BITMAP
3FF800
FFFE00
FFFF00
FFFF80
F01FC0
F007C0
F003E0
F001E0
F001E0
F001E0
F001E0
F001E0
F001E0
F001E0
F001E0
F001E0
F001E0
F001E0
F001E0
F001E0
F001E0
F001E0
F001E0
ENDCHAR
STARTCHAR tet
ENCODING 1496
SWIDTH 589 0
DWIDTH 25 0
BBX 19 23 3 0
BITMAP
001F00
F03F80
F07FC0
F0FFC0
F0C3C0
F081E0
F001E0
F001E0
F001E0
F001E0
F001E0
F001E0
F001E0
F001E0
F001E0
F001E0
7803C0
7C07C0
7E0FC0
3FFF80
1FFF00
0FFE00
03F800
ENDCHAR
STARTCHAR yod
ENCODING 1497
SWIDTH 246 0
DWIDTH 10 0
BBX 4 11 3 11
BITMAP
F0
F0
F0
F0
F0
F0
F0
F0
F0
F0
F0
ENDCHAR
STARTCHAR finalkaf
ENCODING 1498
SWIDTH 509 0
DWIDTH 21 0
BBX 17 31 1 -8
BITMAP
3FC000
FFF800
FFFC00
FFFE00
C07F00
001F00
000F80
000F80
000780
000780
000780
000780
000780
000780
000780
000780
000780
000780
000780
000780
000780
000780
000780
000780
000780
000780
000780
000780
000780
000780
000780
ENDCHAR
STARTCHAR kaf
ENCODING 1499
SWIDTH 460 0
DWIDTH 19 0
BBX 15 23 2 0
BITMAP
7F00
FFC0
FFE0
7FF0
41F8
007C
003C
003C
001E
001E
001E
001E
001E
001E
001E
003C
003C
007C
41F8
7FF0
FFE0
FFC0
7F00
ENDCHAR
STARTCHAR lamed
ENCODING 1500
SWIDTH 462 0
DWIDTH 19 0
BBX 16 30 1 0
BITMAP
F000
F000
F000
F000
F000
F000
F000
F000
FFFF
FFFF
FFFF
FFFF
000F
000F
000F
000F
000F
000E
001E
003C
007C
0078
00F0
01F0
01E0
01E0
01E0
01E0
01E0
01E0
ENDCHAR
STARTCHAR finalmem
ENCODING 1501
SWIDTH 598 0
DWIDTH 25 0
BBX 19 23 3 0
BITMAP
3FF800
FFFE00
FFFF00
FFFF80
F00FC0
F007C0
F003E0
F001E0
F001E0
F001E0
F001E0
F001E0
F001E0
F001E0
F001E0
F001E0
F001E0
F001E0
F001E0
FFFFE0
FFFFE0
FFFFE0
FFFFE0
ENDCHAR
STARTCHAR mem
ENCODING 1502
SWIDTH 601 0
DWIDTH 25 0
BBX 20 23 2 0
BITMAP
003E00
F07F80
F1FFC0
F9FFC0
7BE3E0
7B81E0
3F81F0
3F00F0
3F00F0
1E00F0
1E00F0
1E00F0
3C00F0
3C00F0
3C00F0
3C00F0
7C00F0
7800F0
7800F0
787FF0
787FF0
F07FF0
F07FF0
ENDCHAR
STARTCHAR finalnun
ENCODING 1503
SWIDTH 246 0
DWIDTH 10 0
BBX 4 30 3 -8
BITMAP
F0
F0
F0
F0
F0
F0
F0
F0
F0
F0
F0
F0
F0
F0
F0
F0
F0
F0
F0
F0
F0
F0
F0
F0
F0
F0
F0
F0
F0
F0
ENDCHAR
STARTCHAR nun
ENCODING 1504
SWIDTH 352 0
DWIDTH 15 0
BBX 10 23 2 0
BITMAP
FC00
FF00
FF80
FF80
07C0
07C0
03C0
03C0
03C0
03C0
03C0
03C0
03C0
03C0
03C0
03C0
03C0
03C0
03C0
FFC0
FFC0
FFC0
FFC0
ENDCHAR
STARTCHAR samekh
ENCODING 1505
SWIDTH 574 0
DWIDTH 24 0
BBX 20 23 2 0
BITMAP
01F800
07FE00
1FFF80
3FFF80
3E0FC0
7C03E0
7801E0
F801E0
F000F0
F000F0
F000F0
F000F0
F000F0
F000F0
F000F0
F801F0
7801E0
7C03E0
3E07C0
3FFFC0
1FFF80
07FE00
01F800
ENDCHAR
STARTCHAR ayin
ENCODING 1506
SWIDTH 529 0
DWIDTH 22 0
BBX 19 24 0 -2
BITMAP
3C01E0
3C01E0
3E01E0
1E01E0
1E01E0
1E01E0
1E01E0
1F01E0
0F01E0
0F01E0
0F01E0
0F03C0
0F03C0
0783C0
0783C0
078780
078F80
07BF00
03FE00
1FFC00
FFF800
FFE000
7F0000
700000
ENDCHAR
STARTCHAR finalpe
ENCODING 1507
SWIDTH 566 0
DWIDTH 24 0
BBX 19 31 2 -8
BITMAP
3FF000
FFFE00
FFFF00
FFFF80
F01FC0
F007C0
F003E0
F003E0
F001E0
F001E0
F001E0
F001E0
F801E0
7F81E0
3F81E0
1F81E0
0001E0
0001E0
0001E0
0001E0
0001E0
0001E0
0001E0
0001E0
0001E0
0001E0
0001E0
0001E0
0001E0
0001E0
0001E0
ENDCHAR
STARTCHAR pe
ENCODING 1508
SWIDTH 546 0
DWIDTH 23 0
BBX 19 23 2 0
BITMAP
3FE000
FFFC00
FFFE00
FFFF00
F03F80
F00FC0
F007C0
F003E0
F001E0
F001E0
F801E0
7F81E0
3F81E0
1F81E0
0003E0
0003C0
0007C0
000F80
403F80
7FFF00
FFFE00
FFF800
7FE000
ENDCHAR
STARTCHAR finaltsadi
ENCODING 1509
SWIDTH 461 0
DWIDTH 19 0
BBX 17 30 0 -8
BITMAP
F00780
F80780
780780
7C0780
3C0F00
3C0F00
1E0F00
1E0F00
0F0F00
0F1E00
07BE00
07FC00
03F000
03E000
03C000
03C000
03C000
03C000
03C000
03C000
03C000
03C000
03C000
03C000
03C000
03C000
03C000
03C000
03C000
03C000
ENDCHAR
STARTCHAR tsadi
ENCODING 1510
SWIDTH 478 0
DWIDTH 20 0
BBX 18 22 0 0
BITMAP
F803C0
7C03C0
7C03C0
3E03C0
1E03C0
1F03C0
0F8780
078780
07CF80
03DF00
01FC00
01F800
00F000
007800
007C00
003C00
001E00
001F00
7FFF80
7FFF80
7FFF80
7FFF80
ENDCHAR
STARTCHAR qof
ENCODING 1511
SWIDTH 549 0
DWIDTH 23 0
BBX 18 30 3 -8
BITMAP
FFFFC0
FFFFC0
FFFFC0
FFFFC0
0003C0
0003C0
0003C0
0003C0
0003C0
000380
F00780
F00F00
F01F00
F01E00
F03C00
F07C00
F07800
F07800
F07800
F07800
F07800
F07800
F00000
F00000
F00000
F00000
F00000
F00000
F00000
F00000
ENDCHAR
STARTCHAR resh
ENCODING 1512
SWIDTH 509 0
DWIDTH 21 0
BBX 18 23 0 0
BITMAP
3FE000
FFF800
FFFE00
FFFF00
C03F80
000F80
000780
0007C0
0003C0
0003C0
0003C0
0003C0
0003C0
0003C0
0003C0
0003C0
0003C0
0003C0
0003C0
0003C0
0003C0
0003C0
0003C0
ENDCHAR
STARTCHAR shin
ENCODING 1513
SWIDTH 694 0
DWIDTH 29 0
BBX 25 22 2 0
BITMAP
F01E0780
F01E0780
F01E0780
F01E0780
F01E0780
F01E0F80
F01E0F00
F03C0F00
F03C0F00
F07C0F00
71FC0F00
7FF80F00
7FE01F00
7F801E00
78001E00
3C003E00
3E007C00
1F81FC00
0FFFF800
07FFF000
03FFC000
00FF0000
ENDCHAR
STARTCHAR tav
ENCODING 1514
SWIDTH 642 0
DWIDTH 27 0
BBX 23 23 1 0
BITMAP
1FFF00
7FFFE0
7FFFF0
7FFFF8
0781FC
07807C
07803E
07801E
07801E
07801E
07801E
07801E
07801E
07801E
07801E
07801E
07801E
07801E
0F801E
7F801E
FF801E
FF001E
FE001E
ENDCHAR
STARTCHAR doublevav
ENCODING 1520
SWIDTH 493 0
DWIDTH 20 0
BBX 14 22 3 0
BITMAP
F03C
F03C
F03C
F03C
F03C
F03C
F03C
F03C
F03C
F03C
F03C
F03C
F03C
F03C
F03C
F03C
F03C
F03C
F03C
F03C
F03C
F03C
ENDCHAR
STARTCHAR vavyod
ENCODING 1521
SWIDTH 493 0
DWIDTH 20 0
BBX 14 22 3 0
BITMAP
F03C
F03C
F03C
F03C
F03C
F03C
F03C
F03C
F03C
F03C
F03C
003C
003C
003C
003C
003C
003C
003C
003C
003C
003C
003C
ENDCHAR
STARTCHAR doubleyod
ENCODING 1522
SWIDTH 493 0
DWIDTH 20 0
BBX 14 11 3 11
BITMAP
F03C
F03C
F03C
F03C
F03C
F03C
F03C
F03C
F03C
F03C
F03C
ENDCHAR
STARTCHAR geresh
ENCODING 1523
SWIDTH 235 0
DWIDTH 10 0
BBX 6 8 2 14
BITMAP
3C
38
78
78
70
70
F0
E0
ENDCHAR
STARTCHAR gershayim
ENCODING 1524
SWIDTH 416 0
DWIDTH 18 0
BBX 13 8 2 14
BITMAP
3C78
3870
78F0
78F0
70E0
70E0
F1E0
E1C0
ENDCHAR
STARTCHAR afii57388
ENCODING 1548
SWIDTH 318 0
DWIDTH 13 0
BBX 7 13 4 6
BITMAP
08
18
30
60
40
C0
E0
F8
FE
FE
7E
7E
3C
ENDCHAR
STARTCHAR afii57403
ENCODING 1563
SWIDTH 318 0
DWIDTH 13 0
BBX 7 20 3 6
BITMAP
08
18
30
60
40
C0
E0
F8
FE
FE
7E
7E
3C
00
00
38
7C
7C
7C
38
ENDCHAR
STARTCHAR afii57407
ENCODING 1567
SWIDTH 356 0
DWIDTH 15 0
BBX 12 24 1 6
BITMAP
0F80
38C0
7060
70F0
F1F0
F1F0
F9F0
FCE0
FC00
7C00
3E00
1E00
0E00
0600
0200
0200
0200
0000
0000
0700
0F80
0F80
0F80
0700
ENDCHAR
STARTCHAR afii57409
ENCODING 1569
SWIDTH 412 0
DWIDTH 17 0
BBX 13 16 2 3
BITMAP
0700
0F80
1FC0
3FC0
3080
6000
6000
F018
FCF8
FFF0
FFF0
3FC0
1F00
0C00
1800
2000
ENDCHAR
STARTCHAR afii52400
ENCODING 1570
SWIDTH 207 0
DWIDTH 9 0
BBX 8 29 1 5
BITMAP
E1
9E
00
08
08
18
18
18
18
18
18
18
18
18
1C
1C
1C
1C
0C
0C
0C
0C
0C
0C
0C
0C
08
08
08
ENDCHAR
STARTCHAR afii57411
ENCODING 1571
SWIDTH 207 0
DWIDTH 9 0
BBX 5 32 2 5
BITMAP
18
38
48
60
38
C0
00
10
10
30
30
30
30
30
30
30
30
30
38
38
38
18
18
18
18
18
18
18
18
18
10
10
ENDCHAR
STARTCHAR afii57412
ENCODING 1572
SWIDTH 432 0
DWIDTH 18 0
BBX 17 29 1 -4
BITMAP
006000
00E000
012000
018000
00F000
01C000
020000
000000
000E00
001F00
001F00
003F80
003180
003180
003880
003F80
003F80
001F80
000780
000080
000180
000300
000700
000E00
001E00
003C00
E0F800
3FF000
07E000
ENDCHAR
STARTCHAR afii57413
ENCODING 1573
SWIDTH 207 0
DWIDTH 9 0
BBX 6 35 1 -4
BITMAP
08
08
18
18
18
18
18
18
18
18
18
1C
1C
1C
1C
0C
0C
0C
0C
0C
0C
0C
0C
08
08
08
00
00
00
18
38
48
60
38
C0
ENDCHAR
STARTCHAR afii57414
ENCODING 1574
SWIDTH 638 0
DWIDTH 27 0
BBX 25 25 1 -2
BITMAP
0C000000
1C000000
24000000
30000F00
1E003F80
38007F80
4000FF80
0000E180
0001C080
10018000
20030000
20020000
20060000
4007FE00
4007FF00
4007FF00
C003FF00
C0000300
C0000E00
E0003E00
F807FC00
FFFFF800
7FFFE000
3FFF8000
0FFC0000
ENDCHAR
STARTCHAR afii57415
ENCODING 1575
SWIDTH 207 0
DWIDTH 9 0
BBX 3 26 4 5
BITMAP
40
40
C0
C0
C0
C0
C0
C0
C0
C0
C0
E0
E0
E0
E0
60
60
60
60
60
60
60
60
40
40
40
ENDCHAR
STARTCHAR afii57416
ENCODING 1576
SWIDTH 713 0
DWIDTH 30 0
BBX 29 22 1 -2
BITMAP
40000010
40000010
80000010
80000038
80000018
80000018
80000008
C0000008
E0000008
FC000008
7FFFFFF8
3FFFFFF8
1FFFFFF8
07FFFFF8
00000000
00000000
00000000
00040000
00070000
000F8000
00070000
00030000
ENDCHAR
STARTCHAR afii57417
ENCODING 1577
SWIDTH 282 0
DWIDTH 12 0
BBX 12 23 0 6
BITMAP
0300
0380
67C0
7380
F980
7000
3000
0000
0000
0800
0E00
0F80
0FC0
0FE0
1BF0
10F0
1030
3030
38F0
3FE0
3FE0
3FC0
1F80
ENDCHAR
STARTCHAR afii57418
ENCODING 1578
SWIDTH 713 0
DWIDTH 30 0
BBX 29 21 1 6
BITMAP
0000C000
0000E000
0019F000
001CE000
003E6000
001C0000
000C0000
40000010
40000010
80000010
80000038
80000018
80000018
80000008
C0000008
E0000008
FC000008
7FFFFFF8
3FFFFFF8
1FFFFFF8
07FFFFF8
ENDCHAR
STARTCHAR afii57419
ENCODING 1579
SWIDTH 713 0
DWIDTH 30 0
BBX 29 25 1 6
BITMAP
000C0000
000E0000
001F0000
000E0000
0006C000
0000E000
0019F000
001CE000
003E6000
001C0000
000C0000
40000010
40000010
80000010
80000038
80000018
80000018
80000008
C0000008
E0000008
FC000008
7FFFFFF8
3FFFFFF8
1FFFFFF8
07FFFFF8
ENDCHAR
STARTCHAR afii57420
ENCODING 1580
SWIDTH 562 0
DWIDTH 24 0
BBX 21 26 1 -8
BITMAP
0FFFF0
1FFFF0
3FFFF0
7FFFE0
40FF00
03F000
078000
0C0000
180000
200000
401800
401E00
803E00
801C00
800C00
800000
800000
C00000
E00000
700000
7E0000
7FC000
3FFFF8
0FFFE0
07FFC0
007F80
ENDCHAR
STARTCHAR afii57421
ENCODING 1581
SWIDTH 562 0
DWIDTH 24 0
BBX 21 26 1 -8
BITMAP
0FFFF0
1FFFF0
3FFFF0
7FFFE0
40FF00
03F000
078000
0C0000
180000
200000
400000
400000
800000
800000
800000
800000
800000
C00000
E00000
700000
7E0000
7FC000
3FFFF8
0FFFE0
07FFC0
007F80
ENDCHAR
STARTCHAR afii57422
ENCODING 1582
SWIDTH 562 0
DWIDTH 24 0
BBX 21 35 1 -8
BITMAP
006000
007000
00F800
007000
003000
000000
000000
000000
000000
0FFFF0
1FFFF0
3FFFF0
7FFFE0
40FF00
03F000
078000
0C0000
180000
200000
400000
400000
800000
800000
800000
800000
800000
C00000
E00000
700000
7E0000
7FC000
3FFFF8
0FFFE0
07FFC0
007F80
ENDCHAR
STARTCHAR afii57423
ENCODING 1583
SWIDTH 337 0
DWIDTH 14 0
BBX 12 18 2 6
BITMAP
0200
0300
0380
03C0
01C0
00E0
0060
0020
0030
0010
0010
0010
8010
C010
FFF0
FFF0
FFF0
7FF0
ENDCHAR
STARTCHAR afii57424
ENCODING 1584
SWIDTH 337 0
DWIDTH 14 0
BBX 12 27 2 6
BITMAP
1000
1C00
3E00
1C00
0C00
0000
0000
0000
0000
0200
0300
0380
03C0
01C0
00E0
0060
0020
0030
0010
0010
0010
8010
C010
FFF0
FFF0
FFF0
7FF0
ENDCHAR
STARTCHAR afii57425
ENCODING 1585
SWIDTH 488 0
DWIDTH 21 0
BBX 19 22 2 -4
BITMAP
000080
0000C0
0000C0
0001C0
0001E0
0000E0
000060
000060
000020
000020
000020
000020
000060
000060
0000E0
0001C0
000380
000700
001F00
E07C00
1FF800
03E000
ENDCHAR
STARTCHAR afii57426
ENCODING 1586
SWIDTH 488 0
DWIDTH 21 0
BBX 19 31 2 -4
BITMAP
000C00
000E00
001F00
000E00
000600
000000
000000
000000
000000
000080
0000C0
0000C0
0001C0
0001E0
0000E0
000060
000060
000020
000020
000020
000020
000060
000060
0000E0
0001C0
000380
000700
001F00
E07C00
1FF800
03E000
ENDCHAR
STARTCHAR afii57427
ENCODING 1587
SWIDTH 821 0
DWIDTH 35 0
BBX 34 21 1 -3
BITMAP
0000100000
0000100080
0000101180
00003811C0
20003810C0
2000181040
4000181840
4000083C40
80000FFFC0
80000FFFC0
80000FFFC0
80000FE3C0
8000080000
8000180000
C000380000
E000F00000
F807F00000
7FFFE00000
7FFFC00000
3FFF000000
0FF8000000
ENDCHAR
STARTCHAR afii57428
ENCODING 1588
SWIDTH 821 0
DWIDTH 35 0
BBX 34 34 1 -3
BITMAP
0000006000
0000007000
000000F800
0000007000
0000003600
0000000700
000000CF80
000000E700
000001F300
000000E000
0000006000
0000000000
0000000000
0000100000
0000100080
0000101180
00003811C0
20003810C0
2000181040
4000181840
4000083C40
80000FFFC0
80000FFFC0
80000FFFC0
80000FE3C0
8000080000
8000180000
C000380000
E000F00000
F807F00000
7FFFE00000
7FFFC00000
3FFF000000
0FF8000000
ENDCHAR
STARTCHAR afii57429
ENCODING 1589
SWIDTH 1098 0
DWIDTH 46 0
BBX 45 21 1 -3
BITMAP
000020000FC0
000020003FE0
00002000FFF0
00007001FFF8
20007007E0F8
2000300F0038
4000303C0038
400010F80078
80001FFFFFF8
80001FFFFFF8
80001FFFFFF8
80001FFFFFF8
800010000000
800030000000
C00060000000
E001E0000000
F80FE0000000
7FFFC0000000
7FFF80000000
3FFF00000000
0FF800000000
ENDCHAR
STARTCHAR afii57430
ENCODING 1590
SWIDTH 1098 0
DWIDTH 46 0
BBX 45 29 1 -3
BITMAP
000000100000
0000001C0000
0000003E0000
0000001C0000
0000000C0000
000000000000
000000000000
000000000000
000020000FC0
000020003FE0
00002000FFF0
00007001FFF8
20007007E0F8
2000300F0038
4000303C0038
400010F80078
80001FFFFFF8
80001FFFFFF8
80001FFFFFF8
80001FFFFFF8
800010000000
800030000000
C00060000000
E001E0000000
F80FE0000000
7FFFC0000000
7FFF80000000
3FFF00000000
0FF800000000
ENDCHAR
STARTCHAR afii57431
ENCODING 1591
SWIDTH 581 0
DWIDTH 24 0
BBX 25 27 -1 6
BITMAP
02000000
03000000
03E00000
03E00000
03E00000
01C00000
01800000
00C00000
00C00000
00C00000
00C00000
00E00000
00600000
00600000
00600000
00607C00
0061FF00
0067FF00
005FFF80
007E0780
00F80380
01E00380
07800780
FFFFFF80
FFFFFF80
FFFFFF80
FFFFFF80
ENDCHAR
STARTCHAR afii57432
ENCODING 1592
SWIDTH 581 0
DWIDTH 24 0
BBX 25 27 -1 6
BITMAP
02000000
03000000
03E00000
03E00000
03E00000
01C08000
0180E000
00C1F000
00C0E000
00C06000
00C00000
00E00000
00600000
00600000
00600000
00607C00
0061FF00
0067FF00
005FFF80
007E0780
00F80380
01E00380
07800780
FFFFFF80
FFFFFF80
FFFFFF80
FFFFFF80
ENDCHAR
STARTCHAR afii57433
ENCODING 1593
SWIDTH 543 0
DWIDTH 23 0
BBX 21 34 1 -8
BITMAP
070000
1FC000
3FE000
3FF000
7E0000
700000
C00000
C00000
C00080
E00780
F01F00
FE7F00
7FFE00
3FF000
3FC000
0F0000
0E0000
180000
300000
200000
600000
400000
C00000
C00000
C00000
C00000
E00000
F00000
7C0000
7F8000
3FFFF8
1FFFE0
07FFC0
00FF80
ENDCHAR
STARTCHAR afii57434
ENCODING 1594
SWIDTH 543 0
DWIDTH 23 0
BBX 21 43 1 -8
BITMAP
060000
070000
0F8000
070000
030000
000000
000000
000000
000000
070000
1FC000
3FE000
3FF000
7E0000
700000
C00000
C00000
C00080
E00780
F01F00
FE7F00
7FFE00
3FF000
3FC000
0F0000
0E0000
180000
300000
200000
600000
400000
C00000
C00000
C00000
C00000
E00000
F00000
7C0000
7F8000
3FFFF8
1FFFE0
07FFC0
00FF80
ENDCHAR
STARTCHAR afii57440
ENCODING 1600
SWIDTH 207 0
DWIDTH 9 0
BBX 10 4 -1 6
BITMAP
FFC0
FFC0
FFC0
FFC0
ENDCHAR
STARTCHAR afii57441
ENCODING 1601
SWIDTH 788 0
DWIDTH 33 0
BBX 32 23 1 6
BITMAP
000000C0
000000E0
000001F0
000000E0
00000060
00000000
00000000
00000000
00000000
4000001C
4000003E
8000007E
8000007F
800000E7
800000E3
800000E3
C00000F3
F000007F
FE00001F
7FFFFFFF
3FFFFFFF
1FFFFFFF
01FFFFFF
ENDCHAR
STARTCHAR afii57442
ENCODING 1602
SWIDTH 581 0
DWIDTH 24 0
BBX 23 32 1 -3
BITMAP
000060
000070
000CF8
000E70
001F30
000E00
000600
000000
000000
000000
000070
0000F8
0001F8
0001FC
00031C
20030E
20030E
4003FE
4003FE
4001FE
8000FA
800002
800002
800002
800006
C0000E
E0003E
F801FC
7FFFF8
3FFFF0
1FFFC0
07FE00
ENDCHAR
STARTCHAR afii57443
ENCODING 1603
SWIDTH 601 0
DWIDTH 25 0
BBX 24 28 1 6
BITMAP
000010
000010
00001E
00001F
00001F
00001F
00000E
00010C
00070C
000C0C
00180C
001006
003006
003F86
003F86
000186
200186
600386
400706
C3FC06
C00003
C00003
E00003
F80003
FFFFFF
7FFFFF
3FFFFF
0FFFFF
ENDCHAR
STARTCHAR afii57444
ENCODING 1604
SWIDTH 506 0
DWIDTH 21 0
BBX 20 34 1 0
BITMAP
000080
000080
0001E0
0001F0
0001F0
0001F0
0000F0
0000C0
0000C0
0000C0
000040
000060
000060
000060
000060
000060
080060
100060
100070
200030
200030
600030
400030
400030
C00030
C00030
C00030
E00070
F001F0
F807E0
7FFFE0
7FFFC0
3FFF00
07FC00
ENDCHAR
STARTCHAR afii57445
ENCODING 1605
SWIDTH 337 0
DWIDTH 14 0
BBX 13 24 1 -8
BITMAP
0380
0FC0
0FE0
1FF0
18F0
0078
03F8
1FF8
7FF8
7FF8
FC00
E000
C000
C000
C000
6000
6000
6000
3000
3000
3000
1000
1000
1000
ENDCHAR
STARTCHAR afii57446
ENCODING 1606
SWIDTH 525 0
DWIDTH 22 0
BBX 21 27 1 -3
BITMAP
006000
007000
00F800
007000
003000
000000
000010
000010
000010
000038
200038
200018
400018
400008
800008
800008
800008
800008
800008
800018
C00038
E000F0
F807F0
7FFFE0
7FFFC0
3FFF80
0FFC00
ENDCHAR
STARTCHAR afii57447
ENCODING 1607
SWIDTH 282 0
DWIDTH 12 0
BBX 10 14 1 6
BITMAP
2000
3800
3E00
3F00
3F80
6FC0
43C0
40C0
C0C0
E3C0
FF80
FF80
FF00
7E00
ENDCHAR
STARTCHAR afii57448
ENCODING 1608
SWIDTH 432 0
DWIDTH 18 0
BBX 17 21 1 -4
BITMAP
000E00
001F00
001F00
003F80
003180
003180
003880
003F80
003F80
001F80
000780
000080
000180
000300
000700
000E00
001E00
003C00
E0F800
3FF000
07E000
ENDCHAR
STARTCHAR afii57449
ENCODING 1609
SWIDTH 638 0
DWIDTH 27 0
BBX 25 22 1 -2
BITMAP
00000F00
00003F80
00007F80
0000FF80
0000E180
0001C080
10018000
20030000
20020000
20060000
4007FE00
4007FF00
4007FF00
C003FF00
C0000300
C0000E00
E0003E00
F807FC00
FFFFF800
7FFFE000
3FFF8000
0FFC0000
ENDCHAR
STARTCHAR afii57450
ENCODING 1610
SWIDTH 638 0
DWIDTH 27 0
BBX 25 28 1 -8
BITMAP
00000F00
00003F80
00007F80
0000FF80
0000E180
0001C080
10018000
20030000
20020000
20060000
4007FE00
4007FF00
4007FF00
C003FF00
C0000300
C0000E00
E0003E00
F807FC00
FFFFF800
7FFFE000
3FFF8000
0FFE0000
00070000
00CF8000
00E70000
01F30000
00E00000
00600000
ENDCHAR
STARTCHAR afii57451
ENCODING 1611
SWIDTH 201 0
DWIDTH 8 0
BBX 7 7 1 25
BITMAP
06
3C
F8
C6
3E
F8
C0
ENDCHAR
STARTCHAR afii57452
ENCODING 1612
SWIDTH 236 0
DWIDTH 10 0
BBX 7 9 2 25
BITMAP
06
0E
0A
6A
EE
26
2E
3A
60
ENDCHAR
STARTCHAR afii57453
ENCODING 1613
SWIDTH 201 0
DWIDTH 8 0
BBX 7 7 1 -5
BITMAP
06
3C
F0
C6
3C
F0
C0
ENDCHAR
STARTCHAR afii57454
ENCODING 1614
SWIDTH 201 0
DWIDTH 8 0
BBX 7 4 1 25
BITMAP
06
3C
F0
C0
ENDCHAR
STARTCHAR afii57455
ENCODING 1615
SWIDTH 209 0
DWIDTH 9 0
BBX 6 10 3 25
BITMAP
18
1C
24
34
38
1C
1C
34
60
C0
ENDCHAR
STARTCHAR afii57456
ENCODING 1616
SWIDTH 201 0
DWIDTH 8 0
BBX 7 4 1 -1
BITMAP
06
3C
F0
C0
ENDCHAR
STARTCHAR afii57457
ENCODING 1617
SWIDTH 211 0
DWIDTH 9 0
BBX 10 6 0 25
BITMAP
0040
0440
4CC0
4FC0
FF80
7000
ENDCHAR
STARTCHAR afii57458
ENCODING 1618
SWIDTH 164 0
DWIDTH 7 0
BBX 5 7 1 25
BITMAP
70
78
98
88
88
F0
60
ENDCHAR
STARTCHAR uni0653
ENCODING 1619
SWIDTH 207 0
DWIDTH 9 0
BBX 7 2 0 29
BITMAP
E0
1E
ENDCHAR
STARTCHAR uni0654
ENCODING 1620
SWIDTH 207 0
DWIDTH 9 0
BBX 5 6 1 31
BITMAP
18
38
48
60
38
C0
ENDCHAR
STARTCHAR uni0655
ENCODING 1621
SWIDTH 207 0
DWIDTH 9 0
BBX 6 7 1 -4
BITMAP
18
38
48
60
3C
70
80
ENDCHAR
STARTCHAR afii57392
ENCODING 1632
SWIDTH 525 0
DWIDTH 22 0
BBX 7 10 8 9
BITMAP
20
70
78
7E
FE
FC
FC
7C
1C
08
ENDCHAR
STARTCHAR afii57393
ENCODING 1633
SWIDTH 525 0
DWIDTH 22 0
BBX 8 24 6 6
BITMAP
40
60
70
F0
F8
7C
3C
1E
1E
0E
0E
0F
07
07
07
03
03
03
03
03
02
02
02
02
ENDCHAR
STARTCHAR afii57394
ENCODING 1634
SWIDTH 525 0
DWIDTH 22 0
BBX 12 24 4 6
BITMAP
4010
4010
6010
F030
F870
7FF0
3FF0
3FE0
1FC0
0E00
0E00
0700
0700
0700
0380
0380
0380
0380
0180
0180
0180
0180
0080
0080
ENDCHAR
STARTCHAR afii57395
ENCODING 1635
SWIDTH 525 0
DWIDTH 22 0
BBX 17 24 3 6
BITMAP
402080
402080
607180
F8FF80
FFFF80
FFFF00
7F9E00
3F0000
3C0000
1C0000
1E0000
0E0000
0E0000
060000
070000
070000
070000
030000
030000
030000
030000
020000
020000
020000
ENDCHAR
STARTCHAR afii57396
ENCODING 1636
SWIDTH 525 0
DWIDTH 22 0
BBX 11 24 6 6
BITMAP
0080
0180
0380
0F00
1E00
3000
6000
7000
FC00
FF00
FF80
3F00
0F00
0600
0400
0800
1000
3000
7800
7F00
7FE0
7FE0
3FC0
07C0
ENDCHAR
STARTCHAR afii57397
ENCODING 1637
SWIDTH 525 0
DWIDTH 22 0
BBX 15 16 4 10
BITMAP
03C0
0FE0
1FF0
1FF8
31FC
207E
401E
400E
4006
C006
C00E
F01C
FFF8
FFF8
7FE0
3F80
ENDCHAR
STARTCHAR afii57398
ENCODING 1638
SWIDTH 525 0
DWIDTH 22 0
BBX 13 24 4 6
BITMAP
8000
C060
FFC0
FFC0
FFC0
FFC0
7F40
00C0
00C0
00C0
00C0
00C0
00C0
00C0
00E0
00E0
00E0
00F0
0078
0078
0078
0038
0018
0008
ENDCHAR
STARTCHAR afii57399
ENCODING 1639
SWIDTH 525 0
DWIDTH 22 0
BBX 16 24 3 6
BITMAP
8000
C001
C001
E003
F003
F007
F807
F80E
7C0C
3C1C
1E18
0E10
0E30
0720
0720
0320
0340
01C0
01C0
01C0
0080
0080
0080
0080
ENDCHAR
STARTCHAR afii57400
ENCODING 1640
SWIDTH 525 0
DWIDTH 22 0
BBX 17 24 3 6
BITMAP
008000
008000
008000
018000
01C000
01C000
02C000
02E000
026000
026000
067000
043800
043800
0C3C00
1C1E00
181F00
380F80
700F80
F00780
E00780
E00380
C00380
C00180
800080
ENDCHAR
STARTCHAR afii57401
ENCODING 1641
SWIDTH 525 0
DWIDTH 22 0
BBX 13 24 5 6
BITMAP
0F00
1F80
3F80
7FC0
71C0
40C0
C0C0
E0C0
FFC0
FFC0
7FC0
3EC0
00C0
00C0
00C0
00E0
00E0
00E0
00F0
00F8
0078
0070
0030
0010
ENDCHAR
STARTCHAR afii57381
ENCODING 1642
SWIDTH 525 0
DWIDTH 22 0
BBX 16 29 3 4
BITMAP
3803
7C06
7C06
7C0C
380C
0018
0018
0030
0030
0060
0060
00C0
00C0
01C0
0180
0380
0300
0300
0600
0600
0C00
0C00
1800
1800
301C
303E
603E
603E
C01C
ENDCHAR
STARTCHAR afii57461
ENCODING 1643
SWIDTH 318 0
DWIDTH 13 0
BBX 6 11 4 1
BITMAP
78
FC
FC
FC
7C
3C
18
38
30
60
40
ENDCHAR
STARTCHAR afii57388.dup7
ENCODING 1644
SWIDTH 318 0
DWIDTH 13 0
BBX 7 13 4 6
BITMAP
08
18
30
60
40
C0
E0
F8
FE
FE
7E
7E
3C
ENDCHAR
STARTCHAR afii63167
ENCODING 1645
SWIDTH 525 0
DWIDTH 22 0
BBX 14 14 4 16
BITMAP
0780
0780
77B0
3B70
1FE0
679C
FCFC
FCFC
6798
1FE0
3B70
77B0
0780
0780
ENDCHAR
STARTCHAR glyph1320
ENCODING 1646
SWIDTH 713 0
DWIDTH 30 0
BBX 29 14 1 6
BITMAP
40000010
40000010
80000010
80000038
80000018
80000018
80000008
C0000008
E0000008
FC000008
7FFFFFF8
3FFFFFF8
1FFFFFF8
07FFFFF8
ENDCHAR
STARTCHAR glyph1324
ENCODING 1647
SWIDTH 581 0
DWIDTH 24 0
BBX 23 22 1 -3
BITMAP
000070
0000F8
0001F8
0001FC
00031C
20030E
20030E
4003FE
4003FE
4001FE
8000FA
800002
800002
800002
800006
C0000E
E0003E
F801FC
7FFFF8
3FFFF0
1FFFC0
07FE00
ENDCHAR
STARTCHAR uni0670
ENCODING 1648
SWIDTH 0 0
DWIDTH 0 0
BBX 2 10 -1 23
BITMAP
80
80
80
C0
40
40
40
40
40
40
ENDCHAR
STARTCHAR uni0671
ENCODING 1649
SWIDTH 207 0
DWIDTH 9 0
BBX 9 32 0 5
BITMAP
0780
0980
3180
FF00
FE00
8000
0400
0400
0C00
0C00
0C00
0C00
0C00
0C00
0C00
0C00
0C00
0E00
0E00
0E00
0E00
0600
0600
0600
0600
0600
0600
0600
0600
0400
0400
0400
ENDCHAR
STARTCHAR uni0672
ENCODING 1650
SWIDTH 207 0
DWIDTH 9 0
BBX 8 32 1 5
BITMAP
06
0E
10
0F
78
80
08
08
18
18
18
18
18
18
18
18
18
1C
1C
1C
1C
0C
0C
0C
0C
0C
0C
0C
0C
08
08
08
ENDCHAR
STARTCHAR uni0673
ENCODING 1651
SWIDTH 207 0
DWIDTH 9 0
BBX 7 35 1 -4
BITMAP
08
08
18
18
18
18
18
18
18
18
18
1C
1C
1C
1C
0C
0C
0C
0C
0C
0C
0C
0C
08
08
08
00
00
00
06
1E
10
0E
78
80
ENDCHAR
STARTCHAR uni0654.dup8
ENCODING 1652
SWIDTH 207 0
DWIDTH 9 0
BBX 5 6 1 31
BITMAP
18
38
48
60
38
C0
ENDCHAR
STARTCHAR uni0675
ENCODING 1653
SWIDTH 207 0
DWIDTH 9 0
BBX 8 26 3 5
BITMAP
43
47
C9
CC
C7
D8
C0
C0
C0
C0
C0
E0
E0
E0
E0
60
60
60
60
60
60
60
60
40
40
40
ENDCHAR
STARTCHAR uni0676
ENCODING 1654
SWIDTH 432 0
DWIDTH 18 0
BBX 19 29 1 -4
BITMAP
000060
0000E0
000120
000180
0000E0
000300
000000
000000
000E00
001F00
001F00
003F80
003180
003180
003880
003F80
003F80
001F80
000780
000080
000180
000300
000700
000E00
001E00
003C00
E0F800
3FF000
07E000
ENDCHAR
STARTCHAR uni0677
ENCODING 1655
SWIDTH 432 0
DWIDTH 18 0
BBX 19 31 1 -4
BITMAP
006000
00E000
012060
01A0E0
01E120
00E180
00E0E0
01A300
030000
060000
000E00
001F00
001F00
003F80
003180
003180
003880
003F80
003F80
001F80
000780
000080
000180
000300
000700
000E00
001E00
003C00
E0F800
3FF000
07E000
ENDCHAR
STARTCHAR uni0678
ENCODING 1656
SWIDTH 638 0
DWIDTH 27 0
BBX 27 31 1 -2
BITMAP
000000C0
000001C0
00000100
00000180
000000E0
00000300
00000000
00000000
00000000
00000F00
00003F80
00007F80
0000FF80
0000E180
0001C080
10018000
20030000
20020000
20060000
4007FE00
4007FF00
4007FF00
C003FF00
C0000300
C0000E00
E0003E00
F807FC00
FFFFF800
7FFFE000
3FFF8000
0FFC0000
ENDCHAR
STARTCHAR uni0679
ENCODING 1657
SWIDTH 713 0
DWIDTH 30 0
BBX 29 29 1 6
BITMAP
00100000
001C0000
000C0000
00040000
00040000
00040000
00040000
00047000
0005F800
00061800
000C1800
007FF800
007FF800
00000000
00000000
40000010
40000010
80000010
80000038
80000018
80000018
80000008
C0000008
E0000008
FC000008
7FFFFFF8
3FFFFFF8
1FFFFFF8
07FFFFF8
ENDCHAR
STARTCHAR uni067A
ENCODING 1658
SWIDTH 713 0
DWIDTH 30 0
BBX 29 26 1 6
BITMAP
00040000
000F0000
000F0000
000E0000
00020000
00020000
00078000
00078000
00070000
00010000
00000000
00000000
40000010
40000010
80000010
80000038
80000018
80000018
80000008
C0000008
E0000008
FC000008
7FFFFFF8
3FFFFFF8
1FFFFFF8
07FFFFF8
ENDCHAR
STARTCHAR uni067B
ENCODING 1659
SWIDTH 713 0
DWIDTH 30 0
BBX 29 27 1 -7
BITMAP
40000010
40000010
80000010
80000038
80000018
80000018
80000008
C0000008
E0000008
FC000008
7FFFFFF8
3FFFFFF8
1FFFFFF8
07FFFFF8
00000000
00000000
00000000
00020000
00078000
00078000
00078000
00010000
00010000
0003C000
0003C000
0003C000
00008000
ENDCHAR
STARTCHAR uni067C
ENCODING 1660
SWIDTH 713 0
DWIDTH 30 0
BBX 29 26 1 1
BITMAP
0000C000
0000E000
0019F000
001CE000
003E6000
001C0000
000C0000
40000010
40000010
80000010
80000038
80000018
80000018
80000008
C0000008
E0000008
FC000008
7FFFFFF8
3FFFFFF8
1FFFFFF8
07FFFFF8
00058000
00088000
000C8000
000F8000
00070000
ENDCHAR
STARTCHAR uni067D
ENCODING 1661
SWIDTH 713 0
DWIDTH 30 0
BBX 29 26 1 6
BITMAP
00010000
0003C000
0023C000
007B8000
00788000
00700000
00120000
00078000
00078000
00070000
00010000
00000000
40000010
40000010
80000010
80000038
80000018
80000018
80000008
C0000008
E0000008
FC000008
7FFFFFF8
3FFFFFF8
1FFFFFF8
07FFFFF8
ENDCHAR
STARTCHAR afii57506
ENCODING 1662
SWIDTH 713 0
DWIDTH 30 0
BBX 29 28 1 -8
BITMAP
40000010
40000010
80000010
80000038
80000018
80000018
80000008
C0000008
E0000008
FC000008
7FFFFFF8
3FFFFFF8
1FFFFFF8
07FFFFF8
00000000
00000000
00000000
0000C000
0000E000
0019F000
001CE000
003E6000
001C0000
000D8000
0001C000
0003E000
0001C000
0000C000
ENDCHAR
STARTCHAR uni067F
ENCODING 1663
SWIDTH 713 0
DWIDTH 30 0
BBX 29 26 1 6
BITMAP
00010000
0003C000
0063C000
007B8000
00788000
00708000
0011E000
0011E000
003DC000
003C4000
00380000
00080000
40000010
40000010
80000010
80000038
80000018
80000018
80000008
C0000008
E0000008
FC000008
7FFFFFF8
3FFFFFF8
1FFFFFF8
07FFFFF8
ENDCHAR
STARTCHAR uni0680
ENCODING 1664
SWIDTH 713 0
DWIDTH 30 0
BBX 29 29 1 -9
BITMAP
40000010
40000010
80000010
80000038
80000018
80000018
80000008
C0000008
E0000008
FC000008
7FFFFFF8
3FFFFFF8
1FFFFFF8
07FFFFF8
00000000
00000000
00000000
00018000
0001C000
0023E000
0039C000
007C4000
0038C000
0008E000
0019F000
001CE000
003E2000
001C0000
00040000
ENDCHAR
STARTCHAR uni0681
ENCODING 1665
SWIDTH 562 0
DWIDTH 24 0
BBX 21 37 1 -8
BITMAP
001800
003800
004000
006000
003C00
004000
000000
000000
000000
000000
000000
0FFFF0
1FFFF0
3FFFF0
7FFFE0
40FF00
03F000
078000
0C0000
180000
200000
400000
400000
800000
800000
800000
800000
800000
C00000
E00000
700000
7E0000
7FC000
3FFFF8
0FFFE0
07FFC0
007F80
ENDCHAR
STARTCHAR uni0682
ENCODING 1666
SWIDTH 562 0
DWIDTH 24 0
BBX 21 40 1 -8
BITMAP
00C000
00F000
01F000
00E000
002000
002000
007800
00F800
007000
001000
000000
000000
000000
000000
0FFFF0
1FFFF0
3FFFF0
7FFFE0
40FF00
03F000
078000
0C0000
180000
200000
400000
400000
800000
800000
800000
800000
800000
C00000
E00000
700000
7E0000
7FC000
3FFFF8
0FFFE0
07FFC0
007F80
ENDCHAR
STARTCHAR uni0683
ENCODING 1667
SWIDTH 562 0
DWIDTH 24 0
BBX 21 26 1 -8
BITMAP
0FFFF0
1FFFF0
3FFFF0
7FFFE0
40FF00
03F000
078000
0C0000
180000
200000
400000
400200
800380
804780
807780
80F180
80F000
C02000
E00000
700000
7E0000
7FC000
3FFFF8
0FFFE0
07FFC0
007F80
ENDCHAR
STARTCHAR uni0684
ENCODING 1668
SWIDTH 562 0
DWIDTH 24 0
BBX 21 26 1 -8
BITMAP
0FFFF0
1FFFF0
3FFFF0
7FFFE0
40FF00
03F000
078000
0C0000
180000
200000
404000
407000
80F000
80F000
803000
802000
803800
C07800
E07800
701800
7E0000
7FC000
3FFFF8
0FFFE0
07FFC0
007F80
ENDCHAR
STARTCHAR uni0685
ENCODING 1669
SWIDTH 562 0
DWIDTH 24 0
BBX 21 40 1 -8
BITMAP
008000
00E000
01F000
00E000
006800
000E00
011F00
01CE00
03E600
01C000
00C000
000000
000000
000000
0FFFF0
1FFFF0
3FFFF0
7FFFE0
40FF00
03F000
078000
0C0000
180000
200000
400000
400000
800000
800000
800000
800000
800000
C00000
E00000
700000
7E0000
7FC000
3FFFF8
0FFFE0
07FFC0
007F80
ENDCHAR
STARTCHAR afii57507
ENCODING 1670
SWIDTH 562 0
DWIDTH 24 0
BBX 21 26 1 -8
BITMAP
0FFFF0
1FFFF0
3FFFF0
7FFFE0
40FF00
03F000
078000
0C0000
180000
200600
400700
40CF80
80E700
81F300
80E000
806C00
800E00
C01F00
E00E00
700600
7E0000
7FC000
3FFFF8
0FFFE0
07FFC0
007F80
ENDCHAR
STARTCHAR uni0687
ENCODING 1671
SWIDTH 562 0
DWIDTH 24 0
BBX 21 26 1 -8
BITMAP
0FFFF0
1FFFF0
3FFFF0
7FFFE0
40FF00
03F000
078000
0C0000
180400
200F00
408F00
41EF00
81E200
81E200
804780
804780
80F780
C0F100
E0F000
702000
7E0000
7FC000
3FFFF8
0FFFE0
07FFC0
007F80
ENDCHAR
STARTCHAR uni0688
ENCODING 1672
SWIDTH 337 0
DWIDTH 14 0
BBX 13 32 1 6
BITMAP
2000
3800
1800
1000
0800
0800
0800
08E0
0BF0
0C30
1030
FFF0
FFF0
0000
0100
0180
01C0
01E0
00E0
0070
0030
0010
0018
0008
0008
0008
4008
6008
7FF8
7FF8
7FF8
3FF8
ENDCHAR
STARTCHAR uni0689
ENCODING 1673
SWIDTH 337 0
DWIDTH 14 0
BBX 12 23 2 1
BITMAP
0200
0300
0380
03C0
01C0
00E0
0060
0020
0030
0010
0010
0010
8010
C010
FFF0
FFF0
FFF0
7FF0
0900
0980
0900
0F00
0E00
ENDCHAR
STARTCHAR uni068A
ENCODING 1674
SWIDTH 337 0
DWIDTH 14 0
BBX 12 26 2 -2
BITMAP
0200
0300
0380
03C0
01C0
00E0
0060
0020
0030
0010
0010
0010
8010
C010
FFF0
FFF0
FFF0
7FF0
0000
0000
0000
0400
0700
0F80
0F00
0300
ENDCHAR
STARTCHAR uni068B
ENCODING 1675
SWIDTH 337 0
DWIDTH 14 0
BBX 13 40 1 -2
BITMAP
2000
3800
1800
1000
0800
0800
0800
08E0
0BF0
0C30
1030
FFF0
FFF0
0000
0100
0180
01C0
01E0
00E0
0070
0030
0010
0018
0008
0008
0008
4008
6008
7FF8
7FF8
7FF8
3FF8
0000
0000
0000
0200
0380
07C0
0780
0180
ENDCHAR
STARTCHAR uni068C
ENCODING 1676
SWIDTH 337 0
DWIDTH 14 0
BBX 12 26 2 6
BITMAP
0100
03C0
23C0
7BC0
7880
7800
1000
0000
0200
0300
0380
03C0
01C0
00E0
0060
0020
0030
0010
0010
0010
8010
C010
FFF0
FFF0
FFF0
7FF0
ENDCHAR
STARTCHAR uni068D
ENCODING 1677
SWIDTH 337 0
DWIDTH 14 0
BBX 12 28 2 -4
BITMAP
0200
0300
0380
03C0
01C0
00E0
0060
0020
0030
0010
0010
0010
8010
C010
FFF0
FFF0
FFF0
7FF0
0000
0000
0000
0100
01C0
23E0
39C0
7CC0
3800
1800
ENDCHAR
STARTCHAR uni068E
ENCODING 1678
SWIDTH 337 0
DWIDTH 14 0
BBX 12 30 2 6
BITMAP
1800
1C00
3E00
1C00
0580
01C0
33E0
39C0
7C40
3800
0800
0000
0200
0300
0380
03C0
01C0
00E0
0060
0020
0030
0010
0010
0010
8010
C010
FFF0
FFF0
FFF0
7FF0
ENDCHAR
STARTCHAR uni068F
ENCODING 1679
SWIDTH 337 0
DWIDTH 14 0
BBX 12 30 2 6
BITMAP
0200
0380
47C0
7780
F980
F000
3400
0700
0F80
0F00
0300
0000
0200
0300
0380
03C0
01C0
00E0
0060
0020
0030
0010
0010
0010
8010
C010
FFF0
FFF0
FFF0
7FF0
ENDCHAR
STARTCHAR uni0690
ENCODING 1680
SWIDTH 337 0
DWIDTH 14 0
BBX 12 30 2 6
BITMAP
0200
0780
4780
F780
F100
F100
23C0
23C0
7BC0
7880
7800
1000
0200
0300
0380
03C0
01C0
00E0
0060
0020
0030
0010
0010
0010
8010
C010
FFF0
FFF0
FFF0
7FF0
ENDCHAR
STARTCHAR uni0691
ENCODING 1681
SWIDTH 488 0
DWIDTH 21 0
BBX 19 39 2 -4
BITMAP
008000
00E000
006000
004000
002000
002000
002000
002380
002FC0
0030C0
0060C0
03FFC0
03FFC0
000000
000000
000000
000000
000080
0000C0
0000C0
0001C0
0001E0
0000E0
000060
000060
000020
000020
000020
000020
000060
000060
0000E0
0001C0
000380
000700
001F00
E07C00
1FF800
03E000
ENDCHAR
STARTCHAR uni0692
ENCODING 1682
SWIDTH 488 0
DWIDTH 21 0
BBX 19 31 2 -4
BITMAP
003180
001900
000B00
000E00
000600
000000
000000
000000
000000
000080
0000C0
0000C0
0001C0
0001E0
0000E0
000060
000060
000020
000020
000020
000020
000060
000060
0000E0
0001C0
000380
000700
001F00
E07C00
1FF800
03E000
ENDCHAR
STARTCHAR uni0693
ENCODING 1683
SWIDTH 488 0
DWIDTH 21 0
BBX 19 24 2 -6
BITMAP
000080
0000C0
0000C0
0001C0
0001E0
0000E0
000060
000060
000020
000020
000020
000020
000060
000060
0000E0
0001C0
000380
000780
001FC0
E07E40
1FFA60
03E240
0003C0
000380
ENDCHAR
STARTCHAR uni0694
ENCODING 1684
SWIDTH 488 0
DWIDTH 21 0
BBX 20 24 2 -6
BITMAP
000080
0000C0
0000C0
0001C0
0001E0
0000E0
000060
000060
000020
000020
000020
000020
000060
000060
0000E0
0001C0
000380
000700
001F00
E07CC0
1FF8F0
03E1F0
0000E0
000020
ENDCHAR
STARTCHAR uni0695
ENCODING 1685
SWIDTH 488 0
DWIDTH 21 0
BBX 19 27 2 -9
BITMAP
000080
0000C0
0000C0
0001C0
0001E0
0000E0
000060
000060
000020
000020
000020
000020
000060
000060
0000E0
0001C0
000380
000700
001F00
E07C00
1FF800
03E000
000460
000640
0002C0
000380
000180
ENDCHAR
STARTCHAR uni0696
ENCODING 1686
SWIDTH 488 0
DWIDTH 21 0
BBX 20 24 2 -6
BITMAP
000080
0000C0
0000C0
0001C0
0001E0
0000E0
000060
000060
000020
060020
070020
0F8020
070060
010060
0000E0
0001C0
000380
000700
001F00
E07CC0
1FF8F0
03E1F0
0000E0
000020
ENDCHAR
STARTCHAR uni0697
ENCODING 1687
SWIDTH 488 0
DWIDTH 21 0
BBX 19 31 2 -4
BITMAP
000200
000780
004780
00F700
00F100
00E000
002000
000000
000000
000080
0000C0
0000C0
0001C0
0001E0
0000E0
000060
000060
000020
000020
000020
000020
000060
000060
0000E0
0001C0
000380
000700
001F00
E07C00
1FF800
03E000
ENDCHAR
STARTCHAR afii57508
ENCODING 1688
SWIDTH 488 0
DWIDTH 21 0
BBX 19 35 2 -4
BITMAP
001800
001C00
003E00
001C00
000D80
0001C0
0033E0
0039C0
007CC0
003800
001800
000000
000000
000080
0000C0
0000C0
0001C0
0001E0
0000E0
000060
000060
000020
000020
000020
000020
000060
000060
0000E0
0001C0
000380
000700
001F00
E07C00
1FF800
03E000
ENDCHAR
STARTCHAR uni0699
ENCODING 1689
SWIDTH 488 0
DWIDTH 21 0
BBX 19 36 2 -4
BITMAP
000400
000700
008F00
00EF00
01E200
01E200
004380
004780
007780
00F100
00F000
002000
000000
000000
000080
0000C0
0000C0
0001C0
0001E0
0000E0
000060
000060
000020
000020
000020
000020
000060
000060
0000E0
0001C0
000380
000700
001F00
E07C00
1FF800
03E000
ENDCHAR
STARTCHAR uni069A
ENCODING 1690
SWIDTH 821 0
DWIDTH 35 0
BBX 34 28 1 -3
BITMAP
0000004000
000000F000
000000F000
000000F000
0000002000
0000000000
0000000000
0000100000
0000100080
0000101180
00003811C0
20003810C0
2000181040
4000181840
4000083C40
80000FFFC0
80000FFFC0
80000FFFC0
80000FE3C0
8000080000
8000180000
C000380000
E000F01000
F807F03C00
7FFFE03C00
7FFFC03C00
3FFF000800
0FF8000000
ENDCHAR
STARTCHAR uni069B
ENCODING 1691
SWIDTH 821 0
DWIDTH 35 0
BBX 34 26 1 -8
BITMAP
0000100000
0000100080
0000101180
00003811C0
20003810C0
2000181040
4000181840
4000083C40
80000FFFC0
80000FFFC0
80000FFFC0
80000FE3C0
8000080000
8000180000
C000380000
E000F00100
F807F003C0
7FFFE023C0
7FFFC07BC0
3FFF007880
0FF8007800
0000001200
0000000780
0000000780
0000000780
0000000100
ENDCHAR
STARTCHAR uni069C
ENCODING 1692
SWIDTH 821 0
DWIDTH 35 0
BBX 34 38 1 -8
BITMAP
0000010000
000003C000
000003C000
000003C000
0000009000
0000003C00
0000023C00
000007BC00
0000078800
0000078000
0000010000
0000000000
0000100000
0000100080
0000101180
00003811C0
20003810C0
2000181040
4000181840
4000083C40
80000FFFC0
80000FFFC0
80000FFFC0
80000FE3C0
8000080000
8000180000
C000380000
E000F00100
F807F003C0
7FFFE023C0
7FFFC07BC0
3FFF007880
0FF8007800
0000001200
0000000780
0000000780
0000000780
0000000100
ENDCHAR
STARTCHAR uni069D
ENCODING 1693
SWIDTH 1098 0
DWIDTH 46 0
BBX 45 22 1 -4
BITMAP
000020000FC0
000020003FE0
00002000FFF0
00007001FFF8
20007007E0F8
2000300F0038
4000303C0038
400010F80078
80001FFFFFF8
80001FFFFFF8
80001FFFFFF8
80001FFFFFF8
800010000000
800030000000
C00060000000
E001E0002000
F80FE0003800
7FFFC0047800
7FFF80077800
3FFF000F1000
0FF8000F0000
000000020000
ENDCHAR
STARTCHAR uni069E
ENCODING 1694
SWIDTH 1098 0
DWIDTH 46 0
BBX 45 33 1 -3
BITMAP
000000020000
000000038000
000000078000
000000078000
000000012000
000000003800
000000047800
000000077800
0000000F1000
0000000F0000
000000020000
000000000000
000020000FC0
000020003FE0
00002000FFF0
00007001FFF8
20007007E0F8
2000300F0038
4000303C0038
400010F80078
80001FFFFFF8
80001FFFFFF8
80001FFFFFF8
80001FFFFFF8
800010000000
800030000000
C00060000000
E001E0000000
F80FE0000000
7FFFC0000000
7FFF80000000
3FFF00000000
0FF800000000
ENDCHAR
STARTCHAR uni069F
ENCODING 1695
SWIDTH 581 0
DWIDTH 24 0
BBX 25 27 -1 6
BITMAP
02000000
03000000
03E00000
03E04000
03E0F000
01C0F000
0180E000
00C02400
00C00F00
00C08F00
00C1EE00
00E1E200
0061C000
00604000
00600000
00607C00
0061FF00
0067FF00
005FFF80
007E0780
00F80380
01E00380
07800780
FFFFFF80
FFFFFF80
FFFFFF80
FFFFFF80
ENDCHAR
STARTCHAR uni06A0
ENCODING 1696
SWIDTH 543 0
DWIDTH 23 0
BBX 21 45 1 -8
BITMAP
300000
380000
7C0000
380000
0B0000
038000
67C000
738000
F88000
700000
100000
070000
1FC000
3FE000
3FF000
7E0000
700000
C00000
C00000
C00080
E00780
F01F00
FE7F00
7FFE00
3FF000
3FC000
0F0000
0E0000
180000
300000
200000
600000
400000
C00000
C00000
C00000
C00000
E00000
F00000
7C0000
7F8000
3FFFF8
1FFFE0
07FFC0
00FF80
ENDCHAR
STARTCHAR uni06A1
ENCODING 1697
SWIDTH 788 0
DWIDTH 33 0
BBX 32 14 1 6
BITMAP
4000001C
4000003E
8000007E
8000007F
800000E7
800000E3
800000E3
C00000F3
F000007F
FE00001F
7FFFFFFF
3FFFFFFF
1FFFFFFF
01FFFFFF
ENDCHAR
STARTCHAR uni06A2
ENCODING 1698
SWIDTH 788 0
DWIDTH 33 0
BBX 32 22 1 -2
BITMAP
4000001C
4000003E
8000007E
8000007F
800000E7
800000E3
800000E3
C00000F3
F000007F
FE00001F
7FFFFFFF
3FFFFFFF
1FFFFFFF
01FFFFFF
00000000
00000000
00000000
00000010
0000001C
0000003C
0000003C
00000008
ENDCHAR
STARTCHAR uni06A3
ENCODING 1699
SWIDTH 788 0
DWIDTH 33 0
BBX 32 29 1 -2
BITMAP
00000010
0000003C
0000003C
0000003C
00000008
00000000
00000000
4000001C
4000003E
8000007E
8000007F
800000E7
800000E3
800000E3
C00000F3
F000007F
FE00001F
7FFFFFFF
3FFFFFFF
1FFFFFFF
01FFFFFF
00000000
00000000
00000000
00010000
0003C000
0003C000
00038000
00008000
ENDCHAR
STARTCHAR uni06A4
ENCODING 1700
SWIDTH 788 0
DWIDTH 33 0
BBX 32 27 1 6
BITMAP
00000040
000000F0
000000F0
000000F0
00000024
0000000F
0000008F
000001EF
000001E2
000001E0
00000040
00000000
00000000
4000001C
4000003E
8000007E
8000007F
800000E7
800000E3
800000E3
C00000F3
F000007F
FE00001F
7FFFFFFF
3FFFFFFF
1FFFFFFF
01FFFFFF
ENDCHAR
STARTCHAR uni06A5
ENCODING 1701
SWIDTH 788 0
DWIDTH 33 0
BBX 33 28 1 -8
BITMAP
4000001C00
4000003E00
8000007E00
8000007F00
800000E700
800000E300
800000E300
C00000F300
F000007F00
FE00001F00
7FFFFFFF00
3FFFFFFF00
1FFFFFFF00
01FFFFFF00
0000000000
0000000000
0000000000
0000000200
0000000780
0000004780
000000F780
000000F100
000000F000
0000002400
0000000F00
0000000F00
0000000F00
0000000200
ENDCHAR
STARTCHAR uni06A6
ENCODING 1702
SWIDTH 788 0
DWIDTH 33 0
BBX 33 28 1 6
BITMAP
0000000400
0000000F00
0000008F00
000001EF00
000001E200
000001E200
0000004780
0000004780
000000F780
000000F100
000000F000
0000002000
0000000000
0000000000
4000001C00
4000003E00
8000007E00
8000007F00
800000E700
800000E300
800000E300
C00000F300
F000007F00
FE00001F00
7FFFFFFF00
3FFFFFFF00
1FFFFFFF00
01FFFFFF00
ENDCHAR
STARTCHAR uni06A7
ENCODING 1703
SWIDTH 581 0
DWIDTH 24 0
BBX 23 30 1 -3
BITMAP
000100
0001C0
0003E0
0003C0
0000C0
000000
000000
000000
000070
0000F8
0001F8
0001FC
00031C
20030E
20030E
4003FE
4003FE
4001FE
8000FA
800002
800002
800002
800006
C0000E
E0003E
F801FC
7FFFF8
3FFFF0
1FFFC0
07FE00
ENDCHAR
STARTCHAR uni06A8
ENCODING 1704
SWIDTH 581 0
DWIDTH 24 0
BBX 23 33 1 -3
BITMAP
000400
000F00
000F00
000F00
000240
0000F0
0008F0
001EF0
001E20
001E00
000400
000070
0000F8
0001F8
0001FC
00031C
20030E
20030E
4003FE
4003FE
4001FE
8000FA
800002
800002
800002
800006
C0000E
E0003E
F801FC
7FFFF8
3FFFF0
1FFFC0
07FE00
ENDCHAR
STARTCHAR afii57567
ENCODING 1705
SWIDTH 812 0
DWIDTH 34 0
BBX 34 25 0 6
BITMAP
0000000100
0000000F00
0000007F00
000001FF00
000007FC00
00000FE000
00001F0000
00001C0000
0000380000
00003C0000
00003F0000
00003F8000
00001FC000
40000FF000
400000F800
8000007C00
8000001E00
8000000F00
8000000700
C000000380
F0000001C0
FFFFFFFFC0
7FFFFFFFC0
3FFFFFFFC0
0FFFFFFFC0
ENDCHAR
STARTCHAR uni06AA
ENCODING 1706
SWIDTH 812 0
DWIDTH 34 0
BBX 34 22 0 6
BITMAP
0000200000
0001E00000
0007E00000
001FE00000
007F800000
00FC000000
01E0000000
0380000000
0300000000
0780000000
07FC000000
07FFF00000
03FFFFC000
80FFFFFC00
8003FFFE00
800003FF00
C000000780
F0000001C0
FFFFFFFFC0
7FFFFFFFC0
3FFFFFFFC0
0FFFFFFFC0
ENDCHAR
STARTCHAR uni06AB
ENCODING 1707
SWIDTH 812 0
DWIDTH 34 0
BBX 34 25 0 6
BITMAP
0000000100
0000000F00
0000007F00
000001FF00
000007FF00
00000FFB00
00001F1100
00001C1900
0000381F00
00003C0E00
00003F0000
00003F8000
00001FC000
40000FF000
400000F800
8000007C00
8000001E00
8000000F00
8000000700
C000000380
F0000001C0
FFFFFFFFC0
7FFFFFFFC0
3FFFFFFFC0
0FFFFFFFC0
ENDCHAR
STARTCHAR uni06AC
ENCODING 1708
SWIDTH 601 0
DWIDTH 25 0
BBX 24 28 1 6
BITMAP
000810
001E10
001E1E
001E1F
00041F
00001F
00000E
00010C
00070C
000C0C
00180C
001006
003006
003F86
003F86
000186
200186
600386
400706
C3FC06
C00003
C00003
E00003
F80003
FFFFFF
7FFFFF
3FFFFF
0FFFFF
ENDCHAR
STARTCHAR uni06AD
ENCODING 1709
SWIDTH 601 0
DWIDTH 25 0
BBX 24 31 1 6
BITMAP
004000
00F000
00F000
00F010
002410
000F1E
008F1F
01EF1F
01E21F
01E00E
00400C
00010C
00070C
000C0C
001806
001006
003006
003F86
003F86
200186
600186
400386
C00706
C3FC03
C00003
E00003
F80003
FFFFFF
7FFFFF
3FFFFF
0FFFFF
ENDCHAR
STARTCHAR uni06AE
ENCODING 1710
SWIDTH 601 0
DWIDTH 25 0
BBX 24 42 1 -8
BITMAP
000010
000010
00001E
00001F
00001F
00001F
00000E
00010C
00070C
000C0C
00180C
001006
003006
003F86
003F86
000186
200186
600386
400706
C3FC06
C00003
C00003
E00003
F80003
FFFFFF
7FFFFF
3FFFFF
0FFFFF
000000
000000
000000
000100
0003C0
0023C0
007B80
007880
007000
001200
000780
000780
000700
000100
ENDCHAR
STARTCHAR afii57509
ENCODING 1711
SWIDTH 812 0
DWIDTH 34 0
BBX 34 31 0 6
BITMAP
0000000100
0000000700
0000001F00
0000007F00
000001FE00
000003F000
00000F8100
00001E0F00
0000387F00
000021FF00
000007FC00
00000FE000
00001F0000
00001C0000
0000380000
00003C0000
00003F0000
00003F8000
00001FC000
40000FF000
400000F800
8000007C00
8000001E00
8000000F00
8000000700
C000000380
F0000001C0
FFFFFFFFC0
7FFFFFFFC0
3FFFFFFFC0
0FFFFFFFC0
ENDCHAR
STARTCHAR uni06B0
ENCODING 1712
SWIDTH 812 0
DWIDTH 34 0
BBX 34 31 0 6
BITMAP
0000000100
0000000700
0000001F00
0000007F00
000001FE00
000003F000
00000F8100
00001E0F00
0000387F00
000021FF00
000007FF00
00000FFB00
00001F1100
00001C1900
0000381F00
00003C0E00
00003F0000
00003F8000
00001FC000
40000FF000
400000F800
8000007C00
8000001E00
8000000F00
8000000700
C000000380
F0000001C0
FFFFFFFFC0
7FFFFFFFC0
3FFFFFFFC0
0FFFFFFFC0
ENDCHAR
STARTCHAR uni06B1
ENCODING 1713
SWIDTH 812 0
DWIDTH 34 0
BBX 34 31 0 6
BITMAP
0000030100
0000078700
0000331F00
0000787F00
000031FE00
000003F000
00000F8100
00001E0F00
0000387F00
000021FF00
000007FC00
00000FE000
00001F0000
00001C0000
0000380000
00003C0000
00003F0000
00003F8000
00001FC000
40000FF000
400000F800
8000007C00
8000001E00
8000000F00
8000000700
C000000380
F0000001C0
FFFFFFFFC0
7FFFFFFFC0
3FFFFFFFC0
0FFFFFFFC0
ENDCHAR
STARTCHAR uni06B2
ENCODING 1714
SWIDTH 812 0
DWIDTH 34 0
BBX 34 41 0 -4
BITMAP
0000000100
0000000700
0000001F00
0000007F00
000001FE00
000003F000
00000F8100
00001E0F00
0000387F00
000021FF00
000007FC00
00000FE000
00001F0000
00001C0000
0000380000
00003C0000
00003F0000
00003F8000
00001FC000
40000FF000
400000F800
8000007C00
8000001E00
8000000F00
8000000700
C000000380
F0000001C0
FFFFFFFFC0
7FFFFFFFC0
3FFFFFFFC0
0FFFFFFFC0
0000000000
0000000000
0000000000
0000100000
00003C0000
00023C0000
0007BC0000
0007880000
0007800000
0001000000
ENDCHAR
STARTCHAR uni06B3
ENCODING 1715
SWIDTH 812 0
DWIDTH 34 0
BBX 34 44 0 -7
BITMAP
0000000100
0000000700
0000001F00
0000007F00
000001FE00
000003F000
00000F8100
00001E0F00
0000387F00
000021FF00
000007FC00
00000FE000
00001F0000
00001C0000
0000380000
00003C0000
00003F0000
00003F8000
00001FC000
40000FF000
400000F800
8000007C00
8000001E00
8000000F00
8000000700
C000000380
F0000001C0
FFFFFFFFC0
7FFFFFFFC0
3FFFFFFFC0
0FFFFFFFC0
0000000000
0000000000
0000000000
0000800000
0001E00000
0001E00000
0001E00000
0000400000
0000400000
0000F00000
0000F00000
0000F00000
0000200000
ENDCHAR
STARTCHAR uni06B4
ENCODING 1716
SWIDTH 812 0
DWIDTH 34 0
BBX 34 31 0 6
BITMAP
0000180000
00001D8300
000019CF00
000031BF00
000038FF00
000033F800
000007E100
00001F0F00
00003C7F00
000031FF00
000007FC00
00000FE000
00001F0000
00001C0000
0000380000
00003C0000
00003F0000
00003F8000
00001FC000
40000FF000
400000F800
8000007C00
8000001E00
8000000F00
8000000700
C000000380
F0000001C0
FFFFFFFFC0
7FFFFFFFC0
3FFFFFFFC0
0FFFFFFFC0
ENDCHAR
STARTCHAR uni06B5
ENCODING 1717
SWIDTH 506 0
DWIDTH 21 0
BBX 20 38 1 -1
BITMAP
000230
000320
000160
0001C0
0000C0
000000
0000E0
0001F0
0001F0
0001F0
0000F0
0000C0
0000C0
0000C0
000040
000060
000060
000060
000060
000060
080060
100060
100070
200030
200030
600030
400030
400030
C00030
C00030
C00030
E00070
F001F0
F807E0
7FFFE0
7FFFC0
3FFF00
07FC00
ENDCHAR
STARTCHAR uni06B6
ENCODING 1718
SWIDTH 506 0
DWIDTH 21 0
BBX 20 38 1 -1
BITMAP
000180
0001C0
0003E0
0001C0
000040
000000
0000E0
0001F0
0001F0
0001F0
0000F0
0000C0
0000C0
0000C0
000040
000060
000060
000060
000060
000060
080060
100060
100070
200030
200030
600030
400030
400030
C00030
C00030
C00030
E00070
F001F0
F807E0
7FFFE0
7FFFC0
3FFF00
07FC00
ENDCHAR
STARTCHAR uni06B7
ENCODING 1719
SWIDTH 506 0
DWIDTH 21 0
BBX 20 38 1 -1
BITMAP
000C00
000EC0
000EE0
0018E0
001C00
001C00
0000E0
0001F0
0001F0
0001F0
0000F0
0000C0
0000C0
0000C0
000040
000060
000060
000060
000060
000060
080060
100060
100070
200030
200030
600030
400030
400030
C00030
C00030
C00030
E00070
F001F0
F807E0
7FFFE0
7FFFC0
3FFF00
07FC00
ENDCHAR
STARTCHAR uni06B8
ENCODING 1720
SWIDTH 506 0
DWIDTH 21 0
BBX 20 43 1 -9
BITMAP
000080
000080
0001E0
0001F0
0001F0
0001F0
0000F0
0000C0
0000C0
0000C0
000040
000060
000060
000060
000060
000060
080060
100060
100070
200030
200030
600030
400030
400030
C00030
C00030
C00030
E00070
F001F0
F807E0
7FFFE0
7FFFC0
3FFF00
07FC00
000000
001800
001E00
033E00
03CC00
07F000
01BC00
007C00
001800
ENDCHAR
STARTCHAR uni06B9
ENCODING 1721
SWIDTH 525 0
DWIDTH 22 0
BBX 21 33 1 -9
BITMAP
006000
007000
00F800
007000
003000
000000
000010
000010
000010
000038
200038
200018
400018
400008
800008
800008
800008
800008
800008
800018
C00038
E000F0
F807F0
7FFFE0
7FFFC0
3FFF80
0FFC00
000000
002000
007800
007800
007800
001000
ENDCHAR
STARTCHAR uni06BA
ENCODING 1722
SWIDTH 525 0
DWIDTH 22 0
BBX 21 21 1 -3
BITMAP
000010
000010
000010
000038
200038
200018
400018
400008
800008
800008
800008
800008
800008
800018
C00038
E000F0
F807F0
7FFFE0
7FFFC0
3FFF80
0FFC00
ENDCHAR
STARTCHAR uni06BB
ENCODING 1723
SWIDTH 525 0
DWIDTH 22 0
BBX 21 36 1 -3
BITMAP
010000
01C000
00C000
008000
00C000
004000
004000
004F00
005F80
006180
008180
07FF80
07FF80
000000
000000
000010
000010
000010
000038
200038
200018
400018
400008
800008
800008
800008
800008
800008
800018
C00038
E000F0
F807F0
7FFFE0
7FFFC0
3FFF80
0FFC00
ENDCHAR
STARTCHAR uni06BC
ENCODING 1724
SWIDTH 525 0
DWIDTH 22 0
BBX 21 32 1 -8
BITMAP
006000
007000
00F800
007000
003000
000000
000010
000010
000010
000038
200038
200018
400018
400008
800008
800008
800008
800008
800008
800018
C00038
E000F0
F807F0
7FFFE0
7FFFC0
3FFF80
0FFC00
009800
008800
008800
00F000
006000
ENDCHAR
STARTCHAR uni06BD
ENCODING 1725
SWIDTH 525 0
DWIDTH 22 0
BBX 21 33 1 -3
BITMAP
018000
01E000
03E000
01C000
005800
001E00
033E00
03DC00
07C400
038000
008000
000000
000010
000010
000010
000038
200038
200018
400018
400008
800008
800008
800008
800008
800008
800018
C00038
E000F0
F807F0
7FFFE0
7FFFC0
3FFF80
0FFC00
ENDCHAR
STARTCHAR afii57470
ENCODING 1726
SWIDTH 450 0
DWIDTH 19 0
BBX 17 18 -1 6
BITMAP
008000
00C000
01E000
01E000
01F000
01F800
03FC00
023C00
043E00
043F00
0E7700
0FF300
07E180
0FF180
FFFF80
FF7F80
FC1F00
F00700
ENDCHAR
STARTCHAR uni06BF
ENCODING 1727
SWIDTH 562 0
DWIDTH 24 0
BBX 21 35 1 -8
BITMAP
002000
003800
007800
007800
001000
000000
000000
000000
000000
0FFFF0
1FFFF0
3FFFF0
7FFFE0
40FF00
03F000
078000
0C0000
180000
200600
400700
40CF80
80E700
81F300
80E000
806C00
800E00
C01F00
E00E00
700600
7E0000
7FC000
3FFFF8
0FFFE0
07FFC0
007F80
ENDCHAR
STARTCHAR uni06C0
ENCODING 1728
SWIDTH 282 0
DWIDTH 12 0
BBX 10 21 1 6
BITMAP
1800
3800
4000
6000
3C00
4000
0000
2000
3800
3E00
3F00
3F80
6FC0
43C0
40C0
C0C0
E3C0
FF80
FF80
FF00
7E00
ENDCHAR
STARTCHAR uni06C1
ENCODING 1729
SWIDTH 387 0
DWIDTH 16 0
BBX 15 11 1 3
BITMAP
0380
07C0
0FE0
1FF0
1CFE
387E
303E
601E
4000
C000
8000
ENDCHAR
STARTCHAR uni06C2
ENCODING 1730
SWIDTH 387 0
DWIDTH 16 0
BBX 15 20 1 3
BITMAP
0180
0380
0400
0600
0380
0C00
0000
0000
0000
0380
07C0
0FE0
1FF0
1CFE
387E
303E
601E
4000
C000
8000
ENDCHAR
STARTCHAR uni06C3
ENCODING 1731
SWIDTH 387 0
DWIDTH 16 0
BBX 15 21 1 3
BITMAP
0180
01C0
33E0
39C0
7C40
3800
0800
0000
0000
0000
0380
07C0
0FE0
1FF0
1CFE
387E
303E
601E
4000
C000
8000
ENDCHAR
STARTCHAR uni06C4
ENCODING 1732
SWIDTH 432 0
DWIDTH 18 0
BBX 17 21 1 -4
BITMAP
000E00
001F00
001F00
003F80
003180
003180
003880
003F80
003F80
001F80
000780
000080
006180
00F300
00B700
011E00
019E00
01FC00
E0F800
3FF000
07E000
ENDCHAR
STARTCHAR uni06C5
ENCODING 1733
SWIDTH 432 0
DWIDTH 18 0
BBX 17 21 1 -4
BITMAP
000E00
001F00
001F00
003F80
003180
003180
003880
003F80
003F80
001F80
000780
01C080
03F180
00FF00
001F00
000600
000E00
003C00
E0F800
3FF000
07E000
ENDCHAR
STARTCHAR uni06C6
ENCODING 1734
SWIDTH 432 0
DWIDTH 18 0
BBX 17 28 1 -4
BITMAP
003180
001900
000B00
000E00
000600
000000
000000
000E00
001F00
001F00
003F80
003180
003180
003880
003F80
003F80
001F80
000780
000080
000180
000300
000700
000E00
001E00
003C00
E0F800
3FF000
07E000
ENDCHAR
STARTCHAR uni06C7
ENCODING 1735
SWIDTH 432 0
DWIDTH 18 0
BBX 17 33 1 -4
BITMAP
000600
000F00
000B00
000E00
000E00
000F00
000700
000900
001000
006000
000000
000000
000E00
001F00
001F00
003F80
003180
003180
003880
003F80
003F80
001F80
000780
000080
000180
000300
000700
000E00
001E00
003C00
E0F800
3FF000
07E000
ENDCHAR
STARTCHAR uni06C8
ENCODING 1736
SWIDTH 432 0
DWIDTH 18 0
BBX 17 34 1 -4
BITMAP
000800
000800
000800
000C00
000C00
000400
000400
000400
000400
000400
000000
000000
000000
000E00
001F00
001F00
003F80
003180
003180
003880
003F80
003F80
001F80
000780
000080
000180
000300
000700
000E00
001E00
003C00
E0F800
3FF000
07E000
ENDCHAR
STARTCHAR uni06C9
ENCODING 1737
SWIDTH 432 0
DWIDTH 18 0
BBX 17 28 1 -4
BITMAP
000600
000E00
000B00
001900
003180
000000
000000
000E00
001F00
001F00
003F80
003180
003180
003880
003F80
003F80
001F80
000780
000080
000180
000300
000700
000E00
001E00
003C00
E0F800
3FF000
07E000
ENDCHAR
STARTCHAR uni06CA
ENCODING 1738
SWIDTH 432 0
DWIDTH 18 0
BBX 17 30 1 -4
BITMAP
000200
000780
004780
00F700
00F100
00E000
002000
000000
000000
000E00
001F00
001F00
003F80
003180
003180
003880
003F80
003F80
001F80
000780
000080
000180
000300
000700
000E00
001E00
003C00
E0F800
3FF000
07E000
ENDCHAR
STARTCHAR uni06CB
ENCODING 1739
SWIDTH 432 0
DWIDTH 18 0
BBX 17 34 1 -4
BITMAP
006000
007800
007800
007000
001200
000780
00C780
00F700
00F100
00E000
002000
000000
000000
000E00
001F00
001F00
003F80
003180
003180
003880
003F80
003F80
001F80
000780
000080
000180
000300
000700
000E00
001E00
003C00
E0F800
3FF000
07E000
ENDCHAR
STARTCHAR afii57555
ENCODING 1740
SWIDTH 638 0
DWIDTH 27 0
BBX 25 22 1 -2
BITMAP
00000F00
00003F80
00007F80
0000FF80
0000E180
0001C080
10018000
20030000
20020000
20060000
4007FE00
4007FF00
4007FF00
C003FF00
C0000300
C0000E00
E0003E00
F807FC00
FFFFF800
7FFFE000
3FFF8000
0FFC0000
ENDCHAR
STARTCHAR uni06CD
ENCODING 1741
SWIDTH 638 0
DWIDTH 27 0
BBX 27 22 -1 -2
BITMAP
000003C0
00000FE0
00001FE0
00003FE0
00003860
00007020
04006000
1C00C000
68008000
88018000
1801FF80
1001FFC0
3001FFC0
3000FFC0
300000C0
30000380
38001F80
3E01FF00
3FFFFE00
1FFFFC00
0FFFE000
03FF0000
ENDCHAR
STARTCHAR uni06CE
ENCODING 1742
SWIDTH 638 0
DWIDTH 27 0
BBX 25 24 1 -2
BITMAP
06300000
03600000
01600F00
01C03F80
00C07F80
0000FF80
0000E180
0001C080
10018000
20030000
20020000
20060000
4007FE00
4007FF00
4007FF00
C003FF00
C0000300
C0000E00
E0003E00
F807FC00
FFFFF800
7FFFE000
3FFF8000
0FFC0000
ENDCHAR
STARTCHAR uni06CF
ENCODING 1743
SWIDTH 432 0
DWIDTH 18 0
BBX 17 29 1 -4
BITMAP
002000
003800
007C00
003800
001800
000000
000000
000000
000E00
001F00
001F00
003F80
003180
003180
003880
003F80
003F80
001F80
000780
000080
000180
000300
000700
000E00
001E00
003C00
E0F800
3FF000
07E000
ENDCHAR
STARTCHAR uni06D0
ENCODING 1744
SWIDTH 638 0
DWIDTH 27 0
BBX 25 28 1 -8
BITMAP
00000F00
00003F80
00007F80
0000FF80
0000E180
0001C080
10018000
20030000
20020000
20060000
4007FE00
4007FF00
4007FF00
C003FF00
C0000300
C0000E00
E0003E00
F807FC00
FFFFF800
7FFFE000
3FFF8000
0FFC0000
00000000
00000000
00700000
00E00000
00380000
00700000
ENDCHAR
STARTCHAR uni06D1
ENCODING 1745
SWIDTH 638 0
DWIDTH 27 0
BBX 25 27 1 -7
BITMAP
00000F00
00003F80
00007F80
0000FF80
0000E180
0001C080
10018000
20030000
20020000
20060000
4007FE00
4007FF00
4007FF00
C003FF00
C0000300
C0000E00
E0003E00
F807FC00
FFFFF800
7FFFE000
3FFF8000
0FFC0000
00000000
000C0000
006C0000
00780000
00180000
ENDCHAR
STARTCHAR uni06D2
ENCODING 1746
SWIDTH 812 0
DWIDTH 34 0
BBX 33 17 1 -1
BITMAP
0001800000
0003800000
0007C00000
000FC00000
003CC00000
0070400000
01F0000000
07E0000000
1FC0000000
3E00000000
7800000000
6000000000
C000000000
FFFFFFFF80
FFFFFFFE00
FFFFFFFC00
FFFFFFF800
ENDCHAR
STARTCHAR uni06D3
ENCODING 1747
SWIDTH 812 0
DWIDTH 34 0
BBX 33 22 1 -1
BITMAP
0030000000
0070000000
0080000000
00C0000000
0078000000
0181800000
0003800000
0007C00000
000FC00000
003CC00000
0070400000
01F0000000
07E0000000
1FC0000000
3E00000000
7800000000
6000000000
C000000000
FFFFFFFF80
FFFFFFFE00
FFFFFFFC00
FFFFFFF800
ENDCHAR
STARTCHAR uni06D4
ENCODING 1748
SWIDTH 207 0
DWIDTH 9 0
BBX 7 4 1 6
BITMAP
FE
FE
FE
FE
ENDCHAR
STARTCHAR afii57534
ENCODING 1749
SWIDTH 282 0
DWIDTH 12 0
BBX 10 14 1 6
BITMAP
2000
3800
3E00
3F00
3F80
6FC0
43C0
40C0
C0C0
E3C0
FF80
FF80
FF00
7E00
ENDCHAR
STARTCHAR uni06D6
ENCODING 1750
SWIDTH 0 0
DWIDTH 0 0
BBX 20 15 -10 22
BITMAP
040000
070000
030000
020000
020060
0120F0
012130
013230
0FFFF0
1FDFF0
200000
400000
800000
FFFF00
FFFF00
ENDCHAR
STARTCHAR uni06D7
ENCODING 1751
SWIDTH 0 0
DWIDTH 0 0
BBX 15 15 -7 22
BITMAP
0830
0EF0
06C0
0430
0450
0258
0278
0208
1FF8
3FF8
6000
4000
8000
FFFE
FFFE
ENDCHAR
STARTCHAR uni06D8
ENCODING 1752
SWIDTH 0 0
DWIDTH 0 0
BBX 9 5 -4 22
BITMAP
0300
0500
0C80
FF80
F380
ENDCHAR
STARTCHAR uni06D9
ENCODING 1753
SWIDTH 0 0
DWIDTH 0 0
BBX 9 13 -5 22
BITMAP
8200
C380
E180
7100
1100
0900
0B00
0600
0200
0600
0A00
1E00
1C00
ENDCHAR
STARTCHAR uni06DA
ENCODING 1754
SWIDTH 0 0
DWIDTH 0 0
BBX 9 13 -5 22
BITMAP
7F80
FF80
0C00
3000
4000
8C00
8C00
8000
8000
C000
F000
7F80
1F00
ENDCHAR
STARTCHAR uni06DB
ENCODING 1755
SWIDTH 0 0
DWIDTH 0 0
BBX 4 4 -2 22
BITMAP
C0
B0
90
C0
ENDCHAR
STARTCHAR uni06DC
ENCODING 1756
SWIDTH 0 0
DWIDTH 0 0
BBX 16 10 -8 22
BITMAP
0102
018B
4189
808D
80FF
80F7
8080
C380
FF00
7C00
ENDCHAR
STARTCHAR uni06DD
ENCODING 1757
SWIDTH 1123 0
DWIDTH 47 0
BBX 45 45 1 -8
BITMAP
00003FE00000
0001FFFC0000
007FC01FF000
00CE00039800
0087FFFF0800
01CFFFFF9C00
03F80000FE00
070000000F00
060000000700
0E0000000380
1C00000001C0
1800000000C0
3800000000E0
300000000060
700000000070
600000000030
600000000030
600000000030
C00000000018
C00000000018
C00000000018
C00000000018
C00000000018
C00000000018
C00000000018
C00000000018
C00000000018
600000000030
600000000030
600000000030
700000000070
300000000060
3000000000E0
1800000000C0
1C00000001C0
0E0000000380
060000000700
070000000700
03F80000FE00
01CFFFFF9C00
0087FFFF0800
00CE00039800
007FC01FF000
0001FFFC0000
00003FE00000
ENDCHAR
STARTCHAR uni06DE
ENCODING 1758
SWIDTH 1084 0
DWIDTH 46 0
BBX 44 44 1 -7
BITMAP
000006000000
00000F000000
00001F800000
000039C00000
000060600000
0000C0300000
03FFFFFFFC00
03FFFFFFFC00
0307000E0C00
030E00070C00
031C00038C00
03380001CC00
03700000EC00
03E000007C00
03C000003C00
038000001C00
070000000E00
0F000F000F00
1B003FC00D80
330030C00CC0
730060600CE0
E30060600C70
E30060600C70
730060600CE0
330030C00CC0
1B003FC00D80
0F000F000F00
070000000E00
038000001C00
03C000003C00
03E000007C00
03700000EC00
03380001CC00
031C00038C00
030E00070C00
0307000E0C00
03FFFFFFFC00
03FFFFFFFC00
0000C0300000
000060600000
000039C00000
00001F800000
00000F000000
000006000000
ENDCHAR
STARTCHAR uni06DF
ENCODING 1759
SWIDTH 0 0
DWIDTH 0 0
BBX 3 3 -2 22
BITMAP
E0
E0
E0
ENDCHAR
STARTCHAR uni06E0
ENCODING 1760
SWIDTH 0 0
DWIDTH 0 0
BBX 3 3 -2 22
BITMAP
E0
E0
E0
ENDCHAR
STARTCHAR uni06E1
ENCODING 1761
SWIDTH 0 0
DWIDTH 0 0
BBX 11 6 -6 22
BITMAP
1C00
3E00
0700
01C0
FFE0
FFE0
ENDCHAR
STARTCHAR uni06E2
ENCODING 1762
SWIDTH 0 0
DWIDTH 0 0
BBX 6 11 -3 22
BITMAP
30
48
3C
FC
C0
80
80
C0
40
40
40
ENDCHAR
STARTCHAR uni06E3
ENCODING 1763
SWIDTH 0 0
DWIDTH 0 0
BBX 16 10 -8 -8
BITMAP
0102
018B
4189
808D
80FF
80F7
8080
C380
FF00
7C00
ENDCHAR
STARTCHAR uni06E4
ENCODING 1764
SWIDTH 0 0
DWIDTH 0 0
BBX 4 2 -2 22
BITMAP
50
A0
ENDCHAR
STARTCHAR uni06E5
ENCODING 1765
SWIDTH 193 0
DWIDTH 8 0
BBX 7 10 1 22
BITMAP
04
0E
0A
0A
0E
06
02
04
1C
F8
ENDCHAR
STARTCHAR uni06E6
ENCODING 1766
SWIDTH 370 0
DWIDTH 16 0
BBX 15 8 0 22
BITMAP
0100
0380
0C80
3800
7000
8000
FFFE
FFFC
ENDCHAR
STARTCHAR uni06E7
ENCODING 1767
SWIDTH 0 0
DWIDTH 0 0
BBX 15 8 -8 22
BITMAP
0100
0380
0C80
3800
7000
8000
FFFE
FFFC
ENDCHAR
STARTCHAR uni06E8
ENCODING 1768
SWIDTH 0 0
DWIDTH 0 0
BBX 10 13 -5 22
BITMAP
0C00
0C00
0000
0080
00C0
40C0
8040
8040
8040
8040
C1C0
FF80
7F00
ENDCHAR
STARTCHAR uni06E9
ENCODING 1769
SWIDTH 600 0
DWIDTH 25 0
BBX 23 35 1 0
BITMAP
001000
003800
006C00
00C600
019300
033980
066CC0
0CC660
199330
332998
6745CC
CE82E6
450144
2682C8
134590
094520
054540
054540
054540
054540
054540
054540
054540
054540
054540
054540
054540
054540
057D40
050140
090120
19FF30
300018
60000C
FFFFFE
ENDCHAR
STARTCHAR uni06EA
ENCODING 1770
SWIDTH 0 0
DWIDTH 0 0
BBX 7 7 -3 -7
BITMAP
10
28
44
82
44
28
10
ENDCHAR
STARTCHAR uni06EB
ENCODING 1771
SWIDTH 0 0
DWIDTH 0 0
BBX 7 7 -3 22
BITMAP
10
28
44
82
44
28
10
ENDCHAR
STARTCHAR uni06DF.dup9
ENCODING 1772
SWIDTH 0 0
DWIDTH 0 0
BBX 3 3 -2 22
BITMAP
E0
E0
E0
ENDCHAR
STARTCHAR uni06ED
ENCODING 1773
SWIDTH 0 0
DWIDTH 0 0
BBX 6 11 -3 -8
BITMAP
30
48
3C
FC
C0
80
80
C0
40
40
40
ENDCHAR
STARTCHAR afii57392.dup10
ENCODING 1776
SWIDTH 525 0
DWIDTH 22 0
BBX 7 10 8 9
BITMAP
20
70
78
7E
FE
FC
FC
7C
1C
08
ENDCHAR
STARTCHAR afii57393.dup11
ENCODING 1777
SWIDTH 525 0
DWIDTH 22 0
BBX 8 24 6 6
BITMAP
40
60
70
F0
F8
7C
3C
1E
1E
0E
0E
0F
07
07
07
03
03
03
03
03
02
02
02
02
ENDCHAR
STARTCHAR afii57394.dup12
ENCODING 1778
SWIDTH 525 0
DWIDTH 22 0
BBX 12 24 4 6
BITMAP
4010
4010
6010
F030
F870
7FF0
3FF0
3FE0
1FC0
0E00
0E00
0700
0700
0700
0380
0380
0380
0380
0180
0180
0180
0180
0080
0080
ENDCHAR
STARTCHAR afii57395.dup13
ENCODING 1779
SWIDTH 525 0
DWIDTH 22 0
BBX 17 24 3 6
BITMAP
402080
402080
607180
F8FF80
FFFF80
FFFF00
7F9E00
3F0000
3C0000
1C0000
1E0000
0E0000
0E0000
060000
070000
070000
070000
030000
030000
030000
030000
020000
020000
020000
ENDCHAR
STARTCHAR afii62843
ENCODING 1780
SWIDTH 525 0
DWIDTH 22 0
BBX 16 24 3 6
BITMAP
4078
40FC
60C2
F180
F981
FD03
7F06
3FFE
3FFC
1FFC
1EF0
0E00
0F00
0700
0700
0700
0700
0700
0300
0300
0300
0200
0200
0200
ENDCHAR
STARTCHAR afii62844
ENCODING 1781
SWIDTH 525 0
DWIDTH 22 0
BBX 15 24 3 6
BITMAP
0200
0300
0380
03C0
07C0
03E0
03F0
03F0
04F8
0878
083C
101C
301E
300E
6006
6006
6006
E08E
F1FE
FFFC
FFFC
FFF8
7EF0
3C00
ENDCHAR
STARTCHAR afii62845
ENCODING 1782
SWIDTH 525 0
DWIDTH 22 0
BBX 14 24 4 6
BITMAP
03C0
07E0
0FF0
1808
2000
2000
6004
F01C
FFF8
FFF8
FFF0
3FC0
0380
0700
0700
0E00
0C00
0C00
0800
1800
1800
1000
1000
1000
ENDCHAR
STARTCHAR afii57399.dup14
ENCODING 1783
SWIDTH 525 0
DWIDTH 22 0
BBX 16 24 3 6
BITMAP
8000
C001
C001
E003
F003
F007
F807
F80E
7C0C
3C1C
1E18
0E10
0E30
0720
0720
0320
0340
01C0
01C0
01C0
0080
0080
0080
0080
ENDCHAR
STARTCHAR afii57400.dup15
ENCODING 1784
SWIDTH 525 0
DWIDTH 22 0
BBX 17 24 3 6
BITMAP
008000
008000
008000
018000
01C000
01C000
02C000
02E000
026000
026000
067000
043800
043800
0C3C00
1C1E00
181F00
380F80
700F80
F00780
E00780
E00380
C00380
C00180
800080
ENDCHAR
STARTCHAR afii57401.dup16
ENCODING 1785
SWIDTH 525 0
DWIDTH 22 0
BBX 13 24 5 6
BITMAP
0F00
1F80
3F80
7FC0
71C0
40C0
C0C0
E0C0
FFC0
FFC0
7FC0
3EC0
00C0
00C0
00C0
00E0
00E0
00E0
00F0
00F8
0078
0070
0030
0010
ENDCHAR
STARTCHAR uni06FA
ENCODING 1786
SWIDTH 821 0
DWIDTH 35 0
BBX 34 33 1 -3
BITMAP
0000010000
000003C000
000003C000
000003C000
0000009000
0000003C00
0000023C00
000007BC00
0000078800
0000078000
0000010000
0000000000
0000100000
0000100080
0000101180
00003811C0
20003810C0
2000181040
4000181840
4000083C40
80000FFFC0
80000FFFC0
80000FFFC0
80000FE3C0
8000080000
8000180000
C000380000
E000F01000
F807F03C00
7FFFE03C00
7FFFC03C00
3FFF000800
0FF8000000
ENDCHAR
STARTCHAR uni06FB
ENCODING 1787
SWIDTH 1098 0
DWIDTH 46 0
BBX 45 29 1 -3
BITMAP
000000100000
0000001C0000
0000003E0000
0000001C0000
0000000C0000
000000000000
000000000000
000000000000
000020000FC0
000020003FE0
00002000FFF0
00007001FFF8
20007007E0F8
2000300F0038
4000303C0038
400010F80078
80001FFFFFF8
80001FFFFFF8
80001FFFFFF8
80001FFFFFF8
800010000000
800030000000
C00060000000
E001E0008000
F80FE001E000
7FFFC001E000
7FFF8001C000
3FFF00004000
0FF800000000
ENDCHAR
STARTCHAR uni06FC
ENCODING 1788
SWIDTH 543 0
DWIDTH 23 0
BBX 21 43 1 -8
BITMAP
060000
070000
0F8000
070000
030000
000000
000000
000000
000000
070000
1FC000
3FE000
3FF000
7E0000
700000
C00000
C00000
C00080
E00780
F01F00
FE7F00
7FFE00
3FF000
3FC000
0F0000
0E0000
180000
300000
200000
600000
401800
C01E00
C01E00
C01C00
C00400
E00000
F00000
7C0000
7F8000
3FFFF8
1FFFE0
07FFC0
00FF80
ENDCHAR
STARTCHAR uni06FD
ENCODING 1789
SWIDTH 412 0
DWIDTH 17 0
BBX 13 25 2 -6
BITMAP
0700
0F80
1FC0
3FC0
3080
6000
6000
F018
FCF8
FFF0
FFF0
3FC0
1F00
0C00
1800
2000
0000
0CC0
0CC0
0CC0
0CC0
0CC0
0CC0
0CC0
0CC0
ENDCHAR
STARTCHAR uni06FE
ENCODING 1790
SWIDTH 337 0
DWIDTH 14 0
BBX 13 24 1 -8
BITMAP
0780
0FC0
0FE0
1FF0
18F0
0078
03F8
1FF8
7FF8
7FF8
FC00
E000
C000
C000
C330
6330
6330
6330
3330
3330
3330
1330
1000
1000
ENDCHAR
STARTCHAR Wgrave
ENCODING 7808
SWIDTH 943 0
DWIDTH 42 0
BBX 41 38 1 0
BITMAP
0000F8000000
000078000000
00007C000000
00003C000000
00001E000000
00000E000000
000000000000
000000000000
F0007F000780
F0007F000780
78007F000F00
7800FF000F00
7800F7800F00
7800F7800F00
3C00F7801E00
3C01E3C01E00
3C01E3C01E00
3C01E3C01E00
1E01E3C03C00
1E03C1E03C00
1E03C1E03C00
1E03C1E03C00
0F03C1E07800
0F0780F07800
0F0780F07800
0F0780F07800
078F8078F000
078F0078F000
078F0078F000
078F0078F000
03DE003DE000
03DE003DE000
03DE003DE000
03DE003DE000
01FC001FC000
01FC001FC000
01FC001FC000
01FC001FC000
ENDCHAR
STARTCHAR wgrave
ENCODING 7809
SWIDTH 722 0
DWIDTH 29 0
BBX 29 31 0 0
BITMAP
003E0000
001E0000
001F0000
000F0000
00078000
00038000
00000000
00000000
00000000
F0070078
F0070078
F00F8078
780F80F0
780F80F0
781DC0F0
3C1DC1E0
3C1DC1E0
3C3DE1E0
3C38E1E0
1E38E3C0
1E78F3C0
1E78F3C0
0F707780
0F707780
0F707780
07603700
07E03F00
07E03F00
03E03E00
03C01E00
03C01E00
ENDCHAR
STARTCHAR Wacute
ENCODING 7810
SWIDTH 943 0
DWIDTH 42 0
BBX 41 38 1 0
BITMAP
00000F800000
00001F000000
00001E000000
00003C000000
000038000000
000070000000
000000000000
000000000000
F0007F000780
F0007F000780
78007F000F00
7800FF000F00
7800F7800F00
7800F7800F00
3C00F7801E00
3C01E3C01E00
3C01E3C01E00
3C01E3C01E00
1E01E3C03C00
1E03C1E03C00
1E03C1E03C00
1E03C1E03C00
0F03C1E07800
0F0780F07800
0F0780F07800
0F0780F07800
078F8078F000
078F0078F000
078F0078F000
078F0078F000
03DE003DE000
03DE003DE000
03DE003DE000
03DE003DE000
01FC001FC000
01FC001FC000
01FC001FC000
01FC001FC000
ENDCHAR
STARTCHAR wacute
ENCODING 7811
SWIDTH 722 0
DWIDTH 29 0
BBX 29 31 0 0
BITMAP
0000F800
0001F000
0001E000
0003C000
00038000
00070000
00000000
00000000
00000000
F0070078
F0070078
F00F8078
780F80F0
780F80F0
781DC0F0
3C1DC1E0
3C1DC1E0
3C3DE1E0
3C38E1E0
1E38E3C0
1E78F3C0
1E78F3C0
0F707780
0F707780
0F707780
07603700
07E03F00
07E03F00
03E03E00
03C01E00
03C01E00
ENDCHAR
STARTCHAR Wdieresis
ENCODING 7812
SWIDTH 943 0
DWIDTH 42 0
BBX 41 36 1 0
BITMAP
0001E1E00000
0001E1E00000
0001E1E00000
0001E1E00000
000000000000
000000000000
F0007F000780
F0007F000780
78007F000F00
7800FF000F00
7800F7800F00
7800F7800F00
3C00F7801E00
3C01E3C01E00
3C01E3C01E00
3C01E3C01E00
1E01E3C03C00
1E03C1E03C00
1E03C1E03C00
1E03C1E03C00
0F03C1E07800
0F0780F07800
0F0780F07800
0F0780F07800
078F8078F000
078F0078F000
078F0078F000
078F0078F000
03DE003DE000
03DE003DE000
03DE003DE000
03DE003DE000
01FC001FC000
01FC001FC000
01FC001FC000
01FC001FC000
ENDCHAR
STARTCHAR wdieresis
ENCODING 7813
SWIDTH 722 0
DWIDTH 29 0
BBX 29 29 0 0
BITMAP
00787800
00787800
00787800
00787800
00000000
00000000
00000000
F0070078
F0070078
F00F8078
780F80F0
780F80F0
781DC0F0
3C1DC1E0
3C1DC1E0
3C3DE1E0
3C38E1E0
1E38E3C0
1E78F3C0
1E78F3C0
0F707780
0F707780
0F707780
07603700
07E03F00
07E03F00
03E03E00
03C01E00
03C01E00
ENDCHAR
STARTCHAR Adotbelow
ENCODING 7840
SWIDTH 666 0
DWIDTH 28 0
BBX 27 36 0 -6
BITMAP
000E0000
001F0000
001F0000
003F8000
003B8000
003B8000
007BC000
0071C000
00F1E000
00F0E000
00E0E000
01E0F000
01C07000
03C07800
03C07800
03803800
07803C00
07FFFC00
0FFFFE00
0FFFFE00
0FFFFE00
1E000F00
1E000F00
3C000780
3C000780
3C000780
780003C0
780003C0
F80003E0
F00001E0
00000000
00000000
000F0000
000F0000
000F0000
000F0000
ENDCHAR
STARTCHAR adotbelow
ENCODING 7841
SWIDTH 556 0
DWIDTH 23 0
BBX 19 29 2 -6
BITMAP
03FC00
0FFF00
1FFF80
3E0F80
3C07C0
7C03C0
7803C0
1803C0
0003C0
000FC0
03FFC0
1FFFC0
3FF3C0
7F03C0
F803C0
F003C0
F003C0
F007C0
F80FC0
7C1FC0
7FFFC0
3FF3C0
0FC1E0
000000
000000
00F000
00F000
00F000
00F000
ENDCHAR
STARTCHAR Ahookabove
ENCODING 7842
SWIDTH 666 0
DWIDTH 28 0
BBX 27 38 0 0
BITMAP
007F0000
007FC000
0003C000
0003C000
000F8000
000C0000
00000000
00000000
000E0000
001F0000
001F0000
003F8000
003B8000
003B8000
007BC000
0071C000
00F1E000
00F0E000
00E0E000
01E0F000
01C07000
03C07800
03C07800
03803800
07803C00
07FFFC00
0FFFFE00
0FFFFE00
0FFFFE00
1E000F00
1E000F00
3C000780
3C000780
3C000780
780003C0
780003C0
F80003E0
F00001E0
ENDCHAR
STARTCHAR ahookabove
ENCODING 7843
SWIDTH 556 0
DWIDTH 23 0
BBX 19 32 2 0
BITMAP
03F000
03FC00
003E00
001E00
001E00
007800
006000
000000
000000
03FC00
0FFF00
1FFF80
3E0F80
3C07C0
7C03C0
7803C0
1803C0
0003C0
000FC0
03FFC0
1FFFC0
3FF3C0
7F03C0
F803C0
F003C0
F003C0
F007C0
F80FC0
7C1FC0
7FFFC0
3FF3C0
0FC1E0
ENDCHAR
STARTCHAR Acircumflexacute
ENCODING 7844
SWIDTH 666 0
DWIDTH 28 0
BBX 27 38 0 0
BITMAP
0007C000
000F8000
001E0000
00000000
001F8000
003FC000
00F0F000
00000000
000E0000
001F0000
001F0000
003F8000
003B8000
003B8000
007BC000
0071C000
00F1E000
00F0E000
00E0E000
01E0F000
01C07000
03C07800
03C07800
03803800
07803C00
07FFFC00
0FFFFE00
0FFFFE00
0FFFFE00
1E000F00
1E000F00
3C000780
3C000780
3C000780
780003C0
780003C0
F80003E0
F00001E0
ENDCHAR
STARTCHAR acircumflexacute
ENCODING 7845
SWIDTH 556 0
DWIDTH 23 0
BBX 19 38 2 0
BITMAP
001F00
003E00
003C00
007800
007000
00E000
000000
01F000
03F800
03B800
07BC00
0F1E00
1E0F00
000000
000000
03FC00
0FFF00
1FFF80
3E0F80
3C07C0
7C03C0
7803C0
1803C0
0003C0
000FC0
03FFC0
1FFFC0
3FF3C0
7F03C0
F803C0
F003C0
F003C0
F007C0
F80FC0
7C1FC0
7FFFC0
3FF3C0
0FC1E0
ENDCHAR
STARTCHAR Acircumflexgrave
ENCODING 7846
SWIDTH 666 0
DWIDTH 28 0
BBX 27 38 0 0
BITMAP
007C0000
001E0000
000F0000
00000000
001F8000
003FC000
00F0F000
00000000
000E0000
001F0000
001F0000
003F8000
003B8000
003B8000
007BC000
0071C000
00F1E000
00F0E000
00E0E000
01E0F000
01C07000
03C07800
03C07800
03803800
07803C00
07FFFC00
0FFFFE00
0FFFFE00
0FFFFE00
1E000F00
1E000F00
3C000780
3C000780
3C000780
780003C0
780003C0
F80003E0
F00001E0
ENDCHAR
STARTCHAR acircumflexgrave
ENCODING 7847
SWIDTH 556 0
DWIDTH 23 0
BBX 19 38 2 0
BITMAP
07C000
03E000
01E000
00F000
007000
003800
000000
01F000
03F800
03B800
07BC00
0F1E00
1E0F00
000000
000000
03FC00
0FFF00
1FFF80
3E0F80
3C07C0
7C03C0
7803C0
1803C0
0003C0
000FC0
03FFC0
1FFFC0
3FF3C0
7F03C0
F803C0
F003C0
F003C0
F007C0
F80FC0
7C1FC0
7FFFC0
3FF3C0
0FC1E0
ENDCHAR
STARTCHAR Acircumflexhookabove
ENCODING 7848
SWIDTH 666 0
DWIDTH 28 0
BBX 27 38 0 0
BITMAP
003F8000
0001C000
00078000
00000000
001F8000
003FC000
00F0F000
00000000
000E0000
001F0000
001F0000
003F8000
003B8000
003B8000
007BC000
0071C000
00F1E000
00F0E000
00E0E000
01E0F000
01C07000
03C07800
03C07800
03803800
07803C00
07FFFC00
0FFFFE00
0FFFFE00
0FFFFE00
1E000F00
1E000F00
3C000780
3C000780
3C000780
780003C0
780003C0
F80003E0
F00001E0
ENDCHAR
STARTCHAR acircumflexhookabove
ENCODING 7849
SWIDTH 556 0
DWIDTH 23 0
BBX 19 38 2 0
BITMAP
03F800
03FE00
001E00
001E00
007C00
006000
000000
01F000
03F800
03B800
07BC00
0F1E00
1E0F00
000000
000000
03FC00
0FFF00
1FFF80
3E0F80
3C07C0
7C03C0
7803C0
1803C0
0003C0
000FC0
03FFC0
1FFFC0
3FF3C0
7F03C0
F803C0
F003C0
F003C0
F007C0
F80FC0
7C1FC0
7FFFC0
3FF3C0
0FC1E0
ENDCHAR
STARTCHAR Acircumflextilde
ENCODING 7850
SWIDTH 666 0
DWIDTH 28 0
BBX 27 38 0 0
BITMAP
00FC3000
01FFF000
0187E000
00000000
001F8000
003FC000
00F0F000
00000000
000E0000
001F0000
001F0000
003F8000
003B8000
003B8000
007BC000
0071C000
00F1E000
00F0E000
00E0E000
01E0F000
01C07000
03C07800
03C07800
03803800
07803C00
07FFFC00
0FFFFE00
0FFFFE00
0FFFFE00
1E000F00
1E000F00
3C000780
3C000780
3C000780
780003C0
780003C0
F80003E0
F00001E0
ENDCHAR
STARTCHAR acircumflextilde
ENCODING 7851
SWIDTH 556 0
DWIDTH 23 0
BBX 19 37 2 0
BITMAP
070700
1FC700
1FFF00
3CFE00
383C00
000000
01F000
03F800
03B800
07BC00
0F1E00
1E0F00
000000
000000
03FC00
0FFF00
1FFF80
3E0F80
3C07C0
7C03C0
7803C0
1803C0
0003C0
000FC0
03FFC0
1FFFC0
3FF3C0
7F03C0
F803C0
F003C0
F003C0
F007C0
F80FC0
7C1FC0
7FFFC0
3FF3C0
0FC1E0
ENDCHAR
STARTCHAR Acircumflexdotbelow
ENCODING 7852
SWIDTH 666 0
DWIDTH 28 0
BBX 27 40 0 -6
BITMAP
001F8000
003FC000
00F0F000
00000000
000E0000
001F0000
001F0000
003F8000
003B8000
003B8000
007BC000
0071C000
00F1E000
00F0E000
00E0E000
01E0F000
01C07000
03C07800
03C07800
03803800
07803C00
07FFFC00
0FFFFE00
0FFFFE00
0FFFFE00
1E000F00
1E000F00
3C000780
3C000780
3C000780
780003C0
780003C0
F80003E0
F00001E0
00000000
00000000
000F0000
000F0000
000F0000
000F0000
ENDCHAR
STARTCHAR acircumflexdotbelow
ENCODING 7853
SWIDTH 556 0
DWIDTH 23 0
BBX 19 37 2 -6
BITMAP
01F000
03F800
03B800
07BC00
0F1E00
1E0F00
000000
000000
03FC00
0FFF00
1FFF80
3E0F80
3C07C0
7C03C0
7803C0
1803C0
0003C0
000FC0
03FFC0
1FFFC0
3FF3C0
7F03C0
F803C0
F003C0
F003C0
F007C0
F80FC0
7C1FC0
7FFFC0
3FF3C0
0FC1E0
000000
000000
00F000
00F000
00F000
00F000
ENDCHAR
STARTCHAR Abreveacute
ENCODING 7854
SWIDTH 666 0
DWIDTH 28 0
BBX 27 38 0 0
BITMAP
0007C000
000F8000
001E0000
00000000
01C07000
00FFE000
003F8000
00000000
000E0000
001F0000
001F0000
003F8000
003B8000
003B8000
007BC000
0071C000
00F1E000
00F0E000
00E0E000
01E0F000
01C07000
03C07800
03C07800
03803800
07803C00
07FFFC00
0FFFFE00
0FFFFE00
0FFFFE00
1E000F00
1E000F00
3C000780
3C000780
3C000780
780003C0
780003C0
F80003E0
F00001E0
ENDCHAR
STARTCHAR abreveacute
ENCODING 7855
SWIDTH 556 0
DWIDTH 23 0
BBX 19 38 2 0
BITMAP
003E00
007C00
007800
00F000
00E000
01C000
000000
000000
0E0700
0F0F00
07FE00
03FE00
01F800
000000
000000
03FC00
0FFF00
1FFF80
3E0F80
3C07C0
7C03C0
7803C0
1803C0
0003C0
000FC0
03FFC0
1FFFC0
3FF3C0
7F03C0
F803C0
F003C0
F003C0
F007C0
F80FC0
7C1FC0
7FFFC0
3FF3C0
0FC1E0
ENDCHAR
STARTCHAR Abrevegrave
ENCODING 7856
SWIDTH 666 0
DWIDTH 28 0
BBX 27 38 0 0
BITMAP
007C0000
001E0000
000F0000
00000000
01C07000
00FFE000
003F8000
00000000
000E0000
001F0000
001F0000
003F8000
003B8000
003B8000
007BC000
0071C000
00F1E000
00F0E000
00E0E000
01E0F000
01C07000
03C07800
03C07800
03803800
07803C00
07FFFC00
0FFFFE00
0FFFFE00
0FFFFE00
1E000F00
1E000F00
3C000780
3C000780
3C000780
780003C0
780003C0
F80003E0
F00001E0
ENDCHAR
STARTCHAR abrevegrave
ENCODING 7857
SWIDTH 556 0
DWIDTH 23 0
BBX 19 38 2 0
BITMAP
07C000
03E000
01E000
00F000
007000
003800
000000
000000
0E0700
0F0F00
07FE00
03FE00
01F800
000000
000000
03FC00
0FFF00
1FFF80
3E0F80
3C07C0
7C03C0
7803C0
1803C0
0003C0
000FC0
03FFC0
1FFFC0
3FF3C0
7F03C0
F803C0
F003C0
F003C0
F007C0
F80FC0
7C1FC0
7FFFC0
3FF3C0
0FC1E0
ENDCHAR
STARTCHAR Abrevehookabove
ENCODING 7858
SWIDTH 666 0
DWIDTH 28 0
BBX 27 38 0 0
BITMAP
007F0000
00038000
000F0000
00000000
01C07000
00FFE000
003F8000
00000000
000E0000
001F0000
001F0000
003F8000
003B8000
003B8000
007BC000
0071C000
00F1E000
00F0E000
00E0E000
01E0F000
01C07000
03C07800
03C07800
03803800
07803C00
07FFFC00
0FFFFE00
0FFFFE00
0FFFFE00
1E000F00
1E000F00
3C000780
3C000780
3C000780
780003C0
780003C0
F80003E0
F00001E0
ENDCHAR
STARTCHAR abrevehookabove
ENCODING 7859
SWIDTH 556 0
DWIDTH 23 0
BBX 19 38 2 0
BITMAP
01F800
01FE00
001F00
001E00
003C00
003000
000000
000000
0E0700
0F0F00
07FE00
03FE00
01F800
000000
000000
03FC00
0FFF00
1FFF80
3E0F80
3C07C0
7C03C0
7803C0
1803C0
0003C0
000FC0
03FFC0
1FFFC0
3FF3C0
7F03C0
F803C0
F003C0
F003C0
F007C0
F80FC0
7C1FC0
7FFFC0
3FF3C0
0FC1E0
ENDCHAR
STARTCHAR Abrevetilde
ENCODING 7860
SWIDTH 666 0
DWIDTH 28 0
BBX 27 38 0 0
BITMAP
007C1800
01FFF000
0183E000
00000000
01C07000
00FFE000
003F8000
00000000
000E0000
001F0000
001F0000
003F8000
003B8000
003B8000
007BC000
0071C000
00F1E000
00F0E000
00E0E000
01E0F000
01C07000
03C07800
03C07800
03803800
07803C00
07FFFC00
0FFFFE00
0FFFFE00
0FFFFE00
1E000F00
1E000F00
3C000780
3C000780
3C000780
780003C0
780003C0
F80003E0
F00001E0
ENDCHAR
STARTCHAR abrevetilde
ENCODING 7861
SWIDTH 556 0
DWIDTH 23 0
BBX 19 37 2 0
BITMAP
078380
0FE380
0FFF80
1E7F00
1C1E00
000000
000000
0E0700
0F0F00
07FE00
03FE00
01F800
000000
000000
03FC00
0FFF00
1FFF80
3E0F80
3C07C0
7C03C0
7803C0
1803C0
0003C0
000FC0
03FFC0
1FFFC0
3FF3C0
7F03C0
F803C0
F003C0
F003C0
F007C0
F80FC0
7C1FC0
7FFFC0
3FF3C0
0FC1E0
ENDCHAR
STARTCHAR Abrevedotbelow
ENCODING 7862
SWIDTH 666 0
DWIDTH 28 0
BBX 27 40 0 -6
BITMAP
01C07000
00FFE000
003F8000
00000000
000E0000
001F0000
001F0000
003F8000
003B8000
003B8000
007BC000
0071C000
00F1E000
00F0E000
00E0E000
01E0F000
01C07000
03C07800
03C07800
03803800
07803C00
07FFFC00
0FFFFE00
0FFFFE00
0FFFFE00
1E000F00
1E000F00
3C000780
3C000780
3C000780
780003C0
780003C0
F80003E0
F00001E0
00000000
00000000
000F0000
000F0000
000F0000
000F0000
ENDCHAR
STARTCHAR abrevedotbelow
ENCODING 7863
SWIDTH 556 0
DWIDTH 23 0
BBX 19 36 2 -6
BITMAP
0E0700
0F0F00
07FE00
03FE00
01F800
000000
000000
03FC00
0FFF00
1FFF80
3E0F80
3C07C0
7C03C0
7803C0
1803C0
0003C0
000FC0
03FFC0
1FFFC0
3FF3C0
7F03C0
F803C0
F003C0
F003C0
F007C0
F80FC0
7C1FC0
7FFFC0
3FF3C0
0FC1E0
000000
000000
00F000
00F000
00F000
00F000
ENDCHAR
STARTCHAR Edotbelow
ENCODING 7864
SWIDTH 666 0
DWIDTH 28 0
BBX 23 36 3 -6
BITMAP
FFFFFC
FFFFFC
FFFFFC
FFFFFC
F00000
F00000
F00000
F00000
F00000
F00000
F00000
F00000
FFFFF8
FFFFF8
FFFFF8
FFFFF8
F00000
F00000
F00000
F00000
F00000
F00000
F00000
F00000
F00000
F00000
FFFFFE
FFFFFE
FFFFFE
FFFFFE
000000
000000
003C00
003C00
003C00
003C00
ENDCHAR
STARTCHAR edotbelow
ENCODING 7865
SWIDTH 556 0
DWIDTH 23 0
BBX 19 29 2 -6
BITMAP
03F800
0FFE00
1FFF00
3E0F80
3C07C0
7803C0
7803C0
F001E0
F001E0
FFFFE0
FFFFE0
FFFFE0
F00000
F00000
F00000
F80080
7801E0
7C01C0
3C03C0
3F0F80
1FFF00
0FFE00
03F800
000000
000000
01E000
01E000
01E000
01E000
ENDCHAR
STARTCHAR Ehookabove
ENCODING 7866
SWIDTH 666 0
DWIDTH 28 0
BBX 23 38 3 0
BITMAP
01FC00
01FE00
000F00
000F00
003C00
003000
000000
000000
FFFFFC
FFFFFC
FFFFFC
FFFFFC
F00000
F00000
F00000
F00000
F00000
F00000
F00000
F00000
FFFFF8
FFFFF8
FFFFF8
FFFFF8
F00000
F00000
F00000
F00000
F00000
F00000
F00000
F00000
F00000
F00000
FFFFFE
FFFFFE
FFFFFE
FFFFFE
ENDCHAR
STARTCHAR ehookabove
ENCODING 7867
SWIDTH 556 0
DWIDTH 23 0
BBX 19 32 2 0
BITMAP
03F000
03FC00
003E00
001E00
003C00
007800
006000
000000
000000
03F800
0FFE00
1FFF00
3E0F80
3C07C0
7803C0
7803C0
F001E0
F001E0
FFFFE0
FFFFE0
FFFFE0
F00000
F00000
F00000
F80080
7801E0
7C01C0
3C03C0
3F0F80
1FFF00
0FFE00
03F800
ENDCHAR
STARTCHAR Etilde
ENCODING 7868
SWIDTH 666 0
DWIDTH 28 0
BBX 23 38 3 0
BITMAP
01E1C0
03F3C0
07FFC0
07FF80
073F80
070F00
000000
000000
FFFFFC
FFFFFC
FFFFFC
FFFFFC
F00000
F00000
F00000
F00000
F00000
F00000
F00000
F00000
FFFFF8
FFFFF8
FFFFF8
FFFFF8
F00000
F00000
F00000
F00000
F00000
F00000
F00000
F00000
F00000
F00000
FFFFFE
FFFFFE
FFFFFE
FFFFFE
ENDCHAR
STARTCHAR etilde
ENCODING 7869
SWIDTH 556 0
DWIDTH 23 0
BBX 19 31 2 0
BITMAP
078700
0FC700
0FFF00
1FFE00
1CFE00
1C3C00
000000
000000
03F800
0FFE00
1FFF00
3E0F80
3C07C0
7803C0
7803C0
F001E0
F001E0
FFFFE0
FFFFE0
FFFFE0
F00000
F00000
F00000
F80080
7801E0
7C01C0
3C03C0
3F0F80
1FFF00
0FFE00
03F800
ENDCHAR
STARTCHAR Ecircumflexacute
ENCODING 7870
SWIDTH 666 0
DWIDTH 28 0
BBX 23 38 3 0
BITMAP
001F00
003E00
007800
000000
007C00
01EF00
03C780
000000
FFFFFC
FFFFFC
FFFFFC
FFFFFC
F00000
F00000
F00000
F00000
F00000
F00000
F00000
F00000
FFFFF8
FFFFF8
FFFFF8
FFFFF8
F00000
F00000
F00000
F00000
F00000
F00000
F00000
F00000
F00000
F00000
FFFFFE
FFFFFE
FFFFFE
FFFFFE
ENDCHAR
STARTCHAR ecircumflexacute
ENCODING 7871
SWIDTH 556 0
DWIDTH 23 0
BBX 19 38 2 0
BITMAP
001F00
003E00
003C00
007800
007000
00E000
000000
01F000
03F800
03B800
079C00
0F1E00
1E0F00
000000
000000
03F800
0FFE00
1FFF00
3E0F80
3C07C0
7803C0
7803C0
F001E0
F001E0
FFFFE0
FFFFE0
FFFFE0
F00000
F00000
F00000
F80080
7801E0
7C01C0
3C03C0
3F0F80
1FFF00
0FFE00
03F800
ENDCHAR
STARTCHAR Ecircumflexgrave
ENCODING 7872
SWIDTH 666 0
DWIDTH 28 0
BBX 23 38 3 0
BITMAP
01F000
007800
003C00
000000
007C00
01EF00
03C780
000000
FFFFFC
FFFFFC
FFFFFC
FFFFFC
F00000
F00000
F00000
F00000
F00000
F00000
F00000
F00000
FFFFF8
FFFFF8
FFFFF8
FFFFF8
F00000
F00000
F00000
F00000
F00000
F00000
F00000
F00000
F00000
F00000
FFFFFE
FFFFFE
FFFFFE
FFFFFE
ENDCHAR
STARTCHAR ecircumflexgrave
ENCODING 7873
SWIDTH 556 0
DWIDTH 23 0
BBX 19 38 2 0
BITMAP
07C000
03E000
01E000
00F000
007000
003800
000000
01F000
03F800
03B800
079C00
0F1E00
1E0F00
000000
000000
03F800
0FFE00
1FFF00
3E0F80
3C07C0
7803C0
7803C0
F001E0
F001E0
FFFFE0
FFFFE0
FFFFE0
F00000
F00000
F00000
F80080
7801E0
7C01C0
3C03C0
3F0F80
1FFF00
0FFE00
03F800
ENDCHAR
STARTCHAR Ecircumflexhookabove
ENCODING 7874
SWIDTH 666 0
DWIDTH 28 0
BBX 23 38 3 0
BITMAP
00FC00
000E00
001E00
000000
007C00
01EF00
03C780
000000
FFFFFC
FFFFFC
FFFFFC
FFFFFC
F00000
F00000
F00000
F00000
F00000
F00000
F00000
F00000
FFFFF8
FFFFF8
FFFFF8
FFFFF8
F00000
F00000
F00000
F00000
F00000
F00000
F00000
F00000
F00000
F00000
FFFFFE
FFFFFE
FFFFFE
FFFFFE
ENDCHAR
STARTCHAR ecircumflexhookabove
ENCODING 7875
SWIDTH 556 0
DWIDTH 23 0
BBX 19 38 2 0
BITMAP
03F800
03FE00
001E00
001E00
007C00
006000
000000
01F000
03F800
03B800
079C00
0F1E00
1E0F00
000000
000000
03F800
0FFE00
1FFF00
3E0F80
3C07C0
7803C0
7803C0
F001E0
F001E0
FFFFE0
FFFFE0
FFFFE0
F00000
F00000
F00000
F80080
7801E0
7C01C0
3C03C0
3F0F80
1FFF00
0FFE00
03F800
ENDCHAR
STARTCHAR Ecircumflextilde
ENCODING 7876
SWIDTH 666 0
DWIDTH 28 0
BBX 23 38 3 0
BITMAP
01F060
07FFC0
060F80
000000
007C00
01EF00
03C780
000000
FFFFFC
FFFFFC
FFFFFC
FFFFFC
F00000
F00000
F00000
F00000
F00000
F00000
F00000
F00000
FFFFF8
FFFFF8
FFFFF8
FFFFF8
F00000
F00000
F00000
F00000
F00000
F00000
F00000
F00000
F00000
F00000
FFFFFE
FFFFFE
FFFFFE
FFFFFE
ENDCHAR
STARTCHAR ecircumflextilde
ENCODING 7877
SWIDTH 556 0
DWIDTH 23 0
BBX 19 37 2 0
BITMAP
070700
1FC700
1FFF00
3CFE00
383C00
000000
01F000
03F800
03B800
079C00
0F1E00
1E0F00
000000
000000
03F800
0FFE00
1FFF00
3E0F80
3C07C0
7803C0
7803C0
F001E0
F001E0
FFFFE0
FFFFE0
FFFFE0
F00000
F00000
F00000
F80080
7801E0
7C01C0
3C03C0
3F0F80
1FFF00
0FFE00
03F800
ENDCHAR
STARTCHAR Ecircumflexdotbelow
ENCODING 7878
SWIDTH 666 0
DWIDTH 28 0
BBX 23 40 3 -6
BITMAP
007C00
01EF00
03C780
000000
FFFFFC
FFFFFC
FFFFFC
FFFFFC
F00000
F00000
F00000
F00000
F00000
F00000
F00000
F00000
FFFFF8
FFFFF8
FFFFF8
FFFFF8
F00000
F00000
F00000
F00000
F00000
F00000
F00000
F00000
F00000
F00000
FFFFFE
FFFFFE
FFFFFE
FFFFFE
000000
000000
003C00
003C00
003C00
003C00
ENDCHAR
STARTCHAR ecircumflexdotbelow
ENCODING 7879
SWIDTH 556 0
DWIDTH 23 0
BBX 19 37 2 -6
BITMAP
01F000
03F800
03B800
079C00
0F1E00
1E0F00
000000
000000
03F800
0FFE00
1FFF00
3E0F80
3C07C0
7803C0
7803C0
F001E0
F001E0
FFFFE0
FFFFE0
FFFFE0
F00000
F00000
F00000
F80080
7801E0
7C01C0
3C03C0
3F0F80
1FFF00
0FFE00
03F800
000000
000000
01E000
01E000
01E000
01E000
ENDCHAR
STARTCHAR Ihookabove
ENCODING 7880
SWIDTH 277 0
DWIDTH 12 0
BBX 9 38 2 0
BITMAP
FC00
FF00
0F80
0F00
1E00
1800
0000
0000
3C00
3C00
3C00
3C00
3C00
3C00
3C00
3C00
3C00
3C00
3C00
3C00
3C00
3C00
3C00
3C00
3C00
3C00
3C00
3C00
3C00
3C00
3C00
3C00
3C00
3C00
3C00
3C00
3C00
3C00
ENDCHAR
STARTCHAR ihookabove
ENCODING 7881
SWIDTH 222 0
DWIDTH 10 0
BBX 9 32 1 0
BITMAP
FC00
FF00
0F80
0780
0780
1E00
1800
0000
0000
0000
3C00
3C00
3C00
3C00
3C00
3C00
3C00
3C00
3C00
3C00
3C00
3C00
3C00
3C00
3C00
3C00
3C00
3C00
3C00
3C00
3C00
3C00
ENDCHAR
STARTCHAR Idotbelow
ENCODING 7882
SWIDTH 277 0
DWIDTH 12 0
BBX 4 36 4 -6
BITMAP
F0
F0
F0
F0
F0
F0
F0
F0
F0
F0
F0
F0
F0
F0
F0
F0
F0
F0
F0
F0
F0
F0
F0
F0
F0
F0
F0
F0
F0
F0
00
00
F0
F0
F0
F0
ENDCHAR
STARTCHAR idotbelow
ENCODING 7883
SWIDTH 222 0
DWIDTH 10 0
BBX 5 36 3 -6
BITMAP
F0
F0
F0
F0
00
00
00
00
F0
F0
F0
F0
F0
F0
F0
F0
F0
F0
F0
F0
F0
F0
F0
F0
F0
F0
F0
F0
F0
F0
00
00
78
78
78
78
ENDCHAR
STARTCHAR Odotbelow
ENCODING 7884
SWIDTH 777 0
DWIDTH 33 0
BBX 29 36 2 -6
BITMAP
003FE000
00FFF800
03FFFE00
07FFFF00
0FE03F80
1F800FC0
3E0003E0
3C0001E0
7C0001F0
780000F0
780000F0
F0000078
F0000078
F0000078
F0000078
F0000078
F0000078
F0000078
F0000078
780000F0
780000F0
7C0001F0
3C0001E0
3E0003E0
1F800FC0
0FE03F80
07FFFF00
03FFFE00
00FFF800
003FC000
00000000
00000000
000F0000
000F0000
000F0000
000F0000
ENDCHAR
STARTCHAR odotbelow
ENCODING 7885
SWIDTH 556 0
DWIDTH 23 0
BBX 19 29 2 -6
BITMAP
03F800
0FFE00
1FFF00
3E0F80
3C0780
7803C0
7803C0
F001E0
F001E0
F001E0
F001E0
F001E0
F001E0
F001E0
F001E0
F003E0
7803C0
7803C0
3C0780
3E0F80
1FFF00
0FFE00
03F800
000000
000000
00F000
00F000
00F000
00F000
ENDCHAR
STARTCHAR Ohookabove
ENCODING 7886
SWIDTH 777 0
DWIDTH 33 0
BBX 29 38 2 0
BITMAP
001FC000
001FF000
0000F000
0000F000
0003C000
00030000
00000000
00000000
003FE000
00FFF800
03FFFE00
07FFFF00
0FE03F80
1F800FC0
3E0003E0
3C0001E0
7C0001F0
780000F0
780000F0
F0000078
F0000078
F0000078
F0000078
F0000078
F0000078
F0000078
F0000078
780000F0
780000F0
7C0001F0
3C0001E0
3E0003E0
1F800FC0
0FE03F80
07FFFF00
03FFFE00
00FFF800
003FC000
ENDCHAR
STARTCHAR ohookabove
ENCODING 7887
SWIDTH 556 0
DWIDTH 23 0
BBX 19 32 2 0
BITMAP
03F000
03FC00
003E00
001E00
003C00
007800
006000
000000
000000
03F800
0FFE00
1FFF00
3E0F80
3C0780
7803C0
7803C0
F001E0
F001E0
F001E0
F001E0
F001E0
F001E0
F001E0
F001E0
F003E0
7803C0
7803C0
3C0780
3E0F80
1FFF00
0FFE00
03F800
ENDCHAR
STARTCHAR Ocircumflexacute
ENCODING 7888
SWIDTH 777 0
DWIDTH 33 0
BBX 29 38 2 0
BITMAP
0003E000
0007C000
000F0000
00000000
000F8000
001FE000
00787800
00000000
003FE000
00FFF800
03FFFE00
07FFFF00
0FE03F80
1F800FC0
3E0003E0
3C0001E0
7C0001F0
780000F0
780000F0
F0000078
F0000078
F0000078
F0000078
F0000078
F0000078
F0000078
F0000078
780000F0
780000F0
7C0001F0
3C0001E0
3E0003E0
1F800FC0
0FE03F80
07FFFF00
03FFFE00
00FFF800
003FC000
ENDCHAR
STARTCHAR ocircumflexacute
ENCODING 7889
SWIDTH 556 0
DWIDTH 23 0
BBX 19 38 2 0
BITMAP
001F00
003E00
003C00
007800
007000
00E000
000000
01F000
03F800
03B800
079C00
0F1E00
1E0F00
000000
000000
03F800
0FFE00
1FFF00
3E0F80
3C0780
7803C0
7803C0
F001E0
F001E0
F001E0
F001E0
F001E0
F001E0
F001E0
F001E0
F003E0
7803C0
7803C0
3C0780
3E0F80
1FFF00
0FFE00
03F800
ENDCHAR
STARTCHAR Ocircumflexgrave
ENCODING 7890
SWIDTH 777 0
DWIDTH 33 0
BBX 29 38 2 0
BITMAP
001F0000
00078000
0003C000
00000000
000F8000
001FE000
00787800
00000000
003FE000
00FFF800
03FFFE00
07FFFF00
0FE03F80
1F800FC0
3E0003E0
3C0001E0
7C0001F0
780000F0
780000F0
F0000078
F0000078
F0000078
F0000078
F0000078
F0000078
F0000078
F0000078
780000F0
780000F0
7C0001F0
3C0001E0
3E0003E0
1F800FC0
0FE03F80
07FFFF00
03FFFE00
00FFF800
003FC000
ENDCHAR
STARTCHAR ocircumflexgrave
ENCODING 7891
SWIDTH 556 0
DWIDTH 23 0
BBX 19 38 2 0
BITMAP
07C000
03E000
01E000
00F000
007000
003800
000000
01F000
03F800
03B800
079C00
0F1E00
1E0F00
000000
000000
03F800
0FFE00
1FFF00
3E0F80
3C0780
7803C0
7803C0
F001E0
F001E0
F001E0
F001E0
F001E0
F001E0
F001E0
F001E0
F003E0
7803C0
7803C0
3C0780
3E0F80
1FFF00
0FFE00
03F800
ENDCHAR
STARTCHAR Ocircumflexhookabove
ENCODING 7892
SWIDTH 777 0
DWIDTH 33 0
BBX 29 38 2 0
BITMAP
001FC000
0000E000
0003C000
00000000
000F8000
001FE000
00787800
00000000
003FE000
00FFF800
03FFFE00
07FFFF00
0FE03F80
1F800FC0
3E0003E0
3C0001E0
7C0001F0
780000F0
780000F0
F0000078
F0000078
F0000078
F0000078
F0000078
F0000078
F0000078
F0000078
780000F0
780000F0
7C0001F0
3C0001E0
3E0003E0
1F800FC0
0FE03F80
07FFFF00
03FFFE00
00FFF800
003FC000
ENDCHAR
STARTCHAR ocircumflexhookabove
ENCODING 7893
SWIDTH 556 0
DWIDTH 23 0
BBX 19 38 2 0
BITMAP
03F800
03FE00
001E00
001E00
007C00
006000
000000
01F000
03F800
03B800
079C00
0F1E00
1E0F00
000000
000000
03F800
0FFE00
1FFF00
3E0F80
3C0780
7803C0
7803C0
F001E0
F001E0
F001E0
F001E0
F001E0
F001E0
F001E0
F001E0
F003E0
7803C0
7803C0
3C0780
3E0F80
1FFF00
0FFE00
03F800
ENDCHAR
STARTCHAR Ocircumflextilde
ENCODING 7894
SWIDTH 777 0
DWIDTH 33 0
BBX 29 38 2 0
BITMAP
003F0C00
007FFC00
00E1F800
00000000
000F8000
001FE000
00787800
00000000
003FE000
00FFF800
03FFFE00
07FFFF00
0FE03F80
1F800FC0
3E0003E0
3C0001E0
7C0001F0
780000F0
780000F0
F0000078
F0000078
F0000078
F0000078
F0000078
F0000078
F0000078
F0000078
780000F0
780000F0
7C0001F0
3C0001E0
3E0003E0
1F800FC0
0FE03F80
07FFFF00
03FFFE00
00FFF800
003FC000
ENDCHAR
STARTCHAR ocircumflextilde
ENCODING 7895
SWIDTH 556 0
DWIDTH 23 0
BBX 19 37 2 0
BITMAP
070700
1FC700
1FFF00
3CFE00
383C00
000000
01F000
03F800
03B800
079C00
0F1E00
1E0F00
000000
000000
03F800
0FFE00
1FFF00
3E0F80
3C0780
7803C0
7803C0
F001E0
F001E0
F001E0
F001E0
F001E0
F001E0
F001E0
F001E0
F003E0
7803C0
7803C0
3C0780
3E0F80
1FFF00
0FFE00
03F800
ENDCHAR
STARTCHAR Ocircumflexdotbelow
ENCODING 7896
SWIDTH 777 0
DWIDTH 33 0
BBX 29 40 2 -6
BITMAP
000F8000
001FE000
00787800
00000000
003FE000
00FFF800
03FFFE00
07FFFF00
0FE03F80
1F800FC0
3E0003E0
3C0001E0
7C0001F0
780000F0
780000F0
F0000078
F0000078
F0000078
F0000078
F0000078
F0000078
F0000078
F0000078
780000F0
780000F0
7C0001F0
3C0001E0
3E0003E0
1F800FC0
0FE03F80
07FFFF00
03FFFE00
00FFF800
003FC000
00000000
00000000
000F0000
000F0000
000F0000
000F0000
ENDCHAR
STARTCHAR ocircumflexdotbelow
ENCODING 7897
SWIDTH 556 0
DWIDTH 23 0
BBX 19 37 2 -6
BITMAP
01F000
03F800
03B800
079C00
0F1E00
1E0F00
000000
000000
03F800
0FFE00
1FFF00
3E0F80
3C0780
7803C0
7803C0
F001E0
F001E0
F001E0
F001E0
F001E0
F001E0
F001E0
F001E0
F003E0
7803C0
7803C0
3C0780
3E0F80
1FFF00
0FFE00
03F800
000000
000000
00F000
00F000
00F000
00F000
ENDCHAR
STARTCHAR Ohornacute
ENCODING 7898
SWIDTH 857 0
DWIDTH 36 0
BBX 33 38 2 0
BITMAP
0001F00000
0003E00000
0003C00000
0007800000
0007000000
000E000000
0000000000
0000000000
003FC00780
00FFF80780
03FFFE0780
07FFFF0780
0FE03F8180
1F800FC180
3E0003E180
3C0001E300
7C0001F700
780000FE00
780000F800
F000007800
F000007800
F000007800
F000007800
F000007800
F000007800
F000007800
F000007800
780000F800
780000F000
7C0001F000
3C0001E000
3E0003E000
1F800FC000
0FE03F8000
07FFFF0000
03FFFE0000
00FFF80000
003FE00000
ENDCHAR
STARTCHAR ohornacute
ENCODING 7899
SWIDTH 655 0
DWIDTH 28 0
BBX 25 31 2 0
BITMAP
001F0000
003E0000
003C0000
00780000
00700000
00E00000
00000000
00000000
01F80780
07FE0780
1FFF8780
3F0FC180
3C03C180
7801E180
7801E380
F801F700
F000FE00
F000FC00
F000F800
F000F000
F000F000
F000F000
F000F000
F801F000
7801E000
7801E000
3C03C000
3F0FC000
1FFF8000
0FFF0000
03F80000
ENDCHAR
STARTCHAR Ohorngrave
ENCODING 7900
SWIDTH 857 0
DWIDTH 36 0
BBX 33 38 2 0
BITMAP
007C000000
003E000000
001E000000
000F000000
0007000000
0003800000
0000000000
0000000000
003FC00780
00FFF80780
03FFFE0780
07FFFF0780
0FE03F8180
1F800FC180
3E0003E180
3C0001E300
7C0001F700
780000FE00
780000F800
F000007800
F000007800
F000007800
F000007800
F000007800
F000007800
F000007800
F000007800
780000F800
780000F000
7C0001F000
3C0001E000
3E0003E000
1F800FC000
0FE03F8000
07FFFF0000
03FFFE0000
00FFF80000
003FE00000
ENDCHAR
STARTCHAR ohorngrave
ENCODING 7901
SWIDTH 655 0
DWIDTH 28 0
BBX 25 31 2 0
BITMAP
07C00000
03E00000
01E00000
00F00000
00700000
00380000
00000000
00000000
01F80780
07FE0780
1FFF8780
3F0FC180
3C03C180
7801E180
7801E380
F801F700
F000FE00
F000FC00
F000F800
F000F000
F000F000
F000F000
F000F000
F801F000
7801E000
7801E000
3C03C000
3F0FC000
1FFF8000
0FFF0000
03F80000
ENDCHAR
STARTCHAR Ohornhookabove
ENCODING 7902
SWIDTH 857 0
DWIDTH 36 0
BBX 33 39 2 0
BITMAP
001FC00000
001FF00000
0000F00000
0000F00000
0003C00000
0003000000
0000000000
0000000000
0000000000
003FC00780
00FFF80780
03FFFE0780
07FFFF0780
0FE03F8180
1F800FC180
3E0003E180
3C0001E300
7C0001F700
780000FE00
780000F800
F000007800
F000007800
F000007800
F000007800
F000007800
F000007800
F000007800
F000007800
780000F800
780000F000
7C0001F000
3C0001E000
3E0003E000
1F800FC000
0FE03F8000
07FFFF0000
03FFFE0000
00FFF80000
003FE00000
ENDCHAR
STARTCHAR ohornhookabove
ENCODING 7903
SWIDTH 655 0
DWIDTH 28 0
BBX 25 32 2 0
BITMAP
01F80000
01FE0000
001F0000
000F0000
001E0000
003C0000
00300000
00000000
00000000
01F80780
07FE0780
1FFF8780
3F0FC180
3C03C180
7801E180
7801E380
F801F700
F000FE00
F000FC00
F000F800
F000F000
F000F000
F000F000
F000F000
F801F000
7801E000
7801E000
3C03C000
3F0FC000
1FFF8000
0FFF0000
03F80000
ENDCHAR
STARTCHAR Ohorntilde
ENCODING 7904
SWIDTH 857 0
DWIDTH 36 0
BBX 33 38 2 0
BITMAP
001C380000
003F380000
007FF80000
007FF80000
00F3F00000
00E0E00000
0000000000
0000000000
003FC00780
00FFF80780
03FFFE0780
07FFFF0780
0FE03F8180
1F800FC180
3E0003E180
3C0001E300
7C0001F700
780000FE00
780000F800
F000007800
F000007800
F000007800
F000007800
F000007800
F000007800
F000007800
F000007800
780000F800
780000F000
7C0001F000
3C0001E000
3E0003E000
1F800FC000
0FE03F8000
07FFFF0000
03FFFE0000
00FFF80000
003FE00000
ENDCHAR
STARTCHAR ohorntilde
ENCODING 7905
SWIDTH 655 0
DWIDTH 28 0
BBX 25 31 2 0
BITMAP
03838000
07E70000
0FFF0000
0FFF0000
0E7E0000
0E1C0000
00000000
00000000
01F80780
07FE0780
1FFF8780
3F0FC180
3C03C180
7801E180
7801E380
F801F700
F000FE00
F000FC00
F000F800
F000F000
F000F000
F000F000
F000F000
F801F000
7801E000
7801E000
3C03C000
3F0FC000
1FFF8000
0FFF0000
03F80000
ENDCHAR
STARTCHAR Ohorndotbelow
ENCODING 7906
SWIDTH 857 0
DWIDTH 36 0
BBX 33 36 2 -6
BITMAP
003FC00780
00FFF80780
03FFFE0780
07FFFF0780
0FE03F8180
1F800FC180
3E0003E180
3C0001E300
7C0001F700
780000FE00
780000F800
F000007800
F000007800
F000007800
F000007800
F000007800
F000007800
F000007800
F000007800
780000F800
780000F000
7C0001F000
3C0001E000
3E0003E000
1F800FC000
0FE03F8000
07FFFF0000
03FFFE0000
00FFF80000
003FE00000
0000000000
0000000000
000F000000
000F000000
000F000000
000F000000
ENDCHAR
STARTCHAR ohorndotbelow
ENCODING 7907
SWIDTH 655 0
DWIDTH 28 0
BBX 25 29 2 -6
BITMAP
01F80780
07FE0780
1FFF8780
3F0FC180
3C03C180
7801E180
7801E380
F801F700
F000FE00
F000FC00
F000F800
F000F000
F000F000
F000F000
F000F000
F801F000
7801E000
7801E000
3C03C000
3F0FC000
1FFF8000
0FFF0000
03F80000
00000000
00000000
00780000
00780000
00780000
00780000
ENDCHAR
STARTCHAR Udotbelow
ENCODING 7908
SWIDTH 722 0
DWIDTH 30 0
BBX 24 36 3 -6
BITMAP
F0000F
F0000F
F0000F
F0000F
F0000F
F0000F
F0000F
F0000F
F0000F
F0000F
F0000F
F0000F
F0000F
F0000F
F0000F
F0000F
F0000F
F0000F
F0000F
F0000F
F0000F
F0001F
78001E
78001E
7C003E
3F00FC
3FFFF8
1FFFF0
07FFE0
00FF80
000000
000000
003C00
003C00
003C00
003C00
ENDCHAR
STARTCHAR udotbelow
ENCODING 7909
SWIDTH 556 0
DWIDTH 23 0
BBX 17 28 3 -6
BITMAP
F00780
F00780
F00780
F00780
F00780
F00780
F00780
F00780
F00780
F00780
F00780
F00780
F00780
F00780
F00780
F00780
F00F80
F81F80
7C3F80
7FF780
3FE780
0F8780
000000
000000
01E000
01E000
01E000
01E000
ENDCHAR
STARTCHAR Uhookabove
ENCODING 7910
SWIDTH 722 0
DWIDTH 30 0
BBX 24 38 3 0
BITMAP
00FC00
00FF00
000F00
000F00
001E00
001800
000000
000000
F0000F
F0000F
F0000F
F0000F
F0000F
F0000F
F0000F
F0000F
F0000F
F0000F
F0000F
F0000F
F0000F
F0000F
F0000F
F0000F
F0000F
F0000F
F0000F
F0000F
F0000F
F0001F
78001E
78001E
7C003E
3F00FC
3FFFF8
1FFFF0
07FFE0
00FF80
ENDCHAR
STARTCHAR uhookabove
ENCODING 7911
SWIDTH 556 0
DWIDTH 23 0
BBX 17 32 3 0
BITMAP
0FE000
0FF800
007800
007800
007800
01E000
018000
000000
000000
000000
F00780
F00780
F00780
F00780
F00780
F00780
F00780
F00780
F00780
F00780
F00780
F00780
F00780
F00780
F00780
F00780
F00F80
F81F80
7C3F80
7FF780
3FE780
0F8780
ENDCHAR
STARTCHAR Uhornacute
ENCODING 7912
SWIDTH 854 0
DWIDTH 36 0
BBX 31 38 3 0
BITMAP
000F8000
001F0000
001E0000
003C0000
00380000
00700000
00000000
00000000
F0000F1E
F0000F1E
F0000F1E
F0000F06
F0000F06
F0000F06
F0000F0C
F0000F1C
F0000FF8
F0000FE0
F0000F00
F0000F00
F0000F00
F0000F00
F0000F00
F0000F00
F0000F00
F0000F00
F0000F00
F0000F00
F0000F00
F8001F00
78001E00
78001E00
7C003E00
3F00FC00
3FFFF800
1FFFF000
07FFE000
00FF0000
ENDCHAR
STARTCHAR uhornacute
ENCODING 7913
SWIDTH 669 0
DWIDTH 28 0
BBX 24 32 3 -1
BITMAP
007C00
00F800
00F000
01E000
01C000
038000
000000
000000
000000
F0078F
F0078F
F0078F
F00783
F00783
F00783
F00787
F00786
F0079C
F007F8
F007E0
F00780
F00780
F00780
F00780
F00780
F00780
F00F80
F81F80
7C3F80
7FF780
3FE780
0F8000
ENDCHAR
STARTCHAR Uhorngrave
ENCODING 7914
SWIDTH 854 0
DWIDTH 36 0
BBX 31 38 3 0
BITMAP
01F00000
00F80000
00780000
003C0000
001C0000
000E0000
00000000
00000000
F0000F1E
F0000F1E
F0000F1E
F0000F06
F0000F06
F0000F06
F0000F0C
F0000F1C
F0000FF8
F0000FE0
F0000F00
F0000F00
F0000F00
F0000F00
F0000F00
F0000F00
F0000F00
F0000F00
F0000F00
F0000F00
F0000F00
F8001F00
78001E00
78001E00
7C003E00
3F00FC00
3FFFF800
1FFFF000
07FFE000
00FF0000
ENDCHAR
STARTCHAR uhorngrave
ENCODING 7915
SWIDTH 669 0
DWIDTH 28 0
BBX 24 32 3 -1
BITMAP
1F0000
0F8000
078000
03C000
01C000
00E000
000000
000000
000000
F0078F
F0078F
F0078F
F00783
F00783
F00783
F00787
F00786
F0079C
F007F8
F007E0
F00780
F00780
F00780
F00780
F00780
F00780
F00F80
F81F80
7C3F80
7FF780
3FE780
0F8000
ENDCHAR
STARTCHAR Uhornhookabove
ENCODING 7916
SWIDTH 854 0
DWIDTH 36 0
BBX 31 38 3 0
BITMAP
00FC0000
00FF0000
000F0000
000F0000
001E0000
00180000
00000000
00000000
F0000F1E
F0000F1E
F0000F1E
F0000F06
F0000F06
F0000F06
F0000F0C
F0000F1C
F0000FF8
F0000FE0
F0000F00
F0000F00
F0000F00
F0000F00
F0000F00
F0000F00
F0000F00
F0000F00
F0000F00
F0000F00
F0000F00
F8001F00
78001E00
78001E00
7C003E00
3F00FC00
3FFFF800
1FFFF000
07FFE000
00FF0000
ENDCHAR
STARTCHAR uhornhookabove
ENCODING 7917
SWIDTH 669 0
DWIDTH 28 0
BBX 24 33 3 -1
BITMAP
0FC000
0FF000
00F800
007800
007800
01E000
018000
000000
000000
000000
F0078F
F0078F
F0078F
F00783
F00783
F00783
F00787
F00786
F0079C
F007F8
F007E0
F00780
F00780
F00780
F00780
F00780
F00780
F00F80
F81F80
7C3F80
7FF780
3FE780
0F8000
ENDCHAR
STARTCHAR Uhorntilde
ENCODING 7918
SWIDTH 854 0
DWIDTH 36 0
BBX 31 38 3 0
BITMAP
00E1C000
01F9C000
03FFC000
03FFC000
079F8000
07070000
00000000
00000000
F0000F1E
F0000F1E
F0000F1E
F0000F06
F0000F06
F0000F06
F0000F0C
F0000F1C
F0000FF8
F0000FE0
F0000F00
F0000F00
F0000F00
F0000F00
F0000F00
F0000F00
F0000F00
F0000F00
F0000F00
F0000F00
F0000F00
F8001F00
78001E00
78001E00
7C003E00
3F00FC00
3FFFF800
1FFFF000
07FFE000
00FF0000
ENDCHAR
STARTCHAR uhorntilde
ENCODING 7919
SWIDTH 669 0
DWIDTH 28 0
BBX 24 32 3 -1
BITMAP
078700
0FCF00
1FFE00
1FFE00
1CFE00
1C3C00
000000
000000
000000
F0078F
F0078F
F0078F
F00783
F00783
F00783
F00787
F00786
F0079C
F007F8
F007E0
F00780
F00780
F00780
F00780
F00780
F00780
F00F80
F81F80
7C3F80
7FF780
3FE780
0F8000
ENDCHAR
STARTCHAR Uhorndotbelow
ENCODING 7920
SWIDTH 854 0
DWIDTH 36 0
BBX 31 36 3 -6
BITMAP
F0000F1E
F0000F1E
F0000F1E
F0000F06
F0000F06
F0000F06
F0000F0C
F0000F1C
F0000FF8
F0000FE0
F0000F00
F0000F00
F0000F00
F0000F00
F0000F00
F0000F00
F0000F00
F0000F00
F0000F00
F0000F00
F0000F00
F8001F00
78001E00
78001E00
7C003E00
3F00FC00
3FFFF800
1FFFF000
07FFE000
00FF0000
00000000
00000000
003C0000
003C0000
003C0000
003C0000
ENDCHAR
STARTCHAR uhorndotbelow
ENCODING 7921
SWIDTH 669 0
DWIDTH 28 0
BBX 24 28 3 -6
BITMAP
F0078F
F0078F
F0078F
F00783
F00783
F00783
F00787
F00786
F0079C
F007F8
F007E0
F00780
F00780
F00780
F00780
F00780
F00780
F00F80
F81F80
7C3F80
7FF780
3FE780
0F8000
000000
01E000
01E000
01E000
01E000
ENDCHAR
STARTCHAR Ygrave
ENCODING 7922
SWIDTH 666 0
DWIDTH 28 0
BBX 28 38 0 0
BITMAP
003E0000
001F0000
000F0000
00078000
00038000
0001C000
00000000
00000000
F80001F0
7C0003E0
3C0003C0
3E0007C0
1F000F80
0F000F00
0F801F00
07C03E00
03E07C00
01E07800
01F0F800
00F9F000
0079E000
007FE000
003FC000
001F8000
001F8000
000F0000
000F0000
000F0000
000F0000
000F0000
000F0000
000F0000
000F0000
000F0000
000F0000
000F0000
000F0000
000F0000
ENDCHAR
STARTCHAR ygrave
ENCODING 7923
SWIDTH 500 0
DWIDTH 21 0
BBX 19 39 1 -8
BITMAP
03E000
01F000
00F000
007800
003800
001C00
000000
000000
000000
F001E0
7801E0
7803C0
7C03C0
3C03C0
3C0780
3E0780
1E0780
1E0F00
1F0F00
0F0F00
0F9E00
079E00
079E00
07DE00
03DC00
03FC00
03FC00
01F800
01F800
00F800
00F000
00F000
01F000
01E000
03E000
07C000
7F8000
3F8000
3E0000
ENDCHAR
STARTCHAR Ydotbelow
ENCODING 7924
SWIDTH 666 0
DWIDTH 28 0
BBX 28 36 0 -6
BITMAP
F80001F0
7C0003E0
3C0003C0
3E0007C0
1F000F80
0F000F00
0F801F00
07C03E00
03E07C00
01E07800
01F0F800
00F9F000
0079E000
007FE000
003FC000
001F8000
001F8000
000F0000
000F0000
000F0000
000F0000
000F0000
000F0000
000F0000
000F0000
000F0000
000F0000
000F0000
000F0000
000F0000
00000000
00000000
000F0000
000F0000
000F0000
000F0000
ENDCHAR
STARTCHAR ydotbelow
ENCODING 7925
SWIDTH 500 0
DWIDTH 21 0
BBX 19 30 1 -8
BITMAP
F001E0
7801E0
7803C0
7C03C0
3C03C0
3C0780
3E0780
1E0780
1E0F00
1F0F00
0F0F00
0F9E00
079E00
079E00
07DE00
03DC00
03FC00
03FC00
01F800
01F800
00F800
00F000
00F000
01F000
01E3C0
03E3C0
07C3C0
7F83C0
3F8000
3E0000
ENDCHAR
STARTCHAR Yhookabove
ENCODING 7926
SWIDTH 666 0
DWIDTH 28 0
BBX 28 38 0 0
BITMAP
003F0000
003FC000
0003C000
0003C000
000F8000
000C0000
00000000
00000000
F80001F0
7C0003E0
3C0003C0
3E0007C0
1F000F80
0F000F00
0F801F00
07C03E00
03E07C00
01E07800
01F0F800
00F9F000
0079E000
007FE000
003FC000
001F8000
001F8000
000F0000
000F0000
000F0000
000F0000
000F0000
000F0000
000F0000
000F0000
000F0000
000F0000
000F0000
000F0000
000F0000
ENDCHAR
STARTCHAR yhookabove
ENCODING 7927
SWIDTH 500 0
DWIDTH 21 0
BBX 19 40 1 -8
BITMAP
03F000
03FC00
003E00
001E00
001E00
007800
006000
000000
000000
000000
F001E0
7801E0
7803C0
7C03C0
3C03C0
3C0780
3E0780
1E0780
1E0F00
1F0F00
0F0F00
0F9E00
079E00
079E00
07DE00
03DC00
03FC00
03FC00
01F800
01F800
00F800
00F000
00F000
01F000
01E000
03E000
07C000
7F8000
3F8000
3E0000
ENDCHAR
STARTCHAR Ytilde
ENCODING 7928
SWIDTH 666 0
DWIDTH 28 0
BBX 28 38 0 0
BITMAP
00387000
007E7000
00FFF000
00FFF000
01E7E000
01C1C000
00000000
00000000
F80001F0
7C0003E0
3C0003C0
3E0007C0
1F000F80
0F000F00
0F801F00
07C03E00
03E07C00
01E07800
01F0F800
00F9F000
0079E000
007FE000
003FC000
001F8000
001F8000
000F0000
000F0000
000F0000
000F0000
000F0000
000F0000
000F0000
000F0000
000F0000
000F0000
000F0000
000F0000
000F0000
ENDCHAR
STARTCHAR ytilde
ENCODING 7929
SWIDTH 500 0
DWIDTH 21 0
BBX 19 39 1 -8
BITMAP
078700
0FCF00
0FFF00
1FFE00
1CFE00
1C3C00
000000
000000
000000
F001E0
7801E0
7803C0
7C03C0
3C03C0
3C0780
3E0780
1E0780
1E0F00
1F0F00
0F0F00
0F9E00
079E00
079E00
07DE00
03DC00
03FC00
03FC00
01F800
01F800
00F800
00F000
00F000
01F000
01E000
03E000
07C000
7F8000
3F8000
3E0000
ENDCHAR
STARTCHAR zerowidthnonjoiner
ENCODING 8204
SWIDTH 0 0
DWIDTH 0 0
BBX 2 32 -1 -6
BITMAP
C0
C0
C0
C0
C0
C0
C0
C0
C0
C0
C0
C0
C0
C0
C0
C0
C0
C0
C0
C0
C0
C0
C0
C0
C0
C0
C0
C0
C0
C0
C0
C0
ENDCHAR
STARTCHAR zerowidthjoiner
ENCODING 8205
SWIDTH 0 0
DWIDTH 0 0
BBX 8 35 -4 -6
BITMAP
C3
E6
3C
18
18
3C
7F
DB
18
18
18
18
18
18
18
18
18
18
18
18
18
18
18
18
18
18
18
18
18
18
18
18
18
18
18
ENDCHAR
STARTCHAR lefttorightmark
ENCODING 8206
SWIDTH 0 0
DWIDTH 0 0
BBX 11 35 -1 -6
BITMAP
0C00
0600
0300
0180
FFC0
FFE0
C1C0
C300
C600
CC00
C000
C000
C000
C000
C000
C000
C000
C000
C000
C000
C000
C000
C000
C000
C000
C000
C000
C000
C000
C000
C000
C000
C000
C000
C000
ENDCHAR
STARTCHAR righttoleftmark
ENCODING 8207
SWIDTH 0 0
DWIDTH 0 0
BBX 11 35 -6 -6
BITMAP
0600
0C00
1800
3000
7FE0
FFE0
7060
1860
0C60
0660
0060
0060
0060
0060
0060
0060
0060
0060
0060
0060
0060
0060
0060
0060
0060
0060
0060
0060
0060
0060
0060
0060
0060
0060
0060
ENDCHAR
STARTCHAR endash
ENCODING 8211
SWIDTH 556 0
DWIDTH 23 0
BBX 23 4 0 9
BITMAP
FFFFFE
FFFFFE
FFFFFE
FFFFFE
ENDCHAR
STARTCHAR emdash
ENCODING 8212
SWIDTH 1000 0
DWIDTH 42 0
BBX 42 4 0 9
BITMAP
FFFFFFFFFFC0
FFFFFFFFFFC0
FFFFFFFFFFC0
FFFFFFFFFFC0
ENDCHAR
STARTCHAR afii00208
ENCODING 8213
SWIDTH 1000 0
DWIDTH 42 0
BBX 38 4 2 9
BITMAP
FFFFFFFFFC
FFFFFFFFFC
FFFFFFFFFC
FFFFFFFFFC
ENDCHAR
STARTCHAR underscoredbl
ENCODING 8215
SWIDTH 552 0
DWIDTH 23 0
BBX 23 11 0 -14
BITMAP
FFFFFE
FFFFFE
FFFFFE
FFFFFE
000000
000000
000000
FFFFFE
FFFFFE
FFFFFE
FFFFFE
ENDCHAR
STARTCHAR quoteleft
ENCODING 8216
SWIDTH 222 0
DWIDTH 9 0
BBX 4 10 3 20
BITMAP
20
70
E0
C0
C0
C0
F0
F0
F0
F0
ENDCHAR
STARTCHAR quoteright
ENCODING 8217
SWIDTH 222 0
DWIDTH 9 0
BBX 4 10 3 20
BITMAP
F0
F0
F0
F0
30
30
30
70
E0
40
ENDCHAR
STARTCHAR quotesinglbase
ENCODING 8218
SWIDTH 222 0
DWIDTH 9 0
BBX 4 10 3 -6
BITMAP
F0
F0
F0
F0
30
30
30
70
E0
40
ENDCHAR
STARTCHAR quotereversed
ENCODING 8219
SWIDTH 222 0
DWIDTH 9 0
BBX 4 10 3 20
BITMAP
F0
F0
F0
F0
C0
C0
C0
60
70
20
ENDCHAR
STARTCHAR quotedblleft
ENCODING 8220
SWIDTH 333 0
DWIDTH 14 0
BBX 10 10 2 20
BITMAP
2080
71C0
E380
C300
C300
C300
F3C0
F3C0
F3C0
F3C0
ENDCHAR
STARTCHAR quotedblright
ENCODING 8221
SWIDTH 333 0
DWIDTH 14 0
BBX 10 10 2 20
BITMAP
F3C0
F3C0
F3C0
F3C0
30C0
30C0
30C0
71C0
E380
4100
ENDCHAR
STARTCHAR quotedblbase
ENCODING 8222
SWIDTH 333 0
DWIDTH 14 0
BBX 10 10 2 -6
BITMAP
F3C0
F3C0
F3C0
F3C0
30C0
30C0
30C0
71C0
E380
4100
ENDCHAR
STARTCHAR dagger
ENCODING 8224
SWIDTH 556 0
DWIDTH 23 0
BBX 20 37 2 -7
BITMAP
00F000
00F000
00F000
00F000
00F000
00F000
00F000
00F000
FFFFF0
FFFFF0
FFFFF0
FFFFF0
00F000
00F000
00F000
00F000
00F000
00F000
00F000
00F000
00F000
00F000
00F000
00F000
00F000
00F000
00F000
00F000
00F000
00F000
00F000
00F000
00F000
00F000
00F000
00F000
00F000
ENDCHAR
STARTCHAR daggerdbl
ENCODING 8225
SWIDTH 556 0
DWIDTH 23 0
BBX 20 37 2 -7
BITMAP
00F000
00F000
00F000
00F000
00F000
00F000
00F000
00F000
FFFFF0
FFFFF0
FFFFF0
FFFFF0
00F000
00F000
00F000
00F000
00F000
00F000
00F000
00F000
00F000
00F000
00F000
00F000
00F000
FFFFF0
FFFFF0
FFFFF0
FFFFF0
00F000
00F000
00F000
00F000
00F000
00F000
00F000
00F000
ENDCHAR
STARTCHAR bullet
ENCODING 8226
SWIDTH 350 0
DWIDTH 15 0
BBX 10 10 2 10
BITMAP
1E00
7F80
7F80
FFC0
FFC0
FFC0
FFC0
7F80
7F80
1E00
ENDCHAR
STARTCHAR ellipsis
ENCODING 8230
SWIDTH 1000 0
DWIDTH 42 0
BBX 30 4 5 0
BITMAP
F007803C
F007803C
F007803C
F007803C
ENDCHAR
STARTCHAR uni202A
ENCODING 8234
SWIDTH 0 0
DWIDTH 0 0
BBX 9 31 -1 -6
BITMAP
FF80
8000
8000
8000
8000
8000
8000
8000
8000
8000
8000
8000
8000
8000
8000
8000
8000
8000
8000
8000
8000
8000
8000
8000
8000
8000
8000
8000
8000
8000
8000
ENDCHAR
STARTCHAR uni202B
ENCODING 8235
SWIDTH 0 0
DWIDTH 0 0
BBX 9 31 -9 -6
BITMAP
FF80
0080
0080
0080
0080
0080
0080
0080
0080
0080
0080
0080
0080
0080
0080
0080
0080
0080
0080
0080
0080
0080
0080
0080
0080
0080
0080
0080
0080
0080
0080
ENDCHAR
STARTCHAR uni202C
ENCODING 8236
SWIDTH 0 0
DWIDTH 0 0
BBX 9 35 -5 -6
BITMAP
FF80
FF80
FF80
FF80
FF80
FF80
FF80
FF80
FF80
0800
0800
0800
0800
0800
0800
0800
0800
0800
0800
0800
0800
0800
0800
0800
0800
0800
0800
0800
0800
0800
0800
0800
0800
0800
0800
ENDCHAR
STARTCHAR uni202D
ENCODING 8237
SWIDTH 0 0
DWIDTH 0 0
BBX 9 35 -5 -6
BITMAP
FF80
8000
8000
8000
8000
8000
8000
FF80
0800
0800
0800
0800
0800
0800
0800
0800
0800
0800
0800
0800
0800
0800
0800
0800
0800
0800
0800
0800
0800
0800
0800
0800
0800
0800
0800
ENDCHAR
STARTCHAR uni202E
ENCODING 8238
SWIDTH 0 0
DWIDTH 0 0
BBX 9 35 -5 -6
BITMAP
FF80
0080
0080
0080
0080
0080
0080
FF80
0800
0800
0800
0800
0800
0800
0800
0800
0800
0800
0800
0800
0800
0800
0800
0800
0800
0800
0800
0800
0800
0800
0800
0800
0800
0800
0800
ENDCHAR
STARTCHAR perthousand
ENCODING 8240
SWIDTH 1000 0
DWIDTH 43 0
BBX 41 30 1 0
BITMAP
1F8038000000
3FC070000000
7FE070000000
70E0F0000000
F0F0E0000000
E070E0000000
E071C0000000
E071C0000000
E073C0000000
E07380000000
E0F380000000
70E700000000
7FE700000000
3FCF00000000
1F8E00000000
000E3F00FC00
001C7F81FE00
001CFFC3FF00
003CE1C38700
0039E1E78780
0039C0E70380
0079C0E70380
0071C0E70380
00F1C0E70380
00E1C0E70380
00E1C1E70780
01E0E1C38700
01C0FFC3FF00
03C07F81FE00
03803F00FC00
ENDCHAR
STARTCHAR minute
ENCODING 8242
SWIDTH 187 0
DWIDTH 8 0
BBX 5 11 2 19
BITMAP
78
78
78
F0
F0
F0
F0
E0
E0
C0
C0
ENDCHAR
STARTCHAR second
ENCODING 8243
SWIDTH 354 0
DWIDTH 15 0
BBX 12 11 1 19
BITMAP
78F0
78F0
78F0
F1E0
F1E0
F1E0
F1E0
E1C0
E1C0
C180
C180
ENDCHAR
STARTCHAR guilsinglleft
ENCODING 8249
SWIDTH 333 0
DWIDTH 14 0
BBX 10 19 2 1
BITMAP
03C0
0780
0F00
0F00
1E00
1E00
3C00
7800
7800
F000
7800
7800
3C00
1E00
1E00
0F00
0F00
0780
03C0
ENDCHAR
STARTCHAR guilsinglright
ENCODING 8250
SWIDTH 333 0
DWIDTH 14 0
BBX 10 19 2 1
BITMAP
F000
7800
3C00
3C00
1E00
1F00
0F00
0780
0780
03C0
0780
0780
0F00
1E00
1E00
3C00
3C00
7800
F000
ENDCHAR
STARTCHAR exclamdbl
ENCODING 8252
SWIDTH 500 0
DWIDTH 21 0
BBX 13 30 5 0
BITMAP
F078
F078
F078
F078
F078
F078
F078
F078
F078
F078
F078
F078
F078
F078
F078
6030
6030
6030
6030
6030
6030
6030
6030
0000
0000
0000
F078
F078
F078
F078
ENDCHAR
STARTCHAR radicalex
ENCODING 8254
SWIDTH 333 0
DWIDTH 14 0
BBX 14 4 -1 25
BITMAP
FFFC
FFFC
FFFC
FFFC
ENDCHAR
STARTCHAR fraction
ENCODING 8260
SWIDTH 166 0
DWIDTH 7 0
BBX 26 32 -10 -2
BITMAP
000007C0
00000780
00000F80
00001F00
00001E00
00003E00
00007C00
00007800
0000F800
0001F000
0003E000
0003C000
0007C000
000F8000
000F0000
001F0000
003E0000
007C0000
00780000
00F80000
01F00000
01E00000
03E00000
07C00000
07800000
0F000000
1F000000
3E000000
3C000000
7C000000
F8000000
F0000000
ENDCHAR
STARTCHAR uni206A
ENCODING 8298
SWIDTH 0 0
DWIDTH 0 0
BBX 9 34 -5 -6
BITMAP
FF80
0800
0800
0800
0800
0800
0800
FF80
0800
0800
0800
0800
0800
0800
0800
0800
0800
0800
0800
0800
0800
0800
0800
0800
0800
0800
0800
0800
0800
0800
0800
0800
0800
0800
ENDCHAR
STARTCHAR uni206B
ENCODING 8299
SWIDTH 0 0
DWIDTH 0 0
BBX 9 35 -5 -6
BITMAP
FF80
8080
8080
8080
8080
8080
8080
FF80
0800
0800
0800
0800
0800
0800
0800
0800
0800
0800
0800
0800
0800
0800
0800
0800
0800
0800
0800
0800
0800
0800
0800
0800
0800
0800
0800
ENDCHAR
STARTCHAR uni206C;
ENCODING 8300
SWIDTH 0 0
DWIDTH 0 0
BBX 9 35 -5 -6
BITMAP
FF80
7F00
7F00
3E00
1C00
1C00
0800
0800
0800
0800
0800
0800
0800
0800
0800
0800
0800
0800
0800
0800
0800
0800
0800
0800
0800
0800
0800
0800
0800
0800
0800
0800
0800
0800
0800
ENDCHAR
STARTCHAR uni206D
ENCODING 8301
SWIDTH 0 0
DWIDTH 0 0
BBX 9 35 -5 -6
BITMAP
0800
0800
1C00
1C00
3E00
3E00
7F00
7F00
FF80
0800
0800
0800
0800
0800
0800
0800
0800
0800
0800
0800
0800
0800
0800
0800
0800
0800
0800
0800
0800
0800
0800
0800
0800
0800
0800
ENDCHAR
STARTCHAR uni206E
ENCODING 8302
SWIDTH 0 0
DWIDTH 0 0
BBX 9 35 -5 -6
BITMAP
0800
1C00
3600
6300
C180
6300
3600
1C00
0800
0800
0800
0800
0800
0800
0800
0800
0800
0800
0800
0800
0800
0800
0800
0800
0800
0800
0800
0800
0800
0800
0800
0800
0800
0800
0800
ENDCHAR
STARTCHAR uni206F;
ENCODING 8303
SWIDTH 0 0
DWIDTH 0 0
BBX 9 34 -5 -6
BITMAP
F800
0800
0800
0800
0800
0800
0800
FF80
0800
0800
0800
0800
0800
0800
0800
0800
0800
0800
0800
0800
0800
0800
0800
0800
0800
0800
0800
0800
0800
0800
0800
0800
0800
0800
ENDCHAR
STARTCHAR nsuperior
ENCODING 8319
SWIDTH 364 0
DWIDTH 15 0
BBX 13 14 1 12
BITMAP
F3E0
FFF0
FFF8
F8F8
F078
F078
F078
F078
F078
F078
F078
F078
F078
F078
ENDCHAR
STARTCHAR franc
ENCODING 8355
SWIDTH 556 0
DWIDTH 23 0
BBX 20 30 1 0
BITMAP
1FFFF0
1FFFF0
1FFFF0
1FFFF0
1E0000
1E0000
1E0000
1E0000
1E0000
1E0000
1E0000
1E0000
1FFFC0
1FFFC0
1FFFC0
1FFFC0
1E0000
1E0000
1E0000
1E0000
1E0000
FFF000
FFF000
FFF000
FFF000
1E0000
1E0000
1E0000
1E0000
1E0000
ENDCHAR
STARTCHAR afii08941
ENCODING 8356
SWIDTH 556 0
DWIDTH 23 0
BBX 21 30 1 0
BITMAP
00FE00
03FF80
07FFC0
0FFFC0
0F83E0
1F01E0
1E00F0
1E00F0
1E0000
1E0000
1F0000
FFFE00
FFFE00
FFFE00
0F8000
078000
078000
FFFE00
FFFE00
FFFE00
078000
070000
0F0000
1E0000
3FE010
7FFC30
FFFFF8
7FFFF8
703FF0
4007C0
ENDCHAR
STARTCHAR peseta
ENCODING 8359
SWIDTH 1093 0
DWIDTH 46 0
BBX 44 30 1 0
BITMAP
FFF800000000
FFFE00000000
FFFF87800000
FFFFC7800000
F00FC7800000
F003E7800000
F003E7800000
F001E780FC00
F001FFFFFF00
F001FFFFFF80
F001FFFF87C0
F003E79E03E0
F003E79E01E0
F00FC79E01E0
FFFF879F0000
FFFF879FC000
FFFE078FF800
FFF80787FF00
F0000783FFC0
F00007807FE0
F000078007E0
F000078001F0
F000078000F0
F000079E00F0
F000079E00F0
F000079F01E0
F000078F83E0
F00007FFFFC0
F00003F3FF80
F00001F1FE00
ENDCHAR
STARTCHAR newsheqelsign
ENCODING 8362
SWIDTH 815 0
DWIDTH 37 0
BBX 31 22 3 0
BITMAP
FFFFE01E
FFFFF01E
FFFFF81E
F0007C1E
F0003C1E
F0003C1E
F0003C1E
F0783C1E
F0783C1E
F0783C1E
F0783C1E
F0783C1E
F0783C1E
F0783C1E
F0783C1E
F078001E
F078001E
F078001E
F078003E
F07FFFFC
F07FFFF8
F07FFFF0
ENDCHAR
STARTCHAR dongsign
ENCODING 8363
SWIDTH 513 0
DWIDTH 22 0
BBX 16 25 3 5
BITMAP
001C
007F
007F
001C
001C
0F9C
3FFC
387C
703C
F03C
E01C
E01C
E01C
E01C
E01C
E01C
703C
703C
387C
3FFC
0F9C
0000
0000
FFFF
FFFF
ENDCHAR
STARTCHAR Euro
ENCODING 8364
SWIDTH 556 0
DWIDTH 23 0
BBX 24 30 -1 0
BITMAP
0007F8
003FFE
00FFFF
01FFFF
03F80E
07E002
07C000
0F8000
0F0000
1F0000
7FFFFC
FFFFFC
FFFFFC
1E0000
1E0000
1E0000
7FFFF8
FFFFF8
FFFFF8
0F0000
0F0000
0F0000
078000
07C000
03E002
03FC0E
01FFFE
00FFFE
003FFE
0007F8
ENDCHAR
STARTCHAR afii61248
ENCODING 8453
SWIDTH 885 0
DWIDTH 37 0
BBX 33 31 2 -1
BITMAP
07E003E000
1FF803C000
3C3C07C000
783E078000
781E0F8000
F0000F0000
F0001F0000
F0001E0000
F0003C0000
F0003C0000
F01E780000
701E780000
783CF00000
3C7CF00000
1FF9E1F800
07E3E3FC00
0003C79E00
0007CF0F00
00079E0700
000F9E0780
000F1E0780
001F1E0780
001E1E0780
003E1E0780
003C1E0780
007C0E0700
00780F0F00
00F8079E00
00F003FE00
01F001F800
01E0000000
ENDCHAR
STARTCHAR afii61289
ENCODING 8467
SWIDTH 323 0
DWIDTH 14 0
BBX 15 30 0 0
BITMAP
01F0
03FC
07FC
0FFE
0FBE
0F1E
0F1E
0F1C
0F1C
0F38
0F38
0F70
0F60
0FC0
0FC0
0F80
0F00
1F00
3F00
3F00
7F00
EF00
0F00
0F00
0F00
0F06
0FFE
0FFE
07FE
03F8
ENDCHAR
STARTCHAR afii61352
ENCODING 8470
SWIDTH 1072 0
DWIDTH 45 0
BBX 39 30 4 0
BITMAP
F800780000
F800780000
FC00780000
FE00780000
FE00780000
FF00780000
FF007807C0
FF80781FF0
F780783FF8
F7C0787FFC
F3C0787C7C
F3E078F83E
F1E078F01E
F0F078F01E
F0F078F01E
F07878F01E
F07878F83E
F03C787C7C
F03C787FFC
F01E783FF8
F01F781FF0
F00F7807C0
F00FF80000
F007F80000
F007F8FFFE
F003F8FFFE
F003F8FFFE
F001F8FFFE
F001F80000
F000F80000
ENDCHAR
STARTCHAR trademark
ENCODING 8482
SWIDTH 1000 0
DWIDTH 42 0
BBX 34 17 5 13
BITMAP
FFFE7803C0
FFFE7C07C0
FFFE7C07C0
03807C07C0
03807E0FC0
0380760DC0
0380760DC0
0380771DC0
03807319C0
03807319C0
03807399C0
038073B9C0
038071B1C0
038071B1C0
038071F1C0
038070E1C0
038070E1C0
ENDCHAR
STARTCHAR Ohm
ENCODING 8486
SWIDTH 768 0
DWIDTH 32 0
BBX 27 30 3 0
BITMAP
003F8000
01FFF000
03FFF800
07FFFC00
0FC0FE00
1F803F00
1F001F00
3E000F80
3C000780
7C0007C0
7C0007C0
780003C0
780003C0
780003C0
780003C0
780003C0
780003C0
780003C0
38000780
3C000780
3C000780
1E000F00
1E001E00
0F001E00
07803C00
03E0F800
FFF1FFE0
FFF1FFE0
FFF1FFE0
FFF1FFE0
ENDCHAR
STARTCHAR estimated
ENCODING 8494
SWIDTH 600 0
DWIDTH 25 0
BBX 21 23 2 0
BITMAP
01FC00
07FF00
0F0780
1C01C0
3800E0
7800F0
7800F0
7800F0
F800F8
F800F8
FFFFF8
FFFFF8
F80000
F80000
F80000
780000
780000
780020
380070
1C00E0
0F03C0
07FF00
01FC00
ENDCHAR
STARTCHAR onethird
ENCODING 8531
SWIDTH 833 0
DWIDTH 35 0
BBX 33 30 2 0
BITMAP
0380007C00
0780007800
1F8000F800
7F8001F000
FF8003E000
F78003C000
E78007C000
87800F8000
07801F0000
07803E0000
07803C0000
07807C0000
0780F80000
0781F00000
0781E00000
0003E1FC00
0007C7FE00
000F878F00
000F0F0F00
001F000F00
003E001E00
007C007C00
00F8007E00
00F0000F00
01F0000780
03E0000780
07C00F0780
07800F8F00
0F8007FF00
1F0001FC00
ENDCHAR
STARTCHAR twothirds
ENCODING 8532
SWIDTH 833 0
DWIDTH 35 0
BBX 33 30 1 0
BITMAP
1FC0007C00
7FF0007800
78F800F800
F07801F000
007803E000
007803C000
00F007C000
01F00F8000
07E01F0000
0F801E0000
1F003E0000
3C007C0000
7800780000
FFF8F80000
FFF9F00000
0003E1FC00
0003C7FE00
0007C78F00
000F8F0F00
000F000F00
001F001E00
003E007C00
007C007E00
0078000F00
00F8000780
01F0000780
03E00F0780
03C00F8F00
07C007FF00
0F8001FC00
ENDCHAR
STARTCHAR oneeighth
ENCODING 8539
SWIDTH 833 0
DWIDTH 35 0
BBX 31 32 3 0
BITMAP
038000F0
0F8001E0
1F8003C0
7F800380
FF800780
E7800F00
87800E00
07801E00
07803C00
07803800
07807800
0780F000
0781E000
0781C000
0783C000
00078000
000707F0
000F0FFC
001E1F3E
003C1E1E
00381E1E
00780F3C
00F003F0
00E00FFC
01E01F3E
03C01E1E
03801E1E
07801E1E
0F001E1E
1E000F3C
1C0007F8
3C0003F0
ENDCHAR
STARTCHAR threeeighths
ENCODING 8540
SWIDTH 833 0
DWIDTH 35 0
BBX 34 32 0 0
BITMAP
1FC0001E00
7FE0003C00
78F0007800
F0F0007000
00F000F000
01E001E000
0F8001C000
0FF003C000
00F8078000
0078070000
00780F0000
F0781E0000
78F03C0000
7FE0380000
1FC0780000
0000F00000
0000E0FE00
0001E1FF80
0003C3E7C0
000783C3C0
000703C3C0
000F01E780
001E007E00
001C01FF80
003C03E7C0
007803C3C0
007003C3C0
00F003C3C0
01E003C3C0
03C001E780
038000FF00
0780007E00
ENDCHAR
STARTCHAR fiveeighths
ENCODING 8541
SWIDTH 833 0
DWIDTH 35 0
BBX 32 32 2 0
BITMAP
3FF00078
3FF000F0
780001E0
700001C0
700003C0
77C00780
7FE00700
F0F00F00
E0781E00
00781C00
00783C00
F0787800
78F0F000
7FE0E000
1F81E000
0003C000
000383F8
000787FE
000F0F9F
001E0F0F
001C0F0F
003C079E
007801F8
007007FE
00F00F9F
01E00F0F
01C00F0F
03C00F0F
07800F0F
0F00079E
0E0003FC
1E0001F8
ENDCHAR
STARTCHAR seveneighths
ENCODING 8542
SWIDTH 833 0
DWIDTH 35 0
BBX 33 32 1 0
BITMAP
FFF8007800
FFF8007000
FFF000F000
006001E000
00E001C000
01C003C000
03C0078000
03800F0000
07800E0000
0F001E0000
0F003C0000
0F00380000
1E00780000
1E00F00000
1E00E00000
0001C00000
0003C1FC00
000783FF00
000707CF80
000F078780
001E078780
001C03CF00
003C00FC00
007803FF00
00F007CF80
00E0078780
01E0078780
03C0078780
0380078780
078003CF00
0F0001FE00
0E0000FC00
ENDCHAR
STARTCHAR arrowleft
ENCODING 8592
SWIDTH 1000 0
DWIDTH 42 0
BBX 38 15 2 3
BITMAP
0080000000
0180000000
0300000000
0700000000
1E00000000
3C00000000
FFFFFFFFFC
FFFFFFFFFC
7C00000000
3E00000000
0E00000000
0700000000
0380000000
0180000000
00C0000000
ENDCHAR
STARTCHAR arrowup
ENCODING 8593
SWIDTH 500 0
DWIDTH 21 0
BBX 15 36 3 -9
BITMAP
0300
0380
07C0
0FC0
0FE0
1FF0
3BB8
739C
C386
0380
0380
0380
0380
0380
0380
0380
0380
0380
0380
0380
0380
0380
0380
0380
0380
0380
0380
0380
0380
0380
0380
0380
0380
0380
0380
0380
ENDCHAR
STARTCHAR arrowright
ENCODING 8594
SWIDTH 1000 0
DWIDTH 42 0
BBX 38 15 2 3
BITMAP
0000000400
0000000600
0000000300
0000000380
00000001E0
00000000F0
FFFFFFFFFC
FFFFFFFFFC
00000000F8
00000001E0
00000001C0
0000000380
0000000700
0000000600
0000000C00
ENDCHAR
STARTCHAR arrowdown
ENCODING 8595
SWIDTH 500 0
DWIDTH 21 0
BBX 15 36 3 -9
BITMAP
0380
0380
0380
0380
0380
0380
0380
0380
0380
0380
0380
0380
0380
0380
0380
0380
0380
0380
0380
0380
0380
0380
0380
0380
0380
0380
C386
E38E
7BBC
3FF8
1FF0
0FE0
07C0
0380
0380
0100
ENDCHAR
STARTCHAR arrowboth
ENCODING 8596
SWIDTH 1000 0
DWIDTH 42 0
BBX 38 15 2 3
BITMAP
0180000400
0180000600
0300000300
0700000380
1E000001E0
3C000000F0
FFFFFFFFFC
FFFFFFFFFC
7C000000F8
3E000001F0
0E000001C0
0700000380
0380000700
0180000600
0080000C00
ENDCHAR
STARTCHAR arrowupdn
ENCODING 8597
SWIDTH 500 0
DWIDTH 21 0
BBX 15 39 3 -9
BITMAP
0100
0380
0380
07C0
0FE0
1FF0
3F78
7B3C
E30E
8302
0300
0300
0300
0300
0300
0300
0300
0300
0300
0300
0300
0300
0300
0300
0300
0300
0300
0300
0300
C306
E31E
7B3C
3F78
1FF0
0FE0
07C0
0380
0380
0100
ENDCHAR
STARTCHAR arrowupdnbse
ENCODING 8616
SWIDTH 500 0
DWIDTH 21 0
BBX 15 43 3 -13
BITMAP
0100
0380
0380
07C0
0FE0
1FF0
3F78
7B3C
E30E
8302
0300
0300
0300
0300
0300
0300
0300
0300
0300
0300
0300
0300
0300
0300
0300
0300
0300
0300
0300
C306
E31E
7B3C
3F78
1FF0
0FE0
07C0
0380
0380
0100
0000
0000
FFFE
FFFE
ENDCHAR
STARTCHAR partialdiff
ENCODING 8706
SWIDTH 494 0
DWIDTH 21 0
BBX 20 30 1 0
BITMAP
001E00
007F80
00FFC0
01FFE0
01E3E0
03C1E0
07C1F0
0780F0
0000F0
0000F0
0000F0
000FF0
00FFF0
03FFF0
0FC0F0
1F00F0
3E00F0
7C01E0
7801E0
7801E0
F003C0
F003C0
F007C0
F00F80
F81F00
FC7F00
7FFE00
7FFC00
3FF000
0FC000
ENDCHAR
STARTCHAR Delta
ENCODING 8710
SWIDTH 611 0
DWIDTH 26 0
BBX 25 29 0 0
BITMAP
00040000
00060000
00060000
000E0000
000F0000
001F0000
001F8000
00378000
00378000
0067C000
0063C000
00C3C000
00C1E000
0181E000
0181F000
0300F000
0300F000
06007800
06007800
0C007C00
0C003C00
18003C00
18001E00
30001E00
30001F00
70000F00
60000F00
FFFFFF80
FFFFFF80
ENDCHAR
STARTCHAR product
ENCODING 8719
SWIDTH 823 0
DWIDTH 35 0
BBX 29 38 3 -8
BITMAP
FFFFFFF8
FFFFFFF8
FFFFFFF8
FFFFFFF8
F0000078
F0000078
F0000078
F0000078
F0000078
F0000078
F0000078
F0000078
F0000078
F0000078
F0000078
F0000078
F0000078
F0000078
F0000078
F0000078
F0000078
F0000078
F0000078
F0000078
F0000078
F0000078
F0000078
F0000078
F0000078
F0000078
F0000078
F0000078
F0000078
F0000078
F0000078
F0000078
F0000078
F0000078
ENDCHAR
STARTCHAR summation
ENCODING 8721
SWIDTH 712 0
DWIDTH 30 0
BBX 26 38 2 -8
BITMAP
FFFFFFC0
FFFFFFC0
FFFFFFC0
FFFFFFC0
F8000000
7C000000
3E000000
1F000000
0F800000
07C00000
03E00000
01F00000
01F80000
00F80000
007C0000
003E0000
001F0000
000F8000
0007C000
000F8000
001F0000
001F0000
003E0000
007C0000
00F80000
01F00000
03E00000
03C00000
07C00000
0F800000
1F000000
3E000000
7C000000
F8000000
FFFFFFC0
FFFFFFC0
FFFFFFC0
FFFFFFC0
ENDCHAR
STARTCHAR minus
ENCODING 8722
SWIDTH 583 0
DWIDTH 25 0
BBX 20 4 2 13
BITMAP
FFFFF0
FFFFF0
FFFFF0
FFFFF0
ENDCHAR
STARTCHAR fraction.dup17
ENCODING 8725
SWIDTH 166 0
DWIDTH 7 0
BBX 26 32 -10 -2
BITMAP
000007C0
00000780
00000F80
00001F00
00001E00
00003E00
00007C00
00007800
0000F800
0001F000
0003E000
0003C000
0007C000
000F8000
000F0000
001F0000
003E0000
007C0000
00780000
00F80000
01F00000
01E00000
03E00000
07C00000
07800000
0F000000
1F000000
3E000000
3C000000
7C000000
F8000000
F0000000
ENDCHAR
STARTCHAR periodcentered.dup18
ENCODING 8729
SWIDTH 277 0
DWIDTH 12 0
BBX 4 4 4 13
BITMAP
F0
F0
F0
F0
ENDCHAR
STARTCHAR radical
ENCODING 8730
SWIDTH 548 0
DWIDTH 23 0
BBX 21 39 2 -1
BITMAP
000018
000018
000018
000030
000030
000030
000030
000030
000030
000060
000060
000060
000060
000060
000060
000060
0400C0
1E00C0
7F00C0
FF00C0
1F80C0
0F80C0
0FC180
07E180
03E180
03F180
01F180
01F980
00FF00
007F00
007F00
003F00
003F00
001F00
000F00
000E00
000600
000600
000200
ENDCHAR
STARTCHAR infinity
ENCODING 8734
SWIDTH 712 0
DWIDTH 30 0
BBX 24 13 3 9
BITMAP
0000F0
1F03FC
3FC7FE
7FEFFF
FFFF1F
F0FC0F
F0780F
F0FC0F
FFFF1F
7FEFFF
3FC7FE
1F03FC
0001F8
ENDCHAR
STARTCHAR orthogonal
ENCODING 8735
SWIDTH 979 0
DWIDTH 41 0
BBX 27 26 7 0
BITMAP
C0000000
C0000000
C0000000
C0000000
C0000000
C0000000
C0000000
C0000000
C0000000
C0000000
C0000000
C0000000
C0000000
C0000000
C0000000
C0000000
C0000000
C0000000
C0000000
C0000000
C0000000
C0000000
C0000000
C0000000
FFFFFFE0
FFFFFFE0
ENDCHAR
STARTCHAR intersection
ENCODING 8745
SWIDTH 718 0
DWIDTH 30 0
BBX 24 30 3 0
BITMAP
007F00
03FFC0
07FFE0
1FFFF8
3F81FC
3E00FC
7C003E
7C003E
78001E
F8001F
F0000F
F0000F
F0000F
F0000F
F0000F
F0000F
F0000F
F0000F
F0000F
F0000F
F0000F
F0000F
F0000F
F0000F
F0000F
F0000F
F0000F
F0000F
F0000F
F0000F
ENDCHAR
STARTCHAR integral
ENCODING 8747
SWIDTH 273 0
DWIDTH 10 0
BBX 10 42 0 -5
BITMAP
0380
07C0
07C0
0780
0C00
0C00
0C00
0C00
0C00
0C00
0C00
0C00
0C00
0C00
0C00
0C00
0C00
0C00
0C00
0C00
0C00
0C00
0C00
0C00
0C00
0C00
0C00
0C00
0C00
0C00
0C00
0C00
0C00
0C00
0C00
0C00
0C00
6C00
F800
F800
F800
7000
ENDCHAR
STARTCHAR approxequal
ENCODING 8776
SWIDTH 548 0
DWIDTH 23 0
BBX 21 14 1 8
BITMAP
3F8008
7FF838
FFFFF8
FFFFF8
C0FFF0
800FE0
000000
000000
3F8008
7FF838
FFFFF8
FFFFF8
C0FFF0
800FE0
ENDCHAR
STARTCHAR notequal
ENCODING 8800
SWIDTH 548 0
DWIDTH 23 0
BBX 19 30 2 0
BITMAP
000780
000F00
000F00
000F00
001E00
001E00
003E00
003C00
FFFFE0
FFFFE0
FFFFE0
FFFFE0
00F800
00F000
00F000
01E000
01E000
FFFFE0
FFFFE0
FFFFE0
FFFFE0
078000
078000
0F8000
0F0000
0F0000
1E0000
1E0000
1E0000
3C0000
ENDCHAR
STARTCHAR equivalence
ENCODING 8801
SWIDTH 583 0
DWIDTH 25 0
BBX 20 22 2 4
BITMAP
FFFFF0
FFFFF0
FFFFF0
FFFFF0
000000
000000
000000
000000
000000
FFFFF0
FFFFF0
FFFFF0
FFFFF0
000000
000000
000000
000000
000000
FFFFF0
FFFFF0
FFFFF0
FFFFF0
ENDCHAR
STARTCHAR lessequal
ENCODING 8804
SWIDTH 548 0
DWIDTH 23 0
BBX 20 27 1 1
BITMAP
000010
000070
0003F0
000FF0
003FE0
00FF00
03FC00
1FE000
7F8000
FC0000
F00000
FC0000
7F8000
1FE000
03FC00
00FF00
003FE0
000FF0
0003F0
000070
000010
000000
000000
FFFFF0
FFFFF0
FFFFF0
FFFFF0
ENDCHAR
STARTCHAR greaterequal
ENCODING 8805
SWIDTH 548 0
DWIDTH 23 0
BBX 20 27 1 1
BITMAP
800000
E00000
FC0000
FF0000
7FC000
0FF000
03FC00
007F80
001FE0
0003F0
0000F0
0003F0
001FE0
007F80
03FC00
0FF000
7FC000
FF0000
FC0000
E00000
800000
000000
000000
FFFFF0
FFFFF0
FFFFF0
FFFFF0
ENDCHAR
STARTCHAR house
ENCODING 8962
SWIDTH 604 0
DWIDTH 25 0
BBX 19 23 3 0
BITMAP
006000
00F000
01B000
031800
060C00
0E0600
1C0300
380180
3000C0
6000E0
C00060
C00060
C00060
C00060
C00060
C00060
C00060
C00060
C00060
C00060
C00060
FFFFE0
FFFFE0
ENDCHAR
STARTCHAR revlogicalnot
ENCODING 8976
SWIDTH 583 0
DWIDTH 25 0
BBX 20 12 2 9
BITMAP
FFFFF0
FFFFF0
FFFFF0
FFFFF0
F00000
F00000
F00000
F00000
F00000
F00000
F00000
F00000
ENDCHAR
STARTCHAR integraltp
ENCODING 8992
SWIDTH 604 0
DWIDTH 25 0
BBX 9 47 11 -11
BITMAP
0600
1F80
3F80
6780
6000
6000
E000
E000
E000
E000
E000
E000
E000
E000
E000
E000
E000
E000
E000
E000
E000
E000
E000
E000
E000
E000
E000
E000
E000
E000
E000
E000
E000
E000
E000
E000
E000
E000
E000
E000
E000
E000
E000
E000
E000
E000
E000
ENDCHAR
STARTCHAR integralbt
ENCODING 8993
SWIDTH 604 0
DWIDTH 25 0
BBX 9 47 5 -11
BITMAP
0380
0380
0380
0380
0380
0380
0380
0380
0380
0380
0380
0380
0380
0380
0380
0380
0380
0380
0380
0380
0380
0380
0380
0380
0380
0380
0380
0380
0380
0380
0380
0380
0380
0380
0380
0380
0380
0380
0380
0380
0380
0380
0300
7300
FE00
7C00
1000
ENDCHAR
STARTCHAR SF100000
ENCODING 9472
SWIDTH 708 0
DWIDTH 30 0
BBX 30 4 0 11
BITMAP
FFFFFFFC
FFFFFFFC
FFFFFFFC
FFFFFFFC
ENDCHAR
STARTCHAR SF110000
ENCODING 9474
SWIDTH 625 0
DWIDTH 26 0
BBX 4 51 9 -13
BITMAP
F0
F0
F0
F0
F0
F0
F0
F0
F0
F0
F0
F0
F0
F0
F0
F0
F0
F0
F0
F0
F0
F0
F0
F0
F0
F0
F0
F0
F0
F0
F0
F0
F0
F0
F0
F0
F0
F0
F0
F0
F0
F0
F0
F0
F0
F0
F0
F0
F0
F0
F0
ENDCHAR
STARTCHAR SF010000
ENCODING 9484
SWIDTH 708 0
DWIDTH 30 0
BBX 17 28 13 -13
BITMAP
FFFF80
FFFF80
FFFF80
FFFF80
F00000
F00000
F00000
F00000
F00000
F00000
F00000
F00000
F00000
F00000
F00000
F00000
F00000
F00000
F00000
F00000
F00000
F00000
F00000
F00000
F00000
F00000
F00000
F00000
ENDCHAR
STARTCHAR SF030000
ENCODING 9488
SWIDTH 708 0
DWIDTH 30 0
BBX 17 28 0 -13
BITMAP
FFFF80
FFFF80
FFFF80
FFFF80
000780
000780
000780
000780
000780
000780
000780
000780
000780
000780
000780
000780
000780
000780
000780
000780
000780
000780
000780
000780
000780
000780
000780
000780
ENDCHAR
STARTCHAR SF020000
ENCODING 9492
SWIDTH 708 0
DWIDTH 30 0
BBX 17 27 13 11
BITMAP
F00000
F00000
F00000
F00000
F00000
F00000
F00000
F00000
F00000
F00000
F00000
F00000
F00000
F00000
F00000
F00000
F00000
F00000
F00000
F00000
F00000
F00000
F00000
FFFF80
FFFF80
FFFF80
FFFF80
ENDCHAR
STARTCHAR SF040000
ENCODING 9496
SWIDTH 708 0
DWIDTH 30 0
BBX 17 27 0 11
BITMAP
000780
000780
000780
000780
000780
000780
000780
000780
000780
000780
000780
000780
000780
000780
000780
000780
000780
000780
000780
000780
000780
000780
000780
FFFF80
FFFF80
FFFF80
FFFF80
ENDCHAR
STARTCHAR SF080000
ENCODING 9500
SWIDTH 708 0
DWIDTH 30 0
BBX 17 51 13 -13
BITMAP
F00000
F00000
F00000
F00000
F00000
F00000
F00000
F00000
F00000
F00000
F00000
F00000
F00000
F00000
F00000
F00000
F00000
F00000
F00000
F00000
F00000
F00000
F00000
FFFF80
FFFF80
FFFF80
FFFF80
F00000
F00000
F00000
F00000
F00000
F00000
F00000
F00000
F00000
F00000
F00000
F00000
F00000
F00000
F00000
F00000
F00000
F00000
F00000
F00000
F00000
F00000
F00000
F00000
ENDCHAR
STARTCHAR SF090000
ENCODING 9508
SWIDTH 708 0
DWIDTH 30 0
BBX 17 51 0 -13
BITMAP
000780
000780
000780
000780
000780
000780
000780
000780
000780
000780
000780
000780
000780
000780
000780
000780
000780
000780
000780
000780
000780
000780
000780
FFFF80
FFFF80
FFFF80
FFFF80
000780
000780
000780
000780
000780
000780
000780
000780
000780
000780
000780
000780
000780
000780
000780
000780
000780
000780
000780
000780
000780
000780
000780
000780
ENDCHAR
STARTCHAR SF060000
ENCODING 9516
SWIDTH 708 0
DWIDTH 30 0
BBX 30 28 0 -13
BITMAP
FFFFFFFC
FFFFFFFC
FFFFFFFC
FFFFFFFC
00078000
00078000
00078000
00078000
00078000
00078000
00078000
00078000
00078000
00078000
00078000
00078000
00078000
00078000
00078000
00078000
00078000
00078000
00078000
00078000
00078000
00078000
00078000
00078000
ENDCHAR
STARTCHAR SF070000
ENCODING 9524
SWIDTH 708 0
DWIDTH 30 0
BBX 30 27 0 11
BITMAP
00078000
00078000
00078000
00078000
00078000
00078000
00078000
00078000
00078000
00078000
00078000
00078000
00078000
00078000
00078000
00078000
00078000
00078000
00078000
00078000
00078000
00078000
00078000
FFFFFFFC
FFFFFFFC
FFFFFFFC
FFFFFFFC
ENDCHAR
STARTCHAR SF050000
ENCODING 9532
SWIDTH 708 0
DWIDTH 30 0
BBX 30 51 0 -13
BITMAP
00078000
00078000
00078000
00078000
00078000
00078000
00078000
00078000
00078000
00078000
00078000
00078000
00078000
00078000
00078000
00078000
00078000
00078000
00078000
00078000
00078000
00078000
00078000
FFFFFFFC
FFFFFFFC
FFFFFFFC
FFFFFFFC
00078000
00078000
00078000
00078000
00078000
00078000
00078000
00078000
00078000
00078000
00078000
00078000
00078000
00078000
00078000
00078000
00078000
00078000
00078000
00078000
00078000
00078000
00078000
00078000
ENDCHAR
STARTCHAR SF430000
ENCODING 9552
SWIDTH 708 0
DWIDTH 30 0
BBX 30 11 0 7
BITMAP
FFFFFFFC
FFFFFFFC
FFFFFFFC
00000000
00000000
00000000
00000000
FFFFFFFC
FFFFFFFC
FFFFFFFC
FFFFFFFC
ENDCHAR
STARTCHAR SF240000
ENCODING 9553
SWIDTH 708 0
DWIDTH 30 0
BBX 12 51 9 -13
BITMAP
F0F0
F0F0
F0F0
F0F0
F0F0
F0F0
F0F0
F0F0
F0F0
F0F0
F0F0
F0F0
F0F0
F0F0
F0F0
F0F0
F0F0
F0F0
F0F0
F0F0
F0F0
F0F0
F0F0
F0F0
F0F0
F0F0
F0F0
F0F0
F0F0
F0F0
F0F0
F0F0
F0F0
F0F0
F0F0
F0F0
F0F0
F0F0
F0F0
F0F0
F0F0
F0F0
F0F0
F0F0
F0F0
F0F0
F0F0
F0F0
F0F0
F0F0
F0F0
ENDCHAR
STARTCHAR SF510000
ENCODING 9554
SWIDTH 708 0
DWIDTH 30 0
BBX 17 31 13 -13
BITMAP
FFFF80
FFFF80
FFFF80
F00000
F00000
F00000
F00000
FFFF80
FFFF80
FFFF80
FFFF80
F00000
F00000
F00000
F00000
F00000
F00000
F00000
F00000
F00000
F00000
F00000
F00000
F00000
F00000
F00000
F00000
F00000
F00000
F00000
F00000
ENDCHAR
STARTCHAR SF520000
ENCODING 9555
SWIDTH 708 0
DWIDTH 30 0
BBX 21 28 9 -13
BITMAP
FFFFF8
FFFFF8
FFFFF8
FFFFF8
F0F000
F0F000
F0F000
F0F000
F0F000
F0F000
F0F000
F0F000
F0F000
F0F000
F0F000
F0F000
F0F000
F0F000
F0F000
F0F000
F0F000
F0F000
F0F000
F0F000
F0F000
F0F000
F0F000
F0F000
ENDCHAR
STARTCHAR SF390000
ENCODING 9556
SWIDTH 708 0
DWIDTH 30 0
BBX 21 31 9 -13
BITMAP
FFFFF8
FFFFF8
FFFFF8
F00000
F00000
F00000
F00000
F0FFF8
F0FFF8
F0FFF8
F0FFF8
F0F000
F0F000
F0F000
F0F000
F0F000
F0F000
F0F000
F0F000
F0F000
F0F000
F0F000
F0F000
F0F000
F0F000
F0F000
F0F000
F0F000
F0F000
F0F000
F0F000
ENDCHAR
STARTCHAR SF220000
ENCODING 9557
SWIDTH 708 0
DWIDTH 30 0
BBX 17 31 0 -13
BITMAP
FFFF80
FFFF80
FFFF80
000780
000780
000780
000780
FFFF80
FFFF80
FFFF80
FFFF80
000780
000780
000780
000780
000780
000780
000780
000780
000780
000780
000780
000780
000780
000780
000780
000780
000780
000780
000780
000780
ENDCHAR
STARTCHAR SF210000
ENCODING 9558
SWIDTH 708 0
DWIDTH 30 0
BBX 21 28 0 -13
BITMAP
FFFFF8
FFFFF8
FFFFF8
FFFFF8
007878
007878
007878
007878
007878
007878
007878
007878
007878
007878
007878
007878
007878
007878
007878
007878
007878
007878
007878
007878
007878
007878
007878
007878
ENDCHAR
STARTCHAR SF250000
ENCODING 9559
SWIDTH 708 0
DWIDTH 30 0
BBX 21 31 0 -13
BITMAP
FFFFF8
FFFFF8
FFFFF8
000078
000078
000078
000078
FFF878
FFF878
FFF878
FFF878
007878
007878
007878
007878
007878
007878
007878
007878
007878
007878
007878
007878
007878
007878
007878
007878
007878
007878
007878
007878
ENDCHAR
STARTCHAR SF500000
ENCODING 9560
SWIDTH 708 0
DWIDTH 30 0
BBX 17 31 13 7
BITMAP
F00000
F00000
F00000
F00000
F00000
F00000
F00000
F00000
F00000
F00000
F00000
F00000
F00000
F00000
F00000
F00000
F00000
F00000
F00000
F00000
FFFF80
FFFF80
FFFF80
F00000
F00000
F00000
F00000
FFFF80
FFFF80
FFFF80
FFFF80
ENDCHAR
STARTCHAR SF490000
ENCODING 9561
SWIDTH 708 0
DWIDTH 30 0
BBX 21 27 9 11
BITMAP
F0F000
F0F000
F0F000
F0F000
F0F000
F0F000
F0F000
F0F000
F0F000
F0F000
F0F000
F0F000
F0F000
F0F000
F0F000
F0F000
F0F000
F0F000
F0F000
F0F000
F0F000
F0F000
F0F000
FFFFF8
FFFFF8
FFFFF8
FFFFF8
ENDCHAR
STARTCHAR SF380000
ENCODING 9562
SWIDTH 708 0
DWIDTH 30 0
BBX 21 31 9 7
BITMAP
F0F000
F0F000
F0F000
F0F000
F0F000
F0F000
F0F000
F0F000
F0F000
F0F000
F0F000
F0F000
F0F000
F0F000
F0F000
F0F000
F0F000
F0F000
F0F000
F0F000
F0FFF8
F0FFF8
F0FFF8
F00000
F00000
F00000
F00000
FFFFF8
FFFFF8
FFFFF8
FFFFF8
ENDCHAR
STARTCHAR SF280000
ENCODING 9563
SWIDTH 708 0
DWIDTH 30 0
BBX 17 31 0 7
BITMAP
000780
000780
000780
000780
000780
000780
000780
000780
000780
000780
000780
000780
000780
000780
000780
000780
000780
000780
000780
000780
FFFF80
FFFF80
FFFF80
000780
000780
000780
000780
FFFF80
FFFF80
FFFF80
FFFF80
ENDCHAR
STARTCHAR SF270000
ENCODING 9564
SWIDTH 708 0
DWIDTH 30 0
BBX 21 27 0 11
BITMAP
007878
007878
007878
007878
007878
007878
007878
007878
007878
007878
007878
007878
007878
007878
007878
007878
007878
007878
007878
007878
007878
007878
007878
FFFFF8
FFFFF8
FFFFF8
FFFFF8
ENDCHAR
STARTCHAR SF260000
ENCODING 9565
SWIDTH 708 0
DWIDTH 30 0
BBX 21 31 0 7
BITMAP
007878
007878
007878
007878
007878
007878
007878
007878
007878
007878
007878
007878
007878
007878
007878
007878
007878
007878
007878
007878
FFF878
FFF878
FFF878
000078
000078
000078
000078
FFFFF8
FFFFF8
FFFFF8
FFFFF8
ENDCHAR
STARTCHAR SF360000
ENCODING 9566
SWIDTH 708 0
DWIDTH 30 0
BBX 17 51 13 -13
BITMAP
F00000
F00000
F00000
F00000
F00000
F00000
F00000
F00000
F00000
F00000
F00000
F00000
F00000
F00000
F00000
F00000
F00000
F00000
F00000
F00000
FFFF80
FFFF80
FFFF80
F00000
F00000
F00000
F00000
FFFF80
FFFF80
FFFF80
FFFF80
F00000
F00000
F00000
F00000
F00000
F00000
F00000
F00000
F00000
F00000
F00000
F00000
F00000
F00000
F00000
F00000
F00000
F00000
F00000
F00000
ENDCHAR
STARTCHAR SF370000
ENCODING 9567
SWIDTH 708 0
DWIDTH 30 0
BBX 21 51 9 -13
BITMAP
F0F000
F0F000
F0F000
F0F000
F0F000
F0F000
F0F000
F0F000
F0F000
F0F000
F0F000
F0F000
F0F000
F0F000
F0F000
F0F000
F0F000
F0F000
F0F000
F0F000
F0F000
F0F000
F0F000
F0FFF8
F0FFF8
F0FFF8
F0FFF8
F0F000
F0F000
F0F000
F0F000
F0F000
F0F000
F0F000
F0F000
F0F000
F0F000
F0F000
F0F000
F0F000
F0F000
F0F000
F0F000
F0F000
F0F000
F0F000
F0F000
F0F000
F0F000
F0F000
F0F000
ENDCHAR
STARTCHAR SF420000
ENCODING 9568
SWIDTH 708 0
DWIDTH 30 0
BBX 21 51 9 -13
BITMAP
F0F000
F0F000
F0F000
F0F000
F0F000
F0F000
F0F000
F0F000
F0F000
F0F000
F0F000
F0F000
F0F000
F0F000
F0F000
F0F000
F0F000
F0F000
F0F000
F0F000
F0FFF8
F0FFF8
F0FFF8
F00000
F00000
F00000
F00000
F0FFF8
F0FFF8
F0FFF8
F0FFF8
F0F000
F0F000
F0F000
F0F000
F0F000
F0F000
F0F000
F0F000
F0F000
F0F000
F0F000
F0F000
F0F000
F0F000
F0F000
F0F000
F0F000
F0F000
F0F000
F0F000
ENDCHAR
STARTCHAR SF190000
ENCODING 9569
SWIDTH 708 0
DWIDTH 30 0
BBX 17 51 0 -13
BITMAP
000780
000780
000780
000780
000780
000780
000780
000780
000780
000780
000780
000780
000780
000780
000780
000780
000780
000780
000780
000780
FFFF80
FFFF80
FFFF80
000780
000780
000780
000780
FFFF80
FFFF80
FFFF80
FFFF80
000780
000780
000780
000780
000780
000780
000780
000780
000780
000780
000780
000780
000780
000780
000780
000780
000780
000780
000780
000780
ENDCHAR
STARTCHAR SF200000
ENCODING 9570
SWIDTH 708 0
DWIDTH 30 0
BBX 21 51 0 -13
BITMAP
007878
007878
007878
007878
007878
007878
007878
007878
007878
007878
007878
007878
007878
007878
007878
007878
007878
007878
007878
007878
007878
007878
007878
FFF878
FFF878
FFF878
FFF878
007878
007878
007878
007878
007878
007878
007878
007878
007878
007878
007878
007878
007878
007878
007878
007878
007878
007878
007878
007878
007878
007878
007878
007878
ENDCHAR
STARTCHAR SF230000
ENCODING 9571
SWIDTH 708 0
DWIDTH 30 0
BBX 21 51 0 -13
BITMAP
007878
007878
007878
007878
007878
007878
007878
007878
007878
007878
007878
007878
007878
007878
007878
007878
007878
007878
007878
007878
FFF878
FFF878
FFF878
000078
000078
000078
000078
FFF878
FFF878
FFF878
FFF878
007878
007878
007878
007878
007878
007878
007878
007878
007878
007878
007878
007878
007878
007878
007878
007878
007878
007878
007878
007878
ENDCHAR
STARTCHAR SF470000
ENCODING 9572
SWIDTH 708 0
DWIDTH 30 0
BBX 30 31 0 -13
BITMAP
FFFFFFFC
FFFFFFFC
FFFFFFFC
00000000
00000000
00000000
00000000
FFFFFFFC
FFFFFFFC
FFFFFFFC
FFFFFFFC
00078000
00078000
00078000
00078000
00078000
00078000
00078000
00078000
00078000
00078000
00078000
00078000
00078000
00078000
00078000
00078000
00078000
00078000
00078000
00078000
ENDCHAR
STARTCHAR SF480000
ENCODING 9573
SWIDTH 708 0
DWIDTH 30 0
BBX 30 28 0 -13
BITMAP
FFFFFFFC
FFFFFFFC
FFFFFFFC
FFFFFFFC
00787800
00787800
00787800
00787800
00787800
00787800
00787800
00787800
00787800
00787800
00787800
00787800
00787800
00787800
00787800
00787800
00787800
00787800
00787800
00787800
00787800
00787800
00787800
00787800
ENDCHAR
STARTCHAR SF410000
ENCODING 9574
SWIDTH 708 0
DWIDTH 30 0
BBX 30 31 0 -13
BITMAP
FFFFFFFC
FFFFFFFC
FFFFFFFC
00000000
00000000
00000000
00000000
FFF87FFC
FFF87FFC
FFF87FFC
FFF87FFC
00787800
00787800
00787800
00787800
00787800
00787800
00787800
00787800
00787800
00787800
00787800
00787800
00787800
00787800
00787800
00787800
00787800
00787800
00787800
00787800
ENDCHAR
STARTCHAR SF450000
ENCODING 9575
SWIDTH 708 0
DWIDTH 30 0
BBX 30 31 0 7
BITMAP
00078000
00078000
00078000
00078000
00078000
00078000
00078000
00078000
00078000
00078000
00078000
00078000
00078000
00078000
00078000
00078000
00078000
00078000
00078000
00078000
FFFFFFFC
FFFFFFFC
FFFFFFFC
00000000
00000000
00000000
00000000
FFFFFFFC
FFFFFFFC
FFFFFFFC
FFFFFFFC
ENDCHAR
STARTCHAR SF460000
ENCODING 9576
SWIDTH 708 0
DWIDTH 30 0
BBX 30 27 0 11
BITMAP
00787800
00787800
00787800
00787800
00787800
00787800
00787800
00787800
00787800
00787800
00787800
00787800
00787800
00787800
00787800
00787800
00787800
00787800
00787800
00787800
00787800
00787800
00787800
FFFFFFFC
FFFFFFFC
FFFFFFFC
FFFFFFFC
ENDCHAR
STARTCHAR SF400000
ENCODING 9577
SWIDTH 708 0
DWIDTH 30 0
BBX 30 31 0 7
BITMAP
00787800
00787800
00787800
00787800
00787800
00787800
00787800
00787800
00787800
00787800
00787800
00787800
00787800
00787800
00787800
00787800
00787800
00787800
00787800
00787800
FFF87FFC
FFF87FFC
FFF87FFC
00000000
00000000
00000000
00000000
FFFFFFFC
FFFFFFFC
FFFFFFFC
FFFFFFFC
ENDCHAR
STARTCHAR SF540000
ENCODING 9578
SWIDTH 708 0
DWIDTH 30 0
BBX 30 51 0 -13
BITMAP
00078000
00078000
00078000
00078000
00078000
00078000
00078000
00078000
00078000
00078000
00078000
00078000
00078000
00078000
00078000
00078000
00078000
00078000
00078000
00078000
FFFFFFFC
FFFFFFFC
FFFFFFFC
00078000
00078000
00078000
00078000
FFFFFFFC
FFFFFFFC
FFFFFFFC
FFFFFFFC
00078000
00078000
00078000
00078000
00078000
00078000
00078000
00078000
00078000
00078000
00078000
00078000
00078000
00078000
00078000
00078000
00078000
00078000
00078000
00078000
ENDCHAR
STARTCHAR SF530000
ENCODING 9579
SWIDTH 708 0
DWIDTH 30 0
BBX 30 51 0 -13
BITMAP
00787800
00787800
00787800
00787800
00787800
00787800
00787800
00787800
00787800
00787800
00787800
00787800
00787800
00787800
00787800
00787800
00787800
00787800
00787800
00787800
00787800
00787800
00787800
FFFFFFFC
FFFFFFFC
FFFFFFFC
FFFFFFFC
00787800
00787800
00787800
00787800
00787800
00787800
00787800
00787800
00787800
00787800
00787800
00787800
00787800
00787800
00787800
00787800
00787800
00787800
00787800
00787800
00787800
00787800
00787800
00787800
ENDCHAR
STARTCHAR SF440000
ENCODING 9580
SWIDTH 708 0
DWIDTH 30 0
BBX 30 51 0 -13
BITMAP
00787800
00787800
00787800
00787800
00787800
00787800
00787800
00787800
00787800
00787800
00787800
00787800
00787800
00787800
00787800
00787800
00787800
00787800
00787800
00787800
FFF87FFC
FFF87FFC
FFF87FFC
00000000
00000000
00000000
00000000
FFF87FFC
FFF87FFC
FFF87FFC
FFF87FFC
00787800
00787800
00787800
00787800
00787800
00787800
00787800
00787800
00787800
00787800
00787800
00787800
00787800
00787800
00787800
00787800
00787800
00787800
00787800
00787800
ENDCHAR
STARTCHAR upblock
ENCODING 9600
SWIDTH 708 0
DWIDTH 30 0
BBX 30 25 0 13
BITMAP
FFFFFFFC
FFFFFFFC
FFFFFFFC
FFFFFFFC
FFFFFFFC
FFFFFFFC
FFFFFFFC
FFFFFFFC
FFFFFFFC
FFFFFFFC
FFFFFFFC
FFFFFFFC
FFFFFFFC
FFFFFFFC
FFFFFFFC
FFFFFFFC
FFFFFFFC
FFFFFFFC
FFFFFFFC
FFFFFFFC
FFFFFFFC
FFFFFFFC
FFFFFFFC
FFFFFFFC
FFFFFFFC
ENDCHAR
STARTCHAR dnblock
ENCODING 9604
SWIDTH 708 0
DWIDTH 30 0
BBX 30 26 0 -13
BITMAP
FFFFFFFC
FFFFFFFC
FFFFFFFC
FFFFFFFC
FFFFFFFC
FFFFFFFC
FFFFFFFC
FFFFFFFC
FFFFFFFC
FFFFFFFC
FFFFFFFC
FFFFFFFC
FFFFFFFC
FFFFFFFC
FFFFFFFC
FFFFFFFC
FFFFFFFC
FFFFFFFC
FFFFFFFC
FFFFFFFC
FFFFFFFC
FFFFFFFC
FFFFFFFC
FFFFFFFC
FFFFFFFC
FFFFFFFC
ENDCHAR
STARTCHAR block
ENCODING 9608
SWIDTH 708 0
DWIDTH 30 0
BBX 30 51 0 -13
BITMAP
FFFFFFFC
FFFFFFFC
FFFFFFFC
FFFFFFFC
FFFFFFFC
FFFFFFFC
FFFFFFFC
FFFFFFFC
FFFFFFFC
FFFFFFFC
FFFFFFFC
FFFFFFFC
FFFFFFFC
FFFFFFFC
FFFFFFFC
FFFFFFFC
FFFFFFFC
FFFFFFFC
FFFFFFFC
FFFFFFFC
FFFFFFFC
FFFFFFFC
FFFFFFFC
FFFFFFFC
FFFFFFFC
FFFFFFFC
FFFFFFFC
FFFFFFFC
FFFFFFFC
FFFFFFFC
FFFFFFFC
FFFFFFFC
FFFFFFFC
FFFFFFFC
FFFFFFFC
FFFFFFFC
FFFFFFFC
FFFFFFFC
FFFFFFFC
FFFFFFFC
FFFFFFFC
FFFFFFFC
FFFFFFFC
FFFFFFFC
FFFFFFFC
FFFFFFFC
FFFFFFFC
FFFFFFFC
FFFFFFFC
FFFFFFFC
FFFFFFFC
ENDCHAR
STARTCHAR lfblock
ENCODING 9612
SWIDTH 708 0
DWIDTH 30 0
BBX 15 51 0 -13
BITMAP
FFFE
FFFE
FFFE
FFFE
FFFE
FFFE
FFFE
FFFE
FFFE
FFFE
FFFE
FFFE
FFFE
FFFE
FFFE
FFFE
FFFE
FFFE
FFFE
FFFE
FFFE
FFFE
FFFE
FFFE
FFFE
FFFE
FFFE
FFFE
FFFE
FFFE
FFFE
FFFE
FFFE
FFFE
FFFE
FFFE
FFFE
FFFE
FFFE
FFFE
FFFE
FFFE
FFFE
FFFE
FFFE
FFFE
FFFE
FFFE
FFFE
FFFE
FFFE
ENDCHAR
STARTCHAR rtblock
ENCODING 9616
SWIDTH 708 0
DWIDTH 30 0
BBX 15 51 15 -13
BITMAP
FFFE
FFFE
FFFE
FFFE
FFFE
FFFE
FFFE
FFFE
FFFE
FFFE
FFFE
FFFE
FFFE
FFFE
FFFE
FFFE
FFFE
FFFE
FFFE
FFFE
FFFE
FFFE
FFFE
FFFE
FFFE
FFFE
FFFE
FFFE
FFFE
FFFE
FFFE
FFFE
FFFE
FFFE
FFFE
FFFE
FFFE
FFFE
FFFE
FFFE
FFFE
FFFE
FFFE
FFFE
FFFE
FFFE
FFFE
FFFE
FFFE
FFFE
FFFE
ENDCHAR
STARTCHAR ltshade
ENCODING 9617
SWIDTH 708 0
DWIDTH 30 0
BBX 28 48 2 -10
BITMAP
E0380600
E0380600
00000000
00000000
00000000
0701C030
0701C030
00000000
00000000
00000000
E0380600
E0380600
E0380600
00000000
00000000
0701C030
0701C030
0701C030
00000000
00000000
E0380600
E0380600
E0380600
00000000
00000000
0701C030
0701C030
0701C030
00000000
00000000
E0380600
E0380600
E0380600
00000000
00000000
00000000
0701C030
0701C030
00000000
00000000
00000000
E0380600
E0380600
00000000
00000000
00000000
0701C030
0701C030
ENDCHAR
STARTCHAR shade
ENCODING 9618
SWIDTH 708 0
DWIDTH 30 0
BBX 30 48 0 -10
BITMAP
39CE718C
39CE718C
00000000
00000000
00000000
C6318E70
C6318E70
00000000
00000000
00000000
39CE718C
39CE718C
39CE718C
00000000
00000000
C6318E70
C6318E70
C6318E70
00000000
00000000
39CE718C
39CE718C
39CE718C
00000000
00000000
C6318E70
C6318E70
C6318E70
00000000
00000000
39CE718C
39CE718C
39CE718C
00000000
00000000
00000000
C6318E70
C6318E70
00000000
00000000
00000000
39CE718C
39CE718C
00000000
00000000
00000000
C6318E70
C6318E70
ENDCHAR
STARTCHAR dkshade
ENCODING 9619
SWIDTH 729 0
DWIDTH 31 0
BBX 31 51 0 -13
BITMAP
18C631CE
18C631CE
FFFFFFFE
FFFFFFFE
FFFFFFFE
E739CE30
E739CE30
FFFFFFFE
FFFFFFFE
FFFFFFFE
18C631CE
18C631CE
18C631CE
FFFFFFFE
FFFFFFFE
E739CE30
E739CE30
E739CE30
FFFFFFFE
FFFFFFFE
18C631CE
18C631CE
18C631CE
FFFFFFFE
FFFFFFFE
E739CE30
E739CE30
E739CE30
FFFFFFFE
FFFFFFFE
18C631CE
18C631CE
18C631CE
FFFFFFFE
FFFFFFFE
FFFFFFFE
E739CE30
E739CE30
FFFFFFFE
FFFFFFFE
FFFFFFFE
18C631CE
18C631CE
FFFFFFFE
FFFFFFFE
FFFFFFFE
E739CE30
E739CE30
FFFFFFFE
FFFFFFFE
FFFFFFFE
ENDCHAR
STARTCHAR filledbox
ENCODING 9632
SWIDTH 604 0
DWIDTH 25 0
BBX 19 19 3 0
BITMAP
FFFFE0
FFFFE0
FFFFE0
FFFFE0
FFFFE0
FFFFE0
FFFFE0
FFFFE0
FFFFE0
FFFFE0
FFFFE0
FFFFE0
FFFFE0
FFFFE0
FFFFE0
FFFFE0
FFFFE0
FFFFE0
FFFFE0
ENDCHAR
STARTCHAR H22073
ENCODING 9633
SWIDTH 604 0
DWIDTH 25 0
BBX 19 19 3 0
BITMAP
FFFFE0
C00020
C00020
C00020
C00020
C00020
C00020
C00020
C00020
C00020
C00020
C00020
C00020
C00020
C00020
C00020
C00020
FFFFE0
FFFFE0
ENDCHAR
STARTCHAR H18543
ENCODING 9642
SWIDTH 354 0
DWIDTH 15 0
BBX 9 10 3 9
BITMAP
FF80
FF80
FF80
FF80
FF80
FF80
FF80
FF80
FF80
FF80
ENDCHAR
STARTCHAR H18551
ENCODING 9643
SWIDTH 354 0
DWIDTH 15 0
BBX 9 10 3 9
BITMAP
FF80
FF80
8080
8080
8080
8080
8080
8080
FF80
FF80
ENDCHAR
STARTCHAR filledrect
ENCODING 9644
SWIDTH 1000 0
DWIDTH 42 0
BBX 42 8 0 6
BITMAP
FFFFFFFFFFC0
FFFFFFFFFFC0
FFFFFFFFFFC0
FFFFFFFFFFC0
FFFFFFFFFFC0
FFFFFFFFFFC0
FFFFFFFFFFC0
FFFFFFFFFFC0
ENDCHAR
STARTCHAR triagup
ENCODING 9650
SWIDTH 989 0
DWIDTH 42 0
BBX 29 29 6 0
BITMAP
00020000
00030000
00070000
00078000
000F8000
000FC000
001FC000
001FE000
003FE000
003FF000
007FF000
007FF800
00FFF800
00FFFC00
01FFFC00
01FFFE00
03FFFE00
03FFFF00
07FFFF00
07FFFF80
0FFFFF80
0FFFFFC0
1FFFFFC0
1FFFFFE0
3FFFFFE0
3FFFFFF0
7FFFFFF0
7FFFFFF8
FFFFFFF8
ENDCHAR
STARTCHAR triagrt
ENCODING 9658
SWIDTH 989 0
DWIDTH 42 0
BBX 29 29 6 0
BITMAP
80000000
E0000000
F8000000
FE000000
FF800000
FFE00000
FFF80000
FFFE0000
FFFF8000
FFFFE000
FFFFF800
FFFFFE00
FFFFFF80
FFFFFFE0
FFFFFFF8
FFFFFFF0
FFFFFFC0
FFFFFF00
FFFFFC00
FFFFF000
FFFFC000
FFFF0000
FFFC0000
FFF00000
FFC00000
FF000000
FC000000
F0000000
C0000000
ENDCHAR
STARTCHAR triagdn
ENCODING 9660
SWIDTH 989 0
DWIDTH 42 0
BBX 28 28 7 0
BITMAP
FFFFFFF0
FFFFFFE0
7FFFFFE0
7FFFFFC0
3FFFFFC0
3FFFFF80
1FFFFF80
1FFFFF00
0FFFFF00
0FFFFE00
07FFFE00
07FFFC00
03FFFC00
03FFF800
01FFF800
01FFF000
00FFF000
00FFE000
007FE000
007FC000
003FC000
003F8000
001F8000
001F0000
000F0000
000E0000
00060000
00040000
ENDCHAR
STARTCHAR triaglf
ENCODING 9668
SWIDTH 989 0
DWIDTH 42 0
BBX 30 30 6 -1
BITMAP
00000004
0000001C
0000007C
000003FC
00000FFC
00003FFC
0000FFFC
0003FFFC
000FFFFC
003FFFFC
00FFFFFC
03FFFFFC
0FFFFFFC
3FFFFFFC
FFFFFFFC
7FFFFFFC
1FFFFFFC
07FFFFFC
01FFFFFC
007FFFFC
001FFFFC
0007FFFC
0001FFFC
00007FFC
00001FFC
000007FC
000001FC
0000007C
0000001C
00000004
ENDCHAR
STARTCHAR lozenge
ENCODING 9674
SWIDTH 494 0
DWIDTH 21 0
BBX 19 30 1 0
BITMAP
00E000
01E000
01B000
033000
031800
061C00
060C00
0C0E00
0C0600
180300
380300
300180
7001C0
6000C0
C000E0
C00060
6000C0
7001C0
300180
380300
180300
1C0600
0C0600
060C00
061C00
031800
033000
01B000
01E000
00E000
ENDCHAR
STARTCHAR circle
ENCODING 9675
SWIDTH 604 0
DWIDTH 25 0
BBX 18 18 4 3
BITMAP
03E000
0FF800
180E00
300300
600100
C00180
C00080
8000C0
8000C0
8000C0
8000C0
C00080
C00180
600180
600300
380600
1E3C00
07F000
ENDCHAR
STARTCHAR H18533
ENCODING 9679
SWIDTH 604 0
DWIDTH 25 0
BBX 18 18 4 3
BITMAP
03E000
0FF800
1FFE00
3FFF00
7FFF00
FFFF80
FFFF80
FFFFC0
FFFFC0
FFFFC0
FFFFC0
FFFF80
FFFF80
7FFF80
7FFF00
3FFE00
1FFC00
07F000
ENDCHAR
STARTCHAR invbullet
ENCODING 9688
SWIDTH 604 0
DWIDTH 25 0
BBX 20 20 3 0
BITMAP
FFFFF0
FFFFF0
FFFFF0
FFFFF0
FFFFF0
FFFFF0
FE0FF0
FC07F0
FC03F0
FC03F0
FC03F0
FC03F0
FC07F0
FF0FF0
FFFFF0
FFFFF0
FFFFF0
FFFFF0
FFFFF0
FFFFF0
ENDCHAR
STARTCHAR invcircle
ENCODING 9689
SWIDTH 604 0
DWIDTH 25 0
BBX 24 24 1 0
BITMAP
FFFFFF
FFFFFF
FFFFFF
FF83FF
FE00FF
FCFE3F
F9FF9F
F3FFDF
E7FFCF
E7FFEF
EFFFE7
EFFFE7
EFFFE7
EFFFE7
E7FFEF
E7FFCF
F3FFCF
F3FF9F
F8FF3F
FC387F
FF01FF
FFFFFF
FFFFFF
FFFFFF
ENDCHAR
STARTCHAR openbullet
ENCODING 9702
SWIDTH 354 0
DWIDTH 15 0
BBX 11 10 2 9
BITMAP
1F00
3F80
60C0
4040
C060
C060
C040
60C0
3180
1F00
ENDCHAR
STARTCHAR smileface
ENCODING 9786
SWIDTH 1020 0
DWIDTH 43 0
BBX 27 26 8 -2
BITMAP
001F0000
00FFE000
03E0F800
07001C00
0E000E00
1C000700
38000380
30000180
600000C0
61C070C0
61C070C0
C1C070C0
C0000040
C0000060
C0000040
400000C0
600000C0
608020C0
60C061C0
3071C180
383F8300
1C040700
0E000E00
07803C00
01FBF000
00FFC000
ENDCHAR
STARTCHAR invsmileface
ENCODING 9787
SWIDTH 1052 0
DWIDTH 44 0
BBX 26 26 9 -2
BITMAP
001E0000
00FFE000
03FFF000
07FFFC00
1FFFFE00
1FFFFF00
3FFFFF00
7FFFFF80
7FFFFF80
7E7F9FC0
FC3F0FC0
FE3F8FC0
FFFFFFC0
FFFFFFC0
FFFFFFC0
FFFFFFC0
FFFFFFC0
7E7F9FC0
7F3F9F80
7F1E3F80
3FC07F00
1FFBFE00
0FFFFC00
07FFF800
03FFF000
00FFC000
ENDCHAR
STARTCHAR sun
ENCODING 9788
SWIDTH 916 0
DWIDTH 39 0
BBX 38 38 0 -5
BITMAP
0000300000
0000300000
0000300000
0000300000
04003000C0
06003001C0
0300300380
0181FF0700
00C783CE00
007C00FC00
0038003800
0030001800
0060000C00
00C0000C00
00C0000600
0080000600
0180000200
0180000200
FF800003FC
0180000200
0180000200
0080000600
0080000600
00C0000400
0040000C00
0060001800
0030003000
007C007800
00EE01CC00
01C3FF8600
0380380300
0700300180
0E003000C0
0000300000
0000300000
0000300000
0000300000
0000300000
ENDCHAR
STARTCHAR female
ENCODING 9792
SWIDTH 750 0
DWIDTH 32 0
BBX 21 40 5 -9
BITMAP
00FC00
078700
0C01C0
100060
200020
600010
400018
400008
800008
800008
800008
800008
800008
800008
400008
400010
200010
300020
180040
0C0180
03FE00
003000
002000
002000
002000
002000
002000
002000
002000
002000
7FFFF8
002000
002000
002000
002000
002000
002000
002000
002000
002000
ENDCHAR
STARTCHAR male
ENCODING 9794
SWIDTH 750 0
DWIDTH 32 0
BBX 27 38 2 -5
BITMAP
00000700
00001F00
00007700
0001C580
00070C80
001C0880
00100880
00001080
000010C0
00003040
00002040
00006040
00004060
0000C020
00008000
00018000
00010000
01FF0000
07038000
0C00C000
10002000
30003000
20001000
40000800
40000800
C0000C00
80000400
80000400
80000400
C0000C00
40000800
40000800
60001800
20001000
10002000
08004000
06018000
01FE0000
ENDCHAR
STARTCHAR spade
ENCODING 9824
SWIDTH 531 0
DWIDTH 22 0
BBX 20 24 1 0
BITMAP
002000
006000
007000
00F000
01F800
03FC00
07FE00
0FFF00
1FFF80
3FFFC0
7FFFE0
7FFFF0
FFFFF0
FFFFF0
FFFFF0
FF9FF0
7FAFE0
3F27C0
002000
006000
00F000
00F800
03FE00
3FFFC0
ENDCHAR
STARTCHAR club
ENCODING 9827
SWIDTH 656 0
DWIDTH 28 0
BBX 25 25 1 0
BITMAP
003F0000
007F8000
00FFC000
01FFC000
01FFC000
01FFC000
01FFC000
00FFC000
1EFFBE00
3FFFFF00
7FFFFF80
FFFFFF80
FFFFFF80
FFFFFF80
FFFFFF80
FFF3FF80
7FEBFF80
3FC9FF00
1F8C7E00
000C0000
001C0000
003E0000
007F0000
01FFC000
0FFFF800
ENDCHAR
STARTCHAR heart
ENCODING 9829
SWIDTH 593 0
DWIDTH 25 0
BBX 23 25 1 0
BITMAP
1F01F0
3FC7F8
7FC7FC
FFEFFC
FFEFFE
FFFFFE
FFFFFC
7FFFFC
7FFFFC
3FFFF8
3FFFF8
1FFFF0
0FFFE0
0FFFE0
07FFC0
03FF80
01FF00
01FF00
00FE00
007C00
007C00
003800
003800
001000
001000
ENDCHAR
STARTCHAR diamond
ENCODING 9830
SWIDTH 510 0
DWIDTH 21 0
BBX 19 25 1 0
BITMAP
004000
006000
00E000
01F000
01F800
03FC00
07FC00
0FFE00
0FFF00
1FFF80
3FFF80
7FFFC0
FFFFE0
7FFFC0
3FFF80
1FFF80
1FFF00
0FFE00
07FC00
03FC00
03F800
01F000
00F000
00E000
004000
ENDCHAR
STARTCHAR musicalnote
ENCODING 9834
SWIDTH 500 0
DWIDTH 21 0
BBX 19 29 1 -1
BITMAP
007E00
007F80
007FC0
007FC0
007FE0
0061E0
0060E0
006060
006060
006060
006000
006000
006000
006000
006000
006000
006000
006000
006000
1F6000
7FE000
7FE000
FFE000
FFE000
FFE000
FFC000
FFC000
7F8000
1E0000
ENDCHAR
STARTCHAR musicalnotedbl
ENCODING 9835
SWIDTH 750 0
DWIDTH 32 0
BBX 25 34 2 -3
BITMAP
00000180
00000F80
00007F80
0003FF80
003FFF80
007FFF80
007FF980
007FC180
007E0180
00600180
00600180
00600180
00600180
00600180
00600180
00600180
00600180
00600180
00600180
00600180
00607F80
0061FF80
0061FF80
0063FF80
1F63FF80
7FE3FF80
FFE3FF80
FFE1FF00
FFE0FE00
FFE00000
FFC00000
FFC00000
7F800000
0C000000
ENDCHAR
STARTCHAR vavshindot
ENCODING 59393
SWIDTH 246 0
DWIDTH 10 0
BBX 8 28 -1 0
BITMAP
E0
E0
E0
00
00
00
0F
0F
0F
0F
0F
0F
0F
0F
0F
0F
0F
0F
0F
0F
0F
0F
0F
0F
0F
0F
0F
0F
ENDCHAR
STARTCHAR finalkafsheva
ENCODING 59394
SWIDTH 509 0
DWIDTH 21 0
BBX 17 31 1 -8
BITMAP
3FC000
FFF800
FFFC00
FFFE00
C07F00
001F00
000F80
000F80
000780
000780
000780
000780
000780
000780
000780
000780
060780
0E0780
060780
000780
060780
0E0780
060780
000780
000780
000780
000780
000780
000780
000780
000780
ENDCHAR
STARTCHAR finalkafqamats
ENCODING 59395
SWIDTH 509 0
DWIDTH 21 0
BBX 17 31 1 -8
BITMAP
3FC000
FFF800
FFFC00
FFFE00
C07F00
001F00
000F80
000F80
000780
000780
000780
000780
000780
000780
000780
000780
1FE780
1FE780
030780
030780
030780
030780
000780
000780
000780
000780
000780
000780
000780
000780
000780
ENDCHAR
STARTCHAR lamedholam
ENCODING 59396
SWIDTH 462 0
DWIDTH 19 0
BBX 20 30 -3 0
BITMAP
0F0000
0F0000
6F0000
EF0000
6F0000
0F0000
0F0000
0F0000
0FFFF0
0FFFF0
0FFFF0
0FFFF0
0000F0
0000F0
0000F0
0000F0
0000F0
0000E0
0001E0
0003C0
0007C0
000780
000F00
001F00
001E00
001E00
001E00
001E00
001E00
001E00
ENDCHAR
STARTCHAR lamedholamdagesh
ENCODING 59397
SWIDTH 462 0
DWIDTH 19 0
BBX 20 30 -3 0
BITMAP
0F0000
0F0000
6F0000
EF0000
6F0000
0F0000
0F0000
0F0000
0FFFF0
0FFFF0
0FFFF0
0FFFF0
0000F0
0000F0
0000F0
0000F0
0060F0
00E0E0
0061E0
0003C0
0007C0
000780
000F00
001F00
001E00
001E00
001E00
001E00
001E00
001E00
ENDCHAR
STARTCHAR afii62881
ENCODING 59416
SWIDTH 211 0
DWIDTH 9 0
BBX 10 12 0 25
BITMAP
0300
1E00
7C00
6300
1F00
7C00
6040
0440
44C0
CFC0
FF80
7000
ENDCHAR
STARTCHAR afii57391
ENCODING 59450
SWIDTH 638 0
DWIDTH 27 0
BBX 28 4 -1 6
BITMAP
FFFFFFF0
FFFFFFF0
FFFFFFF0
FFFFFFF0
ENDCHAR
STARTCHAR fi
ENCODING 61441
SWIDTH 500 0
DWIDTH 21 0
BBX 17 30 1 0
BITMAP
03F780
0FF780
0FF780
1F0780
1E0000
1E0000
1E0000
1E0000
FFE780
FFE780
FFE780
1E0780
1E0780
1E0780
1E0780
1E0780
1E0780
1E0780
1E0780
1E0780
1E0780
1E0780
1E0780
1E0780
1E0780
1E0780
1E0780
1E0780
1E0780
1E0780
ENDCHAR
STARTCHAR fl
ENCODING 61442
SWIDTH 500 0
DWIDTH 21 0
BBX 17 30 1 0
BITMAP
03F780
0FF780
0FF780
1F0780
1E0780
1E0780
1E0780
1E0780
FFE780
FFE780
FFE780
1E0780
1E0780
1E0780
1E0780
1E0780
1E0780
1E0780
1E0780
1E0780
1E0780
1E0780
1E0780
1E0780
1E0780
1E0780
1E0780
1E0780
1E0780
1E0780
ENDCHAR
STARTCHAR commaaccent
ENCODING 61444
SWIDTH 333 0
DWIDTH 14 0
BBX 4 9 5 -12
BITMAP
F0
F0
F0
F0
30
70
60
E0
40
ENDCHAR
STARTCHAR undercommaaccent
ENCODING 61445
SWIDTH 333 0
DWIDTH 14 0
BBX 10 7 2 -8
BITMAP
3E00
3F80
07C0
03C0
07C0
FF80
FE00
ENDCHAR
STARTCHAR uniF006
ENCODING 61446
SWIDTH 0 0
DWIDTH 0 0
BBX 7 3 -9 35
BITMAP
3E
7C
F0
ENDCHAR
STARTCHAR uniF007
ENCODING 61447
SWIDTH 0 0
DWIDTH 0 0
BBX 7 3 -17 35
BITMAP
3E
7C
F0
ENDCHAR
STARTCHAR uniF008
ENCODING 61448
SWIDTH 0 0
DWIDTH 0 0
BBX 8 6 -7 24
BITMAP
1F
3E
3C
78
70
E0
ENDCHAR
STARTCHAR uniF009
ENCODING 61449
SWIDTH 0 0
DWIDTH 0 0
BBX 8 6 -14 32
BITMAP
1F
3E
3C
78
70
E0
ENDCHAR
STARTCHAR uniF00A
ENCODING 61450
SWIDTH 0 0
DWIDTH 0 0
BBX 1 47 -1 -9
BITMAP
80
80
80
80
80
80
80
80
80
80
80
80
80
80
80
80
80
80
80
80
00
00
00
00
00
00
00
80
80
80
80
80
80
80
80
80
80
80
80
80
80
80
80
80
80
80
80
ENDCHAR
STARTCHAR uniF00B
ENCODING 61451
SWIDTH 0 0
DWIDTH 0 0
BBX 9 47 -5 -9
BITMAP
FF80
0800
0800
0800
0800
0800
0800
0800
0800
0800
0800
0800
0800
0800
0800
0800
0800
0800
0800
0800
0800
0800
0800
0800
0800
0800
0800
0800
0800
0800
0800
0800
0800
0800
0800
0800
0800
0800
0800
0800
0800
0800
0800
0800
0800
0800
FF80
ENDCHAR
STARTCHAR uniF00C
ENCODING 61452
SWIDTH 0 0
DWIDTH 0 0
BBX 5 47 -1 -9
BITMAP
80
C0
F0
F8
E0
C0
80
80
80
80
80
80
80
80
80
80
80
80
80
80
80
80
80
80
80
80
80
80
80
80
80
80
80
80
80
80
80
80
80
80
80
80
80
80
80
80
80
ENDCHAR
STARTCHAR uniF00D
ENCODING 61453
SWIDTH 0 0
DWIDTH 0 0
BBX 5 47 -5 -9
BITMAP
08
18
78
F8
38
18
08
08
08
08
08
08
08
08
08
08
08
08
08
08
08
08
08
08
08
08
08
08
08
08
08
08
08
08
08
08
08
08
08
08
08
08
08
08
08
08
08
ENDCHAR
STARTCHAR uniF00E
ENCODING 61454
SWIDTH 0 0
DWIDTH 0 0
BBX 5 47 -1 -9
BITMAP
80
80
80
80
80
80
80
80
80
80
80
80
80
80
80
80
80
80
80
80
80
80
80
80
80
80
80
80
80
80
80
80
80
80
80
80
80
80
80
80
80
80
80
80
80
80
F8
ENDCHAR
STARTCHAR uniF00F
ENCODING 61455
SWIDTH 0 0
DWIDTH 0 0
BBX 8 6 -18 24
BITMAP
F8
7C
3C
1E
0E
07
ENDCHAR
STARTCHAR uniF010
ENCODING 61456
SWIDTH 0 0
DWIDTH 0 0
BBX 8 3 -10 35
BITMAP
FE
07
1E
ENDCHAR
STARTCHAR uniF011
ENCODING 61457
SWIDTH 0 0
DWIDTH 0 0
BBX 8 3 -19 35
BITMAP
FE
07
1E
ENDCHAR
STARTCHAR uniF012
ENCODING 61458
SWIDTH 0 0
DWIDTH 0 0
BBX 9 7 -9 25
BITMAP
FC00
FF00
0F80
0780
0780
1E00
1800
ENDCHAR
STARTCHAR uniF013
ENCODING 61459
SWIDTH 0 0
DWIDTH 0 0
BBX 9 6 -16 32
BITMAP
FE00
FF00
0780
0780
1F00
1800
ENDCHAR
STARTCHAR uniF014
ENCODING 61460
SWIDTH 0 0
DWIDTH 0 0
BBX 9 7 -16 25
BITMAP
FC00
FF00
0F80
0780
0780
1E00
1800
ENDCHAR
STARTCHAR uniF015
ENCODING 61461
SWIDTH 0 0
DWIDTH 0 0
BBX 14 3 -21 35
BITMAP
3E0C
FFFC
C1F8
ENDCHAR
STARTCHAR uniF016
ENCODING 61462
SWIDTH 0 0
DWIDTH 0 0
BBX 14 5 -22 34
BITMAP
3C1C
7F3C
FFFC
E3F8
E0F0
ENDCHAR
STARTCHAR uniF017
ENCODING 61463
SWIDTH 0 0
DWIDTH 0 0
BBX 14 5 -27 34
BITMAP
3C1C
7F3C
FFFC
E3F8
E0F0
ENDCHAR
STARTCHAR uniF018
ENCODING 61464
SWIDTH 0 0
DWIDTH 0 0
BBX 14 5 -28 34
BITMAP
3C1C
7F3C
FFFC
E3F8
E0F0
ENDCHAR
STARTCHAR uniF019
ENCODING 61465
SWIDTH 0 0
DWIDTH 0 0
BBX 14 5 -19 25
BITMAP
3C1C
7F1C
FFFC
E3F8
E0F0
ENDCHAR
STARTCHAR uniF01A
ENCODING 61466
SWIDTH 0 0
DWIDTH 0 0
BBX 14 5 -23 25
BITMAP
3C1C
7F1C
FFFC
E3F8
E0F0
ENDCHAR
STARTCHAR uniF01B
ENCODING 61467
SWIDTH 0 0
DWIDTH 0 0
BBX 14 5 -24 25
BITMAP
3C1C
7F1C
FFFC
E3F8
E0F0
ENDCHAR
STARTCHAR uniF01C
ENCODING 61468
SWIDTH 0 0
DWIDTH 0 0
BBX 14 5 -13 34
BITMAP
3C1C
7F3C
FFFC
E3F8
E0F0
ENDCHAR
STARTCHAR uniF01D
ENCODING 61469
SWIDTH 0 0
DWIDTH 0 0
BBX 14 5 -12 25
BITMAP
3C1C
7F1C
FFFC
E3F8
E0F0
ENDCHAR
STARTCHAR uniF01E
ENCODING 61470
SWIDTH 0 0
DWIDTH 0 0
BBX 4 4 -16 -6
BITMAP
F0
F0
F0
F0
ENDCHAR
STARTCHAR uniF01F
ENCODING 61471
SWIDTH 0 0
DWIDTH 0 0
BBX 4 4 -18 -6
BITMAP
F0
F0
F0
F0
ENDCHAR
STARTCHAR uniF020
ENCODING 61472
SWIDTH 0 0
DWIDTH 0 0
BBX 4 4 -22 -6
BITMAP
F0
F0
F0
F0
ENDCHAR
STARTCHAR uniF021
ENCODING 61473
SWIDTH 0 0
DWIDTH 0 0
BBX 4 4 -17 -6
BITMAP
F0
F0
F0
F0
ENDCHAR
STARTCHAR uniF022
ENCODING 61474
SWIDTH 0 0
DWIDTH 0 0
BBX 4 4 -23 -6
BITMAP
F0
F0
F0
F0
ENDCHAR
STARTCHAR uniF023
ENCODING 61475
SWIDTH 0 0
DWIDTH 0 0
BBX 4 4 -14 -6
BITMAP
F0
F0
F0
F0
ENDCHAR
STARTCHAR uniF024
ENCODING 61476
SWIDTH 0 0
DWIDTH 0 0
BBX 4 4 -13 -6
BITMAP
F0
F0
F0
F0
ENDCHAR
STARTCHAR uniF025
ENCODING 61477
SWIDTH 0 0
DWIDTH 0 0
BBX 4 4 -14 -6
BITMAP
F0
F0
F0
F0
ENDCHAR
STARTCHAR uniF026
ENCODING 61478
SWIDTH 0 0
DWIDTH 0 0
BBX 4 4 -18 -6
BITMAP
F0
F0
F0
F0
ENDCHAR
STARTCHAR uniF027
ENCODING 61479
SWIDTH 0 0
DWIDTH 0 0
BBX 4 4 -15 -6
BITMAP
F0
F0
F0
F0
ENDCHAR
STARTCHAR uniF028
ENCODING 61480
SWIDTH 0 0
DWIDTH 0 0
BBX 4 4 -20 -6
BITMAP
F0
F0
F0
F0
ENDCHAR
STARTCHAR uniF029
ENCODING 61481
SWIDTH 0 0
DWIDTH 0 0
BBX 4 4 -8 -6
BITMAP
F0
F0
F0
F0
ENDCHAR
STARTCHAR uniF02A
ENCODING 61482
SWIDTH 0 0
DWIDTH 0 0
BBX 4 4 -6 -6
BITMAP
F0
F0
F0
F0
ENDCHAR
STARTCHAR uniF02B
ENCODING 61483
SWIDTH 0 0
DWIDTH 0 0
BBX 4 4 -16 -6
BITMAP
F0
F0
F0
F0
ENDCHAR
STARTCHAR uniF02C
ENCODING 61484
SWIDTH 0 0
DWIDTH 0 0
BBX 4 4 -5 -6
BITMAP
F0
F0
F0
F0
ENDCHAR
STARTCHAR uniF02D
ENCODING 61485
SWIDTH 0 0
DWIDTH 0 0
BBX 14 3 -21 35
BITMAP
3E0C
FFFC
C1F8
ENDCHAR
STARTCHAR uniF02E
ENCODING 61486
SWIDTH 0 0
DWIDTH 0 0
BBX 14 5 -21 34
BITMAP
3C1C
7F3C
FFFC
E3F8
E0F0
ENDCHAR
STARTCHAR uniF02F
ENCODING 61487
SWIDTH 0 0
DWIDTH 0 0
BBX 14 3 -23 35
BITMAP
3E0C
FFFC
C1F8
ENDCHAR
STARTCHAR uniF030
ENCODING 61488
SWIDTH 0 0
DWIDTH 0 0
BBX 14 5 -23 34
BITMAP
3C1C
7F3C
FFFC
E3F8
E0F0
ENDCHAR
STARTCHAR uniF031
ENCODING 61489
SWIDTH 222 0
DWIDTH 10 0
BBX 4 22 3 0
BITMAP
F0
F0
F0
F0
F0
F0
F0
F0
F0
F0
F0
F0
F0
F0
F0
F0
F0
F0
F0
F0
F0
F0
ENDCHAR
STARTCHAR fi.dup19
ENCODING 64257
SWIDTH 500 0
DWIDTH 21 0
BBX 17 30 1 0
BITMAP
03F780
0FF780
0FF780
1F0780
1E0000
1E0000
1E0000
1E0000
FFE780
FFE780
FFE780
1E0780
1E0780
1E0780
1E0780
1E0780
1E0780
1E0780
1E0780
1E0780
1E0780
1E0780
1E0780
1E0780
1E0780
1E0780
1E0780
1E0780
1E0780
1E0780
ENDCHAR
STARTCHAR fl.dup20
ENCODING 64258
SWIDTH 500 0
DWIDTH 21 0
BBX 17 30 1 0
BITMAP
03F780
0FF780
0FF780
1F0780
1E0780
1E0780
1E0780
1E0780
FFE780
FFE780
FFE780
1E0780
1E0780
1E0780
1E0780
1E0780
1E0780
1E0780
1E0780
1E0780
1E0780
1E0780
1E0780
1E0780
1E0780
1E0780
1E0780
1E0780
1E0780
1E0780
ENDCHAR
STARTCHAR uniFB1D
ENCODING 64285
SWIDTH 246 0
DWIDTH 10 0
BBX 4 17 3 5
BITMAP
F0
F0
F0
F0
F0
F0
F0
F0
F0
F0
F0
00
00
00
30
70
30
ENDCHAR
STARTCHAR uniFB1E
ENCODING 64286
SWIDTH 0 0
DWIDTH 0 0
BBX 13 6 -7 26
BITMAP
E038
F078
7070
7FF0
3FE0
0F80
ENDCHAR
STARTCHAR uniFB1F
ENCODING 64287
SWIDTH 493 0
DWIDTH 20 0
BBX 14 16 3 6
BITMAP
F03C
F03C
F03C
F03C
F03C
F03C
F03C
F03C
F03C
F03C
F03C
0000
0000
0000
FFFC
FFFC
ENDCHAR
STARTCHAR altayin
ENCODING 64288
SWIDTH 535 0
DWIDTH 22 0
BBX 19 22 0 0
BITMAP
3C01E0
3C01E0
3E01E0
1E01E0
1E01E0
1E01E0
1E01E0
1F01E0
0F01E0
0F01E0
0F01C0
0F03C0
0F03C0
0783C0
0787C0
078780
078F80
079F80
FFFF00
FFFE00
FFFC00
FFF000
ENDCHAR
STARTCHAR shinshindot
ENCODING 64298
SWIDTH 694 0
DWIDTH 29 0
BBX 25 28 2 0
BITMAP
00000300
00000700
00000300
00000000
00000000
00000000
F01E0780
F01E0780
F01E0780
F01E0780
F01E0780
F01E0F80
F01E0F00
F03C0F00
F03C0F00
F07C0F00
71FC0F00
7FF80F00
7FE01F00
7F801E00
78001E00
3C003E00
3E007C00
1F81FC00
0FFFF800
07FFF000
03FFC000
00FF0000
ENDCHAR
STARTCHAR shinsindot
ENCODING 64299
SWIDTH 694 0
DWIDTH 29 0
BBX 25 28 2 0
BITMAP
E0000000
E0000000
E0000000
00000000
00000000
00000000
F01E0780
F01E0780
F01E0780
F01E0780
F01E0780
F01E0F80
F01E0F00
F03C0F00
F03C0F00
F07C0F00
71FC0F00
7FF80F00
7FE01F00
7F801E00
78001E00
3C003E00
3E007C00
1F81FC00
0FFFF800
07FFF000
03FFC000
00FF0000
ENDCHAR
STARTCHAR shindageshshindot
ENCODING 64300
SWIDTH 694 0
DWIDTH 29 0
BBX 25 28 2 0
BITMAP
00000300
00000700
00000300
00000000
00000000
00000000
F01E0780
F01E0780
F01E0780
F01E0780
F01E0780
F01E0F80
F01E0F00
F03C0F00
F03C0F00
F07C0F00
71FDCF00
7FF9CF00
7FE1DF00
7F801E00
78001E00
3C003E00
3E007C00
1F81FC00
0FFFF800
07FFF000
03FFC000
00FF0000
ENDCHAR
STARTCHAR shindageshsindot
ENCODING 64301
SWIDTH 694 0
DWIDTH 29 0
BBX 25 28 2 0
BITMAP
E0000000
E0000000
E0000000
00000000
00000000
00000000
F01E0780
F01E0780
F01E0780
F01E0780
F01E0780
F01E0F80
F01E0F00
F03C0F00
F03C0F00
F07C0F00
71FDCF00
7FF9CF00
7FE1DF00
7F801E00
78001E00
3C003E00
3E007C00
1F81FC00
0FFFF800
07FFF000
03FFC000
00FF0000
ENDCHAR
STARTCHAR alefpatah
ENCODING 64302
SWIDTH 562 0
DWIDTH 24 0
BBX 21 28 2 -6
BITMAP
F800F0
7C00F0
3E00F0
1E00F0
1F01F0
0F81E0
07C1E0
07C1E0
0FE3E0
1FF7C0
3EFF80
3C7F00
787E00
783E00
781E00
781F00
780F80
7807C0
F003C0
F003E0
F001F0
F000F8
000000
000000
000000
000000
03FC00
03FC00
ENDCHAR
STARTCHAR alefqamats
ENCODING 64303
SWIDTH 562 0
DWIDTH 24 0
BBX 21 32 2 -10
BITMAP
F800F0
7C00F0
3E00F0
1E00F0
1F01F0
0F81E0
07C1E0
07C1E0
0FE3E0
1FF7C0
3EFF80
3C7F00
787E00
783E00
781E00
781F00
780F80
7807C0
F003C0
F003E0
F001F0
F000F8
000000
000000
000000
000000
03FC00
03FC00
006000
006000
006000
006000
ENDCHAR
STARTCHAR alefmapiq
ENCODING 64304
SWIDTH 562 0
DWIDTH 24 0
BBX 21 22 2 0
BITMAP
F800F0
7C00F0
3E00F0
1E00F0
1F01F0
0F81E0
07C1E0
07C1E0
0FE3E0
1FF7C0
3EFF80
3C7F00
787E00
783E00
781E00
781F00
780F80
79C7C0
F1C3C0
F1C3E0
F001F0
F000F8
ENDCHAR
STARTCHAR betdagesh
ENCODING 64305
SWIDTH 541 0
DWIDTH 23 0
BBX 21 23 1 0
BITMAP
FFE000
7FFC00
7FFE00
7FFF00
003F80
000F80
0007C0
0007C0
0003C0
0003C0
0303C0
0703C0
0303C0
0003C0
0003C0
0003C0
0003C0
0003C0
0003C0
FFFFF8
FFFFF8
FFFFF8
FFFFF8
ENDCHAR
STARTCHAR gimeldagesh
ENCODING 64306
SWIDTH 398 0
DWIDTH 17 0
BBX 15 23 1 0
BITMAP
3F80
3FE0
3FF0
3FF0
01F8
0078
0078
0078
0C78
1C78
0C78
0078
0078
01F8
07F8
0FF8
1FF8
3E3C
3C3C
7C3C
783C
F81E
F01E
ENDCHAR
STARTCHAR daletdagesh
ENCODING 64307
SWIDTH 508 0
DWIDTH 21 0
BBX 19 22 1 0
BITMAP
FFFFE0
FFFFE0
FFFFE0
FFFFE0
001E00
001E00
001E00
001E00
061E00
071E00
061E00
001E00
001E00
001E00
001E00
001E00
001E00
001E00
001E00
001E00
001E00
001E00
ENDCHAR
STARTCHAR hedagesh
ENCODING 64308
SWIDTH 602 0
DWIDTH 25 0
BBX 19 23 3 0
BITMAP
3FF000
FFFE00
FFFF00
FFFF80
C01FC0
0007C0
0003C0
0003E0
0001E0
0001E0
0001E0
F061E0
F0F1E0
F061E0
F001E0
F001E0
F001E0
F001E0
F001E0
F001E0
F001E0
F001E0
F001E0
ENDCHAR
STARTCHAR vavdagesh
ENCODING 64309
SWIDTH 286 0
DWIDTH 12 0
BBX 9 22 0 0
BITMAP
0780
0780
0780
0780
0780
0780
0780
0780
E780
E780
E780
0780
0780
0780
0780
0780
0780
0780
0780
0780
0780
0780
ENDCHAR
STARTCHAR zayindagesh
ENCODING 64310
SWIDTH 411 0
DWIDTH 17 0
BBX 16 22 0 0
BITMAP
1FFF
1FFF
1FFF
1FFF
007C
00F8
01F0
E1E0
E1E0
E1E0
01E0
01E0
01E0
01E0
00F0
00F0
00F0
00F0
00F0
00F0
00F0
00F0
ENDCHAR
STARTCHAR tetdagesh
ENCODING 64312
SWIDTH 589 0
DWIDTH 25 0
BBX 19 23 3 0
BITMAP
001F00
F03F80
F07FC0
F0FFC0
F0C3C0
F081E0
F001E0
F001E0
F001E0
F001E0
F061E0
F071E0
F061E0
F001E0
F001E0
F001E0
7803C0
7C07C0
7E0FC0
3FFF80
1FFF00
0FFE00
03F800
ENDCHAR
STARTCHAR yoddagesh
ENCODING 64313
SWIDTH 286 0
DWIDTH 12 0
BBX 9 11 0 11
BITMAP
0780
0780
0780
0780
0780
E780
E780
E780
0780
0780
0780
ENDCHAR
STARTCHAR finalkafdagesh
ENCODING 64314
SWIDTH 509 0
DWIDTH 21 0
BBX 17 31 1 -8
BITMAP
3FC000
FFF800
FFFC00
FFFE00
C07F00
001F00
000F80
000F80
000780
000780
000780
030780
070780
030780
000780
000780
000780
000780
000780
000780
000780
000780
000780
000780
000780
000780
000780
000780
000780
000780
000780
ENDCHAR
STARTCHAR kafdagesh
ENCODING 64315
SWIDTH 460 0
DWIDTH 19 0
BBX 15 23 2 0
BITMAP
7F00
FFC0
FFE0
7FF0
41F8
007C
003C
003C
001E
001E
0C1E
0E1E
0C1E
001E
001E
003C
003C
007C
41F8
7FF0
FFE0
FFC0
7F00
ENDCHAR
STARTCHAR lameddagesh
ENCODING 64316
SWIDTH 462 0
DWIDTH 19 0
BBX 16 30 1 0
BITMAP
F000
F000
F000
F000
F000
F000
F000
F000
FFFF
FFFF
FFFF
FFFF
000F
000F
000F
000F
060F
070E
061E
003C
007C
0078
00F0
01F0
01E0
01E0
01E0
01E0
01E0
01E0
ENDCHAR
STARTCHAR memdagesh
ENCODING 64318
SWIDTH 601 0
DWIDTH 25 0
BBX 20 23 2 0
BITMAP
003E00
F07F80
F1FFC0
F9FFC0
7BE3E0
7B81E0
3F81F0
3F00F0
3F00F0
1E00F0
1E18F0
1E1CF0
3C18F0
3C00F0
3C00F0
3C00F0
7C00F0
7800F0
7800F0
787FF0
787FF0
F07FF0
F07FF0
ENDCHAR
STARTCHAR nundagesh
ENCODING 64320
SWIDTH 352 0
DWIDTH 15 0
BBX 10 23 2 0
BITMAP
FC00
FF00
FF80
FF80
07C0
07C0
03C0
03C0
03C0
03C0
63C0
73C0
63C0
03C0
03C0
03C0
03C0
03C0
03C0
FFC0
FFC0
FFC0
FFC0
ENDCHAR
STARTCHAR samekhdagesh
ENCODING 64321
SWIDTH 574 0
DWIDTH 24 0
BBX 20 23 2 0
BITMAP
01F800
07FE00
1FFF80
3FFF80
3E0FC0
7C03E0
7801E0
F801E0
F000F0
F000F0
F0E0F0
F0E0F0
F0E0F0
F000F0
F000F0
F801F0
7801E0
7C03E0
3E07C0
3FFFC0
1FFF80
07FE00
01F800
ENDCHAR
STARTCHAR finalpedagesh
ENCODING 64323
SWIDTH 566 0
DWIDTH 24 0
BBX 19 31 2 -8
BITMAP
3FF000
FFFE00
FFFF00
FFFF80
F01FC0
F007C0
F003C0
F003E0
F001E0
F001E0
F001E0
F001E0
F871E0
7E71E0
7E71E0
3E01E0
0001E0
0001E0
0001E0
0001E0
0001E0
0001E0
0001E0
0001E0
0001E0
0001E0
0001E0
0001E0
0001E0
0001E0
0001E0
ENDCHAR
STARTCHAR pedagesh
ENCODING 64324
SWIDTH 546 0
DWIDTH 23 0
BBX 19 23 2 0
BITMAP
3FE000
FFFC00
FFFE00
FFFF00
F03F80
F00FC0
F007C0
F003E0
F001E0
F001E0
F871E0
7E71E0
7E71E0
1E01E0
0003E0
0003C0
0007C0
000F80
403F80
7FFF00
FFFE00
FFF800
7FE000
ENDCHAR
STARTCHAR tsadidagesh
ENCODING 64326
SWIDTH 478 0
DWIDTH 20 0
BBX 18 22 0 0
BITMAP
F803C0
7C03C0
7C03C0
3E03C0
1E03C0
1F03C0
0F8780
078780
07CF80
03DF00
61FC00
71F800
60F000
007800
007C00
003C00
001E00
001F00
7FFF80
7FFF80
7FFF80
7FFF80
ENDCHAR
STARTCHAR qofdagesh
ENCODING 64327
SWIDTH 549 0
DWIDTH 23 0
BBX 18 30 3 -8
BITMAP
FFFFC0
FFFFC0
FFFFC0
FFFFC0
0003C0
0003C0
0003C0
0003C0
0383C0
038380
F38780
F00F00
F01F00
F01E00
F03C00
F07C00
F07800
F07800
F07800
F07800
F07800
F07800
F00000
F00000
F00000
F00000
F00000
F00000
F00000
F00000
ENDCHAR
STARTCHAR reshdagesh
ENCODING 64328
SWIDTH 509 0
DWIDTH 21 0
BBX 18 23 0 0
BITMAP
3FE000
FFF800
FFFE00
FFFF00
C03F80
000F80
000780
0007C0
0003C0
0003C0
0003C0
0303C0
0703C0
0303C0
0003C0
0003C0
0003C0
0003C0
0003C0
0003C0
0003C0
0003C0
0003C0
ENDCHAR
STARTCHAR shindagesh
ENCODING 64329
SWIDTH 694 0
DWIDTH 29 0
BBX 25 22 2 0
BITMAP
F01E0780
F01E0780
F01E0780
F01E0780
F01E0780
F01E0F80
F01E0F00
F03C0F00
F03C0F00
F07C0F00
71FDCF00
7FF9CF00
7FE1DF00
7F801E00
78001E00
3C003E00
3E007C00
1F81FC00
0FFFF800
07FFF000
03FFC000
00FF0000
ENDCHAR
STARTCHAR tavdages
ENCODING 64330
SWIDTH 642 0
DWIDTH 27 0
BBX 23 23 1 0
BITMAP
1FFF00
7FFFE0
7FFFF0
7FFFF8
0781FC
07807C
07803E
07801E
07801E
07801E
07801E
07871E
07871E
07871E
07801E
07801E
07801E
07801E
0F801E
7F801E
FF801E
FF001E
FE001E
ENDCHAR
STARTCHAR vavholam
ENCODING 64331
SWIDTH 246 0
DWIDTH 10 0
BBX 4 28 3 0
BITMAP
E0
E0
E0
00
00
00
F0
F0
F0
F0
F0
F0
F0
F0
F0
F0
F0
F0
F0
F0
F0
F0
F0
F0
F0
F0
F0
F0
ENDCHAR
STARTCHAR betrafe
ENCODING 64332
SWIDTH 541 0
DWIDTH 23 0
BBX 21 28 1 0
BITMAP
0FF000
0FF000
000000
000000
000000
FFE000
7FFC00
7FFE00
7FFF00
003F80
000F80
0007C0
0007C0
0003C0
0003C0
0003C0
0003C0
0003C0
0003C0
0003C0
0003C0
0003C0
0003C0
0003C0
FFFFF8
FFFFF8
FFFFF8
FFFFF8
ENDCHAR
STARTCHAR kafrafe
ENCODING 64333
SWIDTH 460 0
DWIDTH 19 0
BBX 15 28 2 0
BITMAP
3FC0
3FC0
0000
0000
0000
7F00
FFC0
FFE0
7FF0
41F8
007C
003C
003C
001E
001E
001E
001E
001E
001E
001E
003C
003C
007C
41F8
7FF0
FFE0
FFC0
7F00
ENDCHAR
STARTCHAR perafe
ENCODING 64334
SWIDTH 546 0
DWIDTH 23 0
BBX 19 28 2 0
BITMAP
0FF000
0FF000
000000
000000
000000
3FE000
FFFC00
FFFE00
FFFF00
F03F80
F00FC0
F007C0
F003E0
F001E0
F001E0
F801E0
7F81E0
3F81E0
1F81E0
0003E0
0003C0
0007C0
000F80
403F80
7FFF00
FFFE00
FFF800
7FE000
ENDCHAR
STARTCHAR aleflamed
ENCODING 64335
SWIDTH 575 0
DWIDTH 24 0
BBX 22 30 1 0
BITMAP
F00000
F00000
F00000
F00000
F00000
F00000
F00000
F00000
FC0078
FE0078
FF0078
FF8078
0F80F8
07C0F0
03E0F0
03E0F0
07F1F0
0FFBE0
1F7FC0
1E3F80
3C3F00
3C1F00
3C0F80
3C0780
3C07C0
3C03E0
7801E0
7801F0
7800F8
78007C
ENDCHAR
STARTCHAR uni0671.dup21
ENCODING 64336
SWIDTH 207 0
DWIDTH 9 0
BBX 9 32 0 5
BITMAP
0780
0980
3180
FF00
FE00
8000
0400
0400
0C00
0C00
0C00
0C00
0C00
0C00
0C00
0C00
0C00
0E00
0E00
0E00
0E00
0600
0600
0600
0600
0600
0600
0600
0600
0400
0400
0400
ENDCHAR
STARTCHAR uniFB51
ENCODING 64337
SWIDTH 229 0
DWIDTH 10 0
BBX 11 31 -1 6
BITMAP
0780
0980
1180
7F80
FF00
8000
0800
0800
1800
3800
3800
1C00
1C00
1C00
0C00
0C00
0C00
0C00
0C00
0C00
0C00
0C00
0C00
0C00
0C00
0E00
0E00
07E0
07E0
07E0
03E0
ENDCHAR
STARTCHAR uni067B.dup22
ENCODING 64338
SWIDTH 713 0
DWIDTH 30 0
BBX 29 27 1 -7
BITMAP
40000010
40000010
80000010
80000038
80000018
80000018
80000008
C0000008
E0000008
FC000008
7FFFFFF8
3FFFFFF8
1FFFFFF8
07FFFFF8
00000000
00000000
00000000
00020000
00078000
00078000
00078000
00010000
00010000
0003C000
0003C000
0003C000
00008000
ENDCHAR
STARTCHAR uniFB53
ENCODING 64339
SWIDTH 713 0
DWIDTH 30 0
BBX 29 27 1 -7
BITMAP
40000010
40000010
80000010
80000038
80000018
80000018
80000008
C0000008
E0000008
FC000008
7FFFFFF8
3FFFFFF8
1FFFFFF8
07FFFFF8
00000000
00000000
00000000
00020000
00078000
00078000
00078000
00010000
00010000
0003C000
0003C000
0003C000
00008000
ENDCHAR
STARTCHAR uniFB54
ENCODING 64340
SWIDTH 244 0
DWIDTH 10 0
BBX 11 27 -1 -7
BITMAP
0040
0040
0040
00E0
00E0
0060
0020
0020
0020
0020
FFE0
FFE0
FFE0
FFE0
0000
0000
0000
0C00
0E00
1F00
0E00
0600
0600
0700
0F80
0700
0300
ENDCHAR
STARTCHAR uniFB55
ENCODING 64341
SWIDTH 244 0
DWIDTH 10 0
BBX 11 27 -1 -7
BITMAP
0040
0040
0040
00E0
00E0
0060
0020
0020
0020
0020
FFE0
FFE0
FFE0
FFE0
0000
0000
0000
0C00
0E00
1F00
0E00
0600
0600
0700
0F80
0700
0300
ENDCHAR
STARTCHAR afii57506.dup23
ENCODING 64342
SWIDTH 713 0
DWIDTH 30 0
BBX 29 28 1 -8
BITMAP
40000010
40000010
80000010
80000038
80000018
80000018
80000008
C0000008
E0000008
FC000008
7FFFFFF8
3FFFFFF8
1FFFFFF8
07FFFFF8
00000000
00000000
00000000
0000C000
0000E000
0019F000
001CE000
003E6000
001C0000
000D8000
0001C000
0003E000
0001C000
0000C000
ENDCHAR
STARTCHAR afii62958
ENCODING 64343
SWIDTH 713 0
DWIDTH 30 0
BBX 29 28 1 -8
BITMAP
40000010
40000010
80000010
80000038
80000018
80000018
80000008
C0000008
E0000008
FC000008
7FFFFFF8
3FFFFFF8
1FFFFFF8
07FFFFF8
00000000
00000000
00000000
0000C000
0000E000
0019F000
001CE000
003E6000
001C0000
000D8000
0001C000
0003E000
0001C000
0000C000
ENDCHAR
STARTCHAR afii62956
ENCODING 64344
SWIDTH 244 0
DWIDTH 10 0
BBX 12 28 -1 -8
BITMAP
0040
0040
0040
00E0
00E0
0060
0020
0020
0020
0020
FFE0
FFE0
FFE0
FFE0
0000
0000
0000
00C0
00E0
19F0
1CE0
3E60
1C00
0D80
01C0
03E0
01C0
00C0
ENDCHAR
STARTCHAR afii52957
ENCODING 64345
SWIDTH 244 0
DWIDTH 10 0
BBX 12 28 -1 -8
BITMAP
0040
0040
0040
00E0
00E0
0060
0020
0020
0020
0020
FFE0
FFE0
FFE0
FFE0
0000
0000
0000
00C0
00E0
19F0
1CE0
3E60
1C00
0D80
01C0
03E0
01C0
00C0
ENDCHAR
STARTCHAR uni0680.dup24
ENCODING 64346
SWIDTH 713 0
DWIDTH 30 0
BBX 29 29 1 -9
BITMAP
40000010
40000010
80000010
80000038
80000018
80000018
80000008
C0000008
E0000008
FC000008
7FFFFFF8
3FFFFFF8
1FFFFFF8
07FFFFF8
00000000
00000000
00000000
00018000
0001C000
0023E000
0039C000
007C4000
0038C000
0008E000
0019F000
001CE000
003E2000
001C0000
00040000
ENDCHAR
STARTCHAR uniFB5B
ENCODING 64347
SWIDTH 713 0
DWIDTH 30 0
BBX 29 29 1 -9
BITMAP
40000010
40000010
80000010
80000038
80000018
80000018
80000008
C0000008
E0000008
FC000008
7FFFFFF8
3FFFFFF8
1FFFFFF8
07FFFFF8
00000000
00000000
00000000
00018000
0001C000
0023E000
0039C000
007C4000
0038C000
0008E000
0019F000
001CE000
003E2000
001C0000
00040000
ENDCHAR
STARTCHAR uniFB5C
ENCODING 64348
SWIDTH 244 0
DWIDTH 10 0
BBX 11 29 -1 -9
BITMAP
0040
0040
0040
00E0
00E0
0060
0020
0020
0020
0020
FFE0
FFE0
FFE0
FFE0
0000
0000
0000
0300
0380
47C0
7380
F980
7180
31C0
33E0
39C0
7CC0
3800
1800
ENDCHAR
STARTCHAR uniFB5D
ENCODING 64349
SWIDTH 244 0
DWIDTH 10 0
BBX 11 29 -1 -9
BITMAP
0040
0040
0040
00E0
00E0
0060
0020
0020
0020
0020
FFE0
FFE0
FFE0
FFE0
0000
0000
0000
0300
0380
47C0
7380
F980
7180
31C0
33E0
39C0
7CC0
3800
1800
ENDCHAR
STARTCHAR uni067A.dup25
ENCODING 64350
SWIDTH 713 0
DWIDTH 30 0
BBX 29 26 1 6
BITMAP
00040000
000F0000
000F0000
000E0000
00020000
00020000
00078000
00078000
00070000
00010000
00000000
00000000
40000010
40000010
80000010
80000038
80000018
80000018
80000008
C0000008
E0000008
FC000008
7FFFFFF8
3FFFFFF8
1FFFFFF8
07FFFFF8
ENDCHAR
STARTCHAR uniFB5F
ENCODING 64351
SWIDTH 713 0
DWIDTH 30 0
BBX 29 26 1 6
BITMAP
00040000
000F0000
000F0000
000E0000
00020000
00020000
00078000
00078000
00070000
00010000
00000000
00000000
40000010
40000010
80000010
80000038
80000018
80000018
80000008
C0000008
E0000008
FC000008
7FFFFFF8
3FFFFFF8
1FFFFFF8
07FFFFF8
ENDCHAR
STARTCHAR uniFB60
ENCODING 64352
SWIDTH 244 0
DWIDTH 10 0
BBX 11 26 -1 6
BITMAP
0400
0F00
0F00
0E00
0200
0200
0780
0F80
0700
0100
0000
0000
0040
0040
0040
00E0
00E0
0060
0020
0020
0020
0020
FFE0
FFE0
FFE0
FFE0
ENDCHAR
STARTCHAR uniFB61
ENCODING 64353
SWIDTH 244 0
DWIDTH 10 0
BBX 11 26 -1 6
BITMAP
0400
0F00
0F00
0E00
0200
0200
0780
0F80
0700
0100
0000
0000
0040
0040
0040
00E0
00E0
0060
0020
0020
0020
0020
FFE0
FFE0
FFE0
FFE0
ENDCHAR
STARTCHAR uni067F.dup26
ENCODING 64354
SWIDTH 713 0
DWIDTH 30 0
BBX 29 26 1 6
BITMAP
00010000
0003C000
0063C000
007B8000
00788000
00708000
0011E000
0011E000
003DC000
003C4000
00380000
00080000
40000010
40000010
80000010
80000038
80000018
80000018
80000008
C0000008
E0000008
FC000008
7FFFFFF8
3FFFFFF8
1FFFFFF8
07FFFFF8
ENDCHAR
STARTCHAR uniFB63
ENCODING 64355
SWIDTH 713 0
DWIDTH 30 0
BBX 29 26 1 6
BITMAP
00010000
0003C000
0063C000
007B8000
00788000
00708000
0011E000
0011E000
003DC000
003C4000
00380000
00080000
40000010
40000010
80000010
80000038
80000018
80000018
80000008
C0000008
E0000008
FC000008
7FFFFFF8
3FFFFFF8
1FFFFFF8
07FFFFF8
ENDCHAR
STARTCHAR uniFB64
ENCODING 64356
SWIDTH 244 0
DWIDTH 10 0
BBX 11 26 -1 6
BITMAP
0300
03C0
67C0
7380
F880
7180
11E0
33E0
3DC0
7C40
3800
0800
0040
0040
0040
00E0
00E0
0060
0020
0020
0020
0020
FFE0
FFE0
FFE0
FFE0
ENDCHAR
STARTCHAR uniFB65
ENCODING 64357
SWIDTH 244 0
DWIDTH 10 0
BBX 11 26 -1 6
BITMAP
0300
03C0
67C0
7380
F880
7180
11E0
33E0
3DC0
7C40
3800
0800
0040
0040
0040
00E0
00E0
0060
0020
0020
0020
0020
FFE0
FFE0
FFE0
FFE0
ENDCHAR
STARTCHAR uni0679.dup27
ENCODING 64358
SWIDTH 713 0
DWIDTH 30 0
BBX 29 29 1 6
BITMAP
00100000
001C0000
000C0000
00040000
00040000
00040000
00040000
00047000
0005F800
00061800
000C1800
007FF800
007FF800
00000000
00000000
40000010
40000010
80000010
80000038
80000018
80000018
80000008
C0000008
E0000008
FC000008
7FFFFFF8
3FFFFFF8
1FFFFFF8
07FFFFF8
ENDCHAR
STARTCHAR uniFB67
ENCODING 64359
SWIDTH 713 0
DWIDTH 30 0
BBX 29 29 1 6
BITMAP
00100000
001C0000
000C0000
00040000
00040000
00040000
00040000
00047000
0005F800
00061800
000C1800
007FF800
007FF800
00000000
00000000
40000010
40000010
80000010
80000038
80000018
80000018
80000008
C0000008
E0000008
FC000008
7FFFFFF8
3FFFFFF8
1FFFFFF8
07FFFFF8
ENDCHAR
STARTCHAR uniFB68
ENCODING 64360
SWIDTH 244 0
DWIDTH 10 0
BBX 12 29 -1 6
BITMAP
2000
3800
1800
1000
0800
0800
0800
09E0
0BF0
0C30
1030
FFF0
FFF0
0000
0000
0040
0040
0040
00E0
00E0
0060
0020
0020
0020
0020
FFE0
FFE0
FFE0
FFE0
ENDCHAR
STARTCHAR uniFB69
ENCODING 64361
SWIDTH 244 0
DWIDTH 10 0
BBX 12 29 -1 6
BITMAP
2000
3800
1800
1000
0800
0800
0800
09E0
0BF0
0C30
1030
FFF0
FFF0
0000
0000
0040
0040
0040
00E0
00E0
0060
0020
0020
0020
0020
FFE0
FFE0
FFE0
FFE0
ENDCHAR
STARTCHAR uni06A4.dup28
ENCODING 64362
SWIDTH 788 0
DWIDTH 33 0
BBX 32 27 1 6
BITMAP
00000040
000000F0
000000F0
000000F0
00000024
0000000F
0000008F
000001EF
000001E2
000001E0
00000040
00000000
00000000
4000001C
4000003E
8000007E
8000007F
800000E7
800000E3
800000E3
C00000F3
F000007F
FE00001F
7FFFFFFF
3FFFFFFF
1FFFFFFF
01FFFFFF
ENDCHAR
STARTCHAR uniFB6B
ENCODING 64363
SWIDTH 788 0
DWIDTH 33 0
BBX 32 27 1 6
BITMAP
00000040
000000F0
000000F0
000000F0
00000024
0000000F
0000008F
000001EF
000001E2
000001E0
00000040
00000000
00000000
4000001C
4000003E
8000007E
8000007F
800000E7
800000E3
800000E3
C00000F3
F000007F
FE00001F
7FFFFFFF
3FFFFFFF
1FFFFFFF
01FFFFFF
ENDCHAR
STARTCHAR uniFB6C
ENCODING 64364
SWIDTH 267 0
DWIDTH 11 0
BBX 12 29 -1 6
BITMAP
1800
1E00
3E00
1C00
0580
01E0
33E0
3DC0
7C40
3800
0800
0380
07C0
0FC0
0FE0
19E0
18E0
18E0
1FF0
1FF0
1FF0
0FB0
0030
0030
0030
FFF0
FFF0
FFF0
FFF0
ENDCHAR
STARTCHAR uniFB6D
ENCODING 64365
SWIDTH 262 0
DWIDTH 11 0
BBX 12 29 -1 6
BITMAP
0800
1E00
1E00
1E00
0480
01E0
11E0
3DE0
3C40
3C00
0800
0000
0000
01C0
03E0
07E0
07E0
0CF0
0C70
0C30
0E30
0FF0
07F0
03F0
0030
FFF0
FFF0
FFF0
FFF0
ENDCHAR
STARTCHAR uni06A6.dup29
ENCODING 64366
SWIDTH 788 0
DWIDTH 33 0
BBX 33 28 1 6
BITMAP
0000000400
0000000F00
0000008F00
000001EF00
000001E200
000001E200
0000004780
0000004780
000000F780
000000F100
000000F000
0000002000
0000000000
0000000000
4000001C00
4000003E00
8000007E00
8000007F00
800000E700
800000E300
800000E300
C00000F300
F000007F00
FE00001F00
7FFFFFFF00
3FFFFFFF00
1FFFFFFF00
01FFFFFF00
ENDCHAR
STARTCHAR uniFB6F
ENCODING 64367
SWIDTH 788 0
DWIDTH 33 0
BBX 33 28 1 6
BITMAP
0000000400
0000000F00
0000008F00
000001EF00
000001E200
000001E200
0000004780
0000004780
000000F780
000000F100
000000F000
0000002000
0000000000
0000000000
4000001C00
4000003E00
8000007E00
8000007F00
800000E700
800000E300
800000E300
C00000F300
F000007F00
FE00001F00
7FFFFFFF00
3FFFFFFF00
1FFFFFFF00
01FFFFFF00
ENDCHAR
STARTCHAR uniFB70
ENCODING 64368
SWIDTH 267 0
DWIDTH 11 0
BBX 12 30 -1 6
BITMAP
0300
03C0
67C0
7380
F880
7180
11E0
33E0
3DC0
7C40
3800
0800
0380
07C0
0FC0
0FE0
19E0
18E0
18E0
1FF0
1FF0
1FF0
0FB0
0030
0030
0030
FFF0
FFF0
FFF0
FFF0
ENDCHAR
STARTCHAR uniFB71
ENCODING 64369
SWIDTH 262 0
DWIDTH 11 0
BBX 12 29 -1 6
BITMAP
0300
03C0
67C0
7380
F880
7180
11E0
33E0
3DC0
7C40
3800
0800
0000
01C0
03E0
07E0
07E0
0CF0
0C70
0C30
0E30
0FF0
07F0
03F0
0030
FFF0
FFF0
FFF0
FFF0
ENDCHAR
STARTCHAR uni0684.dup30
ENCODING 64370
SWIDTH 562 0
DWIDTH 24 0
BBX 21 26 1 -8
BITMAP
0FFFF0
1FFFF0
3FFFF0
7FFFE0
40FF00
03F000
078000
0C0000
180000
200000
404000
407000
80F000
80F000
803000
802000
803800
C07800
E07800
701800
7E0000
7FC000
3FFFF8
0FFFE0
07FFC0
007F80
ENDCHAR
STARTCHAR uniFB73
ENCODING 64371
SWIDTH 525 0
DWIDTH 22 0
BBX 21 26 1 -8
BITMAP
0FFFF0
3FFFF0
7FFFE0
FFFFE0
807F00
01F200
078200
0C0300
1803F8
2003F8
4101F8
41C0F8
83C000
83C000
808000
808000
C0E000
C1E000
E1E000
704000
7E0000
3FC000
3FFFF8
0FFFE0
07FFC0
007F80
ENDCHAR
STARTCHAR uniFB74
ENCODING 64372
SWIDTH 529 0
DWIDTH 22 0
BBX 23 26 -1 -7
BITMAP
01E000
03F800
07FC00
0FFE00
007F00
001FC0
0007E0
0003F0
0001F8
FFFFFE
FFFFFE
FFFFFE
FFFFFE
000000
000000
000000
002000
007800
007800
007800
001000
001000
003C00
003C00
003C00
000800
ENDCHAR
STARTCHAR uniFB75
ENCODING 64373
SWIDTH 529 0
DWIDTH 22 0
BBX 23 26 -1 -7
BITMAP
01E000
03F800
07FC00
0FFE00
007F00
001FC0
0007E0
0003F0
0001F8
FFFFFE
FFFFFE
FFFFFE
FFFFFE
000000
000000
000000
002000
007800
007800
007800
001000
001000
003C00
003C00
003C00
000800
ENDCHAR
STARTCHAR uni0683.dup31
ENCODING 64374
SWIDTH 562 0
DWIDTH 24 0
BBX 21 26 1 -8
BITMAP
0FFFF0
1FFFF0
3FFFF0
7FFFE0
40FF00
03F000
078000
0C0000
180000
200000
400000
400200
800380
804780
807780
80F180
80F000
C02000
E00000
700000
7E0000
7FC000
3FFFF8
0FFFE0
07FFC0
007F80
ENDCHAR
STARTCHAR uniFB77
ENCODING 64375
SWIDTH 525 0
DWIDTH 22 0
BBX 21 26 1 -8
BITMAP
0FFFF0
3FFFF0
7FFFE0
FFFFE0
807F00
01F200
078200
0C0300
1803F8
2003F8
4001F8
4040F8
807000
88F800
8E7000
9F3000
CE0000
C60000
E00000
700000
7E0000
3FC000
3FFFF8
0FFFE0
07FFC0
007F80
ENDCHAR
STARTCHAR uniFB78
ENCODING 64376
SWIDTH 529 0
DWIDTH 22 0
BBX 23 23 -1 -4
BITMAP
01E000
03F800
07FC00
0FFE00
007F00
001FC0
0007E0
0003F0
0001F8
FFFFFE
FFFFFE
FFFFFE
FFFFFE
000000
000000
000000
000400
000F00
008F00
01EF00
01E200
01E000
004000
ENDCHAR
STARTCHAR uniFB79
ENCODING 64377
SWIDTH 529 0
DWIDTH 22 0
BBX 23 23 -1 -4
BITMAP
01E000
03F800
07FC00
0FFE00
007F00
001FC0
0007E0
0003F0
0001F8
FFFFFE
FFFFFE
FFFFFE
FFFFFE
000000
000000
000000
000400
000F00
008F00
01EF00
01E200
01E000
004000
ENDCHAR
STARTCHAR afii57507.dup32
ENCODING 64378
SWIDTH 562 0
DWIDTH 24 0
BBX 21 26 1 -8
BITMAP
0FFFF0
1FFFF0
3FFFF0
7FFFE0
40FF00
03F000
078000
0C0000
180000
200600
400700
40CF80
80E700
81F300
80E000
806C00
800E00
C01F00
E00E00
700600
7E0000
7FC000
3FFFF8
0FFFE0
07FFC0
007F80
ENDCHAR
STARTCHAR afii62961
ENCODING 64379
SWIDTH 525 0
DWIDTH 22 0
BBX 21 26 1 -8
BITMAP
0FFFF0
3FFFF0
7FFFE0
FFFFE0
807F00
01F200
078200
0C0300
1803F8
2033F8
4039F8
467CF8
873800
8F9800
870000
836000
C07000
C0F800
E07000
703000
7E0000
3FC000
3FFFF8
0FFFE0
07FFC0
007F80
ENDCHAR
STARTCHAR afii62959
ENCODING 64380
SWIDTH 529 0
DWIDTH 22 0
BBX 23 27 -1 -8
BITMAP
01E000
03F800
07FC00
0FFE00
007F00
001FC0
0007E0
0003F0
0001F8
FFFFFE
FFFFFE
FFFFFE
FFFFFE
000000
000000
000000
000C00
000E00
019F00
01CE00
03E600
01C000
00D800
001C00
003E00
001C00
000C00
ENDCHAR
STARTCHAR afii62960
ENCODING 64381
SWIDTH 529 0
DWIDTH 22 0
BBX 23 27 -1 -8
BITMAP
01E000
03F800
07FC00
0FFE00
007F00
001FC0
0007E0
0003F0
0001F8
FFFFFE
FFFFFE
FFFFFE
FFFFFE
000000
000000
000000
000C00
000E00
019F00
01CE00
03E600
01C000
00D800
001C00
003E00
001C00
000C00
ENDCHAR
STARTCHAR uni0687.dup33
ENCODING 64382
SWIDTH 562 0
DWIDTH 24 0
BBX 21 26 1 -8
BITMAP
0FFFF0
1FFFF0
3FFFF0
7FFFE0
40FF00
03F000
078000
0C0000
180400
200F00
408F00
41EF00
81E200
81E200
804780
804780
80F780
C0F100
E0F000
702000
7E0000
7FC000
3FFFF8
0FFFE0
07FFC0
007F80
ENDCHAR
STARTCHAR uniFB7f
ENCODING 64383
SWIDTH 525 0
DWIDTH 22 0
BBX 21 26 1 -8
BITMAP
0FFFF0
3FFFF0
7FFFE0
FFFFE0
807F00
01F200
078200
0C0300
1803F8
2013F8
403DF8
423CF8
87BC00
878800
878800
811E00
C11E00
C3DE00
E3C400
73C000
7E8000
3FC000
3FFFF8
0FFFE0
07FFC0
007F80
ENDCHAR
STARTCHAR uniFB80
ENCODING 64384
SWIDTH 529 0
DWIDTH 22 0
BBX 23 28 -1 -9
BITMAP
01E000
03F800
07FC00
0FFE00
007F00
001FC0
0007E0
0003F0
0001F8
FFFFFE
FFFFFE
FFFFFE
FFFFFE
000000
000000
000000
000800
000E00
011E00
03DE00
03C400
03C400
008700
008F00
00EF00
01E200
01E000
004000
ENDCHAR
STARTCHAR uniFB81
ENCODING 64385
SWIDTH 529 0
DWIDTH 22 0
BBX 23 28 -1 -9
BITMAP
01E000
03F800
07FC00
0FFE00
007F00
001FC0
0007E0
0003F0
0001F8
FFFFFE
FFFFFE
FFFFFE
FFFFFE
000000
000000
000000
000800
000E00
011E00
03DE00
03C400
03C400
008700
008F00
00EF00
01E200
01E000
004000
ENDCHAR
STARTCHAR uni068D.dup34
ENCODING 64386
SWIDTH 337 0
DWIDTH 14 0
BBX 12 28 2 -4
BITMAP
0200
0300
0380
03C0
01C0
00E0
0060
0020
0030
0010
0010
0010
8010
C010
FFF0
FFF0
FFF0
7FF0
0000
0000
0000
0100
01C0
23E0
39C0
7CC0
3800
1800
ENDCHAR
STARTCHAR uniFB83
ENCODING 64387
SWIDTH 337 0
DWIDTH 14 0
BBX 12 28 2 -4
BITMAP
0200
0300
0380
03C0
01C0
00E0
0060
0020
0030
0010
0010
0010
8010
C010
FFF0
FFF0
FFF0
7FF0
0000
0000
0000
0100
01C0
23E0
39C0
7CC0
3800
1800
ENDCHAR
STARTCHAR uni068C.dup35
ENCODING 64388
SWIDTH 337 0
DWIDTH 14 0
BBX 12 26 2 6
BITMAP
0100
03C0
23C0
7BC0
7880
7800
1000
0000
0200
0300
0380
03C0
01C0
00E0
0060
0020
0030
0010
0010
0010
8010
C010
FFF0
FFF0
FFF0
7FF0
ENDCHAR
STARTCHAR uniFB85
ENCODING 64389
SWIDTH 337 0
DWIDTH 14 0
BBX 12 26 2 6
BITMAP
0100
03C0
23C0
7BC0
7880
7800
1000
0000
0200
0300
0380
03C0
01C0
00E0
0060
0020
0030
0010
0010
0010
8010
C010
FFF0
FFF0
FFF0
7FF0
ENDCHAR
STARTCHAR uni068E.dup36
ENCODING 64390
SWIDTH 337 0
DWIDTH 14 0
BBX 12 30 2 6
BITMAP
1800
1C00
3E00
1C00
0580
01C0
33E0
39C0
7C40
3800
0800
0000
0200
0300
0380
03C0
01C0
00E0
0060
0020
0030
0010
0010
0010
8010
C010
FFF0
FFF0
FFF0
7FF0
ENDCHAR
STARTCHAR uniFB87
ENCODING 64391
SWIDTH 337 0
DWIDTH 14 0
BBX 12 30 2 6
BITMAP
1800
1C00
3E00
1C00
0580
01C0
33E0
39C0
7C40
3800
0800
0000
0200
0300
0380
03C0
01C0
00E0
0060
0020
0030
0010
0010
0010
8010
C010
FFF0
FFF0
FFF0
7FF0
ENDCHAR
STARTCHAR uni0688.dup37
ENCODING 64392
SWIDTH 337 0
DWIDTH 14 0
BBX 13 32 1 6
BITMAP
2000
3800
1800
1000
0800
0800
0800
08E0
0BF0
0C30
1030
FFF0
FFF0
0000
0100
0180
01C0
01E0
00E0
0070
0030
0010
0018
0008
0008
0008
4008
6008
7FF8
7FF8
7FF8
3FF8
ENDCHAR
STARTCHAR uniFB89
ENCODING 64393
SWIDTH 337 0
DWIDTH 14 0
BBX 13 32 1 6
BITMAP
2000
3800
1800
1000
0800
0800
0800
08E0
0BF0
0C30
1030
FFF0
FFF0
0000
0100
0180
01C0
01E0
00E0
0070
0030
0010
0018
0008
0008
0008
4008
6008
7FF8
7FF8
7FF8
3FF8
ENDCHAR
STARTCHAR afii57508.dup38
ENCODING 64394
SWIDTH 488 0
DWIDTH 21 0
BBX 19 35 2 -4
BITMAP
001800
001C00
003E00
001C00
000D80
0001C0
0033E0
0039C0
007CC0
003800
001800
000000
000000
000080
0000C0
0000C0
0001C0
0001E0
0000E0
000060
000060
000020
000020
000020
000020
000060
000060
0000E0
0001C0
000380
000700
001F00
E07C00
1FF800
03E000
ENDCHAR
STARTCHAR afii62962
ENCODING 64395
SWIDTH 488 0
DWIDTH 21 0
BBX 19 35 2 -4
BITMAP
001800
001C00
003E00
001C00
000D80
0001C0
0033E0
0039C0
007CC0
003800
001800
000000
000000
000080
0000C0
0000C0
0001C0
0001E0
0000E0
000060
000060
000020
000020
000020
000020
000060
000060
0000E0
0001C0
000380
000700
001F00
E07C00
1FF800
03E000
ENDCHAR
STARTCHAR uni0691.dup39
ENCODING 64396
SWIDTH 488 0
DWIDTH 21 0
BBX 19 39 2 -4
BITMAP
008000
00E000
006000
004000
002000
002000
002000
002380
002FC0
0030C0
0060C0
03FFC0
03FFC0
000000
000000
000000
000000
000080
0000C0
0000C0
0001C0
0001E0
0000E0
000060
000060
000020
000020
000020
000020
000060
000060
0000E0
0001C0
000380
000700
001F00
E07C00
1FF800
03E000
ENDCHAR
STARTCHAR uniFB8D
ENCODING 64397
SWIDTH 488 0
DWIDTH 21 0
BBX 19 39 2 -4
BITMAP
008000
00E000
006000
004000
002000
002000
002000
002380
002FC0
0030C0
0060C0
03FFC0
03FFC0
000000
000000
000000
000000
000080
0000C0
0000C0
0001C0
0001E0
0000E0
000060
000060
000020
000020
000020
000020
000060
000060
0000E0
0001C0
000380
000700
001F00
E07C00
1FF800
03E000
ENDCHAR
STARTCHAR afii57567.dup40
ENCODING 64398
SWIDTH 812 0
DWIDTH 34 0
BBX 34 25 0 6
BITMAP
0000000100
0000000F00
0000007F00
000001FF00
000007FC00
00000FE000
00001F0000
00001C0000
0000380000
00003C0000
00003F0000
00003F8000
00001FC000
40000FF000
400000F800
8000007C00
8000001E00
8000000F00
8000000700
C000000380
F0000001C0
FFFFFFFFC0
7FFFFFFFC0
3FFFFFFFC0
0FFFFFFFC0
ENDCHAR
STARTCHAR afii62964
ENCODING 64399
SWIDTH 932 0
DWIDTH 39 0
BBX 39 25 0 6
BITMAP
0000000100
0000000F00
0000007F00
000001FF00
000007FC00
00000FE000
00001F0000
00001C0000
0000380000
00003C0000
00003F0000
00003F8000
00001FC000
40000FF000
400000F800
8000007C00
8000003E00
8000002F00
8000002700
C000006780
F00003C3E0
FFFFFFC1FE
7FFFFF80FE
3FFFFF007E
0FFFF8003E
ENDCHAR
STARTCHAR afii52305
ENCODING 64400
SWIDTH 394 0
DWIDTH 17 0
BBX 18 25 -1 6
BITMAP
000100
000F00
003F00
00FF00
03FE00
07F000
0F8000
0E0000
1C0000
1E0000
1F8000
1FC000
0FE000
07F000
00F800
003C00
001E00
000700
000380
000380
0001C0
FFFFC0
FFFFC0
FFFFC0
FFFFC0
ENDCHAR
STARTCHAR afii52306
ENCODING 64401
SWIDTH 514 0
DWIDTH 22 0
BBX 23 25 -1 6
BITMAP
000100
000F00
003F00
00FF00
03FE00
07F000
0F8000
0E0000
1C0000
1E0000
1F8000
1FC000
0FE000
07F000
007800
003C00
001E00
001700
001780
0033C0
01E1E0
FFE0FE
FFC0FE
FF807E
FC001E
ENDCHAR
STARTCHAR afii57509.dup41
ENCODING 64402
SWIDTH 812 0
DWIDTH 34 0
BBX 34 31 0 6
BITMAP
0000000100
0000000700
0000001F00
0000007F00
000001FE00
000003F000
00000F8100
00001E0F00
0000387F00
000021FF00
000007FC00
00000FE000
00001F0000
00001C0000
0000380000
00003C0000
00003F0000
00003F8000
00001FC000
40000FF000
400000F800
8000007C00
8000001E00
8000000F00
8000000700
C000000380
F0000001C0
FFFFFFFFC0
7FFFFFFFC0
3FFFFFFFC0
0FFFFFFFC0
ENDCHAR
STARTCHAR afii62967
ENCODING 64403
SWIDTH 932 0
DWIDTH 39 0
BBX 39 31 0 6
BITMAP
0000000100
0000000700
0000001F00
0000007F00
000001FE00
000003F000
00000F8100
00001E0F00
0000387F00
000021FF00
000007FC00
00000FE000
00001F0000
00001C0000
0000380000
00003C0000
00003F0000
00003F8000
00001FC000
40000FF000
400000F800
8000007C00
8000003E00
8000002F00
8000002700
C000006780
F00003C3E0
FFFFFFC1FE
7FFFFF80FE
3FFFFF007E
0FFFF8003E
ENDCHAR
STARTCHAR afii62965
ENCODING 64404
SWIDTH 394 0
DWIDTH 17 0
BBX 18 32 -1 6
BITMAP
000100
000700
001F00
003F00
00FE00
01F800
03C000
0F8100
1E0F00
183F00
10FF00
03FE00
07F000
0F8000
0E0000
1C0000
1E0000
1F8000
1FC000
0FE000
07F000
00F800
003C00
001E00
000700
000380
000380
0001C0
FFFFC0
FFFFC0
FFFFC0
FFFFC0
ENDCHAR
STARTCHAR afii62966
ENCODING 64405
SWIDTH 514 0
DWIDTH 22 0
BBX 23 32 -1 6
BITMAP
000100
000700
001F00
003F00
00FE00
01F800
03C000
0F8100
1E0F00
183F00
10FF00
03FE00
07F000
0F8000
0E0000
1C0000
1E0000
1F8000
1FC000
0FE000
07F000
007800
003C00
001E00
001700
001780
0033C0
01E1E0
FFE0FE
FFC0FE
FF807E
FC001E
ENDCHAR
STARTCHAR uni06B3.dup42
ENCODING 64406
SWIDTH 812 0
DWIDTH 34 0
BBX 34 44 0 -7
BITMAP
0000000100
0000000700
0000001F00
0000007F00
000001FE00
000003F000
00000F8100
00001E0F00
0000387F00
000021FF00
000007FC00
00000FE000
00001F0000
00001C0000
0000380000
00003C0000
00003F0000
00003F8000
00001FC000
40000FF000
400000F800
8000007C00
8000001E00
8000000F00
8000000700
C000000380
F0000001C0
FFFFFFFFC0
7FFFFFFFC0
3FFFFFFFC0
0FFFFFFFC0
0000000000
0000000000
0000000000
0000800000
0001E00000
0001E00000
0001E00000
0000400000
0000400000
0000F00000
0000F00000
0000F00000
0000200000
ENDCHAR
STARTCHAR uniFB97
ENCODING 64407
SWIDTH 932 0
DWIDTH 39 0
BBX 39 44 0 -7
BITMAP
0000000100
0000000700
0000001F00
0000007F00
000001FE00
000003F000
00000F8100
00001E0F00
0000387F00
000021FF00
000007FC00
00000FE000
00001F0000
00001C0000
0000380000
00003C0000
00003F0000
00003F8000
00001FC000
40000FF000
400000F800
8000007C00
8000003E00
8000002F00
8000002700
C000006780
F00003C3E0
FFFFFFC1FE
7FFFFF80FE
3FFFFF007E
0FFFF8003E
0000000000
0000000000
0000000000
0008000000
001E000000
001E000000
001E000000
0004000000
0004000000
000F000000
000F000000
000F000000
0002000000
ENDCHAR
STARTCHAR uniFB98
ENCODING 64408
SWIDTH 394 0
DWIDTH 17 0
BBX 18 45 -1 -7
BITMAP
000100
000700
001F00
003F00
00FE00
01F800
03C000
0F8100
1E0F00
183F00
10FF00
03FE00
07F000
0F8000
0E0000
1C0000
1E0000
1F8000
1FC000
0FE000
07F000
00F800
003C00
001E00
000700
000380
000380
0001C0
FFFFC0
FFFFC0
FFFFC0
FFFFC0
000000
000000
000000
008000
01E000
01E000
01C000
004000
004000
00F000
00F000
00E000
002000
ENDCHAR
STARTCHAR uniFB99
ENCODING 64409
SWIDTH 514 0
DWIDTH 22 0
BBX 23 45 -1 -7
BITMAP
000100
000700
001F00
003F00
00FE00
01F800
03C000
0F8100
1E0F00
183F00
10FF00
03FE00
07F000
0F8000
0E0000
1C0000
1E0000
1F8000
1FC000
0FE000
07F000
007800
003C00
001E00
001700
001780
0033C0
01E1E0
FFE0FE
FFC0FE
FF807E
FC001E
000000
000000
000000
0C0000
0E0000
1F0000
0E0000
060000
060000
070000
0F8000
070000
030000
ENDCHAR
STARTCHAR uni06B1.dup43
ENCODING 64410
SWIDTH 812 0
DWIDTH 34 0
BBX 34 31 0 6
BITMAP
0000030100
0000078700
0000331F00
0000787F00
000031FE00
000003F000
00000F8100
00001E0F00
0000387F00
000021FF00
000007FC00
00000FE000
00001F0000
00001C0000
0000380000
00003C0000
00003F0000
00003F8000
00001FC000
40000FF000
400000F800
8000007C00
8000001E00
8000000F00
8000000700
C000000380
F0000001C0
FFFFFFFFC0
7FFFFFFFC0
3FFFFFFFC0
0FFFFFFFC0
ENDCHAR
STARTCHAR uniFB9B
ENCODING 64411
SWIDTH 932 0
DWIDTH 39 0
BBX 39 31 0 6
BITMAP
0000030100
0000078700
0000331F00
0000787F00
000031FE00
000003F000
00000F8100
00001E0F00
0000387F00
000021FF00
000007FC00
00000FE000
00001F0000
00001C0000
0000380000
00003C0000
00003F0000
00003F8000
00001FC000
40000FF000
400000F800
8000007C00
8000003E00
8000002F00
8000002700
C000006780
F00003C3E0
FFFFFFC1FE
7FFFFF80FE
3FFFFF007E
0FFFF8003E
ENDCHAR
STARTCHAR uniFB9C
ENCODING 64412
SWIDTH 394 0
DWIDTH 17 0
BBX 18 31 -1 6
BITMAP
018100
03C700
199F00
3C3F00
18FE00
01F800
03C100
0F8F00
1E3F00
18FF00
13FE00
07F000
0F8000
0E0000
1C0000
1E0000
1F8000
1FC000
0FE000
07F000
00F800
003C00
001E00
000700
000380
000380
0001C0
FFFFC0
FFFFC0
FFFFC0
FFFFC0
ENDCHAR
STARTCHAR uniFB9D
ENCODING 64413
SWIDTH 514 0
DWIDTH 22 0
BBX 23 31 -1 6
BITMAP
018100
03C700
199F00
3C3F00
18FE00
01F800
03C100
0F8F00
1E3F00
18FF00
13FE00
07F000
0F8000
0E0000
1C0000
1E0000
1F8000
1FC000
0FE000
07F000
007800
003C00
001E00
001700
001780
0033C0
01E1E0
FFE0FE
FFC0FE
FF807E
FC001E
ENDCHAR
STARTCHAR uni06BA.dup44
ENCODING 64414
SWIDTH 525 0
DWIDTH 22 0
BBX 21 21 1 -3
BITMAP
000010
000010
000010
000038
200038
200018
400018
400008
800008
800008
800008
800008
800008
800018
C00038
E000F0
F807F0
7FFFE0
7FFFC0
3FFF80
0FFC00
ENDCHAR
STARTCHAR uniFB9F
ENCODING 64415
SWIDTH 525 0
DWIDTH 22 0
BBX 21 21 1 -3
BITMAP
000010
000010
000010
000038
200038
200018
400018
400008
800008
800008
800008
800008
800008
800018
C00038
E000F0
F807F0
7FFFE0
7FFFC0
3FFF80
0FFC00
ENDCHAR
STARTCHAR uni06BB.dup45
ENCODING 64416
SWIDTH 525 0
DWIDTH 22 0
BBX 21 36 1 -3
BITMAP
010000
01C000
00C000
008000
00C000
004000
004000
004F00
005F80
006180
008180
07FF80
07FF80
000000
000000
000010
000010
000010
000038
200038
200018
400018
400008
800008
800008
800008
800008
800008
800018
C00038
E000F0
F807F0
7FFFE0
7FFFC0
3FFF80
0FFC00
ENDCHAR
STARTCHAR uniFBA1
ENCODING 64417
SWIDTH 525 0
DWIDTH 22 0
BBX 21 36 1 -3
BITMAP
010000
01C000
00C000
008000
00C000
004000
004000
004F00
005F80
006180
008180
07FF80
07FF80
000000
000000
000010
000010
000010
000038
200038
200018
400018
400008
800008
800008
800008
800008
800008
800018
C00038
E000F0
F807F0
7FFFE0
7FFFC0
3FFF80
0FFC00
ENDCHAR
STARTCHAR uniFB68.dup46
ENCODING 64418
SWIDTH 244 0
DWIDTH 10 0
BBX 12 29 -1 6
BITMAP
2000
3800
1800
1000
0800
0800
0800
09E0
0BF0
0C30
1030
FFF0
FFF0
0000
0000
0040
0040
0040
00E0
00E0
0060
0020
0020
0020
0020
FFE0
FFE0
FFE0
FFE0
ENDCHAR
STARTCHAR uniFB69.dup47
ENCODING 64419
SWIDTH 244 0
DWIDTH 10 0
BBX 12 29 -1 6
BITMAP
2000
3800
1800
1000
0800
0800
0800
09E0
0BF0
0C30
1030
FFF0
FFF0
0000
0000
0040
0040
0040
00E0
00E0
0060
0020
0020
0020
0020
FFE0
FFE0
FFE0
FFE0
ENDCHAR
STARTCHAR uni06C0.dup48
ENCODING 64420
SWIDTH 282 0
DWIDTH 12 0
BBX 10 21 1 6
BITMAP
1800
3800
4000
6000
3C00
4000
0000
2000
3800
3E00
3F00
3F80
6FC0
43C0
40C0
C0C0
E3C0
FF80
FF80
FF00
7E00
ENDCHAR
STARTCHAR uniFBA5
ENCODING 64421
SWIDTH 375 0
DWIDTH 16 0
BBX 16 26 0 6
BITMAP
0300
0700
0800
0C00
0780
0800
0040
00C0
00C0
00C0
00C0
01C0
03E0
0F60
1C60
3860
70E0
7FE0
FFF0
FF30
7E30
0038
003F
001F
001F
000F
ENDCHAR
STARTCHAR uniFBA6
ENCODING 64422
SWIDTH 282 0
DWIDTH 12 0
BBX 10 14 1 6
BITMAP
2000
3800
3E00
3F00
3F80
6FC0
43C0
40C0
C0C0
E3C0
FF80
FF80
FF00
7E00
ENDCHAR
STARTCHAR uni06C1.dup49
ENCODING 64423
SWIDTH 387 0
DWIDTH 16 0
BBX 15 11 1 3
BITMAP
0380
07C0
0FE0
1FF0
1CFE
387E
303E
601E
4000
C000
8000
ENDCHAR
STARTCHAR uniFBA8
ENCODING 64424
SWIDTH 244 0
DWIDTH 10 0
BBX 11 25 -1 -5
BITMAP
0040
0040
0040
00E0
00E0
0060
0020
0020
0020
0020
FFE0
FFE0
FFE0
FFE0
0000
0000
0000
0100
0200
0400
0400
0700
0780
0780
0300
ENDCHAR
STARTCHAR uniFBA9
ENCODING 64425
SWIDTH 320 0
DWIDTH 13 0
BBX 14 25 -1 -9
BITMAP
0080
0180
0180
0300
0700
0F00
FF1C
FD3C
FD7C
F17C
01E0
01C0
0180
0180
0080
0080
0000
0040
0080
0100
0100
01C0
01E0
01E0
00C0
ENDCHAR
STARTCHAR afii57470.dup50
ENCODING 64426
SWIDTH 450 0
DWIDTH 19 0
BBX 17 18 -1 6
BITMAP
008000
00C000
01E000
01E000
01F000
01F800
03FC00
023C00
043E00
043F00
0E7700
0FF300
07E180
0FF180
FFFF80
FF7F80
FC1F00
F00700
ENDCHAR
STARTCHAR afii62828
ENCODING 64427
SWIDTH 375 0
DWIDTH 16 0
BBX 16 20 0 6
BITMAP
0040
00C0
00C0
00C0
00C0
01C0
03E0
0F60
1C60
3860
70E0
7FE0
FFF0
FF30
7E30
0038
003F
001F
001F
000F
ENDCHAR
STARTCHAR afii57470.dup51
ENCODING 64428
SWIDTH 450 0
DWIDTH 19 0
BBX 17 18 -1 6
BITMAP
008000
00C000
01E000
01E000
01F000
01F800
03FC00
023C00
043E00
043F00
0E7700
0FF300
07E180
0FF180
FFFF80
FF7F80
FC1F00
F00700
ENDCHAR
STARTCHAR afii62827
ENCODING 64429
SWIDTH 394 0
DWIDTH 17 0
BBX 18 22 -1 -3
BITMAP
003000
007800
00F800
01F800
019800
031800
021000
026000
07C000
FFFFC0
FFFFC0
FFFFC0
FFFFC0
08E000
083000
0C1800
0C0C00
070C00
07FC00
03FC00
01FC00
007800
ENDCHAR
STARTCHAR uni06D2.dup52
ENCODING 64430
SWIDTH 812 0
DWIDTH 34 0
BBX 33 17 1 -1
BITMAP
0001800000
0003800000
0007C00000
000FC00000
003CC00000
0070400000
01F0000000
07E0000000
1FC0000000
3E00000000
7800000000
6000000000
C000000000
FFFFFFFF80
FFFFFFFE00
FFFFFFFC00
FFFFFFF800
ENDCHAR
STARTCHAR uniFBAF
ENCODING 64431
SWIDTH 812 0
DWIDTH 34 0
BBX 33 18 1 -8
BITMAP
000007FF80
0000FFFF80
0007FFFF80
003FFFFF80
00FFF80000
01FF000000
07F0000000
0FC0000000
1F00000000
3C00000000
7800000000
6000000000
6000000000
4000000000
FFFFFFFF80
FFFFFFFE00
FFFFFFFC00
FFFFFFF800
ENDCHAR
STARTCHAR uni06D3.dup53
ENCODING 64432
SWIDTH 812 0
DWIDTH 34 0
BBX 33 22 1 -1
BITMAP
0030000000
0070000000
0080000000
00C0000000
0078000000
0181800000
0003800000
0007C00000
000FC00000
003CC00000
0070400000
01F0000000
07E0000000
1FC0000000
3E00000000
7800000000
6000000000
C000000000
FFFFFFFF80
FFFFFFFE00
FFFFFFFC00
FFFFFFF800
ENDCHAR
STARTCHAR uniFBB1
ENCODING 64433
SWIDTH 812 0
DWIDTH 34 0
BBX 33 27 1 -8
BITMAP
0000030000
0000070000
0000040000
0000060000
0000038000
00000C0000
0000000000
0000000000
0000000000
000007FF80
0000FFFF80
0007FFFF80
003FFFFF80
00FFF80000
01FF000000
07F0000000
0FC0000000
1F00000000
3C00000000
7800000000
6000000000
6000000000
4000000000
FFFFFFFF80
FFFFFFFE00
FFFFFFFC00
FFFFFFF800
ENDCHAR
STARTCHAR uni06AD.dup54
ENCODING 64467
SWIDTH 601 0
DWIDTH 25 0
BBX 24 31 1 6
BITMAP
004000
00F000
00F000
00F010
002410
000F1E
008F1F
01EF1F
01E21F
01E00E
00400C
00010C
00070C
000C0C
001806
001006
003006
003F86
003F86
200186
600186
400386
C00706
C3FC03
C00003
E00003
F80003
FFFFFF
7FFFFF
3FFFFF
0FFFFF
ENDCHAR
STARTCHAR uniFBD4
ENCODING 64468
SWIDTH 601 0
DWIDTH 25 0
BBX 24 31 1 6
BITMAP
004000
00F000
00F000
00F010
002410
000F1E
008F1F
01EF1F
01E21F
01E00E
00400C
00010C
00070C
000C0C
001806
001006
003006
003F86
003F86
200186
600186
400386
C00706
C3FC03
C00003
E00003
F80003
FFFFFF
7FFFFF
3FFFFF
0FFFFF
ENDCHAR
STARTCHAR uniFBD5
ENCODING 64469
SWIDTH 394 0
DWIDTH 17 0
BBX 18 30 -1 6
BITMAP
060000
0E6000
06E000
0C6000
1C0000
0C0100
000F00
003F00
00FF00
03FE00
07F000
0F8000
0E0000
1C0000
1E0000
1F8000
1FC000
0FE000
07F000
00F800
003C00
001E00
000700
000380
000380
0001C0
FFFFC0
FFFFC0
FFFFC0
FFFFC0
ENDCHAR
STARTCHAR uniFBD6
ENCODING 64470
SWIDTH 394 0
DWIDTH 17 0
BBX 18 30 -1 6
BITMAP
060000
0E6000
06E000
0C6000
1C0000
0C0100
000F00
003F00
00FF00
03FE00
07F000
0F8000
0E0000
1C0000
1E0000
1F8000
1FC000
0FE000
07F000
00F800
003C00
001E00
000700
000380
000380
0001C0
FFFFC0
FFFFC0
FFFFC0
FFFFC0
ENDCHAR
STARTCHAR uni06C7.dup55
ENCODING 64471
SWIDTH 432 0
DWIDTH 18 0
BBX 17 33 1 -4
BITMAP
000600
000F00
000B00
000E00
000E00
000F00
000700
000900
001000
006000
000000
000000
000E00
001F00
001F00
003F80
003180
003180
003880
003F80
003F80
001F80
000780
000080
000180
000300
000700
000E00
001E00
003C00
E0F800
3FF000
07E000
ENDCHAR
STARTCHAR uniFBD8
ENCODING 64472
SWIDTH 432 0
DWIDTH 18 0
BBX 17 33 1 -4
BITMAP
000600
000F00
000B00
000E00
000E00
000F00
000700
000900
001000
006000
000000
000000
000E00
001F00
001F00
003F80
003180
003180
003880
003F80
003F80
001F80
000780
000080
000180
000300
000700
000E00
001E00
003C00
E0F800
3FF000
07E000
ENDCHAR
STARTCHAR uni06C6.dup56
ENCODING 64473
SWIDTH 432 0
DWIDTH 18 0
BBX 17 28 1 -4
BITMAP
003180
001900
000B00
000E00
000600
000000
000000
000E00
001F00
001F00
003F80
003180
003180
003880
003F80
003F80
001F80
000780
000080
000180
000300
000700
000E00
001E00
003C00
E0F800
3FF000
07E000
ENDCHAR
STARTCHAR uniFBDA
ENCODING 64474
SWIDTH 432 0
DWIDTH 18 0
BBX 17 28 1 -4
BITMAP
003180
001900
000B00
000E00
000600
000000
000000
000E00
001F00
001F00
003F80
003180
003180
003880
003F80
003F80
001F80
000780
000080
000180
000300
000700
000E00
001E00
003C00
E0F800
3FF000
07E000
ENDCHAR
STARTCHAR uni06C8.dup57
ENCODING 64475
SWIDTH 432 0
DWIDTH 18 0
BBX 17 34 1 -4
BITMAP
000800
000800
000800
000C00
000C00
000400
000400
000400
000400
000400
000000
000000
000000
000E00
001F00
001F00
003F80
003180
003180
003880
003F80
003F80
001F80
000780
000080
000180
000300
000700
000E00
001E00
003C00
E0F800
3FF000
07E000
ENDCHAR
STARTCHAR uniFBDC
ENCODING 64476
SWIDTH 432 0
DWIDTH 18 0
BBX 17 34 1 -4
BITMAP
000800
000800
000800
000C00
000C00
000400
000400
000400
000400
000400
000000
000000
000000
000E00
001F00
001F00
003F80
003180
003180
003880
003F80
003F80
001F80
000780
000080
000180
000300
000700
000E00
001E00
003C00
E0F800
3FF000
07E000
ENDCHAR
STARTCHAR uni0677.dup58
ENCODING 64477
SWIDTH 432 0
DWIDTH 18 0
BBX 19 31 1 -4
BITMAP
006000
00E000
012060
01A0E0
01E120
00E180
00E0E0
01A300
030000
060000
000E00
001F00
001F00
003F80
003180
003180
003880
003F80
003F80
001F80
000780
000080
000180
000300
000700
000E00
001E00
003C00
E0F800
3FF000
07E000
ENDCHAR
STARTCHAR uni06CB.dup59
ENCODING 64478
SWIDTH 432 0
DWIDTH 18 0
BBX 17 34 1 -4
BITMAP
006000
007800
007800
007000
001200
000780
00C780
00F700
00F100
00E000
002000
000000
000000
000E00
001F00
001F00
003F80
003180
003180
003880
003F80
003F80
001F80
000780
000080
000180
000300
000700
000E00
001E00
003C00
E0F800
3FF000
07E000
ENDCHAR
STARTCHAR uniFBDF
ENCODING 64479
SWIDTH 432 0
DWIDTH 18 0
BBX 17 34 1 -4
BITMAP
006000
007800
007800
007000
001200
000780
00C780
00F700
00F100
00E000
002000
000000
000000
000E00
001F00
001F00
003F80
003180
003180
003880
003F80
003F80
001F80
000780
000080
000180
000300
000700
000E00
001E00
003C00
E0F800
3FF000
07E000
ENDCHAR
STARTCHAR uni06C5.dup60
ENCODING 64480
SWIDTH 432 0
DWIDTH 18 0
BBX 17 21 1 -4
BITMAP
000E00
001F00
001F00
003F80
003180
003180
003880
003F80
003F80
001F80
000780
01C080
03F180
00FF00
001F00
000600
000E00
003C00
E0F800
3FF000
07E000
ENDCHAR
STARTCHAR uniFBE1
ENCODING 64481
SWIDTH 432 0
DWIDTH 18 0
BBX 17 21 1 -4
BITMAP
000E00
001F00
001F00
003F80
003180
003180
003880
003F80
003F80
001F80
000780
01C080
03F180
00FF00
001F00
000600
000E00
003C00
E0F800
3FF000
07E000
ENDCHAR
STARTCHAR uni06C9.dup61
ENCODING 64482
SWIDTH 432 0
DWIDTH 18 0
BBX 17 28 1 -4
BITMAP
000600
000E00
000B00
001900
003180
000000
000000
000E00
001F00
001F00
003F80
003180
003180
003880
003F80
003F80
001F80
000780
000080
000180
000300
000700
000E00
001E00
003C00
E0F800
3FF000
07E000
ENDCHAR
STARTCHAR uniFBE3
ENCODING 64483
SWIDTH 432 0
DWIDTH 18 0
BBX 17 28 1 -4
BITMAP
000600
000E00
000B00
001900
003180
000000
000000
000E00
001F00
001F00
003F80
003180
003180
003880
003F80
003F80
001F80
000780
000080
000180
000300
000700
000E00
001E00
003C00
E0F800
3FF000
07E000
ENDCHAR
STARTCHAR uni06D0.dup62
ENCODING 64484
SWIDTH 638 0
DWIDTH 27 0
BBX 25 28 1 -8
BITMAP
00000F00
00003F80
00007F80
0000FF80
0000E180
0001C080
10018000
20030000
20020000
20060000
4007FE00
4007FF00
4007FF00
C003FF00
C0000300
C0000E00
E0003E00
F807FC00
FFFFF800
7FFFE000
3FFF8000
0FFC0000
00000000
00000000
00700000
00E00000
00380000
00700000
ENDCHAR
STARTCHAR uniFBE5
ENCODING 64485
SWIDTH 588 0
DWIDTH 25 0
BBX 24 20 1 -9
BITMAP
100000
10007F
2001FF
2007FF
4007FF
400C00
C00FF0
C00FF8
C00FF8
E00018
F00018
FE00F0
7FFFF0
3FFFE0
1FFFC0
07FE00
007000
007000
003800
003800
ENDCHAR
STARTCHAR uniFBE6
ENCODING 64486
SWIDTH 244 0
DWIDTH 10 0
BBX 11 27 -1 -7
BITMAP
0040
0040
0040
00E0
00E0
0060
0020
0020
0020
0020
FFE0
FFE0
FFE0
FFE0
0000
0000
0000
0C00
0E00
1F00
0E00
0600
0600
0700
0F80
0700
0300
ENDCHAR
STARTCHAR uniFBE7
ENCODING 64487
SWIDTH 244 0
DWIDTH 10 0
BBX 11 27 -1 -7
BITMAP
0040
0040
0040
00E0
00E0
0060
0020
0020
0020
0020
FFE0
FFE0
FFE0
FFE0
0000
0000
0000
0C00
0E00
1F00
0E00
0600
0600
0700
0F80
0700
0300
ENDCHAR
STARTCHAR afii57555.dup63
ENCODING 64508
SWIDTH 638 0
DWIDTH 27 0
BBX 25 22 1 -2
BITMAP
00000F00
00003F80
00007F80
0000FF80
0000E180
0001C080
10018000
20030000
20020000
20060000
4007FE00
4007FF00
4007FF00
C003FF00
C0000300
C0000E00
E0003E00
F807FC00
FFFFF800
7FFFE000
3FFF8000
0FFC0000
ENDCHAR
STARTCHAR afii52364
ENCODING 64509
SWIDTH 588 0
DWIDTH 25 0
BBX 24 16 1 -5
BITMAP
100000
10007F
2001FF
2007FF
4007FF
400C00
C00FF0
C00FF8
C00FF8
E00018
F00018
FE00F0
7FFFF0
3FFFE0
1FFFC0
07FE00
ENDCHAR
STARTCHAR afii62831
ENCODING 64510
SWIDTH 244 0
DWIDTH 10 0
BBX 12 23 -1 -3
BITMAP
0040
0040
0040
00E0
00E0
0060
0020
0020
0020
0020
FFE0
FFE0
FFE0
FFE0
0000
0000
00C0
00E0
19F0
1CE0
3E60
1C00
0C00
ENDCHAR
STARTCHAR afii62832
ENCODING 64511
SWIDTH 244 0
DWIDTH 10 0
BBX 12 23 -1 -3
BITMAP
0040
0040
0040
00E0
00E0
0060
0020
0020
0020
0020
FFE0
FFE0
FFE0
FFE0
0000
0000
00C0
00E0
19F0
1CE0
3E60
1C00
0C00
ENDCHAR
STARTCHAR afii62882
ENCODING 64606
SWIDTH 226 0
DWIDTH 10 0
BBX 10 14 0 25
BITMAP
0300
0700
0500
3500
7700
1300
1700
1D00
3040
0440
44C0
4FC0
FF80
7000
ENDCHAR
STARTCHAR afii62883
ENCODING 64607
SWIDTH 211 0
DWIDTH 9 0
BBX 10 13 0 25
BITMAP
0040
0440
4CC0
CFC0
FF80
7000
0180
0F00
3C00
3180
0F00
3E00
3000
ENDCHAR
STARTCHAR afii62884
ENCODING 64608
SWIDTH 211 0
DWIDTH 9 0
BBX 10 9 0 25
BITMAP
0180
0F00
3E00
3040
0440
44C0
CFC0
FF80
7000
ENDCHAR
STARTCHAR afii62885
ENCODING 64609
SWIDTH 211 0
DWIDTH 9 0
BBX 10 14 0 25
BITMAP
0300
0700
0500
0500
0600
0300
0700
0C00
3840
0440
44C0
CFC0
FF80
7000
ENDCHAR
STARTCHAR afii62886
ENCODING 64610
SWIDTH 211 0
DWIDTH 9 0
BBX 10 10 0 25
BITMAP
0040
0440
4CC0
CFC0
FF80
7000
0180
0F00
3E00
3000
ENDCHAR
STARTCHAR afii64060
ENCODING 64830
SWIDTH 318 0
DWIDTH 13 0
BBX 10 41 2 -8
BITMAP
0040
00C0
0180
0380
0700
0F00
0F00
1E00
1E00
3E00
3C00
7C00
7C00
7C00
7800
F800
F800
F800
F800
F800
F800
F800
F800
F800
F800
F800
7800
7800
7C00
7C00
3C00
3C00
1E00
1E00
0E00
0F00
0700
0380
0180
00C0
0040
ENDCHAR
STARTCHAR afii64061
ENCODING 64831
SWIDTH 318 0
DWIDTH 13 0
BBX 9 41 2 -8
BITMAP
8000
C000
E000
6000
7000
7800
3C00
3C00
3E00
1E00
1F00
1F00
0F00
0F80
0F80
0F80
0F80
0F80
0F80
0F80
0F80
0F80
0F80
0F80
0F80
0F80
0F80
0F80
0F00
0F00
1F00
1E00
1E00
3C00
3C00
3800
7000
7000
E000
C000
8000
ENDCHAR
STARTCHAR afii64184
ENCODING 65010
SWIDTH 616 0
DWIDTH 26 0
BBX 25 27 0 6
BITMAP
00180000
000C0000
00060000
00020000
00000000
00011000
00113000
0013F000
001EE000
001C0000
00008200
00018600
00418600
00C18600
00C18600
00C18700
00C08300
01C0C300
03E0C300
0F60C380
1C60C380
3860E180
70F1F380
7FBFFF80
FFBFBF80
FF1F9F80
7E0F0700
ENDCHAR
STARTCHAR afii52399
ENCODING 65152
SWIDTH 412 0
DWIDTH 17 0
BBX 13 16 2 3
BITMAP
0700
0F80
1FC0
3FC0
3080
6000
6000
F018
FCF8
FFF0
FFF0
3FC0
1F00
0C00
1800
2000
ENDCHAR
STARTCHAR afii52400.dup64
ENCODING 65153
SWIDTH 207 0
DWIDTH 9 0
BBX 8 29 1 5
BITMAP
E1
9E
00
08
08
18
18
18
18
18
18
18
18
18
1C
1C
1C
1C
0C
0C
0C
0C
0C
0C
0C
0C
08
08
08
ENDCHAR
STARTCHAR afii62753
ENCODING 65154
SWIDTH 229 0
DWIDTH 10 0
BBX 10 28 0 6
BITMAP
E100
9E00
0000
1000
1000
3000
7000
7000
3800
3800
3800
1800
1800
1800
1800
1800
1800
1800
1800
1800
1800
1800
1C00
1C00
0FC0
0FC0
0FC0
07C0
ENDCHAR
STARTCHAR afii57411.dup65
ENCODING 65155
SWIDTH 207 0
DWIDTH 9 0
BBX 5 32 2 5
BITMAP
18
38
48
60
38
C0
00
10
10
30
30
30
30
30
30
30
30
30
38
38
38
18
18
18
18
18
18
18
18
18
10
10
ENDCHAR
STARTCHAR afii62754
ENCODING 65156
SWIDTH 229 0
DWIDTH 10 0
BBX 9 31 1 6
BITMAP
1800
3800
4800
6000
3800
C000
0000
2000
2000
6000
E000
E000
7000
7000
7000
3000
3000
3000
3000
3000
3000
3000
3000
3000
3000
3800
3800
1F80
1F80
1F80
0F80
ENDCHAR
STARTCHAR afii57412.dup66
ENCODING 65157
SWIDTH 432 0
DWIDTH 18 0
BBX 17 29 1 -4
BITMAP
006000
00E000
012000
018000
00F000
01C000
020000
000000
000E00
001F00
001F00
003F80
003180
003180
003880
003F80
003F80
001F80
000780
000080
000180
000300
000700
000E00
001E00
003C00
E0F800
3FF000
07E000
ENDCHAR
STARTCHAR afii62755
ENCODING 65158
SWIDTH 432 0
DWIDTH 18 0
BBX 17 29 1 -4
BITMAP
006000
00E000
012000
018000
00F000
01C000
020000
000000
000E00
001F00
001F00
003F80
003180
003180
003880
003F80
003F80
001F80
000780
000080
000180
000300
000700
000E00
001E00
003C00
E0F800
3FF000
07E000
ENDCHAR
STARTCHAR afii57413.dup67
ENCODING 65159
SWIDTH 207 0
DWIDTH 9 0
BBX 6 35 1 -4
BITMAP
08
08
18
18
18
18
18
18
18
18
18
1C
1C
1C
1C
0C
0C
0C
0C
0C
0C
0C
0C
08
08
08
00
00
00
18
38
48
60
38
C0
ENDCHAR
STARTCHAR afii62756
ENCODING 65160
SWIDTH 229 0
DWIDTH 10 0
BBX 10 35 0 -4
BITMAP
1000
1000
3000
7000
7000
3800
3800
3800
1800
1800
1800
1800
1800
1800
1800
1800
1800
1800
1800
1C00
1C00
0FC0
0FC0
0FC0
07C0
0000
0000
0000
0000
1800
3800
4800
6000
3800
C000
ENDCHAR
STARTCHAR afii57414.dup68
ENCODING 65161
SWIDTH 638 0
DWIDTH 27 0
BBX 25 25 1 -2
BITMAP
0C000000
1C000000
24000000
30000F00
1E003F80
38007F80
4000FF80
0000E180
0001C080
10018000
20030000
20020000
20060000
4007FE00
4007FF00
4007FF00
C003FF00
C0000300
C0000E00
E0003E00
F807FC00
FFFFF800
7FFFE000
3FFF8000
0FFC0000
ENDCHAR
STARTCHAR afii62759
ENCODING 65162
SWIDTH 588 0
DWIDTH 25 0
BBX 24 27 1 -5
BITMAP
0C0000
1C0000
240000
300000
1E0000
380000
400000
000000
000000
000000
000000
100000
10007F
2001FF
2007FF
4007FF
400C00
C00FF0
C00FF8
C00FF8
E00018
F00018
FE00F0
7FFFF0
3FFFE0
1FFFC0
07FE00
ENDCHAR
STARTCHAR afii62757
ENCODING 65163
SWIDTH 244 0
DWIDTH 10 0
BBX 11 24 -1 6
BITMAP
0300
0700
0900
0C00
0780
0E00
1000
0000
0000
0000
0040
0040
0040
00E0
00E0
0060
0020
0020
0020
0020
FFE0
FFE0
FFE0
FFE0
ENDCHAR
STARTCHAR afii62758
ENCODING 65164
SWIDTH 244 0
DWIDTH 10 0
BBX 11 24 -1 6
BITMAP
0300
0700
0900
0C00
0780
0E00
1000
0000
0000
0000
0040
0040
0040
00E0
00E0
0060
0020
0020
0020
0020
FFE0
FFE0
FFE0
FFE0
ENDCHAR
STARTCHAR afii57415.dup69
ENCODING 65165
SWIDTH 207 0
DWIDTH 9 0
BBX 3 26 4 5
BITMAP
40
40
C0
C0
C0
C0
C0
C0
C0
C0
C0
E0
E0
E0
E0
60
60
60
60
60
60
60
60
40
40
40
ENDCHAR
STARTCHAR afii62760
ENCODING 65166
SWIDTH 229 0
DWIDTH 10 0
BBX 9 25 1 6
BITMAP
2000
2000
6000
E000
E000
7000
7000
7000
3000
3000
3000
3000
3000
3000
3000
3000
3000
3000
3000
3800
3800
1F80
1F80
1F80
0F80
ENDCHAR
STARTCHAR afii57416.dup70
ENCODING 65167
SWIDTH 713 0
DWIDTH 30 0
BBX 29 22 1 -2
BITMAP
40000010
40000010
80000010
80000038
80000018
80000018
80000008
C0000008
E0000008
FC000008
7FFFFFF8
3FFFFFF8
1FFFFFF8
07FFFFF8
00000000
00000000
00000000
00040000
00070000
000F8000
00070000
00030000
ENDCHAR
STARTCHAR afii62763
ENCODING 65168
SWIDTH 713 0
DWIDTH 30 0
BBX 29 22 1 -2
BITMAP
40000010
40000010
80000010
80000038
80000018
80000018
80000008
C0000008
E0000008
FC000008
7FFFFFF8
3FFFFFF8
1FFFFFF8
07FFFFF8
00000000
00000000
00000000
00040000
00070000
000F8000
00070000
00030000
ENDCHAR
STARTCHAR afii62761
ENCODING 65169
SWIDTH 244 0
DWIDTH 10 0
BBX 11 22 -1 -2
BITMAP
0040
0040
0040
00E0
00E0
0060
0020
0020
0020
0020
FFE0
FFE0
FFE0
FFE0
0000
0000
0000
0200
0380
07C0
0380
0180
ENDCHAR
STARTCHAR afii62762
ENCODING 65170
SWIDTH 244 0
DWIDTH 10 0
BBX 11 22 -1 -2
BITMAP
0040
0040
0040
00E0
00E0
0060
0020
0020
0020
0020
FFE0
FFE0
FFE0
FFE0
0000
0000
0000
0200
0380
07C0
0380
0180
ENDCHAR
STARTCHAR afii57417.dup71
ENCODING 65171
SWIDTH 282 0
DWIDTH 12 0
BBX 12 23 0 6
BITMAP
0300
0380
67C0
7380
F980
7000
3000
0000
0000
0800
0E00
0F80
0FC0
0FE0
1BF0
10F0
1030
3030
38F0
3FE0
3FE0
3FC0
1F80
ENDCHAR
STARTCHAR afii62764
ENCODING 65172
SWIDTH 375 0
DWIDTH 16 0
BBX 16 28 0 6
BITMAP
0180
01C0
33E0
39C0
7CC0
3800
1800
0000
0040
00C0
00C0
00C0
00C0
01C0
03E0
0F60
1C60
3860
70E0
7FE0
FFF0
FF30
7E30
0038
003F
001F
001F
000F
ENDCHAR
STARTCHAR afii57418.dup72
ENCODING 65173
SWIDTH 713 0
DWIDTH 30 0
BBX 29 21 1 6
BITMAP
0000C000
0000E000
0019F000
001CE000
003E6000
001C0000
000C0000
40000010
40000010
80000010
80000038
80000018
80000018
80000008
C0000008
E0000008
FC000008
7FFFFFF8
3FFFFFF8
1FFFFFF8
07FFFFF8
ENDCHAR
STARTCHAR afii62767
ENCODING 65174
SWIDTH 713 0
DWIDTH 30 0
BBX 29 21 1 6
BITMAP
0000C000
0000E000
0019F000
001CE000
003E6000
001C0000
000C0000
40000010
40000010
80000010
80000038
80000018
80000018
80000008
C0000008
E0000008
FC000008
7FFFFFF8
3FFFFFF8
1FFFFFF8
07FFFFF8
ENDCHAR
STARTCHAR afii62765
ENCODING 65175
SWIDTH 244 0
DWIDTH 10 0
BBX 12 23 -1 6
BITMAP
00C0
00E0
19F0
1CE0
3E60
1C00
0C00
0000
0000
0040
0040
0040
00E0
00E0
0060
0020
0020
0020
0020
FFE0
FFE0
FFE0
FFE0
ENDCHAR
STARTCHAR afii62766
ENCODING 65176
SWIDTH 244 0
DWIDTH 10 0
BBX 12 23 -1 6
BITMAP
00C0
00E0
19F0
1CE0
3E60
1C00
0C00
0000
0000
0040
0040
0040
00E0
00E0
0060
0020
0020
0020
0020
FFE0
FFE0
FFE0
FFE0
ENDCHAR
STARTCHAR afii57419.dup73
ENCODING 65177
SWIDTH 713 0
DWIDTH 30 0
BBX 29 25 1 6
BITMAP
000C0000
000E0000
001F0000
000E0000
0006C000
0000E000
0019F000
001CE000
003E6000
001C0000
000C0000
40000010
40000010
80000010
80000038
80000018
80000018
80000008
C0000008
E0000008
FC000008
7FFFFFF8
3FFFFFF8
1FFFFFF8
07FFFFF8
ENDCHAR
STARTCHAR afii62770
ENCODING 65178
SWIDTH 713 0
DWIDTH 30 0
BBX 29 25 1 6
BITMAP
000C0000
000E0000
001F0000
000E0000
0006C000
0000E000
0019F000
001CE000
003E6000
001C0000
000C0000
40000010
40000010
80000010
80000038
80000018
80000018
80000008
C0000008
E0000008
FC000008
7FFFFFF8
3FFFFFF8
1FFFFFF8
07FFFFF8
ENDCHAR
STARTCHAR afii62768
ENCODING 65179
SWIDTH 244 0
DWIDTH 10 0
BBX 12 27 -1 6
BITMAP
0C00
0E00
1F00
0E00
06C0
00E0
19F0
1CE0
3E60
1C00
0C00
0000
0000
0040
0040
0040
00E0
00E0
0060
0020
0020
0020
0020
FFE0
FFE0
FFE0
FFE0
ENDCHAR
STARTCHAR afii62769
ENCODING 65180
SWIDTH 244 0
DWIDTH 10 0
BBX 12 27 -1 6
BITMAP
0C00
0E00
1F00
0E00
06C0
00E0
19F0
1CE0
3E60
1C00
0C00
0000
0000
0040
0040
0040
00E0
00E0
0060
0020
0020
0020
0020
FFE0
FFE0
FFE0
FFE0
ENDCHAR
STARTCHAR afii57420.dup74
ENCODING 65181
SWIDTH 562 0
DWIDTH 24 0
BBX 21 26 1 -8
BITMAP
0FFFF0
1FFFF0
3FFFF0
7FFFE0
40FF00
03F000
078000
0C0000
180000
200000
401800
401E00
803E00
801C00
800C00
800000
800000
C00000
E00000
700000
7E0000
7FC000
3FFFF8
0FFFE0
07FFC0
007F80
ENDCHAR
STARTCHAR afii62773
ENCODING 65182
SWIDTH 525 0
DWIDTH 22 0
BBX 21 26 1 -8
BITMAP
0FFFF0
3FFFF0
7FFFE0
FFFFE0
807F00
01F200
078200
0C0300
1803F8
2003F8
4001F8
4000F8
803000
803800
807C00
803800
C01800
C00000
E00000
700000
7E0000
3FC000
3FFFF8
0FFFE0
07FFC0
007F80
ENDCHAR
STARTCHAR afii62771
ENCODING 65183
SWIDTH 529 0
DWIDTH 22 0
BBX 23 21 -1 -2
BITMAP
01E000
03F800
07FC00
0FFE00
007F00
001FC0
0007E0
0003F0
0001F8
FFFFFE
FFFFFE
FFFFFE
FFFFFE
000000
000000
000000
006000
007000
00F800
007000
003000
ENDCHAR
STARTCHAR afii62772
ENCODING 65184
SWIDTH 529 0
DWIDTH 22 0
BBX 23 21 -1 -2
BITMAP
01E000
03F800
07FC00
0FFE00
007F00
001FC0
0007E0
0003F0
0001F8
FFFFFE
FFFFFE
FFFFFE
FFFFFE
000000
000000
000000
006000
007000
00F800
007000
003000
ENDCHAR
STARTCHAR afii57421.dup75
ENCODING 65185
SWIDTH 562 0
DWIDTH 24 0
BBX 21 26 1 -8
BITMAP
0FFFF0
1FFFF0
3FFFF0
7FFFE0
40FF00
03F000
078000
0C0000
180000
200000
400000
400000
800000
800000
800000
800000
800000
C00000
E00000
700000
7E0000
7FC000
3FFFF8
0FFFE0
07FFC0
007F80
ENDCHAR
STARTCHAR afii62776
ENCODING 65186
SWIDTH 525 0
DWIDTH 22 0
BBX 21 26 1 -8
BITMAP
0FFFF0
3FFFF0
7FFFE0
FFFFE0
807F00
01F200
078200
0C0300
1803F8
2003F8
4001F8
4000F8
800000
800000
800000
800000
C00000
C00000
E00000
700000
7E0000
3FC000
3FFFF8
0FFFE0
07FFC0
007F80
ENDCHAR
STARTCHAR afii62774
ENCODING 65187
SWIDTH 529 0
DWIDTH 22 0
BBX 23 13 -1 6
BITMAP
01E000
03F800
07FC00
0FFE00
007F00
001FC0
0007E0
0003F0
0001F8
FFFFFE
FFFFFE
FFFFFE
FFFFFE
ENDCHAR
STARTCHAR afii62775
ENCODING 65188
SWIDTH 529 0
DWIDTH 22 0
BBX 23 13 -1 6
BITMAP
01E000
03F800
07FC00
0FFE00
007F00
001FC0
0007E0
0003F0
0001F8
FFFFFE
FFFFFE
FFFFFE
FFFFFE
ENDCHAR
STARTCHAR afii57422.dup76
ENCODING 65189
SWIDTH 562 0
DWIDTH 24 0
BBX 21 35 1 -8
BITMAP
006000
007000
00F800
007000
003000
000000
000000
000000
000000
0FFFF0
1FFFF0
3FFFF0
7FFFE0
40FF00
03F000
078000
0C0000
180000
200000
400000
400000
800000
800000
800000
800000
800000
C00000
E00000
700000
7E0000
7FC000
3FFFF8
0FFFE0
07FFC0
007F80
ENDCHAR
STARTCHAR afii62779
ENCODING 65190
SWIDTH 525 0
DWIDTH 22 0
BBX 21 35 1 -8
BITMAP
006000
007000
00F800
007000
003000
000000
000000
000000
000000
0FFFF0
3FFFF0
7FFFE0
FFFFE0
807F00
01F200
078200
0C0300
1803F8
2003F8
4001F8
4000F8
800000
800000
800000
800000
C00000
C00000
E00000
700000
7E0000
3FC000
3FFFF8
0FFFE0
07FFC0
007F80
ENDCHAR
STARTCHAR afii62777
ENCODING 65191
SWIDTH 529 0
DWIDTH 22 0
BBX 23 22 -1 6
BITMAP
002000
003800
007C00
003800
001800
000000
000000
000000
000000
01E000
03F800
07FC00
0FFE00
007F00
001FC0
0007E0
0003F0
0001F8
FFFFFE
FFFFFE
FFFFFE
FFFFFE
ENDCHAR
STARTCHAR afii62778
ENCODING 65192
SWIDTH 529 0
DWIDTH 22 0
BBX 23 22 -1 6
BITMAP
002000
003800
007C00
003800
001800
000000
000000
000000
000000
01E000
03F800
07FC00
0FFE00
007F00
001FC0
0007E0
0003F0
0001F8
FFFFFE
FFFFFE
FFFFFE
FFFFFE
ENDCHAR
STARTCHAR afii57423.dup77
ENCODING 65193
SWIDTH 337 0
DWIDTH 14 0
BBX 12 18 2 6
BITMAP
0200
0300
0380
03C0
01C0
00E0
0060
0020
0030
0010
0010
0010
8010
C010
FFF0
FFF0
FFF0
7FF0
ENDCHAR
STARTCHAR afii62780
ENCODING 65194
SWIDTH 337 0
DWIDTH 14 0
BBX 12 18 2 6
BITMAP
0200
0300
0380
03C0
01C0
00E0
0060
0020
0030
0010
0010
0010
8010
C010
FFF0
FFF0
FFF0
7FF0
ENDCHAR
STARTCHAR afii57424.dup78
ENCODING 65195
SWIDTH 337 0
DWIDTH 14 0
BBX 12 27 2 6
BITMAP
1000
1C00
3E00
1C00
0C00
0000
0000
0000
0000
0200
0300
0380
03C0
01C0
00E0
0060
0020
0030
0010
0010
0010
8010
C010
FFF0
FFF0
FFF0
7FF0
ENDCHAR
STARTCHAR afii62781
ENCODING 65196
SWIDTH 337 0
DWIDTH 14 0
BBX 12 27 2 6
BITMAP
1000
1C00
3E00
1C00
0C00
0000
0000
0000
0000
0200
0300
0380
03C0
01C0
00E0
0060
0020
0030
0010
0010
0010
8010
C010
FFF0
FFF0
FFF0
7FF0
ENDCHAR
STARTCHAR afii57425.dup79
ENCODING 65197
SWIDTH 488 0
DWIDTH 21 0
BBX 19 22 2 -4
BITMAP
000080
0000C0
0000C0
0001C0
0001E0
0000E0
000060
000060
000020
000020
000020
000020
000060
000060
0000E0
0001C0
000380
000700
001F00
E07C00
1FF800
03E000
ENDCHAR
STARTCHAR afii62782
ENCODING 65198
SWIDTH 488 0
DWIDTH 21 0
BBX 19 22 2 -4
BITMAP
000080
0000C0
0000C0
0001C0
0001E0
0000E0
000060
000060
000020
000020
000020
000020
000060
000060
0000E0
0001C0
000380
000700
001F00
E07C00
1FF800
03E000
ENDCHAR
STARTCHAR afii57426.dup80
ENCODING 65199
SWIDTH 488 0
DWIDTH 21 0
BBX 19 31 2 -4
BITMAP
000C00
000E00
001F00
000E00
000600
000000
000000
000000
000000
000080
0000C0
0000C0
0001C0
0001E0
0000E0
000060
000060
000020
000020
000020
000020
000060
000060
0000E0
0001C0
000380
000700
001F00
E07C00
1FF800
03E000
ENDCHAR
STARTCHAR afii62783
ENCODING 65200
SWIDTH 488 0
DWIDTH 21 0
BBX 19 31 2 -4
BITMAP
000C00
000E00
001F00
000E00
000600
000000
000000
000000
000000
000080
0000C0
0000C0
0001C0
0001E0
0000E0
000060
000060
000020
000020
000020
000020
000060
000060
0000E0
0001C0
000380
000700
001F00
E07C00
1FF800
03E000
ENDCHAR
STARTCHAR afii57427.dup81
ENCODING 65201
SWIDTH 821 0
DWIDTH 35 0
BBX 34 21 1 -3
BITMAP
0000100000
0000100080
0000101180
00003811C0
20003810C0
2000181040
4000181840
4000083C40
80000FFFC0
80000FFFC0
80000FFFC0
80000FE3C0
8000080000
8000180000
C000380000
E000F00000
F807F00000
7FFFE00000
7FFFC00000
3FFF000000
0FF8000000
ENDCHAR
STARTCHAR afii62786
ENCODING 65202
SWIDTH 821 0
DWIDTH 35 0
BBX 34 21 1 -3
BITMAP
0000100000
0000100080
0000101180
00003811C0
20003810C0
2000181040
4000181840
4000083C40
80000FFFC0
80000FFFC0
80000FFFC0
80000FE3C0
8000080000
8000180000
C000380000
E000F00000
F807F00000
7FFFE00000
7FFFC00000
3FFF000000
0FF8000000
ENDCHAR
STARTCHAR afii62784
ENCODING 65203
SWIDTH 530 0
DWIDTH 22 0
BBX 23 12 -1 6
BITMAP
000004
01004C
01004E
010046
018042
018042
01C062
03E0F2
FFFFFE
FFFFFE
FFFFFE
FE3F1E
ENDCHAR
STARTCHAR afii62785
ENCODING 65204
SWIDTH 530 0
DWIDTH 22 0
BBX 23 12 -1 6
BITMAP
000004
01004C
01004E
010046
018042
018042
01C062
03E0F2
FFFFFE
FFFFFE
FFFFFE
FE3F1E
ENDCHAR
STARTCHAR afii57428.dup82
ENCODING 65205
SWIDTH 821 0
DWIDTH 35 0
BBX 34 34 1 -3
BITMAP
0000006000
0000007000
000000F800
0000007000
0000003600
0000000700
000000CF80
000000E700
000001F300
000000E000
0000006000
0000000000
0000000000
0000100000
0000100080
0000101180
00003811C0
20003810C0
2000181040
4000181840
4000083C40
80000FFFC0
80000FFFC0
80000FFFC0
80000FE3C0
8000080000
8000180000
C000380000
E000F00000
F807F00000
7FFFE00000
7FFFC00000
3FFF000000
0FF8000000
ENDCHAR
STARTCHAR afii62789
ENCODING 65206
SWIDTH 821 0
DWIDTH 35 0
BBX 34 34 1 -3
BITMAP
0000006000
0000007000
000000F800
0000007000
0000003600
0000000700
000000CF80
000000E700
000001F300
000000E000
0000006000
0000000000
0000000000
0000100000
0000100080
0000101180
00003811C0
20003810C0
2000181040
4000181840
4000083C40
80000FFFC0
80000FFFC0
80000FFFC0
80000FE3C0
8000080000
8000180000
C000380000
E000F00000
F807F00000
7FFFE00000
7FFFC00000
3FFF000000
0FF8000000
ENDCHAR
STARTCHAR afii62787
ENCODING 65207
SWIDTH 530 0
DWIDTH 22 0
BBX 23 26 -1 6
BITMAP
000300
000380
0007C0
000380
0001B0
000038
00067C
000738
000F98
000700
000300
000000
000000
000000
000004
01004C
01004E
010046
018042
018042
01C062
03E0F2
FFFFFE
FFFFFE
FFFFFE
FE3F1E
ENDCHAR
STARTCHAR afii62788
ENCODING 65208
SWIDTH 530 0
DWIDTH 22 0
BBX 23 26 -1 6
BITMAP
000300
000380
0007C0
000380
0001B0
000038
00067C
000738
000F98
000700
000300
000000
000000
000000
000004
01004C
01004E
010046
018042
018042
01C062
03E0F2
FFFFFE
FFFFFE
FFFFFE
FE3F1E
ENDCHAR
STARTCHAR afii57429.dup83
ENCODING 65209
SWIDTH 1098 0
DWIDTH 46 0
BBX 45 21 1 -3
BITMAP
000020000FC0
000020003FE0
00002000FFF0
00007001FFF8
20007007E0F8
2000300F0038
4000303C0038
400010F80078
80001FFFFFF8
80001FFFFFF8
80001FFFFFF8
80001FFFFFF8
800010000000
800030000000
C00060000000
E001E0000000
F80FE0000000
7FFFC0000000
7FFF80000000
3FFF00000000
0FF800000000
ENDCHAR
STARTCHAR afii62792
ENCODING 65210
SWIDTH 1098 0
DWIDTH 46 0
BBX 45 21 1 -3
BITMAP
000020000FC0
000020003FE0
00002000FFF0
00007001FFF8
20007007E0F8
2000300F0038
4000303C0038
400010F80078
80001FFFFFF8
80001FFFFFF8
80001FFFFFF8
80001FFFFFF8
800010000000
800030000000
C00060000000
E001E0000000
F80FE0000000
7FFFC0000000
7FFF80000000
3FFF00000000
0FF800000000
ENDCHAR
STARTCHAR afii62790
ENCODING 65211
SWIDTH 846 0
DWIDTH 36 0
BBX 37 12 -1 6
BITMAP
0000000FC0
0000003FE0
0080007FF0
008000FFF8
008003E0F8
00C0078038
00E01E0038
01F0F80078
FFFFFFFFF8
FFFFFFFFF8
FFFFFFFFF8
FE3FFFFFF8
ENDCHAR
STARTCHAR afii62791
ENCODING 65212
SWIDTH 846 0
DWIDTH 36 0
BBX 37 12 -1 6
BITMAP
0000000FC0
0000003FE0
0080007FF0
008000FFF8
008003E0F8
00C0078038
00E01E0038
01F0F80078
FFFFFFFFF8
FFFFFFFFF8
FFFFFFFFF8
FE3FFFFFF8
ENDCHAR
STARTCHAR afii57430.dup84
ENCODING 65213
SWIDTH 1098 0
DWIDTH 46 0
BBX 45 29 1 -3
BITMAP
000000100000
0000001C0000
0000003E0000
0000001C0000
0000000C0000
000000000000
000000000000
000000000000
000020000FC0
000020003FE0
00002000FFF0
00007001FFF8
20007007E0F8
2000300F0038
4000303C0038
400010F80078
80001FFFFFF8
80001FFFFFF8
80001FFFFFF8
80001FFFFFF8
800010000000
800030000000
C00060000000
E001E0000000
F80FE0000000
7FFFC0000000
7FFF80000000
3FFF00000000
0FF800000000
ENDCHAR
STARTCHAR afii62795
ENCODING 65214
SWIDTH 1098 0
DWIDTH 46 0
BBX 45 29 1 -3
BITMAP
000000100000
0000001C0000
0000003E0000
0000001C0000
0000000C0000
000000000000
000000000000
000000000000
000020000FC0
000020003FE0
00002000FFF0
00007001FFF8
20007007E0F8
2000300F0038
4000303C0038
400010F80078
80001FFFFFF8
80001FFFFFF8
80001FFFFFF8
80001FFFFFF8
800010000000
800030000000
C00060000000
E001E0000000
F80FE0000000
7FFFC0000000
7FFF80000000
3FFF00000000
0FF800000000
ENDCHAR
STARTCHAR afii62793
ENCODING 65215
SWIDTH 846 0
DWIDTH 36 0
BBX 37 20 -1 6
BITMAP
0000080000
00000E0000
00001F0000
00000E0000
0000060000
0000000000
0000000000
0000000000
0000000FC0
0000003FE0
0080007FF0
008000FFF8
008003E0F8
00C0078038
00E01E0038
01F0F80078
FFFFFFFFF8
FFFFFFFFF8
FFFFFFFFF8
FE3FFFFFF8
ENDCHAR
STARTCHAR afii62794
ENCODING 65216
SWIDTH 846 0
DWIDTH 36 0
BBX 37 20 -1 6
BITMAP
0000080000
00000E0000
00001F0000
00000E0000
0000060000
0000000000
0000000000
0000000000
0000000FC0
0000003FE0
0080007FF0
008000FFF8
008003E0F8
00C0078038
00E01E0038
01F0F80078
FFFFFFFFF8
FFFFFFFFF8
FFFFFFFFF8
FE3FFFFFF8
ENDCHAR
STARTCHAR afii57431.dup85
ENCODING 65217
SWIDTH 581 0
DWIDTH 24 0
BBX 25 27 -1 6
BITMAP
02000000
03000000
03E00000
03E00000
03E00000
01C00000
01800000
00C00000
00C00000
00C00000
00C00000
00E00000
00600000
00600000
00600000
00607C00
0061FF00
0067FF00
005FFF80
007E0780
00F80380
01E00380
07800780
FFFFFF80
FFFFFF80
FFFFFF80
FFFFFF80
ENDCHAR
STARTCHAR afii62798
ENCODING 65218
SWIDTH 581 0
DWIDTH 24 0
BBX 25 27 -1 6
BITMAP
02000000
03000000
03E00000
03E00000
03E00000
01C00000
01800000
00C00000
00C00000
00C00000
00C00000
00E00000
00600000
00600000
00600000
00607C00
0061FF00
0067FF00
005FFF80
007E0780
00F80380
01E00380
07800780
FFFFFF80
FFFFFF80
FFFFFF80
FFFFFF80
ENDCHAR
STARTCHAR afii62796
ENCODING 65219
SWIDTH 581 0
DWIDTH 24 0
BBX 25 27 -1 6
BITMAP
02000000
03000000
03E00000
03E00000
03E00000
01C00000
01800000
00C00000
00C00000
00C00000
00C00000
00E00000
00600000
00600000
00600000
00607C00
0061FF00
0067FF00
005FFF80
007E0780
00F80380
01E00380
07800780
FFFFFF80
FFFFFF80
FFFFFF80
FFFFFF80
ENDCHAR
STARTCHAR afii62797
ENCODING 65220
SWIDTH 581 0
DWIDTH 24 0
BBX 25 27 -1 6
BITMAP
02000000
03000000
03E00000
03E00000
03E00000
01C00000
01800000
00C00000
00C00000
00C00000
00C00000
00E00000
00600000
00600000
00600000
00607C00
0061FF00
0067FF00
005FFF80
007E0780
00F80380
01E00380
07800780
FFFFFF80
FFFFFF80
FFFFFF80
FFFFFF80
ENDCHAR
STARTCHAR afii57432.dup86
ENCODING 65221
SWIDTH 581 0
DWIDTH 24 0
BBX 25 27 -1 6
BITMAP
02000000
03000000
03E00000
03E00000
03E00000
01C08000
0180E000
00C1F000
00C0E000
00C06000
00C00000
00E00000
00600000
00600000
00600000
00607C00
0061FF00
0067FF00
005FFF80
007E0780
00F80380
01E00380
07800780
FFFFFF80
FFFFFF80
FFFFFF80
FFFFFF80
ENDCHAR
STARTCHAR afii62801
ENCODING 65222
SWIDTH 581 0
DWIDTH 24 0
BBX 25 27 -1 6
BITMAP
02000000
03000000
03E00000
03E00000
03E00000
01C08000
0180E000
00C1F000
00C0E000
00C06000
00C00000
00E00000
00600000
00600000
00600000
00607C00
0061FF00
0067FF00
005FFF80
007E0780
00F80380
01E00380
07800780
FFFFFF80
FFFFFF80
FFFFFF80
FFFFFF80
ENDCHAR
STARTCHAR afii62799
ENCODING 65223
SWIDTH 581 0
DWIDTH 24 0
BBX 25 27 -1 6
BITMAP
02000000
03000000
03E00000
03E00000
03E00000
01C08000
0180E000
00C1F000
00C0E000
00C06000
00C00000
00E00000
00600000
00600000
00600000
00607C00
0061FF00
0067FF00
005FFF80
007E0780
00F80380
01E00380
07800780
FFFFFF80
FFFFFF80
FFFFFF80
FFFFFF80
ENDCHAR
STARTCHAR afii62800
ENCODING 65224
SWIDTH 581 0
DWIDTH 24 0
BBX 25 27 -1 6
BITMAP
02000000
03000000
03E00000
03E00000
03E00000
01C08000
0180E000
00C1F000
00C0E000
00C06000
00C00000
00E00000
00600000
00600000
00600000
00607C00
0061FF00
0067FF00
005FFF80
007E0780
00F80380
01E00380
07800780
FFFFFF80
FFFFFF80
FFFFFF80
FFFFFF80
ENDCHAR
STARTCHAR afii57433.dup87
ENCODING 65225
SWIDTH 543 0
DWIDTH 23 0
BBX 21 34 1 -8
BITMAP
070000
1FC000
3FE000
3FF000
7E0000
700000
C00000
C00000
C00080
E00780
F01F00
FE7F00
7FFE00
3FF000
3FC000
0F0000
0E0000
180000
300000
200000
600000
400000
C00000
C00000
C00000
C00000
E00000
F00000
7C0000
7F8000
3FFFF8
1FFFE0
07FFC0
00FF80
ENDCHAR
STARTCHAR afii62804
ENCODING 65226
SWIDTH 450 0
DWIDTH 19 0
BBX 20 27 1 -8
BITMAP
01F000
07F800
07FC00
0FFC00
09FC00
00F800
01F000
03F800
07FC00
0F3FC0
1C3FC0
381FC0
7007C0
600000
C00000
C00000
C00000
C00000
E00000
F00000
F80000
7E0000
7FE000
3FFFF0
1FFFE0
07FF80
00FF00
ENDCHAR
STARTCHAR afii62802
ENCODING 65227
SWIDTH 525 0
DWIDTH 22 0
BBX 21 14 -1 6
BITMAP
00F800
03FE00
07FF00
0FFF00
0F0180
0C0000
0C0000
0E0018
0E00F0
078FF0
FFFFF0
FFFFC0
FFFE00
FFE000
ENDCHAR
STARTCHAR afii62803
ENCODING 65228
SWIDTH 394 0
DWIDTH 17 0
BBX 18 12 -1 6
BITMAP
03F800
07FC00
0FFE00
0FFE00
09FC00
00FC00
01F000
07F800
FFFFC0
FFBFC0
FF1FC0
F80FC0
ENDCHAR
STARTCHAR afii57434.dup88
ENCODING 65229
SWIDTH 543 0
DWIDTH 23 0
BBX 21 43 1 -8
BITMAP
060000
070000
0F8000
070000
030000
000000
000000
000000
000000
070000
1FC000
3FE000
3FF000
7E0000
700000
C00000
C00000
C00080
E00780
F01F00
FE7F00
7FFE00
3FF000
3FC000
0F0000
0E0000
180000
300000
200000
600000
400000
C00000
C00000
C00000
C00000
E00000
F00000
7C0000
7F8000
3FFFF8
1FFFE0
07FFC0
00FF80
ENDCHAR
STARTCHAR afii62807
ENCODING 65230
SWIDTH 450 0
DWIDTH 19 0
BBX 20 36 1 -8
BITMAP
00C000
00E000
01F000
00E000
006000
000000
000000
000000
000000
01F000
07F800
07FC00
0FFC00
09FC00
00F800
01F000
03F800
07FC00
0F3FC0
1C3FC0
381FC0
7007C0
600000
C00000
C00000
C00000
C00000
E00000
F00000
F80000
7E0000
7FE000
3FFFF0
1FFFE0
07FF80
00FF00
ENDCHAR
STARTCHAR afii62805
ENCODING 65231
SWIDTH 525 0
DWIDTH 22 0
BBX 21 21 -1 6
BITMAP
00C000
00E000
01F000
00E000
006000
000000
000000
00F800
03FE00
07FF00
0FFF00
0F0180
0C0000
0C0000
0E0018
0E00F0
078FF0
FFFFF0
FFFFC0
FFFE00
FFE000
ENDCHAR
STARTCHAR afii62806
ENCODING 65232
SWIDTH 394 0
DWIDTH 17 0
BBX 18 22 -1 6
BITMAP
018000
01C000
03E000
01C000
00C000
000000
000000
000000
000000
000000
03F800
07FC00
0FFE00
0FFE00
09FC00
00FC00
01F000
07F800
FFFFC0
FFBFC0
FF1FC0
F80FC0
ENDCHAR
STARTCHAR afii57441.dup89
ENCODING 65233
SWIDTH 788 0
DWIDTH 33 0
BBX 32 23 1 6
BITMAP
000000C0
000000E0
000001F0
000000E0
00000060
00000000
00000000
00000000
00000000
4000001C
4000003E
8000007E
8000007F
800000E7
800000E3
800000E3
C00000F3
F000007F
FE00001F
7FFFFFFF
3FFFFFFF
1FFFFFFF
01FFFFFF
ENDCHAR
STARTCHAR afii62810
ENCODING 65234
SWIDTH 788 0
DWIDTH 33 0
BBX 32 23 1 6
BITMAP
000000C0
000000E0
000001F0
000000E0
00000060
00000000
00000000
00000000
00000000
4000001C
4000003E
8000007E
8000007F
800000E7
800000E3
800000E3
C00000F3
F000007F
FE00001F
7FFFFFFF
3FFFFFFF
1FFFFFFF
01FFFFFF
ENDCHAR
STARTCHAR afii62808
ENCODING 65235
SWIDTH 267 0
DWIDTH 11 0
BBX 12 26 -1 6
BITMAP
0400
0700
0F80
0700
0300
0000
0000
0000
0380
07C0
0FC0
0FE0
19E0
18E0
18E0
1FF0
1FF0
1FF0
0FB0
0030
0030
0030
FFF0
FFF0
FFF0
FFF0
ENDCHAR
STARTCHAR afii62809
ENCODING 65236
SWIDTH 262 0
DWIDTH 11 0
BBX 12 25 -1 6
BITMAP
0300
0380
07C0
0380
0100
0000
0000
0000
0000
01C0
03E0
07E0
07E0
0CF0
0C70
0C30
0E30
0FF0
07F0
03F0
0030
FFF0
FFF0
FFF0
FFF0
ENDCHAR
STARTCHAR afii57442.dup90
ENCODING 65237
SWIDTH 581 0
DWIDTH 24 0
BBX 23 32 1 -3
BITMAP
000060
000070
000CF8
000E70
001F30
000E00
000600
000000
000000
000000
000070
0000F8
0001F8
0001FC
00031C
20030E
20030E
4003FE
4003FE
4001FE
8000FA
800002
800002
800002
800006
C0000E
E0003E
F801FC
7FFFF8
3FFFF0
1FFFC0
07FE00
ENDCHAR
STARTCHAR afii62813
ENCODING 65238
SWIDTH 581 0
DWIDTH 24 0
BBX 23 32 1 -3
BITMAP
000060
000070
000CF8
000E70
001F30
000E00
000600
000000
000000
000000
000070
0000F8
0001F8
0001FC
00031C
20030E
20030E
4003FE
4003FE
4001FE
8000FA
800002
800002
800002
800006
C0000E
E0003E
F801FC
7FFFF8
3FFFF0
1FFFC0
07FE00
ENDCHAR
STARTCHAR afii62811
ENCODING 65239
SWIDTH 267 0
DWIDTH 11 0
BBX 12 27 -1 6
BITMAP
00C0
00E0
19F0
1CE0
3E60
1C00
0C00
0000
0000
0380
07C0
0FC0
0FE0
19E0
18E0
18E0
1FF0
1FF0
1FF0
0FB0
0030
0030
0030
FFF0
FFF0
FFF0
FFF0
ENDCHAR
STARTCHAR afii62812
ENCODING 65240
SWIDTH 262 0
DWIDTH 11 0
BBX 12 26 -1 6
BITMAP
0040
08E0
1DF0
3EE0
1C40
0800
0000
0000
0000
0000
01C0
03E0
07E0
07E0
0CF0
0C70
0C30
0E30
0FF0
07F0
03F0
0030
FFF0
FFF0
FFF0
FFF0
ENDCHAR
STARTCHAR afii57443.dup91
ENCODING 65241
SWIDTH 601 0
DWIDTH 25 0
BBX 24 28 1 6
BITMAP
000010
000010
00001E
00001F
00001F
00001F
00000E
00010C
00070C
000C0C
00180C
001006
003006
003F86
003F86
000186
200186
600386
400706
C3FC06
C00003
C00003
E00003
F80003
FFFFFF
7FFFFF
3FFFFF
0FFFFF
ENDCHAR
STARTCHAR afii62816
ENCODING 65242
SWIDTH 601 0
DWIDTH 25 0
BBX 24 28 1 6
BITMAP
000010
000010
00001E
00001F
00001F
00001F
00000E
00010C
00070C
000C0C
00180C
001006
003006
003F86
003F86
000186
200186
600386
400706
C3FC06
C00003
C00003
E00003
F80003
FFFFFF
7FFFFF
3FFFFF
0FFFFF
ENDCHAR
STARTCHAR afii57410
ENCODING 65243
SWIDTH 394 0
DWIDTH 17 0
BBX 18 25 -1 6
BITMAP
000100
000F00
003F00
00FF00
03FE00
07F000
0F8000
0E0000
1C0000
1E0000
1F8000
1FC000
0FE000
07F000
00F800
003C00
001E00
000700
000380
000380
0001C0
FFFFC0
FFFFC0
FFFFC0
FFFFC0
ENDCHAR
STARTCHAR afii62815
ENCODING 65244
SWIDTH 394 0
DWIDTH 17 0
BBX 18 25 -1 6
BITMAP
000100
000F00
003F00
00FF00
03FE00
07F000
0F8000
0E0000
1C0000
1E0000
1F8000
1FC000
0FE000
07F000
00F800
003C00
001E00
000700
000380
000380
0001C0
FFFFC0
FFFFC0
FFFFC0
FFFFC0
ENDCHAR
STARTCHAR afii57444.dup92
ENCODING 65245
SWIDTH 506 0
DWIDTH 21 0
BBX 20 34 1 0
BITMAP
000080
000080
0001E0
0001F0
0001F0
0001F0
0000F0
0000C0
0000C0
0000C0
000040
000060
000060
000060
000060
000060
080060
100060
100070
200030
200030
600030
400030
400030
C00030
C00030
C00030
E00070
F001F0
F807E0
7FFFE0
7FFFC0
3FFF00
07FC00
ENDCHAR
STARTCHAR afii62819
ENCODING 65246
SWIDTH 506 0
DWIDTH 21 0
BBX 20 34 1 0
BITMAP
000080
000080
0001E0
0001F0
0001F0
0001F0
0000F0
0000C0
0000C0
0000C0
000040
000060
000060
000060
000060
000060
080060
100060
100070
200030
200030
600030
400030
400030
C00030
C00030
C00030
E00070
F001F0
F807E0
7FFFE0
7FFFC0
3FFF00
07FC00
ENDCHAR
STARTCHAR afii62817
ENCODING 65247
SWIDTH 207 0
DWIDTH 9 0
BBX 10 28 -1 6
BITMAP
0400
0400
0780
07C0
07C0
07C0
03C0
0300
0300
0300
0300
0180
0180
0180
0180
0180
0180
0180
0180
01C0
00C0
00C0
00C0
00C0
FFC0
FFC0
FFC0
FFC0
ENDCHAR
STARTCHAR afii62818
ENCODING 65248
SWIDTH 207 0
DWIDTH 9 0
BBX 10 28 -1 6
BITMAP
0400
0400
0780
07C0
07C0
07C0
03C0
0300
0300
0300
0300
0180
0180
0180
0180
0180
0180
0180
0180
01C0
00C0
00C0
00C0
00C0
FFC0
FFC0
FFC0
FFC0
ENDCHAR
STARTCHAR afii57445.dup93
ENCODING 65249
SWIDTH 337 0
DWIDTH 14 0
BBX 13 24 1 -8
BITMAP
0380
0FC0
0FE0
1FF0
18F0
0078
03F8
1FF8
7FF8
7FF8
FC00
E000
C000
C000
C000
6000
6000
6000
3000
3000
3000
1000
1000
1000
ENDCHAR
STARTCHAR afii62822
ENCODING 65250
SWIDTH 337 0
DWIDTH 14 0
BBX 13 24 1 -8
BITMAP
0380
0FC0
0FE0
1FF0
18F0
0078
03F8
1FF8
7FF8
7FF8
FC00
E000
C000
C000
C000
6000
6000
6000
3000
3000
3000
1000
1000
1000
ENDCHAR
STARTCHAR afii62820
ENCODING 65251
SWIDTH 394 0
DWIDTH 17 0
BBX 18 11 -1 6
BITMAP
000600
001F00
003300
006180
00E180
01F0C0
03FCC0
FFFFC0
FFBFC0
FF1FC0
FC07C0
ENDCHAR
STARTCHAR afii62821
ENCODING 65252
SWIDTH 394 0
DWIDTH 17 0
BBX 18 11 -1 6
BITMAP
000600
001F00
003300
006180
00E180
01F0C0
03FCC0
FFFFC0
FFBFC0
FF1FC0
FC07C0
ENDCHAR
STARTCHAR afii57446.dup94
ENCODING 65253
SWIDTH 525 0
DWIDTH 22 0
BBX 21 27 1 -3
BITMAP
006000
007000
00F800
007000
003000
000000
000010
000010
000010
000038
200038
200018
400018
400008
800008
800008
800008
800008
800008
800018
C00038
E000F0
F807F0
7FFFE0
7FFFC0
3FFF80
0FFC00
ENDCHAR
STARTCHAR afii62825
ENCODING 65254
SWIDTH 525 0
DWIDTH 22 0
BBX 21 27 1 -3
BITMAP
006000
007000
00F800
007000
003000
000000
000010
000010
000010
000038
200038
200018
400018
400008
800008
800008
800008
800008
800008
800018
C00038
E000F0
F807F0
7FFFE0
7FFFC0
3FFF80
0FFC00
ENDCHAR
STARTCHAR afii62823
ENCODING 65255
SWIDTH 244 0
DWIDTH 10 0
BBX 11 22 -1 6
BITMAP
0300
0380
07C0
0380
0180
0000
0000
0000
0040
0040
0040
00E0
00E0
0060
0020
0020
0020
0020
FFE0
FFE0
FFE0
FFE0
ENDCHAR
STARTCHAR afii62824
ENCODING 65256
SWIDTH 244 0
DWIDTH 10 0
BBX 11 22 -1 6
BITMAP
0300
0380
07C0
0380
0180
0000
0000
0000
0040
0040
0040
00E0
00E0
0060
0020
0020
0020
0020
FFE0
FFE0
FFE0
FFE0
ENDCHAR
STARTCHAR afii57447.dup95
ENCODING 65257
SWIDTH 282 0
DWIDTH 12 0
BBX 10 14 1 6
BITMAP
2000
3800
3E00
3F00
3F80
6FC0
43C0
40C0
C0C0
E3C0
FF80
FF80
FF00
7E00
ENDCHAR
STARTCHAR afii62828.dup96
ENCODING 65258
SWIDTH 375 0
DWIDTH 16 0
BBX 16 20 0 6
BITMAP
0040
00C0
00C0
00C0
00C0
01C0
03E0
0F60
1C60
3860
70E0
7FE0
FFF0
FF30
7E30
0038
003F
001F
001F
000F
ENDCHAR
STARTCHAR afii57470.dup97
ENCODING 65259
SWIDTH 450 0
DWIDTH 19 0
BBX 17 18 -1 6
BITMAP
008000
00C000
01E000
01E000
01F000
01F800
03FC00
023C00
043E00
043F00
0E7700
0FF300
07E180
0FF180
FFFF80
FF7F80
FC1F00
F00700
ENDCHAR
STARTCHAR afii62827.dup98
ENCODING 65260
SWIDTH 394 0
DWIDTH 17 0
BBX 18 22 -1 -3
BITMAP
003000
007800
00F800
01F800
019800
031800
021000
026000
07C000
FFFFC0
FFFFC0
FFFFC0
FFFFC0
08E000
083000
0C1800
0C0C00
070C00
07FC00
03FC00
01FC00
007800
ENDCHAR
STARTCHAR afii57448.dup99
ENCODING 65261
SWIDTH 432 0
DWIDTH 18 0
BBX 17 21 1 -4
BITMAP
000E00
001F00
001F00
003F80
003180
003180
003880
003F80
003F80
001F80
000780
000080
000180
000300
000700
000E00
001E00
003C00
E0F800
3FF000
07E000
ENDCHAR
STARTCHAR afii62829
ENCODING 65262
SWIDTH 432 0
DWIDTH 18 0
BBX 17 21 1 -4
BITMAP
000E00
001F00
001F00
003F80
003180
003180
003880
003F80
003F80
001F80
000780
000080
000180
000300
000700
000E00
001E00
003C00
E0F800
3FF000
07E000
ENDCHAR
STARTCHAR afii57449.dup100
ENCODING 65263
SWIDTH 638 0
DWIDTH 27 0
BBX 25 22 1 -2
BITMAP
00000F00
00003F80
00007F80
0000FF80
0000E180
0001C080
10018000
20030000
20020000
20060000
4007FE00
4007FF00
4007FF00
C003FF00
C0000300
C0000E00
E0003E00
F807FC00
FFFFF800
7FFFE000
3FFF8000
0FFC0000
ENDCHAR
STARTCHAR afii62830
ENCODING 65264
SWIDTH 588 0
DWIDTH 25 0
BBX 24 16 1 -5
BITMAP
100000
10007F
2001FF
2007FF
4007FF
400C00
C00FF0
C00FF8
C00FF8
E00018
F00018
FE00F0
7FFFF0
3FFFE0
1FFFC0
07FE00
ENDCHAR
STARTCHAR afii57450.dup101
ENCODING 65265
SWIDTH 638 0
DWIDTH 27 0
BBX 25 28 1 -8
BITMAP
00000F00
00003F80
00007F80
0000FF80
0000E180
0001C080
10018000
20030000
20020000
20060000
4007FE00
4007FF00
4007FF00
C003FF00
C0000300
C0000E00
E0003E00
F807FC00
FFFFF800
7FFFE000
3FFF8000
0FFE0000
00070000
00CF8000
00E70000
01F30000
00E00000
00600000
ENDCHAR
STARTCHAR afii62833
ENCODING 65266
SWIDTH 588 0
DWIDTH 25 0
BBX 24 19 1 -8
BITMAP
100000
30007F
2001FF
6007FF
4007FF
400C00
C00FF0
C00FF8
E00FF8
F00018
FE0078
7FFFF0
7FFFE0
1FFFC0
07FE00
000000
008400
03FF00
00C400
ENDCHAR
STARTCHAR afii62831.dup102
ENCODING 65267
SWIDTH 244 0
DWIDTH 10 0
BBX 12 23 -1 -3
BITMAP
0040
0040
0040
00E0
00E0
0060
0020
0020
0020
0020
FFE0
FFE0
FFE0
FFE0
0000
0000
00C0
00E0
19F0
1CE0
3E60
1C00
0C00
ENDCHAR
STARTCHAR afii62832.dup103
ENCODING 65268
SWIDTH 244 0
DWIDTH 10 0
BBX 12 23 -1 -3
BITMAP
0040
0040
0040
00E0
00E0
0060
0020
0020
0020
0020
FFE0
FFE0
FFE0
FFE0
0000
0000
00C0
00E0
19F0
1CE0
3E60
1C00
0C00
ENDCHAR
STARTCHAR afii62834
ENCODING 65269
SWIDTH 543 0
DWIDTH 23 0
BBX 20 32 2 2
BITMAP
E10000
9E0000
000000
000000
C00100
E00180
F001E0
F801F0
FC01F0
7E01F0
3F00E0
1F00C0
0F80C0
01C0C0
00C0C0
0060C0
0071C0
003180
001980
001980
000F00
000F00
000600
000E00
001F00
003900
007100
00C300
01FF00
01FF00
01FF00
01F800
ENDCHAR
STARTCHAR afii62835
ENCODING 65270
SWIDTH 600 0
DWIDTH 25 0
BBX 24 29 1 5
BITMAP
E10000
9E0000
000000
000000
700020
7C0020
7F0060
3F8060
3FE060
1FF060
067860
001C30
000C30
000E30
000630
000330
000130
000130
000050
000058
0000D8
000198
000398
000F1C
003F1F
00FE0F
07FC0F
3FF007
FF8000
ENDCHAR
STARTCHAR afii62836
ENCODING 65271
SWIDTH 543 0
DWIDTH 23 0
BBX 21 35 1 2
BITMAP
180000
380000
480000
600000
380000
C00000
000000
600080
7000C0
7800F0
7C00F8
7E00F8
3F00F8
1F8070
0F8060
07C060
00E060
006060
003060
0038E0
0018C0
000CC0
000CC0
000780
000780
000300
000700
000F80
001C80
003880
006180
00FF80
00FF80
00FF80
00FC00
ENDCHAR
STARTCHAR afii62837
ENCODING 65272
SWIDTH 600 0
DWIDTH 25 0
BBX 25 32 0 5
BITMAP
18000000
38000000
48000000
60000000
38000000
C0000000
00000000
38001000
3E001000
3F803000
1FC03000
1FF03000
0FF83000
033C3000
000E1800
00061800
00071800
00031800
00019800
00009800
00009800
00002800
00002C00
00006C00
0000CC00
0001CC00
00078E00
001F8F80
007F0780
03FE0780
1FF80380
7FC00000
ENDCHAR
STARTCHAR afii62838
ENCODING 65273
SWIDTH 543 0
DWIDTH 23 0
BBX 20 36 2 -6
BITMAP
C00100
E00180
F001E0
F801F0
FC01F0
7E01F0
3F00E0
1F00C0
0F80C0
01C0C0
00C0C0
0060C0
0071C0
003180
001980
001980
000F00
000F00
000600
000E00
001F00
003900
007100
00C300
01FF00
01FF00
01FF00
01F800
000000
000000
006000
00E000
012000
018000
00E000
030000
ENDCHAR
STARTCHAR afii62839
ENCODING 65274
SWIDTH 600 0
DWIDTH 25 0
BBX 24 35 1 -5
BITMAP
700020
7C0020
7F0060
3F8060
3FE060
1FF060
067860
001C30
000C30
000E30
000630
000330
000130
000130
000050
000058
0000D8
000198
000398
000F1C
003F1F
00FE0F
07FC0F
3FF007
FF8000
000000
000000
000000
000000
060000
0E0000
120000
180000
0E0000
300000
ENDCHAR
STARTCHAR afii62840
ENCODING 65275
SWIDTH 543 0
DWIDTH 23 0
BBX 20 28 2 2
BITMAP
C00100
E00180
F001E0
F801F0
FC01F0
7E01F0
3F00E0
1F00C0
0F80C0
01C0C0
00C0C0
0060C0
0071C0
003180
001980
001980
000F00
000F00
000600
000E00
001F00
003900
007100
00C300
01FF00
01FF00
01FF00
01F800
ENDCHAR
STARTCHAR afii62841
ENCODING 65276
SWIDTH 600 0
DWIDTH 25 0
BBX 24 25 1 5
BITMAP
700020
7C0020
7F0060
3F8060
3FE060
1FF060
067860
001C30
000C30
000E30
000630
000330
000130
000130
000050
000058
0000D8
000198
000398
000F1C
003F1F
00FE0F
07FC0F
3FF007
FF8000
ENDCHAR
STARTCHAR uniFFFC
ENCODING 65532
SWIDTH 1000 0
DWIDTH 42 0
BBX 42 30 0 0
BITMAP
FE0FE1FC1FC0
FE0FE1FC1FC0
C000000000C0
C000000000C0
C000000000C0
C000000000C0
C000000000C0
000000000000
007C1FE01800
01FF1FF01800
038398381800
030198181800
C600D81818C0
C600D83818C0
C600DFF018C0
C600DFF818C0
C600D81C18C0
C600D80C18C0
0301980C1800
0383981D3800
01FF1FFBF000
007C1FF1E000
000000000000
C000000000C0
C000000000C0
C000000000C0
C000000000C0
C000000000C0
FE0FE1FC1FC0
FE0FE1FC1FC0
ENDCHAR
STARTCHAR .notdef
ENCODING -1
SWIDTH 750 0
DWIDTH 32 0
BBX 21 26 5 0
BITMAP
800000
800000
800000
800000
800000
800000
800000
800000
800000
800000
800000
800000
800000
800000
800000
800000
800000
800000
800000
800000
800000
800000
800000
800000
800000
FFFFF8
ENDCHAR
STARTCHAR .null
ENCODING -1
SWIDTH 0 0
DWIDTH 0 0
BBX 1 1 0 0
BITMAP
00
ENDCHAR
STARTCHAR nonmarkingreturn
ENCODING -1
SWIDTH 277 0
DWIDTH 12 0
BBX 1 1 0 0
BITMAP
00
ENDCHAR
STARTCHAR pi1
ENCODING -1
SWIDTH 548 0
DWIDTH 23 0
BBX 23 22 0 0
BITMAP
FFFFFE
FFFFFE
FFFFFE
1E00F0
1E00F0
1E00F0
1E00F0
1E00F0
1E00F0
1E00F0
1E00F0
1E00F0
1E00F0
1E00F0
1E00F0
1E00F0
1E00F0
1E00F0
1E00F0
1E00F0
1E00F0
1E00F0
ENDCHAR
STARTCHAR middot
ENCODING -1
SWIDTH 333 0
DWIDTH 14 0
BBX 4 4 9 13
BITMAP
F0
F0
F0
F0
ENDCHAR
STARTCHAR afii57459
ENCODING -1
SWIDTH 750 0
DWIDTH 32 0
BBX 21 26 5 0
BITMAP
800000
800000
800000
800000
800000
800000
800000
800000
800000
800000
800000
800000
800000
800000
800000
800000
800000
800000
800000
800000
800000
800000
800000
800000
800000
FFFFF8
ENDCHAR
STARTCHAR afii57543
ENCODING -1
SWIDTH 750 0
DWIDTH 32 0
BBX 21 26 5 0
BITMAP
800000
800000
800000
800000
800000
800000
800000
800000
800000
800000
800000
800000
800000
800000
800000
800000
800000
800000
800000
800000
800000
800000
800000
800000
800000
FFFFF8
ENDCHAR
STARTCHAR afii57494
ENCODING -1
SWIDTH 750 0
DWIDTH 32 0
BBX 21 26 5 0
BITMAP
800000
800000
800000
800000
800000
800000
800000
800000
800000
800000
800000
800000
800000
800000
800000
800000
800000
800000
800000
800000
800000
800000
800000
800000
800000
FFFFF8
ENDCHAR
STARTCHAR afii64240
ENCODING -1
SWIDTH 750 0
DWIDTH 32 0
BBX 21 26 5 0
BITMAP
800000
800000
800000
800000
800000
800000
800000
800000
800000
800000
800000
800000
800000
800000
800000
800000
800000
800000
800000
800000
800000
800000
800000
800000
800000
FFFFF8
ENDCHAR
STARTCHAR afii64241
ENCODING -1
SWIDTH 750 0
DWIDTH 32 0
BBX 21 26 5 0
BITMAP
800000
800000
800000
800000
800000
800000
800000
800000
800000
800000
800000
800000
800000
800000
800000
800000
800000
800000
800000
800000
800000
800000
800000
800000
800000
FFFFF8
ENDCHAR
STARTCHAR afii63954
ENCODING -1
SWIDTH 750 0
DWIDTH 32 0
BBX 21 26 5 0
BITMAP
800000
800000
800000
800000
800000
800000
800000
800000
800000
800000
800000
800000
800000
800000
800000
800000
800000
800000
800000
800000
800000
800000
800000
800000
800000
FFFFF8
ENDCHAR
STARTCHAR afii57382
ENCODING -1
SWIDTH 750 0
DWIDTH 32 0
BBX 21 26 5 0
BITMAP
800000
800000
800000
800000
800000
800000
800000
800000
800000
800000
800000
800000
800000
800000
800000
800000
800000
800000
800000
800000
800000
800000
800000
800000
800000
FFFFF8
ENDCHAR
STARTCHAR afii64242
ENCODING -1
SWIDTH 750 0
DWIDTH 32 0
BBX 21 26 5 0
BITMAP
800000
800000
800000
800000
800000
800000
800000
800000
800000
800000
800000
800000
800000
800000
800000
800000
800000
800000
800000
800000
800000
800000
800000
800000
800000
FFFFF8
ENDCHAR
STARTCHAR afii57504
ENCODING -1
SWIDTH 750 0
DWIDTH 32 0
BBX 21 26 5 0
BITMAP
800000
800000
800000
800000
800000
800000
800000
800000
800000
800000
800000
800000
800000
800000
800000
800000
800000
800000
800000
800000
800000
800000
800000
800000
800000
FFFFF8
ENDCHAR
STARTCHAR afii57369
ENCODING -1
SWIDTH 750 0
DWIDTH 32 0
BBX 21 26 5 0
BITMAP
800000
800000
800000
800000
800000
800000
800000
800000
800000
800000
800000
800000
800000
800000
800000
800000
800000
800000
800000
800000
800000
800000
800000
800000
800000
FFFFF8
ENDCHAR
STARTCHAR afii57370
ENCODING -1
SWIDTH 750 0
DWIDTH 32 0
BBX 21 26 5 0
BITMAP
800000
800000
800000
800000
800000
800000
800000
800000
800000
800000
800000
800000
800000
800000
800000
800000
800000
800000
800000
800000
800000
800000
800000
800000
800000
FFFFF8
ENDCHAR
STARTCHAR afii57371
ENCODING -1
SWIDTH 750 0
DWIDTH 32 0
BBX 21 26 5 0
BITMAP
800000
800000
800000
800000
800000
800000
800000
800000
800000
800000
800000
800000
800000
800000
800000
800000
800000
800000
800000
800000
800000
800000
800000
800000
800000
FFFFF8
ENDCHAR
STARTCHAR afii57372
ENCODING -1
SWIDTH 750 0
DWIDTH 32 0
BBX 21 26 5 0
BITMAP
800000
800000
800000
800000
800000
800000
800000
800000
800000
800000
800000
800000
800000
800000
800000
800000
800000
800000
800000
800000
800000
800000
800000
800000
800000
FFFFF8
ENDCHAR
STARTCHAR afii57373
ENCODING -1
SWIDTH 750 0
DWIDTH 32 0
BBX 21 26 5 0
BITMAP
800000
800000
800000
800000
800000
800000
800000
800000
800000
800000
800000
800000
800000
800000
800000
800000
800000
800000
800000
800000
800000
800000
800000
800000
800000
FFFFF8
ENDCHAR
STARTCHAR afii57374
ENCODING -1
SWIDTH 750 0
DWIDTH 32 0
BBX 21 26 5 0
BITMAP
800000
800000
800000
800000
800000
800000
800000
800000
800000
800000
800000
800000
800000
800000
800000
800000
800000
800000
800000
800000
800000
800000
800000
800000
800000
FFFFF8
ENDCHAR
STARTCHAR afii57375
ENCODING -1
SWIDTH 750 0
DWIDTH 32 0
BBX 21 26 5 0
BITMAP
800000
800000
800000
800000
800000
800000
800000
800000
800000
800000
800000
800000
800000
800000
800000
800000
800000
800000
800000
800000
800000
800000
800000
800000
800000
FFFFF8
ENDCHAR
STARTCHAR afii57471
ENCODING -1
SWIDTH 750 0
DWIDTH 32 0
BBX 21 26 5 0
BITMAP
800000
800000
800000
800000
800000
800000
800000
800000
800000
800000
800000
800000
800000
800000
800000
800000
800000
800000
800000
800000
800000
800000
800000
800000
800000
FFFFF8
ENDCHAR
STARTCHAR afii57460
ENCODING -1
SWIDTH 750 0
DWIDTH 32 0
BBX 21 26 5 0
BITMAP
800000
800000
800000
800000
800000
800000
800000
800000
800000
800000
800000
800000
800000
800000
800000
800000
800000
800000
800000
800000
800000
800000
800000
800000
800000
FFFFF8
ENDCHAR
STARTCHAR afii52258
ENCODING -1
SWIDTH 750 0
DWIDTH 32 0
BBX 21 26 5 0
BITMAP
800000
800000
800000
800000
800000
800000
800000
800000
800000
800000
800000
800000
800000
800000
800000
800000
800000
800000
800000
800000
800000
800000
800000
800000
800000
FFFFF8
ENDCHAR
STARTCHAR afii57505
ENCODING -1
SWIDTH 750 0
DWIDTH 32 0
BBX 21 26 5 0
BITMAP
800000
800000
800000
800000
800000
800000
800000
800000
800000
800000
800000
800000
800000
800000
800000
800000
800000
800000
800000
800000
800000
800000
800000
800000
800000
FFFFF8
ENDCHAR
STARTCHAR afii62889
ENCODING -1
SWIDTH 750 0
DWIDTH 32 0
BBX 21 26 5 0
BITMAP
800000
800000
800000
800000
800000
800000
800000
800000
800000
800000
800000
800000
800000
800000
800000
800000
800000
800000
800000
800000
800000
800000
800000
800000
800000
FFFFF8
ENDCHAR
STARTCHAR afii62887
ENCODING -1
SWIDTH 750 0
DWIDTH 32 0
BBX 21 26 5 0
BITMAP
800000
800000
800000
800000
800000
800000
800000
800000
800000
800000
800000
800000
800000
800000
800000
800000
800000
800000
800000
800000
800000
800000
800000
800000
800000
FFFFF8
ENDCHAR
STARTCHAR afii62888
ENCODING -1
SWIDTH 750 0
DWIDTH 32 0
BBX 21 26 5 0
BITMAP
800000
800000
800000
800000
800000
800000
800000
800000
800000
800000
800000
800000
800000
800000
800000
800000
800000
800000
800000
800000
800000
800000
800000
800000
800000
FFFFF8
ENDCHAR
STARTCHAR afii63753
ENCODING -1
SWIDTH 750 0
DWIDTH 32 0
BBX 21 26 5 0
BITMAP
800000
800000
800000
800000
800000
800000
800000
800000
800000
800000
800000
800000
800000
800000
800000
800000
800000
800000
800000
800000
800000
800000
800000
800000
800000
FFFFF8
ENDCHAR
STARTCHAR afii63754
ENCODING -1
SWIDTH 750 0
DWIDTH 32 0
BBX 21 26 5 0
BITMAP
800000
800000
800000
800000
800000
800000
800000
800000
800000
800000
800000
800000
800000
800000
800000
800000
800000
800000
800000
800000
800000
800000
800000
800000
800000
FFFFF8
ENDCHAR
STARTCHAR afii63759
ENCODING -1
SWIDTH 750 0
DWIDTH 32 0
BBX 21 26 5 0
BITMAP
800000
800000
800000
800000
800000
800000
800000
800000
800000
800000
800000
800000
800000
800000
800000
800000
800000
800000
800000
800000
800000
800000
800000
800000
800000
FFFFF8
ENDCHAR
STARTCHAR afii63763
ENCODING -1
SWIDTH 750 0
DWIDTH 32 0
BBX 21 26 5 0
BITMAP
800000
800000
800000
800000
800000
800000
800000
800000
800000
800000
800000
800000
800000
800000
800000
800000
800000
800000
800000
800000
800000
800000
800000
800000
800000
FFFFF8
ENDCHAR
STARTCHAR afii63795
ENCODING -1
SWIDTH 750 0
DWIDTH 32 0
BBX 21 26 5 0
BITMAP
800000
800000
800000
800000
800000
800000
800000
800000
800000
800000
800000
800000
800000
800000
800000
800000
800000
800000
800000
800000
800000
800000
800000
800000
800000
FFFFF8
ENDCHAR
STARTCHAR afii62891
ENCODING -1
SWIDTH 750 0
DWIDTH 32 0
BBX 21 26 5 0
BITMAP
800000
800000
800000
800000
800000
800000
800000
800000
800000
800000
800000
800000
800000
800000
800000
800000
800000
800000
800000
800000
800000
800000
800000
800000
800000
FFFFF8
ENDCHAR
STARTCHAR afii63808
ENCODING -1
SWIDTH 750 0
DWIDTH 32 0
BBX 21 26 5 0
BITMAP
800000
800000
800000
800000
800000
800000
800000
800000
800000
800000
800000
800000
800000
800000
800000
800000
800000
800000
800000
800000
800000
800000
800000
800000
800000
FFFFF8
ENDCHAR
STARTCHAR afii62938
ENCODING -1
SWIDTH 750 0
DWIDTH 32 0
BBX 21 26 5 0
BITMAP
800000
800000
800000
800000
800000
800000
800000
800000
800000
800000
800000
800000
800000
800000
800000
800000
800000
800000
800000
800000
800000
800000
800000
800000
800000
FFFFF8
ENDCHAR
STARTCHAR afii63810
ENCODING -1
SWIDTH 750 0
DWIDTH 32 0
BBX 21 26 5 0
BITMAP
800000
800000
800000
800000
800000
800000
800000
800000
800000
800000
800000
800000
800000
800000
800000
800000
800000
800000
800000
800000
800000
800000
800000
800000
800000
FFFFF8
ENDCHAR
STARTCHAR afii62942
ENCODING -1
SWIDTH 750 0
DWIDTH 32 0
BBX 21 26 5 0
BITMAP
800000
800000
800000
800000
800000
800000
800000
800000
800000
800000
800000
800000
800000
800000
800000
800000
800000
800000
800000
800000
800000
800000
800000
800000
800000
FFFFF8
ENDCHAR
STARTCHAR afii62947
ENCODING -1
SWIDTH 750 0
DWIDTH 32 0
BBX 21 26 5 0
BITMAP
800000
800000
800000
800000
800000
800000
800000
800000
800000
800000
800000
800000
800000
800000
800000
800000
800000
800000
800000
800000
800000
800000
800000
800000
800000
FFFFF8
ENDCHAR
STARTCHAR afii63813
ENCODING -1
SWIDTH 750 0
DWIDTH 32 0
BBX 21 26 5 0
BITMAP
800000
800000
800000
800000
800000
800000
800000
800000
800000
800000
800000
800000
800000
800000
800000
800000
800000
800000
800000
800000
800000
800000
800000
800000
800000
FFFFF8
ENDCHAR
STARTCHAR afii63823
ENCODING -1
SWIDTH 750 0
DWIDTH 32 0
BBX 21 26 5 0
BITMAP
800000
800000
800000
800000
800000
800000
800000
800000
800000
800000
800000
800000
800000
800000
800000
800000
800000
800000
800000
800000
800000
800000
800000
800000
800000
FFFFF8
ENDCHAR
STARTCHAR afii63824
ENCODING -1
SWIDTH 750 0
DWIDTH 32 0
BBX 21 26 5 0
BITMAP
800000
800000
800000
800000
800000
800000
800000
800000
800000
800000
800000
800000
800000
800000
800000
800000
800000
800000
800000
800000
800000
800000
800000
800000
800000
FFFFF8
ENDCHAR
STARTCHAR afii63833
ENCODING -1
SWIDTH 750 0
DWIDTH 32 0
BBX 21 26 5 0
BITMAP
800000
800000
800000
800000
800000
800000
800000
800000
800000
800000
800000
800000
800000
800000
800000
800000
800000
800000
800000
800000
800000
800000
800000
800000
800000
FFFFF8
ENDCHAR
STARTCHAR afii63844
ENCODING -1
SWIDTH 750 0
DWIDTH 32 0
BBX 21 26 5 0
BITMAP
800000
800000
800000
800000
800000
800000
800000
800000
800000
800000
800000
800000
800000
800000
800000
800000
800000
800000
800000
800000
800000
800000
800000
800000
800000
FFFFF8
ENDCHAR
STARTCHAR afii63846
ENCODING -1
SWIDTH 750 0
DWIDTH 32 0
BBX 21 26 5 0
BITMAP
800000
800000
800000
800000
800000
800000
800000
800000
800000
800000
800000
800000
800000
800000
800000
800000
800000
800000
800000
800000
800000
800000
800000
800000
800000
FFFFF8
ENDCHAR
STARTCHAR afii63849
ENCODING -1
SWIDTH 750 0
DWIDTH 32 0
BBX 21 26 5 0
BITMAP
800000
800000
800000
800000
800000
800000
800000
800000
800000
800000
800000
800000
800000
800000
800000
800000
800000
800000
800000
800000
800000
800000
800000
800000
800000
FFFFF8
ENDCHAR
STARTCHAR afii63904
ENCODING -1
SWIDTH 750 0
DWIDTH 32 0
BBX 21 26 5 0
BITMAP
800000
800000
800000
800000
800000
800000
800000
800000
800000
800000
800000
800000
800000
800000
800000
800000
800000
800000
800000
800000
800000
800000
800000
800000
800000
FFFFF8
ENDCHAR
STARTCHAR afii63905
ENCODING -1
SWIDTH 750 0
DWIDTH 32 0
BBX 21 26 5 0
BITMAP
800000
800000
800000
800000
800000
800000
800000
800000
800000
800000
800000
800000
800000
800000
800000
800000
800000
800000
800000
800000
800000
800000
800000
800000
800000
FFFFF8
ENDCHAR
STARTCHAR afii63906
ENCODING -1
SWIDTH 750 0
DWIDTH 32 0
BBX 21 26 5 0
BITMAP
800000
800000
800000
800000
800000
800000
800000
800000
800000
800000
800000
800000
800000
800000
800000
800000
800000
800000
800000
800000
800000
800000
800000
800000
800000
FFFFF8
ENDCHAR
STARTCHAR afii63908
ENCODING -1
SWIDTH 750 0
DWIDTH 32 0
BBX 21 26 5 0
BITMAP
800000
800000
800000
800000
800000
800000
800000
800000
800000
800000
800000
800000
800000
800000
800000
800000
800000
800000
800000
800000
800000
800000
800000
800000
800000
FFFFF8
ENDCHAR
STARTCHAR afii63910
ENCODING -1
SWIDTH 750 0
DWIDTH 32 0
BBX 21 26 5 0
BITMAP
800000
800000
800000
800000
800000
800000
800000
800000
800000
800000
800000
800000
800000
800000
800000
800000
800000
800000
800000
800000
800000
800000
800000
800000
800000
FFFFF8
ENDCHAR
STARTCHAR afii63912
ENCODING -1
SWIDTH 750 0
DWIDTH 32 0
BBX 21 26 5 0
BITMAP
800000
800000
800000
800000
800000
800000
800000
800000
800000
800000
800000
800000
800000
800000
800000
800000
800000
800000
800000
800000
800000
800000
800000
800000
800000
FFFFF8
ENDCHAR
STARTCHAR afii62927
ENCODING -1
SWIDTH 750 0
DWIDTH 32 0
BBX 21 26 5 0
BITMAP
800000
800000
800000
800000
800000
800000
800000
800000
800000
800000
800000
800000
800000
800000
800000
800000
800000
800000
800000
800000
800000
800000
800000
800000
800000
FFFFF8
ENDCHAR
STARTCHAR afii63941
ENCODING -1
SWIDTH 750 0
DWIDTH 32 0
BBX 21 26 5 0
BITMAP
800000
800000
800000
800000
800000
800000
800000
800000
800000
800000
800000
800000
800000
800000
800000
800000
800000
800000
800000
800000
800000
800000
800000
800000
800000
FFFFF8
ENDCHAR
STARTCHAR afii62939
ENCODING -1
SWIDTH 750 0
DWIDTH 32 0
BBX 21 26 5 0
BITMAP
800000
800000
800000
800000
800000
800000
800000
800000
800000
800000
800000
800000
800000
800000
800000
800000
800000
800000
800000
800000
800000
800000
800000
800000
800000
FFFFF8
ENDCHAR
STARTCHAR afii63943
ENCODING -1
SWIDTH 750 0
DWIDTH 32 0
BBX 21 26 5 0
BITMAP
800000
800000
800000
800000
800000
800000
800000
800000
800000
800000
800000
800000
800000
800000
800000
800000
800000
800000
800000
800000
800000
800000
800000
800000
800000
FFFFF8
ENDCHAR
STARTCHAR afii62943
ENCODING -1
SWIDTH 750 0
DWIDTH 32 0
BBX 21 26 5 0
BITMAP
800000
800000
800000
800000
800000
800000
800000
800000
800000
800000
800000
800000
800000
800000
800000
800000
800000
800000
800000
800000
800000
800000
800000
800000
800000
FFFFF8
ENDCHAR
STARTCHAR afii62946
ENCODING -1
SWIDTH 750 0
DWIDTH 32 0
BBX 21 26 5 0
BITMAP
800000
800000
800000
800000
800000
800000
800000
800000
800000
800000
800000
800000
800000
800000
800000
800000
800000
800000
800000
800000
800000
800000
800000
800000
800000
FFFFF8
ENDCHAR
STARTCHAR afii63946
ENCODING -1
SWIDTH 750 0
DWIDTH 32 0
BBX 21 26 5 0
BITMAP
800000
800000
800000
800000
800000
800000
800000
800000
800000
800000
800000
800000
800000
800000
800000
800000
800000
800000
800000
800000
800000
800000
800000
800000
800000
FFFFF8
ENDCHAR
STARTCHAR afii62951
ENCODING -1
SWIDTH 750 0
DWIDTH 32 0
BBX 21 26 5 0
BITMAP
800000
800000
800000
800000
800000
800000
800000
800000
800000
800000
800000
800000
800000
800000
800000
800000
800000
800000
800000
800000
800000
800000
800000
800000
800000
FFFFF8
ENDCHAR
STARTCHAR afii63948
ENCODING -1
SWIDTH 750 0
DWIDTH 32 0
BBX 21 26 5 0
BITMAP
800000
800000
800000
800000
800000
800000
800000
800000
800000
800000
800000
800000
800000
800000
800000
800000
800000
800000
800000
800000
800000
800000
800000
800000
800000
FFFFF8
ENDCHAR
STARTCHAR afii62953
ENCODING -1
SWIDTH 750 0
DWIDTH 32 0
BBX 21 26 5 0
BITMAP
800000
800000
800000
800000
800000
800000
800000
800000
800000
800000
800000
800000
800000
800000
800000
800000
800000
800000
800000
800000
800000
800000
800000
800000
800000
FFFFF8
ENDCHAR
STARTCHAR afii63950
ENCODING -1
SWIDTH 750 0
DWIDTH 32 0
BBX 21 26 5 0
BITMAP
800000
800000
800000
800000
800000
800000
800000
800000
800000
800000
800000
800000
800000
800000
800000
800000
800000
800000
800000
800000
800000
800000
800000
800000
800000
FFFFF8
ENDCHAR
STARTCHAR afii63951
ENCODING -1
SWIDTH 750 0
DWIDTH 32 0
BBX 21 26 5 0
BITMAP
800000
800000
800000
800000
800000
800000
800000
800000
800000
800000
800000
800000
800000
800000
800000
800000
800000
800000
800000
800000
800000
800000
800000
800000
800000
FFFFF8
ENDCHAR
STARTCHAR afii63952
ENCODING -1
SWIDTH 750 0
DWIDTH 32 0
BBX 21 26 5 0
BITMAP
800000
800000
800000
800000
800000
800000
800000
800000
800000
800000
800000
800000
800000
800000
800000
800000
800000
800000
800000
800000
800000
800000
800000
800000
800000
FFFFF8
ENDCHAR
STARTCHAR afii63953
ENCODING -1
SWIDTH 750 0
DWIDTH 32 0
BBX 21 26 5 0
BITMAP
800000
800000
800000
800000
800000
800000
800000
800000
800000
800000
800000
800000
800000
800000
800000
800000
800000
800000
800000
800000
800000
800000
800000
800000
800000
FFFFF8
ENDCHAR
STARTCHAR afii63956
ENCODING -1
SWIDTH 750 0
DWIDTH 32 0
BBX 21 26 5 0
BITMAP
800000
800000
800000
800000
800000
800000
800000
800000
800000
800000
800000
800000
800000
800000
800000
800000
800000
800000
800000
800000
800000
800000
800000
800000
800000
FFFFF8
ENDCHAR
STARTCHAR afii63958
ENCODING -1
SWIDTH 750 0
DWIDTH 32 0
BBX 21 26 5 0
BITMAP
800000
800000
800000
800000
800000
800000
800000
800000
800000
800000
800000
800000
800000
800000
800000
800000
800000
800000
800000
800000
800000
800000
800000
800000
800000
FFFFF8
ENDCHAR
STARTCHAR afii63959
ENCODING -1
SWIDTH 750 0
DWIDTH 32 0
BBX 21 26 5 0
BITMAP
800000
800000
800000
800000
800000
800000
800000
800000
800000
800000
800000
800000
800000
800000
800000
800000
800000
800000
800000
800000
800000
800000
800000
800000
800000
FFFFF8
ENDCHAR
STARTCHAR afii63960
ENCODING -1
SWIDTH 750 0
DWIDTH 32 0
BBX 21 26 5 0
BITMAP
800000
800000
800000
800000
800000
800000
800000
800000
800000
800000
800000
800000
800000
800000
800000
800000
800000
800000
800000
800000
800000
800000
800000
800000
800000
FFFFF8
ENDCHAR
STARTCHAR afii63961
ENCODING -1
SWIDTH 750 0
DWIDTH 32 0
BBX 21 26 5 0
BITMAP
800000
800000
800000
800000
800000
800000
800000
800000
800000
800000
800000
800000
800000
800000
800000
800000
800000
800000
800000
800000
800000
800000
800000
800000
800000
FFFFF8
ENDCHAR
STARTCHAR afii64046
ENCODING -1
SWIDTH 750 0
DWIDTH 32 0
BBX 21 26 5 0
BITMAP
800000
800000
800000
800000
800000
800000
800000
800000
800000
800000
800000
800000
800000
800000
800000
800000
800000
800000
800000
800000
800000
800000
800000
800000
800000
FFFFF8
ENDCHAR
STARTCHAR afii64058
ENCODING -1
SWIDTH 750 0
DWIDTH 32 0
BBX 21 26 5 0
BITMAP
800000
800000
800000
800000
800000
800000
800000
800000
800000
800000
800000
800000
800000
800000
800000
800000
800000
800000
800000
800000
800000
800000
800000
800000
800000
FFFFF8
ENDCHAR
STARTCHAR afii64059
ENCODING -1
SWIDTH 750 0
DWIDTH 32 0
BBX 21 26 5 0
BITMAP
800000
800000
800000
800000
800000
800000
800000
800000
800000
800000
800000
800000
800000
800000
800000
800000
800000
800000
800000
800000
800000
800000
800000
800000
800000
FFFFF8
ENDCHAR
STARTCHAR afii62945
ENCODING -1
SWIDTH 750 0
DWIDTH 32 0
BBX 21 26 5 0
BITMAP
800000
800000
800000
800000
800000
800000
800000
800000
800000
800000
800000
800000
800000
800000
800000
800000
800000
800000
800000
800000
800000
800000
800000
800000
800000
FFFFF8
ENDCHAR
STARTCHAR glyph1021
ENCODING -1
SWIDTH 750 0
DWIDTH 32 0
BBX 21 26 5 0
BITMAP
800000
800000
800000
800000
800000
800000
800000
800000
800000
800000
800000
800000
800000
800000
800000
800000
800000
800000
800000
800000
800000
800000
800000
800000
800000
FFFFF8
ENDCHAR
STARTCHAR afii57543-2
ENCODING -1
SWIDTH 750 0
DWIDTH 32 0
BBX 21 26 5 0
BITMAP
800000
800000
800000
800000
800000
800000
800000
800000
800000
800000
800000
800000
800000
800000
800000
800000
800000
800000
800000
800000
800000
800000
800000
800000
800000
FFFFF8
ENDCHAR
STARTCHAR afii57454-2
ENCODING -1
SWIDTH 201 0
DWIDTH 8 0
BBX 7 4 1 25
BITMAP
06
3C
F0
C0
ENDCHAR
STARTCHAR afii57451-2
ENCODING -1
SWIDTH 201 0
DWIDTH 8 0
BBX 7 7 1 25
BITMAP
06
3C
F8
C6
3E
F8
C0
ENDCHAR
STARTCHAR glyph1025
ENCODING -1
SWIDTH 750 0
DWIDTH 32 0
BBX 21 26 5 0
BITMAP
800000
800000
800000
800000
800000
800000
800000
800000
800000
800000
800000
800000
800000
800000
800000
800000
800000
800000
800000
800000
800000
800000
800000
800000
800000
FFFFF8
ENDCHAR
STARTCHAR glyph1026
ENCODING -1
SWIDTH 750 0
DWIDTH 32 0
BBX 21 26 5 0
BITMAP
800000
800000
800000
800000
800000
800000
800000
800000
800000
800000
800000
800000
800000
800000
800000
800000
800000
800000
800000
800000
800000
800000
800000
800000
800000
FFFFF8
ENDCHAR
STARTCHAR afii57471-2
ENCODING -1
SWIDTH 750 0
DWIDTH 32 0
BBX 21 26 5 0
BITMAP
800000
800000
800000
800000
800000
800000
800000
800000
800000
800000
800000
800000
800000
800000
800000
800000
800000
800000
800000
800000
800000
800000
800000
800000
800000
FFFFF8
ENDCHAR
STARTCHAR afii57458-2
ENCODING -1
SWIDTH 164 0
DWIDTH 7 0
BBX 5 7 1 25
BITMAP
70
78
98
88
88
F0
60
ENDCHAR
STARTCHAR afii57457-2
ENCODING -1
SWIDTH 211 0
DWIDTH 9 0
BBX 10 6 0 25
BITMAP
0040
0440
4CC0
4FC0
FF80
7000
ENDCHAR
STARTCHAR afii57494-2
ENCODING -1
SWIDTH 750 0
DWIDTH 32 0
BBX 21 26 5 0
BITMAP
800000
800000
800000
800000
800000
800000
800000
800000
800000
800000
800000
800000
800000
800000
800000
800000
800000
800000
800000
800000
800000
800000
800000
800000
800000
FFFFF8
ENDCHAR
STARTCHAR afii57459-2
ENCODING -1
SWIDTH 750 0
DWIDTH 32 0
BBX 21 26 5 0
BITMAP
800000
800000
800000
800000
800000
800000
800000
800000
800000
800000
800000
800000
800000
800000
800000
800000
800000
800000
800000
800000
800000
800000
800000
800000
800000
FFFFF8
ENDCHAR
STARTCHAR afii57455-2
ENCODING -1
SWIDTH 209 0
DWIDTH 9 0
BBX 6 10 3 25
BITMAP
18
1C
24
34
38
1C
1C
34
60
C0
ENDCHAR
STARTCHAR afii57452-2
ENCODING -1
SWIDTH 236 0
DWIDTH 10 0
BBX 7 9 2 25
BITMAP
06
0E
0A
6A
EE
26
2E
3A
60
ENDCHAR
STARTCHAR glyph1034
ENCODING -1
SWIDTH 750 0
DWIDTH 32 0
BBX 21 26 5 0
BITMAP
800000
800000
800000
800000
800000
800000
800000
800000
800000
800000
800000
800000
800000
800000
800000
800000
800000
800000
800000
800000
800000
800000
800000
800000
800000
FFFFF8
ENDCHAR
STARTCHAR glyph1035
ENCODING -1
SWIDTH 750 0
DWIDTH 32 0
BBX 21 26 5 0
BITMAP
800000
800000
800000
800000
800000
800000
800000
800000
800000
800000
800000
800000
800000
800000
800000
800000
800000
800000
800000
800000
800000
800000
800000
800000
800000
FFFFF8
ENDCHAR
STARTCHAR glyph1036
ENCODING -1
SWIDTH 750 0
DWIDTH 32 0
BBX 21 26 5 0
BITMAP
800000
800000
800000
800000
800000
800000
800000
800000
800000
800000
800000
800000
800000
800000
800000
800000
800000
800000
800000
800000
800000
800000
800000
800000
800000
FFFFF8
ENDCHAR
STARTCHAR afii62884-2
ENCODING -1
SWIDTH 211 0
DWIDTH 9 0
BBX 10 9 0 25
BITMAP
0180
0F00
3E00
3040
0440
44C0
CFC0
FF80
7000
ENDCHAR
STARTCHAR afii62881-2
ENCODING -1
SWIDTH 211 0
DWIDTH 9 0
BBX 10 12 0 25
BITMAP
0300
1E00
7C00
6300
1F00
7C00
6040
0440
44C0
CFC0
FF80
7000
ENDCHAR
STARTCHAR afii62886-2
ENCODING -1
SWIDTH 211 0
DWIDTH 9 0
BBX 10 10 0 25
BITMAP
0040
0440
4CC0
CFC0
FF80
7000
0180
0F00
3E00
3000
ENDCHAR
STARTCHAR afii62883-2
ENCODING -1
SWIDTH 211 0
DWIDTH 9 0
BBX 10 13 0 25
BITMAP
0040
0440
4CC0
CFC0
FF80
7000
0180
0F00
3C00
3180
0F00
3E00
3000
ENDCHAR
STARTCHAR afii62885-2
ENCODING -1
SWIDTH 211 0
DWIDTH 9 0
BBX 10 14 0 25
BITMAP
0300
0700
0500
0500
0600
0300
0700
0C00
3840
0440
44C0
CFC0
FF80
7000
ENDCHAR
STARTCHAR afii62882-2
ENCODING -1
SWIDTH 226 0
DWIDTH 10 0
BBX 10 14 0 25
BITMAP
0300
0700
0500
3500
7700
1300
1700
1D00
3040
0440
44C0
4FC0
FF80
7000
ENDCHAR
STARTCHAR afii57504-2
ENCODING -1
SWIDTH 750 0
DWIDTH 32 0
BBX 21 26 5 0
BITMAP
800000
800000
800000
800000
800000
800000
800000
800000
800000
800000
800000
800000
800000
800000
800000
800000
800000
800000
800000
800000
800000
800000
800000
800000
800000
FFFFF8
ENDCHAR
STARTCHAR afii57456-2
ENCODING -1
SWIDTH 201 0
DWIDTH 8 0
BBX 7 4 1 -1
BITMAP
06
3C
F0
C0
ENDCHAR
STARTCHAR afii57453-2
ENCODING -1
SWIDTH 201 0
DWIDTH 8 0
BBX 7 7 1 -5
BITMAP
06
3C
F0
C6
3C
F0
C0
ENDCHAR
STARTCHAR glyph1046
ENCODING -1
SWIDTH 750 0
DWIDTH 32 0
BBX 21 26 5 0
BITMAP
800000
800000
800000
800000
800000
800000
800000
800000
800000
800000
800000
800000
800000
800000
800000
800000
800000
800000
800000
800000
800000
800000
800000
800000
800000
FFFFF8
ENDCHAR
STARTCHAR glyph1047
ENCODING -1
SWIDTH 750 0
DWIDTH 32 0
BBX 21 26 5 0
BITMAP
800000
800000
800000
800000
800000
800000
800000
800000
800000
800000
800000
800000
800000
800000
800000
800000
800000
800000
800000
800000
800000
800000
800000
800000
800000
FFFFF8
ENDCHAR
STARTCHAR afii57543-3
ENCODING -1
SWIDTH 750 0
DWIDTH 32 0
BBX 21 26 5 0
BITMAP
800000
800000
800000
800000
800000
800000
800000
800000
800000
800000
800000
800000
800000
800000
800000
800000
800000
800000
800000
800000
800000
800000
800000
800000
800000
FFFFF8
ENDCHAR
STARTCHAR afii57454-3
ENCODING -1
SWIDTH 750 0
DWIDTH 32 0
BBX 21 26 5 0
BITMAP
800000
800000
800000
800000
800000
800000
800000
800000
800000
800000
800000
800000
800000
800000
800000
800000
800000
800000
800000
800000
800000
800000
800000
800000
800000
FFFFF8
ENDCHAR
STARTCHAR afii57451-3
ENCODING -1
SWIDTH 750 0
DWIDTH 32 0
BBX 21 26 5 0
BITMAP
800000
800000
800000
800000
800000
800000
800000
800000
800000
800000
800000
800000
800000
800000
800000
800000
800000
800000
800000
800000
800000
800000
800000
800000
800000
FFFFF8
ENDCHAR
STARTCHAR glyph1051
ENCODING -1
SWIDTH 750 0
DWIDTH 32 0
BBX 21 26 5 0
BITMAP
800000
800000
800000
800000
800000
800000
800000
800000
800000
800000
800000
800000
800000
800000
800000
800000
800000
800000
800000
800000
800000
800000
800000
800000
800000
FFFFF8
ENDCHAR
STARTCHAR glyph1052
ENCODING -1
SWIDTH 750 0
DWIDTH 32 0
BBX 21 26 5 0
BITMAP
800000
800000
800000
800000
800000
800000
800000
800000
800000
800000
800000
800000
800000
800000
800000
800000
800000
800000
800000
800000
800000
800000
800000
800000
800000
FFFFF8
ENDCHAR
STARTCHAR afii57471-3
ENCODING -1
SWIDTH 750 0
DWIDTH 32 0
BBX 21 26 5 0
BITMAP
800000
800000
800000
800000
800000
800000
800000
800000
800000
800000
800000
800000
800000
800000
800000
800000
800000
800000
800000
800000
800000
800000
800000
800000
800000
FFFFF8
ENDCHAR
STARTCHAR afii57458-3
ENCODING -1
SWIDTH 750 0
DWIDTH 32 0
BBX 21 26 5 0
BITMAP
800000
800000
800000
800000
800000
800000
800000
800000
800000
800000
800000
800000
800000
800000
800000
800000
800000
800000
800000
800000
800000
800000
800000
800000
800000
FFFFF8
ENDCHAR
STARTCHAR afii57457-3
ENCODING -1
SWIDTH 750 0
DWIDTH 32 0
BBX 21 26 5 0
BITMAP
800000
800000
800000
800000
800000
800000
800000
800000
800000
800000
800000
800000
800000
800000
800000
800000
800000
800000
800000
800000
800000
800000
800000
800000
800000
FFFFF8
ENDCHAR
STARTCHAR afii57494-3
ENCODING -1
SWIDTH 750 0
DWIDTH 32 0
BBX 21 26 5 0
BITMAP
800000
800000
800000
800000
800000
800000
800000
800000
800000
800000
800000
800000
800000
800000
800000
800000
800000
800000
800000
800000
800000
800000
800000
800000
800000
FFFFF8
ENDCHAR
STARTCHAR afii57459-3
ENCODING -1
SWIDTH 750 0
DWIDTH 32 0
BBX 21 26 5 0
BITMAP
800000
800000
800000
800000
800000
800000
800000
800000
800000
800000
800000
800000
800000
800000
800000
800000
800000
800000
800000
800000
800000
800000
800000
800000
800000
FFFFF8
ENDCHAR
STARTCHAR afii57455-3
ENCODING -1
SWIDTH 750 0
DWIDTH 32 0
BBX 21 26 5 0
BITMAP
800000
800000
800000
800000
800000
800000
800000
800000
800000
800000
800000
800000
800000
800000
800000
800000
800000
800000
800000
800000
800000
800000
800000
800000
800000
FFFFF8
ENDCHAR
STARTCHAR afii57452-3
ENCODING -1
SWIDTH 750 0
DWIDTH 32 0
BBX 21 26 5 0
BITMAP
800000
800000
800000
800000
800000
800000
800000
800000
800000
800000
800000
800000
800000
800000
800000
800000
800000
800000
800000
800000
800000
800000
800000
800000
800000
FFFFF8
ENDCHAR
STARTCHAR glyph1060
ENCODING -1
SWIDTH 750 0
DWIDTH 32 0
BBX 21 26 5 0
BITMAP
800000
800000
800000
800000
800000
800000
800000
800000
800000
800000
800000
800000
800000
800000
800000
800000
800000
800000
800000
800000
800000
800000
800000
800000
800000
FFFFF8
ENDCHAR
STARTCHAR glyph1061
ENCODING -1
SWIDTH 750 0
DWIDTH 32 0
BBX 21 26 5 0
BITMAP
800000
800000
800000
800000
800000
800000
800000
800000
800000
800000
800000
800000
800000
800000
800000
800000
800000
800000
800000
800000
800000
800000
800000
800000
800000
FFFFF8
ENDCHAR
STARTCHAR glyph1062
ENCODING -1
SWIDTH 750 0
DWIDTH 32 0
BBX 21 26 5 0
BITMAP
800000
800000
800000
800000
800000
800000
800000
800000
800000
800000
800000
800000
800000
800000
800000
800000
800000
800000
800000
800000
800000
800000
800000
800000
800000
FFFFF8
ENDCHAR
STARTCHAR afii62884-3
ENCODING -1
SWIDTH 750 0
DWIDTH 32 0
BBX 21 26 5 0
BITMAP
800000
800000
800000
800000
800000
800000
800000
800000
800000
800000
800000
800000
800000
800000
800000
800000
800000
800000
800000
800000
800000
800000
800000
800000
800000
FFFFF8
ENDCHAR
STARTCHAR afii62881-3
ENCODING -1
SWIDTH 750 0
DWIDTH 32 0
BBX 21 26 5 0
BITMAP
800000
800000
800000
800000
800000
800000
800000
800000
800000
800000
800000
800000
800000
800000
800000
800000
800000
800000
800000
800000
800000
800000
800000
800000
800000
FFFFF8
ENDCHAR
STARTCHAR afii62886-3
ENCODING -1
SWIDTH 750 0
DWIDTH 32 0
BBX 21 26 5 0
BITMAP
800000
800000
800000
800000
800000
800000
800000
800000
800000
800000
800000
800000
800000
800000
800000
800000
800000
800000
800000
800000
800000
800000
800000
800000
800000
FFFFF8
ENDCHAR
STARTCHAR afii62883-3
ENCODING -1
SWIDTH 750 0
DWIDTH 32 0
BBX 21 26 5 0
BITMAP
800000
800000
800000
800000
800000
800000
800000
800000
800000
800000
800000
800000
800000
800000
800000
800000
800000
800000
800000
800000
800000
800000
800000
800000
800000
FFFFF8
ENDCHAR
STARTCHAR afii62885-3
ENCODING -1
SWIDTH 750 0
DWIDTH 32 0
BBX 21 26 5 0
BITMAP
800000
800000
800000
800000
800000
800000
800000
800000
800000
800000
800000
800000
800000
800000
800000
800000
800000
800000
800000
800000
800000
800000
800000
800000
800000
FFFFF8
ENDCHAR
STARTCHAR afii62882-3
ENCODING -1
SWIDTH 750 0
DWIDTH 32 0
BBX 21 26 5 0
BITMAP
800000
800000
800000
800000
800000
800000
800000
800000
800000
800000
800000
800000
800000
800000
800000
800000
800000
800000
800000
800000
800000
800000
800000
800000
800000
FFFFF8
ENDCHAR
STARTCHAR afii57504-3
ENCODING -1
SWIDTH 750 0
DWIDTH 32 0
BBX 21 26 5 0
BITMAP
800000
800000
800000
800000
800000
800000
800000
800000
800000
800000
800000
800000
800000
800000
800000
800000
800000
800000
800000
800000
800000
800000
800000
800000
800000
FFFFF8
ENDCHAR
STARTCHAR afii57456-3
ENCODING -1
SWIDTH 750 0
DWIDTH 32 0
BBX 21 26 5 0
BITMAP
800000
800000
800000
800000
800000
800000
800000
800000
800000
800000
800000
800000
800000
800000
800000
800000
800000
800000
800000
800000
800000
800000
800000
800000
800000
FFFFF8
ENDCHAR
STARTCHAR afii57453-3
ENCODING -1
SWIDTH 750 0
DWIDTH 32 0
BBX 21 26 5 0
BITMAP
800000
800000
800000
800000
800000
800000
800000
800000
800000
800000
800000
800000
800000
800000
800000
800000
800000
800000
800000
800000
800000
800000
800000
800000
800000
FFFFF8
ENDCHAR
STARTCHAR glyph1072
ENCODING -1
SWIDTH 750 0
DWIDTH 32 0
BBX 21 26 5 0
BITMAP
800000
800000
800000
800000
800000
800000
800000
800000
800000
800000
800000
800000
800000
800000
800000
800000
800000
800000
800000
800000
800000
800000
800000
800000
800000
FFFFF8
ENDCHAR
STARTCHAR glyph1073
ENCODING -1
SWIDTH 750 0
DWIDTH 32 0
BBX 21 26 5 0
BITMAP
800000
800000
800000
800000
800000
800000
800000
800000
800000
800000
800000
800000
800000
800000
800000
800000
800000
800000
800000
800000
800000
800000
800000
800000
800000
FFFFF8
ENDCHAR
STARTCHAR afii57543-4
ENCODING -1
SWIDTH 750 0
DWIDTH 32 0
BBX 21 26 5 0
BITMAP
800000
800000
800000
800000
800000
800000
800000
800000
800000
800000
800000
800000
800000
800000
800000
800000
800000
800000
800000
800000
800000
800000
800000
800000
800000
FFFFF8
ENDCHAR
STARTCHAR afii57454-4
ENCODING -1
SWIDTH 750 0
DWIDTH 32 0
BBX 21 26 5 0
BITMAP
800000
800000
800000
800000
800000
800000
800000
800000
800000
800000
800000
800000
800000
800000
800000
800000
800000
800000
800000
800000
800000
800000
800000
800000
800000
FFFFF8
ENDCHAR
STARTCHAR afii57451-4
ENCODING -1
SWIDTH 750 0
DWIDTH 32 0
BBX 21 26 5 0
BITMAP
800000
800000
800000
800000
800000
800000
800000
800000
800000
800000
800000
800000
800000
800000
800000
800000
800000
800000
800000
800000
800000
800000
800000
800000
800000
FFFFF8
ENDCHAR
STARTCHAR glyph1077
ENCODING -1
SWIDTH 750 0
DWIDTH 32 0
BBX 21 26 5 0
BITMAP
800000
800000
800000
800000
800000
800000
800000
800000
800000
800000
800000
800000
800000
800000
800000
800000
800000
800000
800000
800000
800000
800000
800000
800000
800000
FFFFF8
ENDCHAR
STARTCHAR glyph1078
ENCODING -1
SWIDTH 750 0
DWIDTH 32 0
BBX 21 26 5 0
BITMAP
800000
800000
800000
800000
800000
800000
800000
800000
800000
800000
800000
800000
800000
800000
800000
800000
800000
800000
800000
800000
800000
800000
800000
800000
800000
FFFFF8
ENDCHAR
STARTCHAR afii57471-4
ENCODING -1
SWIDTH 750 0
DWIDTH 32 0
BBX 21 26 5 0
BITMAP
800000
800000
800000
800000
800000
800000
800000
800000
800000
800000
800000
800000
800000
800000
800000
800000
800000
800000
800000
800000
800000
800000
800000
800000
800000
FFFFF8
ENDCHAR
STARTCHAR afii57458-4
ENCODING -1
SWIDTH 750 0
DWIDTH 32 0
BBX 21 26 5 0
BITMAP
800000
800000
800000
800000
800000
800000
800000
800000
800000
800000
800000
800000
800000
800000
800000
800000
800000
800000
800000
800000
800000
800000
800000
800000
800000
FFFFF8
ENDCHAR
STARTCHAR afii57457-4
ENCODING -1
SWIDTH 750 0
DWIDTH 32 0
BBX 21 26 5 0
BITMAP
800000
800000
800000
800000
800000
800000
800000
800000
800000
800000
800000
800000
800000
800000
800000
800000
800000
800000
800000
800000
800000
800000
800000
800000
800000
FFFFF8
ENDCHAR
STARTCHAR afii57494-4
ENCODING -1
SWIDTH 750 0
DWIDTH 32 0
BBX 21 26 5 0
BITMAP
800000
800000
800000
800000
800000
800000
800000
800000
800000
800000
800000
800000
800000
800000
800000
800000
800000
800000
800000
800000
800000
800000
800000
800000
800000
FFFFF8
ENDCHAR
STARTCHAR afii57459-4
ENCODING -1
SWIDTH 750 0
DWIDTH 32 0
BBX 21 26 5 0
BITMAP
800000
800000
800000
800000
800000
800000
800000
800000
800000
800000
800000
800000
800000
800000
800000
800000
800000
800000
800000
800000
800000
800000
800000
800000
800000
FFFFF8
ENDCHAR
STARTCHAR afii57455-4
ENCODING -1
SWIDTH 750 0
DWIDTH 32 0
BBX 21 26 5 0
BITMAP
800000
800000
800000
800000
800000
800000
800000
800000
800000
800000
800000
800000
800000
800000
800000
800000
800000
800000
800000
800000
800000
800000
800000
800000
800000
FFFFF8
ENDCHAR
STARTCHAR afii57452-4
ENCODING -1
SWIDTH 750 0
DWIDTH 32 0
BBX 21 26 5 0
BITMAP
800000
800000
800000
800000
800000
800000
800000
800000
800000
800000
800000
800000
800000
800000
800000
800000
800000
800000
800000
800000
800000
800000
800000
800000
800000
FFFFF8
ENDCHAR
STARTCHAR glyph1086
ENCODING -1
SWIDTH 750 0
DWIDTH 32 0
BBX 21 26 5 0
BITMAP
800000
800000
800000
800000
800000
800000
800000
800000
800000
800000
800000
800000
800000
800000
800000
800000
800000
800000
800000
800000
800000
800000
800000
800000
800000
FFFFF8
ENDCHAR
STARTCHAR glyph1087
ENCODING -1
SWIDTH 750 0
DWIDTH 32 0
BBX 21 26 5 0
BITMAP
800000
800000
800000
800000
800000
800000
800000
800000
800000
800000
800000
800000
800000
800000
800000
800000
800000
800000
800000
800000
800000
800000
800000
800000
800000
FFFFF8
ENDCHAR
STARTCHAR glyph1088
ENCODING -1
SWIDTH 750 0
DWIDTH 32 0
BBX 21 26 5 0
BITMAP
800000
800000
800000
800000
800000
800000
800000
800000
800000
800000
800000
800000
800000
800000
800000
800000
800000
800000
800000
800000
800000
800000
800000
800000
800000
FFFFF8
ENDCHAR
STARTCHAR afii62884-4
ENCODING -1
SWIDTH 750 0
DWIDTH 32 0
BBX 21 26 5 0
BITMAP
800000
800000
800000
800000
800000
800000
800000
800000
800000
800000
800000
800000
800000
800000
800000
800000
800000
800000
800000
800000
800000
800000
800000
800000
800000
FFFFF8
ENDCHAR
STARTCHAR afii62881-4
ENCODING -1
SWIDTH 750 0
DWIDTH 32 0
BBX 21 26 5 0
BITMAP
800000
800000
800000
800000
800000
800000
800000
800000
800000
800000
800000
800000
800000
800000
800000
800000
800000
800000
800000
800000
800000
800000
800000
800000
800000
FFFFF8
ENDCHAR
STARTCHAR afii62886-4
ENCODING -1
SWIDTH 750 0
DWIDTH 32 0
BBX 21 26 5 0
BITMAP
800000
800000
800000
800000
800000
800000
800000
800000
800000
800000
800000
800000
800000
800000
800000
800000
800000
800000
800000
800000
800000
800000
800000
800000
800000
FFFFF8
ENDCHAR
STARTCHAR afii62883-4
ENCODING -1
SWIDTH 750 0
DWIDTH 32 0
BBX 21 26 5 0
BITMAP
800000
800000
800000
800000
800000
800000
800000
800000
800000
800000
800000
800000
800000
800000
800000
800000
800000
800000
800000
800000
800000
800000
800000
800000
800000
FFFFF8
ENDCHAR
STARTCHAR afii62885-4
ENCODING -1
SWIDTH 750 0
DWIDTH 32 0
BBX 21 26 5 0
BITMAP
800000
800000
800000
800000
800000
800000
800000
800000
800000
800000
800000
800000
800000
800000
800000
800000
800000
800000
800000
800000
800000
800000
800000
800000
800000
FFFFF8
ENDCHAR
STARTCHAR afii62882-4
ENCODING -1
SWIDTH 750 0
DWIDTH 32 0
BBX 21 26 5 0
BITMAP
800000
800000
800000
800000
800000
800000
800000
800000
800000
800000
800000
800000
800000
800000
800000
800000
800000
800000
800000
800000
800000
800000
800000
800000
800000
FFFFF8
ENDCHAR
STARTCHAR afii57504-4
ENCODING -1
SWIDTH 750 0
DWIDTH 32 0
BBX 21 26 5 0
BITMAP
800000
800000
800000
800000
800000
800000
800000
800000
800000
800000
800000
800000
800000
800000
800000
800000
800000
800000
800000
800000
800000
800000
800000
800000
800000
FFFFF8
ENDCHAR
STARTCHAR afii57456-4
ENCODING -1
SWIDTH 750 0
DWIDTH 32 0
BBX 21 26 5 0
BITMAP
800000
800000
800000
800000
800000
800000
800000
800000
800000
800000
800000
800000
800000
800000
800000
800000
800000
800000
800000
800000
800000
800000
800000
800000
800000
FFFFF8
ENDCHAR
STARTCHAR afii57453-4
ENCODING -1
SWIDTH 750 0
DWIDTH 32 0
BBX 21 26 5 0
BITMAP
800000
800000
800000
800000
800000
800000
800000
800000
800000
800000
800000
800000
800000
800000
800000
800000
800000
800000
800000
800000
800000
800000
800000
800000
800000
FFFFF8
ENDCHAR
STARTCHAR glyph1098
ENCODING -1
SWIDTH 750 0
DWIDTH 32 0
BBX 21 26 5 0
BITMAP
800000
800000
800000
800000
800000
800000
800000
800000
800000
800000
800000
800000
800000
800000
800000
800000
800000
800000
800000
800000
800000
800000
800000
800000
800000
FFFFF8
ENDCHAR
STARTCHAR glyph1099
ENCODING -1
SWIDTH 750 0
DWIDTH 32 0
BBX 21 26 5 0
BITMAP
800000
800000
800000
800000
800000
800000
800000
800000
800000
800000
800000
800000
800000
800000
800000
800000
800000
800000
800000
800000
800000
800000
800000
800000
800000
FFFFF8
ENDCHAR
STARTCHAR glyph1100
ENCODING -1
SWIDTH 318 0
DWIDTH 13 0
BBX 5 24 4 6
BITMAP
70
F8
F8
F8
F8
F8
78
70
70
70
70
60
20
20
20
20
20
00
00
70
F8
F8
F8
70
ENDCHAR
STARTCHAR glyph1101
ENCODING -1
SWIDTH 318 0
DWIDTH 13 0
BBX 5 5 4 6
BITMAP
70
F8
F8
F8
70
ENDCHAR
STARTCHAR glyph1102
ENCODING -1
SWIDTH 318 0
DWIDTH 13 0
BBX 5 16 4 6
BITMAP
70
F8
F8
F8
70
00
00
00
00
00
00
70
F8
F8
F8
70
ENDCHAR
STARTCHAR glyph1103
ENCODING -1
SWIDTH 750 0
DWIDTH 32 0
BBX 21 26 5 0
BITMAP
800000
800000
800000
800000
800000
800000
800000
800000
800000
800000
800000
800000
800000
800000
800000
800000
800000
800000
800000
800000
800000
800000
800000
800000
800000
FFFFF8
ENDCHAR
STARTCHAR glyph1104
ENCODING -1
SWIDTH 750 0
DWIDTH 32 0
BBX 21 26 5 0
BITMAP
800000
800000
800000
800000
800000
800000
800000
800000
800000
800000
800000
800000
800000
800000
800000
800000
800000
800000
800000
800000
800000
800000
800000
800000
800000
FFFFF8
ENDCHAR
STARTCHAR glyph1105
ENCODING -1
SWIDTH 750 0
DWIDTH 32 0
BBX 21 26 5 0
BITMAP
800000
800000
800000
800000
800000
800000
800000
800000
800000
800000
800000
800000
800000
800000
800000
800000
800000
800000
800000
800000
800000
800000
800000
800000
800000
FFFFF8
ENDCHAR
STARTCHAR glyph1106
ENCODING -1
SWIDTH 750 0
DWIDTH 32 0
BBX 21 26 5 0
BITMAP
800000
800000
800000
800000
800000
800000
800000
800000
800000
800000
800000
800000
800000
800000
800000
800000
800000
800000
800000
800000
800000
800000
800000
800000
800000
FFFFF8
ENDCHAR
STARTCHAR glyph1107
ENCODING -1
SWIDTH 750 0
DWIDTH 32 0
BBX 21 26 5 0
BITMAP
800000
800000
800000
800000
800000
800000
800000
800000
800000
800000
800000
800000
800000
800000
800000
800000
800000
800000
800000
800000
800000
800000
800000
800000
800000
FFFFF8
ENDCHAR
STARTCHAR glyph1108
ENCODING -1
SWIDTH 750 0
DWIDTH 32 0
BBX 21 26 5 0
BITMAP
800000
800000
800000
800000
800000
800000
800000
800000
800000
800000
800000
800000
800000
800000
800000
800000
800000
800000
800000
800000
800000
800000
800000
800000
800000
FFFFF8
ENDCHAR
STARTCHAR glyph1109
ENCODING -1
SWIDTH 750 0
DWIDTH 32 0
BBX 21 26 5 0
BITMAP
800000
800000
800000
800000
800000
800000
800000
800000
800000
800000
800000
800000
800000
800000
800000
800000
800000
800000
800000
800000
800000
800000
800000
800000
800000
FFFFF8
ENDCHAR
STARTCHAR glyph1110
ENCODING -1
SWIDTH 750 0
DWIDTH 32 0
BBX 21 26 5 0
BITMAP
800000
800000
800000
800000
800000
800000
800000
800000
800000
800000
800000
800000
800000
800000
800000
800000
800000
800000
800000
800000
800000
800000
800000
800000
800000
FFFFF8
ENDCHAR
STARTCHAR glyph1111
ENCODING -1
SWIDTH 750 0
DWIDTH 32 0
BBX 21 26 5 0
BITMAP
800000
800000
800000
800000
800000
800000
800000
800000
800000
800000
800000
800000
800000
800000
800000
800000
800000
800000
800000
800000
800000
800000
800000
800000
800000
FFFFF8
ENDCHAR
STARTCHAR glyph1112
ENCODING -1
SWIDTH 750 0
DWIDTH 32 0
BBX 21 26 5 0
BITMAP
800000
800000
800000
800000
800000
800000
800000
800000
800000
800000
800000
800000
800000
800000
800000
800000
800000
800000
800000
800000
800000
800000
800000
800000
800000
FFFFF8
ENDCHAR
STARTCHAR glyph1113
ENCODING -1
SWIDTH 750 0
DWIDTH 32 0
BBX 21 26 5 0
BITMAP
800000
800000
800000
800000
800000
800000
800000
800000
800000
800000
800000
800000
800000
800000
800000
800000
800000
800000
800000
800000
800000
800000
800000
800000
800000
FFFFF8
ENDCHAR
STARTCHAR glyph1114
ENCODING -1
SWIDTH 750 0
DWIDTH 32 0
BBX 21 26 5 0
BITMAP
800000
800000
800000
800000
800000
800000
800000
800000
800000
800000
800000
800000
800000
800000
800000
800000
800000
800000
800000
800000
800000
800000
800000
800000
800000
FFFFF8
ENDCHAR
STARTCHAR glyph1115
ENCODING -1
SWIDTH 750 0
DWIDTH 32 0
BBX 21 26 5 0
BITMAP
800000
800000
800000
800000
800000
800000
800000
800000
800000
800000
800000
800000
800000
800000
800000
800000
800000
800000
800000
800000
800000
800000
800000
800000
800000
FFFFF8
ENDCHAR
STARTCHAR glyph1116
ENCODING -1
SWIDTH 750 0
DWIDTH 32 0
BBX 21 26 5 0
BITMAP
800000
800000
800000
800000
800000
800000
800000
800000
800000
800000
800000
800000
800000
800000
800000
800000
800000
800000
800000
800000
800000
800000
800000
800000
800000
FFFFF8
ENDCHAR
STARTCHAR glyph1117
ENCODING -1
SWIDTH 750 0
DWIDTH 32 0
BBX 21 26 5 0
BITMAP
800000
800000
800000
800000
800000
800000
800000
800000
800000
800000
800000
800000
800000
800000
800000
800000
800000
800000
800000
800000
800000
800000
800000
800000
800000
FFFFF8
ENDCHAR
STARTCHAR glyph1118
ENCODING -1
SWIDTH 750 0
DWIDTH 32 0
BBX 21 26 5 0
BITMAP
800000
800000
800000
800000
800000
800000
800000
800000
800000
800000
800000
800000
800000
800000
800000
800000
800000
800000
800000
800000
800000
800000
800000
800000
800000
FFFFF8
ENDCHAR
STARTCHAR glyph1119
ENCODING -1
SWIDTH 750 0
DWIDTH 32 0
BBX 21 26 5 0
BITMAP
800000
800000
800000
800000
800000
800000
800000
800000
800000
800000
800000
800000
800000
800000
800000
800000
800000
800000
800000
800000
800000
800000
800000
800000
800000
FFFFF8
ENDCHAR
STARTCHAR glyph1120
ENCODING -1
SWIDTH 750 0
DWIDTH 32 0
BBX 21 26 5 0
BITMAP
800000
800000
800000
800000
800000
800000
800000
800000
800000
800000
800000
800000
800000
800000
800000
800000
800000
800000
800000
800000
800000
800000
800000
800000
800000
FFFFF8
ENDCHAR
STARTCHAR glyph1121
ENCODING -1
SWIDTH 750 0
DWIDTH 32 0
BBX 21 26 5 0
BITMAP
800000
800000
800000
800000
800000
800000
800000
800000
800000
800000
800000
800000
800000
800000
800000
800000
800000
800000
800000
800000
800000
800000
800000
800000
800000
FFFFF8
ENDCHAR
STARTCHAR glyph1122
ENCODING -1
SWIDTH 750 0
DWIDTH 32 0
BBX 21 26 5 0
BITMAP
800000
800000
800000
800000
800000
800000
800000
800000
800000
800000
800000
800000
800000
800000
800000
800000
800000
800000
800000
800000
800000
800000
800000
800000
800000
FFFFF8
ENDCHAR
STARTCHAR glyph1123
ENCODING -1
SWIDTH 750 0
DWIDTH 32 0
BBX 21 26 5 0
BITMAP
800000
800000
800000
800000
800000
800000
800000
800000
800000
800000
800000
800000
800000
800000
800000
800000
800000
800000
800000
800000
800000
800000
800000
800000
800000
FFFFF8
ENDCHAR
STARTCHAR glyph1124
ENCODING -1
SWIDTH 750 0
DWIDTH 32 0
BBX 21 26 5 0
BITMAP
800000
800000
800000
800000
800000
800000
800000
800000
800000
800000
800000
800000
800000
800000
800000
800000
800000
800000
800000
800000
800000
800000
800000
800000
800000
FFFFF8
ENDCHAR
STARTCHAR glyph1125
ENCODING -1
SWIDTH 750 0
DWIDTH 32 0
BBX 21 26 5 0
BITMAP
800000
800000
800000
800000
800000
800000
800000
800000
800000
800000
800000
800000
800000
800000
800000
800000
800000
800000
800000
800000
800000
800000
800000
800000
800000
FFFFF8
ENDCHAR
STARTCHAR glyph1126
ENCODING -1
SWIDTH 750 0
DWIDTH 32 0
BBX 21 26 5 0
BITMAP
800000
800000
800000
800000
800000
800000
800000
800000
800000
800000
800000
800000
800000
800000
800000
800000
800000
800000
800000
800000
800000
800000
800000
800000
800000
FFFFF8
ENDCHAR
STARTCHAR afii57440-2
ENCODING -1
SWIDTH 125 0
DWIDTH 5 0
BBX 6 4 -1 6
BITMAP
FC
FC
FC
FC
ENDCHAR
STARTCHAR afii57440-3
ENCODING -1
SWIDTH 1000 0
DWIDTH 42 0
BBX 43 4 -1 6
BITMAP
FFFFFFFFFFE0
FFFFFFFFFFE0
FFFFFFFFFFE0
FFFFFFFFFFE0
ENDCHAR
STARTCHAR afii57440-4
ENCODING -1
SWIDTH 2000 0
DWIDTH 84 0
BBX 85 4 -1 6
BITMAP
FFFFFFFFFFFFFFFFFFFFF8
FFFFFFFFFFFFFFFFFFFFF8
FFFFFFFFFFFFFFFFFFFFF8
FFFFFFFFFFFFFFFFFFFFF8
ENDCHAR
STARTCHAR glyph1134
ENCODING -1
SWIDTH 0 0
DWIDTH 0 0
BBX 7 3 -10 35
BITMAP
F8
3C
1E
ENDCHAR
STARTCHAR glyph1135
ENCODING -1
SWIDTH 0 0
DWIDTH 0 0
BBX 7 3 -19 35
BITMAP
F8
3C
1E
ENDCHAR
STARTCHAR glyph1136
ENCODING -1
SWIDTH 0 0
DWIDTH 0 0
BBX 8 6 -18 32
BITMAP
F8
7C
3C
1E
0E
07
ENDCHAR
STARTCHAR glyph1147
ENCODING -1
SWIDTH 0 0
DWIDTH 0 0
BBX 13 3 -7 30
BITMAP
E038
7FF0
1FC0
ENDCHAR
STARTCHAR glyph1148
ENCODING -1
SWIDTH 0 0
DWIDTH 0 0
BBX 11 3 -6 30
BITMAP
1F00
7BC0
F1E0
ENDCHAR
STARTCHAR glyph1154
ENCODING -1
SWIDTH 0 0
DWIDTH 0 0
BBX 8 6 -14 24
BITMAP
1F
3E
3C
78
70
E0
ENDCHAR
STARTCHAR glyph1155
ENCODING -1
SWIDTH 0 0
DWIDTH 0 0
BBX 8 6 -10 24
BITMAP
F8
7C
3C
1E
0E
07
ENDCHAR
STARTCHAR glyph1292
ENCODING -1
SWIDTH 0 0
DWIDTH 0 0
BBX 11 7 -6 31
BITMAP
FFE0
FFE0
0000
0000
E0E0
E0E0
E0E0
ENDCHAR
STARTCHAR glyph1293
ENCODING -1
SWIDTH 0 0
DWIDTH 0 0
BBX 11 7 -6 31
BITMAP
03C0
0780
0F00
1E00
E0E0
E0E0
E0E0
ENDCHAR
STARTCHAR glyph1294
ENCODING -1
SWIDTH 0 0
DWIDTH 0 0
BBX 11 8 -6 30
BITMAP
71C0
3B80
1F00
0E00
0000
E0E0
E0E0
E0E0
ENDCHAR
STARTCHAR glyph1295
ENCODING -1
SWIDTH 0 0
DWIDTH 0 0
BBX 11 7 -6 31
BITMAP
7800
3C00
1E00
0F00
E0E0
E0E0
E0E0
ENDCHAR
STARTCHAR glyph1321
ENCODING -1
SWIDTH 244 0
DWIDTH 10 0
BBX 11 14 -1 6
BITMAP
0040
0040
0040
00E0
00E0
0060
0020
0020
0020
0020
FFE0
FFE0
FFE0
FFE0
ENDCHAR
STARTCHAR glyph1322
ENCODING -1
SWIDTH 267 0
DWIDTH 11 0
BBX 12 18 -1 6
BITMAP
0380
07C0
0FC0
0FE0
19E0
18E0
18E0
1FF0
1FF0
1FF0
0FB0
0030
0030
0030
FFF0
FFF0
FFF0
FFF0
ENDCHAR
STARTCHAR glyph1323
ENCODING -1
SWIDTH 262 0
DWIDTH 11 0
BBX 12 16 -1 6
BITMAP
01C0
03E0
07E0
07E0
0CF0
0C70
0C30
0E30
0FF0
07F0
03F0
0030
FFF0
FFF0
FFF0
FFF0
ENDCHAR
STARTCHAR glyph1325
ENCODING -1
SWIDTH 244 0
DWIDTH 10 0
BBX 5 5 3 -2
BITMAP
40
70
F8
70
30
ENDCHAR
STARTCHAR glyph1326
ENCODING -1
SWIDTH 244 0
DWIDTH 10 0
BBX 10 7 0 -4
BITMAP
0300
0380
67C0
7380
F980
7000
3000
ENDCHAR
STARTCHAR glyph1327
ENCODING -1
SWIDTH 244 0
DWIDTH 10 0
BBX 10 11 0 -8
BITMAP
3000
3800
7C00
3800
1B00
0380
67C0
7380
F980
7000
3000
ENDCHAR
STARTCHAR glyph1328
ENCODING -1
SWIDTH 244 0
DWIDTH 10 0
BBX 10 11 0 -8
BITMAP
0300
0380
67C0
7380
F980
7000
3600
0700
0F80
0700
0300
ENDCHAR
STARTCHAR glyph1329
ENCODING -1
SWIDTH 244 0
DWIDTH 10 0
BBX 6 10 2 -7
BITMAP
60
70
F8
70
30
30
38
7C
38
18
ENDCHAR
STARTCHAR glyph1330
ENCODING -1
SWIDTH 244 0
DWIDTH 10 0
BBX 11 12 0 -9
BITMAP
0300
0380
47C0
7380
F980
7180
31C0
33E0
39C0
7CC0
3800
1800
ENDCHAR
STARTCHAR glyph1331
ENCODING -1
SWIDTH 269 0
DWIDTH 11 0
BBX 12 13 -1 22
BITMAP
2000
3800
1800
1000
0800
0800
0800
09E0
0BF0
0C30
1030
FFF0
FFF0
ENDCHAR
STARTCHAR glyph1332
ENCODING -1
SWIDTH 207 0
DWIDTH 9 0
BBX 9 6 0 31
BITMAP
0780
0980
3180
FF00
FE00
8000
ENDCHAR
STARTCHAR glyph1333
ENCODING -1
SWIDTH 207 0
DWIDTH 9 0
BBX 8 6 0 31
BITMAP
06
0E
10
0F
78
80
ENDCHAR
STARTCHAR glyph1334
ENCODING -1
SWIDTH 333 0
DWIDTH 14 0
BBX 7 5 3 25
BITMAP
C6
6C
6C
38
10
ENDCHAR
STARTCHAR glyph1335
ENCODING -1
SWIDTH 333 0
DWIDTH 14 0
BBX 7 5 3 25
BITMAP
10
38
6C
6C
C6
ENDCHAR
STARTCHAR glyph1343
ENCODING -1
SWIDTH 229 0
DWIDTH 10 0
BBX 10 31 0 6
BITMAP
0600
0E00
1800
0F00
7800
8000
1000
1000
3000
7000
7000
3800
3800
3800
1800
1800
1800
1800
1800
1800
1800
1800
1800
1800
1800
1C00
1C00
0FC0
0FC0
0FC0
07C0
ENDCHAR
STARTCHAR glyph1345
ENCODING -1
SWIDTH 229 0
DWIDTH 10 0
BBX 10 35 0 -4
BITMAP
1000
1000
3000
7000
7000
3800
3800
3800
1800
1800
1800
1800
1800
1800
1800
1800
1800
1800
1800
1C00
1C00
0FC0
0FC0
0FC0
07C0
0000
0000
0000
0000
0600
0E00
1000
0F00
7800
8000
ENDCHAR
STARTCHAR glyph47
ENCODING -1
SWIDTH 229 0
DWIDTH 10 0
BBX 10 25 1 6
BITMAP
20C0
21C0
6200
E300
E1C0
7600
7000
7000
3000
3000
3000
3000
3000
3000
3000
3000
3000
3000
3000
3800
3800
1F80
1F80
1F80
0F80
ENDCHAR
STARTCHAR glyph1349
ENCODING -1
SWIDTH 432 0
DWIDTH 18 0
BBX 19 29 1 -4
BITMAP
000060
0000E0
000120
000180
0000E0
000300
000000
000000
000E00
001F00
001F00
003F80
003180
003180
003880
003F80
003F80
001F80
000780
000080
000180
000300
000700
000E00
001E00
003C00
E0F800
3FF000
07E000
ENDCHAR
STARTCHAR glyph1351
ENCODING -1
SWIDTH 432 0
DWIDTH 18 0
BBX 19 31 1 -4
BITMAP
006000
00E000
012060
01A0E0
01E120
00E180
00E0E0
01A300
030000
060000
000E00
001F00
001F00
003F80
003180
003180
003880
003F80
003F80
001F80
000780
000080
000180
000300
000700
000E00
001E00
003C00
E0F800
3FF000
07E000
ENDCHAR
STARTCHAR glyph
ENCODING -1
SWIDTH 588 0
DWIDTH 25 0
BBX 24 24 1 -5
BITMAP
00000C
00001C
000010
000030
00001E
000020
000000
000000
100000
10007F
2001FF
2007FF
4007FF
400C00
C00FF0
C00FF8
C00FF8
E00018
F00018
FE00F0
7FFFF0
3FFFE0
1FFFC0
07FE00
ENDCHAR
STARTCHAR glyph1367
ENCODING -1
SWIDTH 713 0
DWIDTH 30 0
BBX 29 26 1 1
BITMAP
0000C000
0000E000
0019F000
001CE000
003E6000
001C0000
000C0000
40000010
40000010
80000010
80000038
80000018
80000018
80000008
C0000008
E0000008
FC000008
7FFFFFF8
3FFFFFF8
1FFFFFF8
07FFFFF8
00058000
00088000
000C8000
000F8000
00070000
ENDCHAR
STARTCHAR glyph1368
ENCODING -1
SWIDTH 244 0
DWIDTH 10 0
BBX 12 28 -1 1
BITMAP
00C0
00E0
19F0
1CE0
3E60
1C00
0C00
0000
0000
0040
0040
0040
00E0
00E0
0060
0020
0020
0020
0020
FFE0
FFE0
FFE0
FFE0
1300
1100
1100
1E00
1C00
ENDCHAR
STARTCHAR glyph1369
ENCODING -1
SWIDTH 244 0
DWIDTH 10 0
BBX 12 28 -1 1
BITMAP
00C0
00E0
19F0
1CE0
3E60
1C00
0C00
0000
0000
0040
0040
0040
00E0
00E0
0060
0020
0020
0020
0020
FFE0
FFE0
FFE0
FFE0
1300
1100
1100
1E00
1C00
ENDCHAR
STARTCHAR glyph1371
ENCODING -1
SWIDTH 713 0
DWIDTH 30 0
BBX 29 26 1 6
BITMAP
00010000
0003C000
0023C000
007B8000
00788000
00700000
00120000
00078000
00078000
00070000
00010000
00000000
40000010
40000010
80000010
80000038
80000018
80000018
80000008
C0000008
E0000008
FC000008
7FFFFFF8
3FFFFFF8
1FFFFFF8
07FFFFF8
ENDCHAR
STARTCHAR glyph1372
ENCODING -1
SWIDTH 244 0
DWIDTH 10 0
BBX 11 26 -1 6
BITMAP
0080
01E0
11E0
3DC0
7C40
3800
0900
03C0
07C0
0380
0080
0000
0040
0040
0040
00E0
00E0
0060
0020
0020
0020
0020
FFE0
FFE0
FFE0
FFE0
ENDCHAR
STARTCHAR glyph1373
ENCODING -1
SWIDTH 244 0
DWIDTH 10 0
BBX 11 26 -1 6
BITMAP
0080
01E0
11E0
3DC0
7C40
3800
0900
03C0
07C0
0380
0080
0000
0040
0040
0040
00E0
00E0
0060
0020
0020
0020
0020
FFE0
FFE0
FFE0
FFE0
ENDCHAR
STARTCHAR glyph1383
ENCODING -1
SWIDTH 525 0
DWIDTH 22 0
BBX 21 37 1 -8
BITMAP
003000
007000
008000
00C000
007800
008000
000000
000000
000000
000000
000000
0FFFF0
3FFFF0
7FFFE0
FFFFE0
807F00
01F200
078200
0C0300
1803F8
2003F8
4001F8
4000F8
800000
800000
800000
800000
C00000
C00000
E00000
700000
7E0000
3FC000
3FFFF8
0FFFE0
07FFC0
007F80
ENDCHAR
STARTCHAR glyph1384
ENCODING -1
SWIDTH 529 0
DWIDTH 22 0
BBX 23 23 -1 6
BITMAP
000C00
001C00
002000
003000
001E00
006000
000000
000000
000000
000000
01E000
03F800
07FC00
0FFE00
007F00
001FC0
0007E0
0003F0
0001F8
FFFFFE
FFFFFE
FFFFFE
FFFFFE
ENDCHAR
STARTCHAR glyph1385
ENCODING -1
SWIDTH 529 0
DWIDTH 22 0
BBX 23 23 -1 6
BITMAP
000C00
001C00
002000
003000
001E00
006000
000000
000000
000000
000000
01E000
03F800
07FC00
0FFE00
007F00
001FC0
0007E0
0003F0
0001F8
FFFFFE
FFFFFE
FFFFFE
FFFFFE
ENDCHAR
STARTCHAR glyph1387
ENCODING -1
SWIDTH 525 0
DWIDTH 22 0
BBX 21 40 1 -8
BITMAP
00C000
00F000
01F000
00E000
002000
002000
007800
00F800
007000
001000
000000
000000
000000
000000
0FFFF0
3FFFF0
7FFFE0
FFFFE0
807F00
01F200
078200
0C0300
1803F8
2003F8
4001F8
4000F8
800000
800000
800000
800000
C00000
C00000
E00000
700000
7E0000
3FC000
3FFFF8
0FFFE0
07FFC0
007F80
ENDCHAR
STARTCHAR glyph1388
ENCODING -1
SWIDTH 529 0
DWIDTH 22 0
BBX 23 26 -1 6
BITMAP
006000
007800
00F800
007000
001000
003000
003800
007C00
003800
000800
000000
000000
000000
01E000
03F800
07FC00
0FFE00
007F00
001FC0
0007E0
0003F0
0001F8
FFFFFE
FFFFFE
FFFFFE
FFFFFE
ENDCHAR
STARTCHAR glyph1389
ENCODING -1
SWIDTH 529 0
DWIDTH 22 0
BBX 23 26 -1 6
BITMAP
006000
007800
00F800
007000
001000
003000
003800
007C00
003800
000800
000000
000000
000000
01E000
03F800
07FC00
0FFE00
007F00
001FC0
0007E0
0003F0
0001F8
FFFFFE
FFFFFE
FFFFFE
FFFFFE
ENDCHAR
STARTCHAR glyph1399
ENCODING -1
SWIDTH 525 0
DWIDTH 22 0
BBX 21 40 1 -8
BITMAP
010000
01C000
03E000
01C000
00D000
001C00
023E00
039C00
07CC00
038000
018000
000000
000000
000000
0FFFF0
3FFFF0
7FFFE0
FFFFE0
807F00
01F200
078200
0C0300
1803F8
2003F8
4001F8
4000F8
800000
800000
800000
800000
C00000
C00000
E00000
700000
7E0000
3FC000
3FFFF8
0FFFE0
07FFC0
007F80
ENDCHAR
STARTCHAR glyph1400
ENCODING -1
SWIDTH 529 0
DWIDTH 22 0
BBX 23 26 -1 6
BITMAP
004000
007000
00F000
00F000
002400
000700
008F00
00EF00
01E200
01E000
004000
000000
000000
01E000
03F800
07FC00
0FFE00
007F00
001FC0
0007E0
0003F0
0001F8
FFFFFE
FFFFFE
FFFFFE
FFFFFE
ENDCHAR
STARTCHAR glyph1401
ENCODING -1
SWIDTH 529 0
DWIDTH 22 0
BBX 23 26 -1 6
BITMAP
004000
007000
00F000
00F000
002400
000700
008F00
00EF00
01E200
01E000
004000
000000
000000
01E000
03F800
07FC00
0FFE00
007F00
001FC0
0007E0
0003F0
0001F8
FFFFFE
FFFFFE
FFFFFE
FFFFFE
ENDCHAR
STARTCHAR glyph1409
ENCODING -1
SWIDTH 337 0
DWIDTH 14 0
BBX 12 23 2 1
BITMAP
0200
0300
0380
03C0
01C0
00E0
0060
0020
0030
0010
0010
0010
8010
C010
FFF0
FFF0
FFF0
7FF0
0900
0980
0900
0F00
0E00
ENDCHAR
STARTCHAR glyph1411
ENCODING -1
SWIDTH 337 0
DWIDTH 14 0
BBX 12 26 2 -2
BITMAP
0200
0300
0380
03C0
01C0
00E0
0060
0020
0030
0010
0010
0010
8010
C010
FFF0
FFF0
FFF0
7FF0
0000
0000
0000
0400
0700
0F80
0F00
0300
ENDCHAR
STARTCHAR glyph1413
ENCODING -1
SWIDTH 337 0
DWIDTH 14 0
BBX 13 40 1 -2
BITMAP
2000
3800
1800
1000
0800
0800
0800
08E0
0BF0
0C30
1030
FFF0
FFF0
0000
0100
0180
01C0
01E0
00E0
0070
0030
0010
0018
0008
0008
0008
4008
6008
7FF8
7FF8
7FF8
3FF8
0000
0000
0000
0200
0380
07C0
0780
0180
ENDCHAR
STARTCHAR glyph1421
ENCODING -1
SWIDTH 337 0
DWIDTH 14 0
BBX 12 30 2 6
BITMAP
0200
0380
47C0
7780
F980
F000
3400
0700
0F80
0F00
0300
0000
0200
0300
0380
03C0
01C0
00E0
0060
0020
0030
0010
0010
0010
8010
C010
FFF0
FFF0
FFF0
7FF0
ENDCHAR
STARTCHAR glyph1423
ENCODING -1
SWIDTH 337 0
DWIDTH 14 0
BBX 12 30 2 6
BITMAP
0200
0780
4780
F780
F100
F100
23C0
23C0
7BC0
7880
7800
1000
0200
0300
0380
03C0
01C0
00E0
0060
0020
0030
0010
0010
0010
8010
C010
FFF0
FFF0
FFF0
7FF0
ENDCHAR
STARTCHAR glyph1426
ENCODING -1
SWIDTH 488 0
DWIDTH 21 0
BBX 19 31 2 -4
BITMAP
003180
001900
000B00
000E00
000600
000000
000000
000000
000000
000080
0000C0
0000C0
0001C0
0001E0
0000E0
000060
000060
000020
000020
000020
000020
000060
000060
0000E0
0001C0
000380
000700
001F00
E07C00
1FF800
03E000
ENDCHAR
STARTCHAR glyph1429
ENCODING -1
SWIDTH 488 0
DWIDTH 21 0
BBX 19 24 2 -6
BITMAP
000080
0000C0
0000C0
0001C0
0001E0
0000E0
000060
000060
000020
000020
000020
000020
000060
000060
0000E0
0001C0
000380
000780
001FC0
E07E40
1FFA60
03E240
0003C0
000380
ENDCHAR
STARTCHAR glyph1431
ENCODING -1
SWIDTH 488 0
DWIDTH 21 0
BBX 20 24 2 -6
BITMAP
000080
0000C0
0000C0
0001C0
0001E0
0000E0
000060
000060
000020
000020
000020
000020
000060
000060
0000E0
0001C0
000380
000700
001F00
E07CC0
1FF8F0
03E1F0
0000E0
000020
ENDCHAR
STARTCHAR glyph1433
ENCODING -1
SWIDTH 488 0
DWIDTH 21 0
BBX 19 27 2 -9
BITMAP
000080
0000C0
0000C0
0001C0
0001E0
0000E0
000060
000060
000020
000020
000020
000020
000060
000060
0000E0
0001C0
000380
000700
001F00
E07C00
1FF800
03E000
000460
000640
0002C0
000380
000180
ENDCHAR
STARTCHAR glyph1435
ENCODING -1
SWIDTH 488 0
DWIDTH 21 0
BBX 20 24 2 -6
BITMAP
000080
0000C0
0000C0
0001C0
0001E0
0000E0
000060
000060
000020
060020
070020
0F8020
070060
010060
0000E0
0001C0
000380
000700
001F00
E07CC0
1FF8F0
03E1F0
0000E0
000020
ENDCHAR
STARTCHAR glyph1437
ENCODING -1
SWIDTH 488 0
DWIDTH 21 0
BBX 19 31 2 -4
BITMAP
000200
000780
004780
00F700
00F100
00E000
002000
000000
000000
000080
0000C0
0000C0
0001C0
0001E0
0000E0
000060
000060
000020
000020
000020
000020
000060
000060
0000E0
0001C0
000380
000700
001F00
E07C00
1FF800
03E000
ENDCHAR
STARTCHAR glyph1439
ENCODING -1
SWIDTH 488 0
DWIDTH 21 0
BBX 19 36 2 -4
BITMAP
000400
000700
008F00
00EF00
01E200
01E200
004380
004780
007780
00F100
00F000
002000
000000
000000
000080
0000C0
0000C0
0001C0
0001E0
0000E0
000060
000060
000020
000020
000020
000020
000060
000060
0000E0
0001C0
000380
000700
001F00
E07C00
1FF800
03E000
ENDCHAR
STARTCHAR glyph1441
ENCODING -1
SWIDTH 821 0
DWIDTH 35 0
BBX 34 28 1 -3
BITMAP
0000004000
000000F000
000000F000
000000F000
0000002000
0000000000
0000000000
0000100000
0000100080
0000101180
00003811C0
20003810C0
2000181040
4000181840
4000083C40
80000FFFC0
80000FFFC0
80000FFFC0
80000FE3C0
8000080000
8000180000
C000380000
E000F01000
F807F03C00
7FFFE03C00
7FFFC03C00
3FFF000800
0FF8000000
ENDCHAR
STARTCHAR glyph1442
ENCODING -1
SWIDTH 530 0
DWIDTH 22 0
BBX 23 27 -1 -2
BITMAP
000300
0003C0
0003C0
000380
000080
000000
000000
000004
01004C
01004E
010046
018042
018042
01C062
03E0F2
FFFFFE
FFFFFE
FFFFFE
FE3F1E
000000
000000
000000
000040
0000F0
0000F0
0000E0
000020
ENDCHAR
STARTCHAR glyph1443
ENCODING -1
SWIDTH 530 0
DWIDTH 22 0
BBX 23 27 -1 -2
BITMAP
000300
0003C0
0003C0
000380
000080
000000
000000
000004
01004C
01004E
010046
018042
018042
01C062
03E0F2
FFFFFE
FFFFFE
FFFFFE
FE3F1E
000000
000000
000000
000040
0000F0
0000F0
0000E0
000020
ENDCHAR
STARTCHAR glyph1445
ENCODING -1
SWIDTH 821 0
DWIDTH 35 0
BBX 34 26 1 -8
BITMAP
0000100000
0000100080
0000101180
00003811C0
20003810C0
2000181040
4000181840
4000083C40
80000FFFC0
80000FFFC0
80000FFFC0
80000FE3C0
8000080000
8000180000
C000380000
E000F00100
F807F003C0
7FFFE023C0
7FFFC07BC0
3FFF007880
0FF8007800
0000001200
0000000780
0000000780
0000000780
0000000100
ENDCHAR
STARTCHAR glyph1446
ENCODING -1
SWIDTH 530 0
DWIDTH 22 0
BBX 23 26 -1 -8
BITMAP
000004
01004C
01004E
010046
018042
018042
01C062
03E0F2
FFFFFE
FFFFFE
FFFFFE
FE3F1E
000000
000000
000000
000008
00001E
00011E
0003DE
0003C4
0003C0
000090
00003C
00003C
00003C
000008
ENDCHAR
STARTCHAR glyph1447
ENCODING -1
SWIDTH 530 0
DWIDTH 22 0
BBX 23 26 -1 -8
BITMAP
000004
01004C
01004E
010046
018042
018042
01C062
03E0F2
FFFFFE
FFFFFE
FFFFFE
FE3F1E
000000
000000
000000
000008
00001E
00011E
0003DE
0003C4
0003C0
000090
00003C
00003C
00003C
000008
ENDCHAR
STARTCHAR glyph1449
ENCODING -1
SWIDTH 821 0
DWIDTH 35 0
BBX 34 38 1 -8
BITMAP
0000010000
000003C000
000003C000
000003C000
0000009000
0000003C00
0000023C00
000007BC00
0000078800
0000078000
0000010000
0000000000
0000100000
0000100080
0000101180
00003811C0
20003810C0
2000181040
4000181840
4000083C40
80000FFFC0
80000FFFC0
80000FFFC0
80000FE3C0
8000080000
8000180000
C000380000
E000F00100
F807F003C0
7FFFE023C0
7FFFC07BC0
3FFF007880
0FF8007800
0000001200
0000000780
0000000780
0000000780
0000000100
ENDCHAR
STARTCHAR glyph1450
ENCODING -1
SWIDTH 530 0
DWIDTH 22 0
BBX 23 38 -1 -8
BITMAP
000C00
000F00
000F00
000E00
000240
0000F0
0018F0
001EE0
001E20
001C00
000400
000000
000004
01004C
01004E
010046
018042
018042
01C062
03E0F2
FFFFFE
FFFFFE
FFFFFE
FE3F1E
000000
000000
000000
000008
00001E
00011E
0003DE
0003C4
0003C0
000090
00003C
00003C
00003C
000008
ENDCHAR
STARTCHAR glyph1451
ENCODING -1
SWIDTH 530 0
DWIDTH 22 0
BBX 23 38 -1 -8
BITMAP
000C00
000F00
000F00
000E00
000240
0000F0
0018F0
001EE0
001E20
001C00
000400
000000
000004
01004C
01004E
010046
018042
018042
01C062
03E0F2
FFFFFE
FFFFFE
FFFFFE
FE3F1E
000000
000000
000000
000008
00001E
00011E
0003DE
0003C4
0003C0
000090
00003C
00003C
00003C
000008
ENDCHAR
STARTCHAR glyph1453
ENCODING -1
SWIDTH 1098 0
DWIDTH 46 0
BBX 45 22 1 -4
BITMAP
000020000FC0
000020003FE0
00002000FFF0
00007001FFF8
20007007E0F8
2000300F0038
4000303C0038
400010F80078
80001FFFFFF8
80001FFFFFF8
80001FFFFFF8
80001FFFFFF8
800010000000
800030000000
C00060000000
E001E0002000
F80FE0003800
7FFFC0047800
7FFF80077800
3FFF000F1000
0FF8000F0000
000000020000
ENDCHAR
STARTCHAR glyph1454
ENCODING -1
SWIDTH 846 0
DWIDTH 36 0
BBX 37 22 -1 -4
BITMAP
0000000FC0
0000003FE0
0080007FF0
008000FFF8
008003E0F8
00C0078038
00E01E0038
01F0F80078
FFFFFFFFF8
FFFFFFFFF8
FFFFFFFFF8
FE3FFFFFF8
0000000000
0000000000
0000000000
0000001000
0000003C00
0000023C00
000007BC00
0000078800
0000078000
0000010000
ENDCHAR
STARTCHAR glyph1455
ENCODING -1
SWIDTH 846 0
DWIDTH 36 0
BBX 37 22 -1 -4
BITMAP
0000000FC0
0000003FE0
0080007FF0
008000FFF8
008003E0F8
00C0078038
00E01E0038
01F0F80078
FFFFFFFFF8
FFFFFFFFF8
FFFFFFFFF8
FE3FFFFFF8
0000000000
0000000000
0000000000
0000001000
0000003C00
0000023C00
000007BC00
0000078800
0000078000
0000010000
ENDCHAR
STARTCHAR glyph1457
ENCODING -1
SWIDTH 1098 0
DWIDTH 46 0
BBX 45 33 1 -3
BITMAP
000000020000
000000038000
000000078000
000000078000
000000012000
000000003800
000000047800
000000077800
0000000F1000
0000000F0000
000000020000
000000000000
000020000FC0
000020003FE0
00002000FFF0
00007001FFF8
20007007E0F8
2000300F0038
4000303C0038
400010F80078
80001FFFFFF8
80001FFFFFF8
80001FFFFFF8
80001FFFFFF8
800010000000
800030000000
C00060000000
E001E0000000
F80FE0000000
7FFFC0000000
7FFF80000000
3FFF00000000
0FF800000000
ENDCHAR
STARTCHAR glyph1458
ENCODING -1
SWIDTH 846 0
DWIDTH 36 0
BBX 37 24 -1 6
BITMAP
0000010000
000003C000
000003C000
000003C000
0000009000
0000003C00
0000023C00
000007BC00
0000078800
0000078000
0000010000
0000000000
0000000FC0
0000003FE0
0080007FF0
008000FFF8
008003E0F8
00C0078038
00E01E0038
01F0F80078
FFFFFFFFF8
FFFFFFFFF8
FFFFFFFFF8
FE3FFFFFF8
ENDCHAR
STARTCHAR glyph1459
ENCODING -1
SWIDTH 846 0
DWIDTH 36 0
BBX 37 24 -1 6
BITMAP
0000010000
000003C000
000003C000
000003C000
0000009000
0000003C00
0000023C00
000007BC00
0000078800
0000078000
0000010000
0000000000
0000000FC0
0000003FE0
0080007FF0
008000FFF8
008003E0F8
00C0078038
00E01E0038
01F0F80078
FFFFFFFFF8
FFFFFFFFF8
FFFFFFFFF8
FE3FFFFFF8
ENDCHAR
STARTCHAR glyph1461
ENCODING -1
SWIDTH 581 0
DWIDTH 24 0
BBX 25 27 -1 6
BITMAP
02000000
03000000
03E00000
03E04000
03E0F000
01C0F000
0180E000
00C02400
00C00F00
00C08F00
00C1EE00
00E1E200
0061C000
00604000
00600000
00607C00
0061FF00
0067FF00
005FFF80
007E0780
00F80380
01E00380
07800780
FFFFFF80
FFFFFF80
FFFFFF80
FFFFFF80
ENDCHAR
STARTCHAR glyph1463
ENCODING -1
SWIDTH 450 0
DWIDTH 19 0
BBX 20 39 1 -8
BITMAP
040000
0F0000
0F0000
0E0000
024000
00F000
08F000
1EE000
1E2000
1C0000
040000
000000
01F000
07F800
07FC00
0FFC00
09FC00
00F800
01F000
03F800
07FC00
0F3FC0
1C3FC0
381FC0
7007C0
600000
C00000
C00000
C00000
C00000
E00000
F00000
F80000
7E0000
7FE000
3FFFF0
1FFFE0
07FF80
00FF00
ENDCHAR
STARTCHAR glyph1464
ENCODING -1
SWIDTH 525 0
DWIDTH 22 0
BBX 21 27 -1 6
BITMAP
010000
03C000
03C000
03C000
009000
003C00
023C00
07BC00
078800
078000
010000
000000
000000
00F800
03FE00
07FF00
0FFF00
0F0180
0C0000
0C0000
0E0018
0E00F0
078FF0
FFFFF0
FFFFC0
FFFE00
FFE000
ENDCHAR
STARTCHAR glyph1465
ENCODING -1
SWIDTH 394 0
DWIDTH 17 0
BBX 18 24 -1 6
BITMAP
030000
038000
07C000
038000
00B000
003800
067C00
073800
0F8800
070000
010000
000000
03F800
07FC00
0FFE00
0FFE00
09FC00
00FC00
01F000
07F800
FFFFC0
FFBFC0
FF1FC0
F80FC0
ENDCHAR
STARTCHAR glyph1468
ENCODING -1
SWIDTH 788 0
DWIDTH 33 0
BBX 32 22 1 -2
BITMAP
4000001C
4000003E
8000007E
8000007F
800000E7
800000E3
800000E3
C00000F3
F000007F
FE00001F
7FFFFFFF
3FFFFFFF
1FFFFFFF
01FFFFFF
00000000
00000000
00000000
00000010
0000001C
0000003C
0000003C
00000008
ENDCHAR
STARTCHAR glyph1469
ENCODING -1
SWIDTH 267 0
DWIDTH 11 0
BBX 12 26 -1 -2
BITMAP
0380
07C0
0FC0
0FE0
19E0
18E0
18E0
1FF0
1FF0
1FF0
0FB0
0030
0030
0030
FFF0
FFF0
FFF0
FFF0
0000
0000
0000
0200
0380
07C0
0380
0180
ENDCHAR
STARTCHAR glyph1470
ENCODING -1
SWIDTH 262 0
DWIDTH 11 0
BBX 12 24 -1 -2
BITMAP
01C0
03E0
07E0
07E0
0CF0
0C70
0C30
0E30
0FF0
07F0
03F0
0030
FFF0
FFF0
FFF0
FFF0
0000
0000
0000
0400
0700
0F80
0700
0300
ENDCHAR
STARTCHAR glyph1472
ENCODING -1
SWIDTH 788 0
DWIDTH 33 0
BBX 32 29 1 -2
BITMAP
00000010
0000003C
0000003C
0000003C
00000008
00000000
00000000
4000001C
4000003E
8000007E
8000007F
800000E7
800000E3
800000E3
C00000F3
F000007F
FE00001F
7FFFFFFF
3FFFFFFF
1FFFFFFF
01FFFFFF
00000000
00000000
00000000
00010000
0003C000
0003C000
00038000
00008000
ENDCHAR
STARTCHAR glyph1473
ENCODING -1
SWIDTH 267 0
DWIDTH 11 0
BBX 12 32 -1 -2
BITMAP
0800
0E00
1E00
1E00
0400
0000
0380
07C0
0FC0
0FE0
19E0
18E0
18E0
1FF0
1FF0
1FF0
0FB0
0030
0030
0030
FFF0
FFF0
FFF0
FFF0
0000
0000
0000
0200
0380
07C0
0380
0180
ENDCHAR
STARTCHAR glyph1474
ENCODING -1
SWIDTH 262 0
DWIDTH 11 0
BBX 12 31 -1 -2
BITMAP
0400
0700
0F00
0F00
0200
0000
0000
01C0
03E0
07E0
07E0
0CF0
0C70
0C30
0E30
0FF0
07F0
03F0
0030
FFF0
FFF0
FFF0
FFF0
0000
0000
0000
0200
0380
07C0
0380
0180
ENDCHAR
STARTCHAR glyph1480
ENCODING -1
SWIDTH 788 0
DWIDTH 33 0
BBX 33 28 1 -8
BITMAP
4000001C00
4000003E00
8000007E00
8000007F00
800000E700
800000E300
800000E300
C00000F300
F000007F00
FE00001F00
7FFFFFFF00
3FFFFFFF00
1FFFFFFF00
01FFFFFF00
0000000000
0000000000
0000000000
0000000200
0000000780
0000004780
000000F780
000000F100
000000F000
0000002400
0000000F00
0000000F00
0000000F00
0000000200
ENDCHAR
STARTCHAR glyph1481
ENCODING -1
SWIDTH 267 0
DWIDTH 11 0
BBX 12 32 -1 -8
BITMAP
0380
07C0
0FC0
0FE0
19E0
18E0
18E0
1FF0
1FF0
1FF0
0FB0
0030
0030
0030
FFF0
FFF0
FFF0
FFF0
0000
0000
0000
0100
01C0
23E0
3BC0
7CC0
7800
1A00
0380
07C0
0780
0180
ENDCHAR
STARTCHAR glyph1482
ENCODING -1
SWIDTH 262 0
DWIDTH 11 0
BBX 12 30 -1 -8
BITMAP
01C0
03E0
07E0
07E0
0CF0
0C70
0C30
0E30
0FF0
07F0
03F0
0030
FFF0
FFF0
FFF0
FFF0
0000
0000
0000
0100
01C0
23E0
3BC0
7CC0
7800
1A00
0380
07C0
0780
0180
ENDCHAR
STARTCHAR glyph1488
ENCODING -1
SWIDTH 581 0
DWIDTH 24 0
BBX 23 30 1 -3
BITMAP
000100
0001C0
0003E0
0003C0
0000C0
000000
000000
000000
000070
0000F8
0001F8
0001FC
00031C
20030E
20030E
4003FE
4003FE
4001FE
8000FA
800002
800002
800002
800006
C0000E
E0003E
F801FC
7FFFF8
3FFFF0
1FFFC0
07FE00
ENDCHAR
STARTCHAR glyph1490
ENCODING -1
SWIDTH 581 0
DWIDTH 24 0
BBX 23 33 1 -3
BITMAP
000400
000F00
000F00
000F00
000240
0000F0
0008F0
001EF0
001E20
001E00
000400
000070
0000F8
0001F8
0001FC
00031C
20030E
20030E
4003FE
4003FE
4001FE
8000FA
800002
800002
800002
800006
C0000E
E0003E
F801FC
7FFFF8
3FFFF0
1FFFC0
07FE00
ENDCHAR
STARTCHAR glyph1492
ENCODING -1
SWIDTH 932 0
DWIDTH 39 0
BBX 39 22 0 6
BITMAP
0000200000
0001E00000
0007E00000
001FE00000
007F800000
00FC000000
01E0000000
0380000000
0300000000
07C0000000
07FC000000
07FFC00000
03FFFC0000
80FFFF8000
8007FFF000
80001FFC00
C00001FF00
F00000FFC0
FFFFFFCFFE
7FFFFF83FE
3FFFFE01FE
0FFFF8003E
ENDCHAR
STARTCHAR glyph1493
ENCODING -1
SWIDTH 394 0
DWIDTH 17 0
BBX 18 20 -1 6
BITMAP
000100
000700
003F00
007F00
01FE00
03E000
078000
0E0000
0C0000
1E0000
1FE000
1FFC00
0FFF00
03FF80
001F80
0001C0
FFFFC0
FFFFC0
FFFFC0
FFFFC0
ENDCHAR
STARTCHAR glyph1494
ENCODING -1
SWIDTH 514 0
DWIDTH 22 0
BBX 23 20 -1 6
BITMAP
000100
000700
003F00
007F00
01FE00
03E000
078000
0E0000
0C0000
1E0000
1FE000
1FFC00
0FFF00
03FF80
001FC0
0003E0
FFFFFE
FFFEFE
FFFC7E
FFF01E
ENDCHAR
STARTCHAR glyph1496
ENCODING -1
SWIDTH 932 0
DWIDTH 39 0
BBX 39 25 0 6
BITMAP
0000000100
0000000F00
0000007F00
000001FF00
000007FF00
00000FFB00
00001F1100
00001C1900
0000381F00
00003C0E00
00003F0000
00003F8000
00001FC000
40000FF000
400000F800
8000007C00
8000003E00
8000002F00
8000002700
C000006780
F00003C3E0
FFFFFFC1FE
7FFFFF80FE
3FFFFF007E
0FFFF8003E
ENDCHAR
STARTCHAR glyph1497
ENCODING -1
SWIDTH 394 0
DWIDTH 17 0
BBX 18 25 -1 6
BITMAP
000100
000F00
003F00
00FF00
03FE00
07F300
0F9100
0E1100
1C1E00
1E1C00
1F8000
1FC000
0FE000
07F000
00F800
003C00
001E00
000700
000380
000380
0001C0
FFFFC0
FFFFC0
FFFFC0
FFFFC0
ENDCHAR
STARTCHAR glyph1498
ENCODING -1
SWIDTH 514 0
DWIDTH 22 0
BBX 23 25 -1 6
BITMAP
000100
000F00
003F00
00FF00
03FE00
07F300
0F9100
0E1100
1C1E00
1E1C00
1F8000
1FC000
0FE000
07F000
007800
003C00
001E00
001700
001780
0033C0
01E1E0
FFE0FE
FFC0FE
FF807E
FC001E
ENDCHAR
STARTCHAR glyph1500
ENCODING -1
SWIDTH 601 0
DWIDTH 25 0
BBX 24 28 1 6
BITMAP
000810
001E10
001E1E
001E1F
00041F
00001F
00000E
00010C
00070C
000C0C
00180C
001006
003006
003F86
003F86
000186
200186
600386
400706
C3FC06
C00003
C00003
E00003
F80003
FFFFFF
7FFFFF
3FFFFF
0FFFFF
ENDCHAR
STARTCHAR glyph1501
ENCODING -1
SWIDTH 394 0
DWIDTH 17 0
BBX 18 30 -1 6
BITMAP
008000
01E000
01E000
01E000
004000
000100
000F00
003F00
00FF00
03FE00
07F000
0F8000
0E0000
1C0000
1E0000
1F8000
1FC000
0FE000
07F000
00F800
003C00
001E00
000700
000380
000380
0001C0
FFFFC0
FFFFC0
FFFFC0
FFFFC0
ENDCHAR
STARTCHAR glyph1502
ENCODING -1
SWIDTH 394 0
DWIDTH 17 0
BBX 18 30 -1 6
BITMAP
008000
01E000
01E000
01E000
004000
000100
000F00
003F00
00FF00
03FE00
07F000
0F8000
0E0000
1C0000
1E0000
1F8000
1FC000
0FE000
07F000
00F800
003C00
001E00
000700
000380
000380
0001C0
FFFFC0
FFFFC0
FFFFC0
FFFFC0
ENDCHAR
STARTCHAR glyph1508
ENCODING -1
SWIDTH 601 0
DWIDTH 25 0
BBX 24 42 1 -8
BITMAP
000010
000010
00001E
00001F
00001F
00001F
00000E
00010C
00070C
000C0C
00180C
001006
003006
003F86
003F86
000186
200186
600386
400706
C3FC06
C00003
C00003
E00003
F80003
FFFFFF
7FFFFF
3FFFFF
0FFFFF
000000
000000
000000
000100
0003C0
0023C0
007B80
007880
007000
001200
000780
000780
000700
000100
ENDCHAR
STARTCHAR glyph1509
ENCODING -1
SWIDTH 394 0
DWIDTH 17 0
BBX 18 39 -1 -8
BITMAP
000100
000F00
003F00
00FF00
03FE00
07F000
0F8000
0E0000
1C0000
1E0000
1F8000
1FC000
0FE000
07F000
00F800
003C00
001E00
000700
000380
000380
0001C0
FFFFC0
FFFFC0
FFFFC0
FFFFC0
000000
000000
000000
002000
003800
047C00
073800
0F9800
070000
034000
007000
00F800
007000
003000
ENDCHAR
STARTCHAR glyph1510
ENCODING -1
SWIDTH 394 0
DWIDTH 17 0
BBX 18 39 -1 -8
BITMAP
000100
000F00
003F00
00FF00
03FE00
07F000
0F8000
0E0000
1C0000
1E0000
1F8000
1FC000
0FE000
07F000
00F800
003C00
001E00
000700
000380
000380
0001C0
FFFFC0
FFFFC0
FFFFC0
FFFFC0
000000
000000
000000
002000
003800
047C00
073800
0F9800
070000
034000
007000
00F800
007000
003000
ENDCHAR
STARTCHAR glyph1512
ENCODING -1
SWIDTH 932 0
DWIDTH 39 0
BBX 39 31 0 6
BITMAP
0000000100
0000000700
0000001F00
0000007F00
000001FE00
000003F000
00000F8100
00001E0F00
0000387F00
000021FF00
000007FF00
00000FFB00
00001F1100
00001C1900
0000381F00
00003C0E00
00003F0000
00003F8000
00001FC000
40000FF000
400000F800
8000007C00
8000003E00
8000002F00
8000002700
C000006780
F00003C3E0
FFFFFFC1FE
7FFFFF80FE
3FFFFF007E
0FFFF8003E
ENDCHAR
STARTCHAR glyph1513
ENCODING -1
SWIDTH 394 0
DWIDTH 17 0
BBX 18 32 -1 6
BITMAP
000100
000700
001F00
003F00
00FE00
01F800
03C000
0F8100
1E0F00
183F00
10FF00
03FE00
07F300
0F9100
0E1100
1C1E00
1E1C00
1F8000
1FC000
0FE000
07F000
00F800
003C00
001E00
000700
000380
000380
0001C0
FFFFC0
FFFFC0
FFFFC0
FFFFC0
ENDCHAR
STARTCHAR glyph1514
ENCODING -1
SWIDTH 514 0
DWIDTH 22 0
BBX 23 32 -1 6
BITMAP
000100
000700
001F00
003F00
00FE00
01F800
03C000
0F8100
1E0F00
183F00
10FF00
03FE00
07F300
0F9100
0E1100
1C1E00
1E1C00
1F8000
1FC000
0FE000
07F000
007800
003C00
001E00
001700
001780
0033C0
01E1E0
FFE0FE
FFC0FE
FF807E
FC001E
ENDCHAR
STARTCHAR glyph1520
ENCODING -1
SWIDTH 932 0
DWIDTH 39 0
BBX 39 41 0 -4
BITMAP
0000000100
0000000700
0000001F00
0000007F00
000001FE00
000003F000
00000F8100
00001E0F00
0000387F00
000021FF00
000007FC00
00000FE000
00001F0000
00001C0000
0000380000
00003C0000
00003F0000
00003F8000
00001FC000
40000FF000
400000F800
8000007C00
8000003E00
8000002F00
8000002700
C000006780
F00003C3E0
FFFFFFC1FE
7FFFFF80FE
3FFFFF007E
0FFFF8003E
0000000000
0000000000
0000000000
0001000000
0003C00000
0023C00000
007BC00000
0078800000
0078000000
0010000000
ENDCHAR
STARTCHAR glyph1521
ENCODING -1
SWIDTH 394 0
DWIDTH 17 0
BBX 18 42 -1 -4
BITMAP
000100
000700
001F00
003F00
00FE00
01F800
03C000
0F8100
1E0F00
183F00
10FF00
03FE00
07F000
0F8000
0E0000
1C0000
1E0000
1F8000
1FC000
0FE000
07F000
00F800
003C00
001E00
000700
000380
000380
0001C0
FFFFC0
FFFFC0
FFFFC0
FFFFC0
000000
000000
000000
001000
003C00
023C00
07B800
078800
070000
010000
ENDCHAR
STARTCHAR glyph1522
ENCODING -1
SWIDTH 514 0
DWIDTH 22 0
BBX 23 42 -1 -4
BITMAP
000100
000700
001F00
003F00
00FE00
01F800
03C000
0F8100
1E0F00
183F00
10FF00
03FE00
07F000
0F8000
0E0000
1C0000
1E0000
1F8000
1FC000
0FE000
07F000
007800
003C00
001E00
001700
001780
0033C0
01E1E0
FFE0FE
FFC0FE
FF807E
FC001E
000000
000000
000000
008000
01E000
11E000
3DE000
3C4000
3C0000
080000
ENDCHAR
STARTCHAR glyph1528
ENCODING -1
SWIDTH 932 0
DWIDTH 39 0
BBX 39 31 0 6
BITMAP
0000180000
00001D8300
000019CF00
000031BF00
000038FF00
000033F800
000007E100
00001F0F00
00003C7F00
000031FF00
000007FC00
00000FE000
00001F0000
00001C0000
0000380000
00003C0000
00003F0000
00003F8000
00001FC000
40000FF000
400000F800
8000007C00
8000003E00
8000002F00
8000002700
C000006780
F00003C3E0
FFFFFFC1FE
7FFFFF80FE
3FFFFF007E
0FFFF8003E
ENDCHAR
STARTCHAR glyph1529
ENCODING -1
SWIDTH 394 0
DWIDTH 17 0
BBX 18 31 -1 6
BITMAP
0C0100
1CC700
0DCF00
18DF00
387E00
19F800
03C100
0F8F00
1E3F00
18FF00
13FE00
07F000
0F8000
0E0000
1C0000
1E0000
1F8000
1FC000
0FE000
07F000
00F800
003C00
001E00
000700
000380
000380
0001C0
FFFFC0
FFFFC0
FFFFC0
FFFFC0
ENDCHAR
STARTCHAR glyph1530
ENCODING -1
SWIDTH 514 0
DWIDTH 22 0
BBX 23 31 -1 6
BITMAP
0C0100
1CC700
0DCF00
18DF00
387E00
19F800
03C100
0F8F00
1E3F00
18FF00
13FE00
07F000
0F8000
0E0000
1C0000
1E0000
1F8000
1FC000
0FE000
07F000
007800
003C00
001E00
001700
001780
0033C0
01E1E0
FFE0FE
FFC0FE
FF807E
FC001E
ENDCHAR
STARTCHAR glyph1532
ENCODING -1
SWIDTH 506 0
DWIDTH 21 0
BBX 20 38 1 -1
BITMAP
000230
000320
000160
0001C0
0000C0
000000
0000E0
0001F0
0001F0
0001F0
0000F0
0000C0
0000C0
0000C0
000040
000060
000060
000060
000060
000060
080060
100060
100070
200030
200030
600030
400030
400030
C00030
C00030
C00030
E00070
F001F0
F807E0
7FFFE0
7FFFC0
3FFF00
07FC00
ENDCHAR
STARTCHAR glyph1533
ENCODING -1
SWIDTH 207 0
DWIDTH 9 0
BBX 10 31 -1 6
BITMAP
18C0
0D80
0700
0600
0000
0400
0780
07C0
07C0
03C0
0300
0300
0300
0300
0180
0180
0180
0180
0180
0180
0180
0180
01C0
00C0
00C0
00C0
00C0
FFC0
FFC0
FFC0
FFC0
ENDCHAR
STARTCHAR glyph1534
ENCODING -1
SWIDTH 207 0
DWIDTH 9 0
BBX 10 31 -1 6
BITMAP
18C0
0D80
0700
0600
0000
0400
0780
07C0
07C0
03C0
0300
0300
0300
0300
0180
0180
0180
0180
0180
0180
0180
0180
01C0
00C0
00C0
00C0
00C0
FFC0
FFC0
FFC0
FFC0
ENDCHAR
STARTCHAR glyph1536
ENCODING -1
SWIDTH 506 0
DWIDTH 21 0
BBX 20 38 1 -1
BITMAP
000180
0001C0
0003E0
0001C0
000040
000000
0000E0
0001F0
0001F0
0001F0
0000F0
0000C0
0000C0
0000C0
000040
000060
000060
000060
000060
000060
080060
100060
100070
200030
200030
600030
400030
400030
C00030
C00030
C00030
E00070
F001F0
F807E0
7FFFE0
7FFFC0
3FFF00
07FC00
ENDCHAR
STARTCHAR glyph1537
ENCODING -1
SWIDTH 207 0
DWIDTH 9 0
BBX 10 31 -1 6
BITMAP
0700
0780
0F00
0700
0000
0400
0780
07C0
07C0
03C0
0300
0300
0300
0300
0180
0180
0180
0180
0180
0180
0180
0180
01C0
00C0
00C0
00C0
00C0
FFC0
FFC0
FFC0
FFC0
ENDCHAR
STARTCHAR glyph1538
ENCODING -1
SWIDTH 207 0
DWIDTH 9 0
BBX 10 31 -1 6
BITMAP
0700
0780
0F00
0700
0000
0400
0780
07C0
07C0
03C0
0300
0300
0300
0300
0180
0180
0180
0180
0180
0180
0180
0180
01C0
00C0
00C0
00C0
00C0
FFC0
FFC0
FFC0
FFC0
ENDCHAR
STARTCHAR glyph1540
ENCODING -1
SWIDTH 506 0
DWIDTH 21 0
BBX 20 38 1 -1
BITMAP
000C00
000EC0
000EE0
0018E0
001C00
001C00
0000E0
0001F0
0001F0
0001F0
0000F0
0000C0
0000C0
0000C0
000040
000060
000060
000060
000060
000060
080060
100060
100070
200030
200030
600030
400030
400030
C00030
C00030
C00030
E00070
F001F0
F807E0
7FFFE0
7FFFC0
3FFF00
07FC00
ENDCHAR
STARTCHAR glyph1541
ENCODING -1
SWIDTH 207 0
DWIDTH 9 0
BBX 10 31 -1 6
BITMAP
0C00
1CC0
0DC0
18C0
3800
1C00
0780
07C0
07C0
03C0
0300
0300
0300
0300
0180
0180
0180
0180
0180
0180
0180
0180
01C0
00C0
00C0
00C0
00C0
FFC0
FFC0
FFC0
FFC0
ENDCHAR
STARTCHAR glyph1542
ENCODING -1
SWIDTH 207 0
DWIDTH 9 0
BBX 10 31 -1 6
BITMAP
0C00
1CC0
0DC0
18C0
3800
1C00
0780
07C0
07C0
03C0
0300
0300
0300
0300
0180
0180
0180
0180
0180
0180
0180
0180
01C0
00C0
00C0
00C0
00C0
FFC0
FFC0
FFC0
FFC0
ENDCHAR
STARTCHAR glyph1544
ENCODING -1
SWIDTH 506 0
DWIDTH 21 0
BBX 20 43 1 -9
BITMAP
000080
000080
0001E0
0001F0
0001F0
0001F0
0000F0
0000C0
0000C0
0000C0
000040
000060
000060
000060
000060
000060
080060
100060
100070
200030
200030
600030
400030
400030
C00030
C00030
C00030
E00070
F001F0
F807E0
7FFFE0
7FFFC0
3FFF00
07FC00
000000
001800
001E00
033E00
03CC00
07F000
01BC00
007C00
001800
ENDCHAR
STARTCHAR glyph1545
ENCODING -1
SWIDTH 207 0
DWIDTH 9 0
BBX 11 42 -1 -8
BITMAP
0400
0400
0780
07C0
07C0
07C0
03C0
0300
0300
0300
0300
0180
0180
0180
0180
0180
0180
0180
0180
01C0
00C0
00C0
00C0
00C0
FFC0
FFC0
FFC0
FFC0
0000
0000
0000
0080
01E0
11E0
3DC0
7C40
3800
0900
03C0
07C0
0380
0080
ENDCHAR
STARTCHAR glyph1546
ENCODING -1
SWIDTH 207 0
DWIDTH 9 0
BBX 11 42 -1 -8
BITMAP
0400
0400
0780
07C0
07C0
07C0
03C0
0300
0300
0300
0300
0180
0180
0180
0180
0180
0180
0180
0180
01C0
00C0
00C0
00C0
00C0
FFC0
FFC0
FFC0
FFC0
0000
0000
0000
0080
01E0
11E0
3DC0
7C40
3800
0900
03C0
07C0
0380
0080
ENDCHAR
STARTCHAR glyph1548
ENCODING -1
SWIDTH 525 0
DWIDTH 22 0
BBX 21 33 1 -9
BITMAP
006000
007000
00F800
007000
003000
000000
000010
000010
000010
000038
200038
200018
400018
400008
800008
800008
800008
800008
800008
800018
C00038
E000F0
F807F0
7FFFE0
7FFFC0
3FFF80
0FFC00
000000
002000
007800
007800
007800
001000
ENDCHAR
STARTCHAR glyph1549
ENCODING -1
SWIDTH 244 0
DWIDTH 10 0
BBX 11 30 -1 -2
BITMAP
0300
0380
07C0
0380
0180
0000
0000
0000
0040
0040
0040
00E0
00E0
0060
0020
0020
0020
0020
FFE0
FFE0
FFE0
FFE0
0000
0000
0000
0800
0E00
1F00
0E00
0600
ENDCHAR
STARTCHAR glyph1550
ENCODING -1
SWIDTH 244 0
DWIDTH 10 0
BBX 11 30 -1 -2
BITMAP
0300
0380
07C0
0380
0180
0000
0000
0000
0040
0040
0040
00E0
00E0
0060
0020
0020
0020
0020
FFE0
FFE0
FFE0
FFE0
0000
0000
0000
0800
0E00
1F00
0E00
0600
ENDCHAR
STARTCHAR glyph1556
ENCODING -1
SWIDTH 525 0
DWIDTH 22 0
BBX 21 32 1 -8
BITMAP
006000
007000
00F800
007000
003000
000000
000010
000010
000010
000038
200038
200018
400018
400008
800008
800008
800008
800008
800008
800018
C00038
E000F0
F807F0
7FFFE0
7FFFC0
3FFF80
0FFC00
009800
008800
008800
00F000
006000
ENDCHAR
STARTCHAR glyph1557
ENCODING -1
SWIDTH 244 0
DWIDTH 10 0
BBX 11 27 -1 1
BITMAP
0300
0380
07C0
0380
0180
0000
0000
0000
0040
0040
0040
00E0
00E0
0060
0020
0020
0020
0020
FFE0
FFE0
FFE0
FFE0
1300
1100
1100
1E00
1C00
ENDCHAR
STARTCHAR glyph1558
ENCODING -1
SWIDTH 244 0
DWIDTH 10 0
BBX 11 27 -1 1
BITMAP
0300
0380
07C0
0380
0180
0000
0000
0000
0040
0040
0040
00E0
00E0
0060
0020
0020
0020
0020
FFE0
FFE0
FFE0
FFE0
1300
1100
1100
1E00
1C00
ENDCHAR
STARTCHAR glyph1560
ENCODING -1
SWIDTH 525 0
DWIDTH 22 0
BBX 21 33 1 -3
BITMAP
018000
01E000
03E000
01C000
005800
001E00
033E00
03DC00
07C400
038000
008000
000000
000010
000010
000010
000038
200038
200018
400018
400008
800008
800008
800008
800008
800008
800018
C00038
E000F0
F807F0
7FFFE0
7FFFC0
3FFF80
0FFC00
ENDCHAR
STARTCHAR glyph1562
ENCODING -1
SWIDTH 525 0
DWIDTH 22 0
BBX 21 35 1 -8
BITMAP
004000
007000
00F000
00F000
002000
000000
000000
000000
000000
0FFFF0
3FFFF0
7FFFE0
FFFFE0
807F00
01F200
078200
0C0300
1803F8
2033F8
4039F8
467CF8
873800
8F9800
870000
836000
C07000
C0F800
E07000
703000
7E0000
3FC000
3FFFF8
0FFFE0
07FFC0
007F80
ENDCHAR
STARTCHAR glyph1563
ENCODING -1
SWIDTH 529 0
DWIDTH 22 0
BBX 23 35 -1 -8
BITMAP
002000
007800
007800
007000
001000
000000
000000
000000
01E000
03F800
07FC00
0FFE00
007F00
001FC0
0007E0
0003F0
0001F8
FFFFFE
FFFFFE
FFFFFE
FFFFFE
000000
000000
000000
000C00
000E00
019F00
01CE00
03E600
01C000
00D800
001C00
003E00
001C00
000C00
ENDCHAR
STARTCHAR glyph1564
ENCODING -1
SWIDTH 529 0
DWIDTH 22 0
BBX 23 35 -1 -8
BITMAP
002000
007800
007800
007000
001000
000000
000000
000000
01E000
03F800
07FC00
0FFE00
007F00
001FC0
0007E0
0003F0
0001F8
FFFFFE
FFFFFE
FFFFFE
FFFFFE
000000
000000
000000
000C00
000E00
019F00
01CE00
03E600
01C000
00D800
001C00
003E00
001C00
000C00
ENDCHAR
STARTCHAR glyph1571
ENCODING -1
SWIDTH 432 0
DWIDTH 18 0
BBX 17 21 1 -4
BITMAP
000E00
001F00
001F00
003F80
003180
003180
003880
003F80
003F80
001F80
000780
000080
006180
00F300
00B700
011E00
019E00
01FC00
E0F800
3FF000
07E000
ENDCHAR
STARTCHAR glyph1583
ENCODING -1
SWIDTH 432 0
DWIDTH 18 0
BBX 17 30 1 -4
BITMAP
000200
000780
004780
00F700
00F100
00E000
002000
000000
000000
000E00
001F00
001F00
003F80
003180
003180
003880
003F80
003F80
001F80
000780
000080
000180
000300
000700
000E00
001E00
003C00
E0F800
3FF000
07E000
ENDCHAR
STARTCHAR glyph1587
ENCODING -1
SWIDTH 588 0
DWIDTH 25 0
BBX 26 16 -1 -5
BITMAP
04000000
1C001FC0
68007FC0
9801FFC0
1001FFC0
10030000
3003FC00
3003FE00
3003FE00
38000600
3C000600
3F803C00
1FFFFC00
0FFFF800
07FFF000
01FF8000
ENDCHAR
STARTCHAR glyph1589
ENCODING -1
SWIDTH 588 0
DWIDTH 25 0
BBX 24 23 1 -5
BITMAP
031800
01B000
00B000
00E000
006000
000000
000000
100000
10007F
2001FF
2007FF
4007FF
400C00
C00FF0
C00FF8
C00FF8
E00018
F00018
FE00F0
7FFFF0
3FFFE0
1FFFC0
07FE00
ENDCHAR
STARTCHAR glyph1590
ENCODING -1
SWIDTH 244 0
DWIDTH 10 0
BBX 12 30 -1 -3
BITMAP
0C60
06C0
02C0
0380
0180
0000
0000
0040
0040
0040
00E0
00E0
0060
0020
0020
0020
0020
FFE0
FFE0
FFE0
FFE0
0000
0000
00C0
00E0
19F0
1CE0
3E60
1C00
0C00
ENDCHAR
STARTCHAR glyph1591
ENCODING -1
SWIDTH 244 0
DWIDTH 10 0
BBX 12 30 -1 -3
BITMAP
0C60
06C0
02C0
0380
0180
0000
0000
0040
0040
0040
00E0
00E0
0060
0020
0020
0020
0020
FFE0
FFE0
FFE0
FFE0
0000
0000
00C0
00E0
19F0
1CE0
3E60
1C00
0C00
ENDCHAR
STARTCHAR glyph1593
ENCODING -1
SWIDTH 432 0
DWIDTH 18 0
BBX 17 29 1 -4
BITMAP
002000
003800
007C00
003800
001800
000000
000000
000000
000E00
001F00
001F00
003F80
003180
003180
003880
003F80
003F80
001F80
000780
000080
000180
000300
000700
000E00
001E00
003C00
E0F800
3FF000
07E000
ENDCHAR
STARTCHAR glyph1599
ENCODING -1
SWIDTH 588 0
DWIDTH 25 0
BBX 24 20 1 -9
BITMAP
100000
10007F
2001FF
2007FF
4007FF
400C00
C00FF0
C00FF8
C00FF8
E00018
F00018
FE00F0
7FFFF0
3FFFE0
1FFFC0
07FE00
000800
004800
005000
001000
ENDCHAR
STARTCHAR glyph1629
ENCODING -1
SWIDTH 821 0
DWIDTH 35 0
BBX 34 33 1 -3
BITMAP
0000010000
000003C000
000003C000
000003C000
0000009000
0000003C00
0000023C00
000007BC00
0000078800
0000078000
0000010000
0000000000
0000100000
0000100080
0000101180
00003811C0
20003810C0
2000181040
4000181840
4000083C40
80000FFFC0
80000FFFC0
80000FFFC0
80000FE3C0
8000080000
8000180000
C000380000
E000F01000
F807F03C00
7FFFE03C00
7FFFC03C00
3FFF000800
0FF8000000
ENDCHAR
STARTCHAR glyph1630
ENCODING -1
SWIDTH 530 0
DWIDTH 22 0
BBX 23 32 -1 -2
BITMAP
000C00
000F00
000F00
000E00
000240
0000F0
0018F0
001EE0
001E20
001C00
000400
000000
000004
01004C
01004E
010046
018042
018042
01C062
03E0F2
FFFFFE
FFFFFE
FFFFFE
FE3F1E
000000
000000
000000
000040
0000F0
0000F0
0000E0
000020
ENDCHAR
STARTCHAR glyph1631
ENCODING -1
SWIDTH 530 0
DWIDTH 22 0
BBX 23 32 -1 -2
BITMAP
000C00
000F00
000F00
000E00
000240
0000F0
0018F0
001EE0
001E20
001C00
000400
000000
000004
01004C
01004E
010046
018042
018042
01C062
03E0F2
FFFFFE
FFFFFE
FFFFFE
FE3F1E
000000
000000
000000
000040
0000F0
0000F0
0000E0
000020
ENDCHAR
STARTCHAR glyph1633
ENCODING -1
SWIDTH 1098 0
DWIDTH 46 0
BBX 45 29 1 -3
BITMAP
000000100000
0000001C0000
0000003E0000
0000001C0000
0000000C0000
000000000000
000000000000
000000000000
000020000FC0
000020003FE0
00002000FFF0
00007001FFF8
20007007E0F8
2000300F0038
4000303C0038
400010F80078
80001FFFFFF8
80001FFFFFF8
80001FFFFFF8
80001FFFFFF8
800010000000
800030000000
C00060000000
E001E0008000
F80FE001E000
7FFFC001E000
7FFF8001C000
3FFF00004000
0FF800000000
ENDCHAR
STARTCHAR glyph1634
ENCODING -1
SWIDTH 846 0
DWIDTH 36 0
BBX 37 28 -1 -2
BITMAP
0000080000
00000E0000
00001F0000
00000E0000
0000060000
0000000000
0000000000
0000000000
0000000FC0
0000003FE0
0080007FF0
008000FFF8
008003E0F8
00C0078038
00E01E0038
01F0F80078
FFFFFFFFF8
FFFFFFFFF8
FFFFFFFFF8
FE3FFFFFF8
0000000000
0000000000
0000000000
0000020000
0000078000
0000078000
0000078000
0000010000
ENDCHAR
STARTCHAR glyph1635
ENCODING -1
SWIDTH 846 0
DWIDTH 36 0
BBX 37 28 -1 -2
BITMAP
0000080000
00000E0000
00001F0000
00000E0000
0000060000
0000000000
0000000000
0000000000
0000000FC0
0000003FE0
0080007FF0
008000FFF8
008003E0F8
00C0078038
00E01E0038
01F0F80078
FFFFFFFFF8
FFFFFFFFF8
FFFFFFFFF8
FE3FFFFFF8
0000000000
0000000000
0000000000
0000020000
0000078000
0000078000
0000078000
0000010000
ENDCHAR
STARTCHAR glyph1637
ENCODING -1
SWIDTH 450 0
DWIDTH 19 0
BBX 20 36 1 -8
BITMAP
00C000
00E000
01F000
00E000
006000
000000
000000
000000
000000
01F000
07F800
07FC00
0FFC00
09FC00
00F800
01F000
03F800
07FC00
0F3FC0
1C3FC0
381FC0
7007C0
600000
C00000
C02000
C07800
C07800
E07800
F01000
F80000
7E0000
7FE000
3FFFF0
1FFFE0
07FF80
00FF00
ENDCHAR
STARTCHAR glyph1638
ENCODING -1
SWIDTH 525 0
DWIDTH 22 0
BBX 21 29 -1 -2
BITMAP
00C000
00E000
01F000
00E000
006000
000000
000000
00F800
03FE00
07FF00
0FFF00
0F0180
0C0000
0C0000
0E0018
0E00F0
078FF0
FFFFF0
FFFFC0
FFFE00
FFE000
000000
000000
000000
000C00
000F00
001F00
000E00
000200
ENDCHAR
STARTCHAR glyph1639
ENCODING -1
SWIDTH 394 0
DWIDTH 17 0
BBX 18 30 -1 -2
BITMAP
018000
01C000
03E000
01C000
00C000
000000
000000
000000
000000
000000
03F800
07FC00
0FFE00
0FFE00
09FC00
00FC00
01F000
07F800
FFFFC0
FFBFC0
FF1FC0
F80FC0
000000
000000
000000
006000
007000
00F800
007000
001000
ENDCHAR
STARTCHAR glyph1645
ENCODING -1
SWIDTH 244 0
DWIDTH 10 0
BBX 8 5 1 -3
BITMAP
06
0F
66
F0
60
ENDCHAR
STARTCHAR glyph1646
ENCODING -1
SWIDTH 244 0
DWIDTH 10 0
BBX 9 6 1 -7
BITMAP
3000
7B00
3780
6300
F000
6000
ENDCHAR
STARTCHAR glyph1647
ENCODING -1
SWIDTH 244 0
DWIDTH 10 0
BBX 10 8 0 -5
BITMAP
0300
03C0
6780
7980
F600
3780
0F00
0300
ENDCHAR
STARTCHAR glyph1648
ENCODING -1
SWIDTH 244 0
DWIDTH 10 0
BBX 5 4 4 -3
BITMAP
70
E0
38
70
ENDCHAR
STARTCHAR glyph1649
ENCODING -1
SWIDTH 244 0
DWIDTH 10 0
BBX 5 4 2 -3
BITMAP
18
D8
F0
30
ENDCHAR
STARTCHAR glyph1650
ENCODING -1
SWIDTH 812 0
DWIDTH 34 0
BBX 34 30 0 6
BITMAP
00000C0000
00001EC000
00000DE000
000018C000
00003C0000
0000180100
0000000F00
0000007F00
000001FF00
000007FC00
00000FE000
00001F0000
00001C0000
0000380000
00003C0000
00003F0000
00003F8000
00001FC000
40000FF000
400000F800
8000007C00
8000001E00
8000000F00
8000000700
C000000380
F0000001C0
FFFFFFFFC0
7FFFFFFFC0
3FFFFFFFC0
0FFFFFFFC0
ENDCHAR
STARTCHAR glyph1651
ENCODING -1
SWIDTH 932 0
DWIDTH 39 0
BBX 39 30 0 6
BITMAP
00000C0000
00001EC000
00000DE000
000018C000
00003C0000
0000180100
0000000F00
0000007F00
000001FF00
000007FC00
00000FE000
00001F0000
00001C0000
0000380000
00003C0000
00003F0000
00003F8000
00001FC000
40000FF000
400000F800
8000007C00
8000003E00
8000002F00
8000002700
C000006780
F00003C3E0
FFFFFFC1FE
7FFFFF80FE
3FFFFF007E
0FFFF8003E
ENDCHAR
STARTCHAR glyph1654
ENCODING -1
SWIDTH 341 0
DWIDTH 14 0
BBX 14 2 0 6
BITMAP
FFFC
FFFC
ENDCHAR
STARTCHAR glyph1656
ENCODING -1
SWIDTH 543 0
DWIDTH 23 0
BBX 22 35 0 2
BITMAP
060000
0E0000
100000
0F0000
780000
800000
000000
300040
380060
3C0078
3E007C
3F007C
1F807C
0FC038
07C030
03E030
007030
003030
001830
001C70
000C60
000660
000660
0003C0
0003C0
000180
000380
0007C0
000E40
001C40
0030C0
007FC0
007FC0
007FC0
007E00
ENDCHAR
STARTCHAR glyph1657
ENCODING -1
SWIDTH 600 0
DWIDTH 25 0
BBX 25 32 0 5
BITMAP
06000000
0E000000
10000000
0F000000
78000000
80000000
00000000
38001000
3E001000
3F803000
1FC03000
1FF03000
0FF83000
033C3000
000E1800
00061800
00071800
00031800
00019800
00009800
00009800
00002800
00002C00
00006C00
0000CC00
0001CC00
00078E00
001F8F80
007F0780
03FE0780
1FF80380
7FC00000
ENDCHAR
STARTCHAR glyph1658
ENCODING -1
SWIDTH 543 0
DWIDTH 23 0
BBX 20 35 2 -5
BITMAP
C00100
E00180
F001E0
F801F0
FC01F0
7E01F0
3F00E0
1F00C0
0F80C0
01C0C0
00C0C0
0060C0
0071C0
003180
001980
001980
000F00
000F00
000600
000E00
001F00
003900
007100
00C300
01FF00
01FF00
01FF00
01F800
000000
00C000
01C000
030000
01E000
0F0000
100000
ENDCHAR
STARTCHAR glyph1659
ENCODING -1
SWIDTH 600 0
DWIDTH 25 0
BBX 24 35 1 -5
BITMAP
700020
7C0020
7F0060
3F8060
3FE060
1FF060
067860
001C30
000C30
000E30
000630
000330
000130
000130
000050
000058
0000D8
000198
000398
000F1C
003F1F
00FE0F
07FC0F
3FF007
FF8000
000000
000000
000000
000000
060000
0E0000
100000
0F0000
780000
800000
ENDCHAR
STARTCHAR glyph1660
ENCODING -1
SWIDTH 543 0
DWIDTH 23 0
BBX 20 31 2 2
BITMAP
003000
007000
009000
C0C100
E07180
F181E0
F801F0
FC01F0
7E01F0
3F00E0
1F00C0
0F80C0
01C0C0
00C0C0
0060C0
0071C0
003180
001980
001980
000F00
000F00
000600
000E00
001F00
003900
007100
00C300
01FF00
01FF00
01FF00
01F800
ENDCHAR
STARTCHAR glyph1661
ENCODING -1
SWIDTH 600 0
DWIDTH 25 0
BBX 24 29 1 5
BITMAP
000600
000E00
001000
001800
700E20
7C3020
7F0060
3F8060
3FE060
1FF060
067860
001C30
000C30
000E30
000630
000330
000130
000130
000050
000058
0000D8
000198
000398
000F1C
003F1F
00FE0F
07FC0F
3FF007
FF8000
ENDCHAR
STARTCHAR glyph1662
ENCODING -1
SWIDTH 543 0
DWIDTH 23 0
BBX 20 35 2 2
BITMAP
000330
000330
0001E0
0000C0
0000C0
000000
000000
C00100
E00180
F001E0
F801F0
FC01F0
7E01F0
3F00E0
1F00C0
0F80C0
01C0C0
00C0C0
0060C0
0071C0
003180
001980
001980
000F00
000F00
000600
000E00
001F00
003900
007100
00C300
01FF00
01FF00
01FF00
01F800
ENDCHAR
STARTCHAR glyph1663
ENCODING -1
SWIDTH 600 0
DWIDTH 25 0
BBX 24 32 1 5
BITMAP
000330
000330
0001E0
0000C0
0000C0
000000
000000
700020
7C0020
7F0060
3F8060
3FE060
1FF060
067860
001C30
000C30
000E30
000630
000330
000130
000130
000050
000058
0000D8
000198
000398
000F1C
003F1F
00FE0F
07FC0F
3FF007
FF8000
ENDCHAR
STARTCHAR glyph1664
ENCODING -1
SWIDTH 543 0
DWIDTH 23 0
BBX 20 35 2 2
BITMAP
000180
0001C0
0003E0
0001C0
000040
000000
000000
C00100
E00180
F001E0
F801F0
FC01F0
7E01F0
3F00E0
1F00C0
0F80C0
01C0C0
00C0C0
0060C0
0071C0
003180
001980
001980
000F00
000F00
000600
000E00
001F00
003900
007100
00C300
01FF00
01FF00
01FF00
01F800
ENDCHAR
STARTCHAR glyph1665
ENCODING -1
SWIDTH 600 0
DWIDTH 25 0
BBX 24 32 1 5
BITMAP
000180
0001C0
0003E0
0001C0
000040
000000
000000
700020
7C0020
7F0060
3F8060
3FE060
1FF060
067860
001C30
000C30
000E30
000630
000330
000130
000130
000050
000058
0000D8
000198
000398
000F1C
003F1F
00FE0F
07FC0F
3FF007
FF8000
ENDCHAR
STARTCHAR glyph1666
ENCODING -1
SWIDTH 543 0
DWIDTH 23 0
BBX 20 35 2 2
BITMAP
000C00
000EC0
000EE0
0018E0
001C00
001C00
000000
C00100
E00180
F001E0
F801F0
FC01F0
7E01F0
3F00E0
1F00C0
0F80C0
01C0C0
00C0C0
0060C0
0071C0
003180
001980
001980
000F00
000F00
000600
000E00
001F00
003900
007100
00C300
01FF00
01FF00
01FF00
01F800
ENDCHAR
STARTCHAR glyph1667
ENCODING -1
SWIDTH 600 0
DWIDTH 25 0
BBX 24 32 1 5
BITMAP
000300
0003B0
000338
000630
000700
000600
000000
700020
7C0020
7F0060
3F8060
3FE060
1FF060
067860
001C30
000C30
000E30
000630
000330
000130
000130
000050
000058
0000D8
000198
000398
000F1C
003F1F
00FE0F
07FC0F
3FF007
FF8000
ENDCHAR
STARTCHAR glyph1668
ENCODING -1
SWIDTH 543 0
DWIDTH 23 0
BBX 20 36 2 -6
BITMAP
C00100
E00180
F001E0
F801F0
FC01F0
7E01F0
3F00E0
1F00C0
0F80C0
01C0C0
00C0C0
0060C0
0071C0
003180
001980
001980
000F00
000F00
000600
000E00
001F00
003900
007100
00C300
01FF00
01FF00
01FF00
01F800
000080
0001E0
0013E0
003CC0
007D00
001BC0
0007C0
000180
ENDCHAR
STARTCHAR glyph1669
ENCODING -1
SWIDTH 600 0
DWIDTH 25 0
BBX 24 36 1 -6
BITMAP
700020
7C0020
7F0060
3F8060
3FE060
1FF060
067860
001C30
000C30
000E30
000630
000330
000130
000130
000050
000058
0000D8
000198
000398
000F1C
003F1F
00FE0F
07FC0F
3FF007
FF8000
000000
000000
000000
000008
00001E
00013E
0003C4
0007D0
0000BC
00007C
000008
ENDCHAR
STARTCHAR glyph1670
ENCODING -1
SWIDTH 525 0
DWIDTH 22 0
BBX 18 24 2 6
BITMAP
0F8F00
3FDF80
7FD840
FFF000
78F000
786000
3C2000
1E2000
1E2000
0E0000
0F0000
070000
070000
078000
038000
038000
038000
018000
018000
018000
018000
018000
008000
008000
ENDCHAR
STARTCHAR glyph1671
ENCODING -1
SWIDTH 525 0
DWIDTH 22 0
BBX 15 25 4 5
BITMAP
0080
0080
0180
0180
0180
0180
0380
0380
0380
0300
0700
0700
0E00
0E00
1E00
1C00
3C00
7800
7FF8
FFFE
FFFE
7FFE
7FFE
700E
0002
ENDCHAR
STARTCHAR glyph1672
ENCODING -1
SWIDTH 543 0
DWIDTH 23 0
BBX 21 35 1 2
BITMAP
078000
098000
318000
FF0000
FE0000
800000
000000
600080
7000C0
7800F0
7C00F8
7E00F8
3F00F8
1F8070
0F8060
07C060
00E060
006060
003060
0038E0
0018C0
000CC0
000CC0
000780
000780
000300
000700
000F80
001C80
003880
006180
00FF80
00FF80
00FF80
00FC00
ENDCHAR
STARTCHAR glyph1673
ENCODING -1
SWIDTH 600 0
DWIDTH 25 0
BBX 25 32 0 5
BITMAP
07800000
09800000
31800000
FF000000
FE000000
80000000
00000000
38001000
3E001000
3F803000
1FC03000
1FF03000
0FF83000
033C3000
000E1800
00061800
00071800
00031800
00019800
00009800
00009800
00002800
00002C00
00006C00
0000CC00
0001CC00
00078E00
001F8F80
007F0780
03FE0780
1FF80380
7FC00000
ENDCHAR
ENDFONT
