STARTFONT 2.1
COMMENT
COMMENT Converted from OpenType font "arial.ttf" by "otf2bdf 3.0".
COMMENT
FONT -FreeType-Arial-Medium-R-Normal--28-200-100-100-P-134-ISO10646-1
SIZE 20 100 100
FONTBOUNDINGBOX 50 37 -19 -9
STARTPROPERTIES 19
FOUNDRY "FreeType"
FAMILY_NAME "Arial"
WEIGHT_NAME "Medium"
SLANT "R"
SETWIDTH_NAME "Normal"
ADD_STYLE_NAME ""
PIXEL_SIZE 28
POINT_SIZE 200
RESOLUTION_X 100
RESOLUTION_Y 100
SPACING "P"
AVERAGE_WIDTH 134
CHARSET_REGISTRY "ISO10646"
CHARSET_ENCODING "1"
FONT_ASCENT 25
FONT_DESCENT 5
COPYRIGHT "Typeface © The Monotype Corporation plc. Data © The Monotype Corporation plc/Type Solutions Inc. 1990-1992. All Rights Reserved"
_OTF_FONTFILE "arial.ttf"
_OTF_PSNAME "ArialMT"
ENDPROPERTIES
CHARS 1419
STARTCHAR 0020
ENCODING 32
SWIDTH 288 0
DWIDTH 8 0
BBX 0 0 0 0
BITMAP
ENDCHAR
STARTCHAR 0021
ENCODING 33
SWIDTH 288 0
DWIDTH 8 0
BBX 2 20 3 0
BITMAP
C0
C0
C0
C0
C0
C0
C0
C0
C0
C0
C0
C0
C0
C0
C0
C0
00
00
C0
C0
ENDCHAR
STARTCHAR 0022
ENCODING 34
SWIDTH 360 0
DWIDTH 10 0
BBX 8 7 1 13
BITMAP
C3
C3
C3
C3
C3
C3
C3
ENDCHAR
STARTCHAR 0023
ENCODING 35
SWIDTH 576 0
DWIDTH 16 0
BBX 15 20 0 0
BITMAP
060C
060C
0E1C
0C18
0C18
0C18
FFFE
FFFE
1830
1830
1830
1830
3830
FFFE
FFFE
3060
3060
70E0
60C0
60C0
ENDCHAR
STARTCHAR 0024
ENCODING 36
SWIDTH 576 0
DWIDTH 16 0
BBX 13 23 1 -2
BITMAP
0200
0F80
3FC0
72E0
E270
C230
C200
C200
6200
7E00
1FC0
03E0
0270
0218
0218
C218
C218
6238
7270
3FE0
0F80
0200
0200
ENDCHAR
STARTCHAR 0025
ENCODING 37
SWIDTH 900 0
DWIDTH 25 0
BBX 21 20 2 0
BITMAP
3C0180
7E0300
660300
C30600
C30600
C30C00
C30C00
C31800
E63800
7E31E0
3C63F0
006330
00C618
00C618
018618
038618
030618
070730
0603F0
0C01E0
ENDCHAR
STARTCHAR 0026
ENCODING 38
SWIDTH 684 0
DWIDTH 19 0
BBX 17 20 1 0
BITMAP
078000
1FE000
387000
303000
303000
303000
186000
0DE000
078000
1F0000
398000
71C300
E0E700
C06E00
C03E00
C01C00
E03E00
70FF00
3FE780
0F8300
ENDCHAR
STARTCHAR 0027
ENCODING 39
SWIDTH 180 0
DWIDTH 5 0
BBX 2 7 1 13
BITMAP
C0
C0
C0
C0
C0
C0
C0
ENDCHAR
STARTCHAR 0028
ENCODING 40
SWIDTH 324 0
DWIDTH 9 0
BBX 6 26 2 -6
BITMAP
0C
18
18
30
30
60
60
60
C0
C0
C0
C0
C0
C0
C0
C0
C0
C0
60
60
60
30
30
18
18
0C
ENDCHAR
STARTCHAR 0029
ENCODING 41
SWIDTH 324 0
DWIDTH 9 0
BBX 6 26 1 -6
BITMAP
C0
60
60
30
30
18
18
18
0C
0C
0C
0C
0C
0C
0C
0C
0C
1C
18
18
18
30
30
60
60
C0
ENDCHAR
STARTCHAR 002A
ENCODING 42
SWIDTH 396 0
DWIDTH 11 0
BBX 10 9 1 11
BITMAP
0C00
0C00
4C80
FFC0
3F00
1E00
3F00
7380
2100
ENDCHAR
STARTCHAR 002B
ENCODING 43
SWIDTH 576 0
DWIDTH 16 0
BBX 14 14 1 2
BITMAP
0300
0300
0300
0300
0300
0300
FFFC
FFFC
0300
0300
0300
0300
0300
0300
ENDCHAR
STARTCHAR 002C
ENCODING 44
SWIDTH 288 0
DWIDTH 8 0
BBX 2 7 2 -5
BITMAP
C0
C0
40
40
40
C0
80
ENDCHAR
STARTCHAR 002D
ENCODING 45
SWIDTH 324 0
DWIDTH 9 0
BBX 7 2 1 6
BITMAP
FE
FE
ENDCHAR
STARTCHAR 002E
ENCODING 46
SWIDTH 288 0
DWIDTH 8 0
BBX 2 2 2 0
BITMAP
C0
C0
ENDCHAR
STARTCHAR 002F
ENCODING 47
SWIDTH 288 0
DWIDTH 8 0
BBX 8 20 0 0
BITMAP
03
03
06
06
06
0C
0C
0C
1C
18
18
18
30
30
30
60
60
60
E0
C0
ENDCHAR
STARTCHAR 0030
ENCODING 48
SWIDTH 576 0
DWIDTH 16 0
BBX 13 20 1 0
BITMAP
0F80
3FE0
7070
6030
6030
C018
C018
C018
C018
C018
C018
C018
C018
C018
C018
6030
6030
7070
3FE0
0F80
ENDCHAR
STARTCHAR 0031
ENCODING 49
SWIDTH 576 0
DWIDTH 16 0
BBX 8 20 2 0
BITMAP
03
03
0F
1F
7F
F3
C3
03
03
03
03
03
03
03
03
03
03
03
03
03
ENDCHAR
STARTCHAR 0032
ENCODING 50
SWIDTH 576 0
DWIDTH 16 0
BBX 13 20 1 0
BITMAP
0F80
3FE0
7070
6038
C018
C018
0018
0018
0030
0070
0060
00C0
0180
0300
0E00
1C00
3800
6000
FFF8
FFF8
ENDCHAR
STARTCHAR 0033
ENCODING 51
SWIDTH 576 0
DWIDTH 16 0
BBX 13 20 1 0
BITMAP
1F80
3FC0
70E0
E030
C030
0030
0070
00E0
07C0
07E0
0070
0038
0018
0018
C018
C018
6030
7070
3FE0
0F80
ENDCHAR
STARTCHAR 0034
ENCODING 52
SWIDTH 576 0
DWIDTH 16 0
BBX 14 20 1 0
BITMAP
0030
0070
00F0
01F0
01B0
0330
0630
0E30
1C30
1830
3030
6030
E030
FFFC
FFFC
0030
0030
0030
0030
0030
ENDCHAR
STARTCHAR 0035
ENCODING 53
SWIDTH 576 0
DWIDTH 16 0
BBX 13 20 1 0
BITMAP
3FF0
3FF0
7000
6000
6000
6000
4F80
FFE0
F070
C030
0018
0018
0018
0018
C018
C018
6030
7060
3FE0
0F80
ENDCHAR
STARTCHAR 0036
ENCODING 54
SWIDTH 576 0
DWIDTH 16 0
BBX 13 20 1 0
BITMAP
07C0
1FE0
3870
7038
6018
6000
C000
C780
DFE0
F070
E030
C018
C018
C018
C018
6018
6030
3070
1FE0
0F80
ENDCHAR
STARTCHAR 0037
ENCODING 55
SWIDTH 576 0
DWIDTH 16 0
BBX 13 20 1 0
BITMAP
FFF8
FFF8
0010
0020
0060
00C0
0080
0180
0300
0300
0600
0600
0600
0C00
0C00
0C00
1800
1800
1800
1800
ENDCHAR
STARTCHAR 0038
ENCODING 56
SWIDTH 576 0
DWIDTH 16 0
BBX 13 20 1 0
BITMAP
0F80
3FE0
3060
6030
6030
6030
6030
3060
1FC0
3FE0
7070
6030
C018
C018
C018
C018
6030
7070
3FE0
0F80
ENDCHAR
STARTCHAR 0039
ENCODING 57
SWIDTH 576 0
DWIDTH 16 0
BBX 13 20 1 0
BITMAP
0F80
3FE0
7070
6030
C010
C018
C018
C018
C018
6038
7078
3FD8
0F18
0018
0030
C030
E030
70E0
3FC0
1F00
ENDCHAR
STARTCHAR 003A
ENCODING 58
SWIDTH 288 0
DWIDTH 8 0
BBX 2 15 3 0
BITMAP
C0
C0
00
00
00
00
00
00
00
00
00
00
00
C0
C0
ENDCHAR
STARTCHAR 003B
ENCODING 59
SWIDTH 288 0
DWIDTH 8 0
BBX 2 20 3 -5
BITMAP
C0
C0
00
00
00
00
00
00
00
00
00
00
00
C0
C0
40
40
40
C0
80
ENDCHAR
STARTCHAR 003C
ENCODING 60
SWIDTH 576 0
DWIDTH 16 0
BBX 12 13 2 3
BITMAP
0010
00F0
03E0
0F80
7C00
F000
C000
F000
7C00
0F80
03E0
00F0
0010
ENDCHAR
STARTCHAR 003D
ENCODING 61
SWIDTH 576 0
DWIDTH 16 0
BBX 13 8 1 6
BITMAP
FFF8
FFF8
0000
0000
0000
0000
FFF8
FFF8
ENDCHAR
STARTCHAR 003E
ENCODING 62
SWIDTH 576 0
DWIDTH 16 0
BBX 12 13 2 3
BITMAP
8000
F000
7C00
1F00
03E0
00F0
0030
00F0
03E0
1F00
7C00
F000
8000
ENDCHAR
STARTCHAR 003F
ENCODING 63
SWIDTH 576 0
DWIDTH 16 0
BBX 14 20 1 0
BITMAP
0FC0
3FF0
7838
601C
E00C
C00C
000C
001C
0038
0070
00E0
01C0
0380
0300
0300
0300
0000
0000
0300
0300
ENDCHAR
STARTCHAR 0040
ENCODING 64
SWIDTH 1008 0
DWIDTH 28 0
BBX 26 26 2 -6
BITMAP
007F8000
01FFF000
07C07800
0F001C00
1C000E00
383C6700
30FF6300
71C3E380
6181C180
6300C180
C300C180
C600C180
C600C180
C600C380
C6018300
C6018700
C7038600
E38F9C00
61FDF800
70F8F000
300000C0
38000380
1E000700
07C03E00
03FFF800
007FC000
ENDCHAR
STARTCHAR 0041
ENCODING 65
SWIDTH 684 0
DWIDTH 19 0
BBX 17 20 1 0
BITMAP
01C000
01C000
036000
036000
077000
063000
063000
0E3800
0C1800
0C1800
180C00
180C00
1FFC00
3FFE00
300600
700700
600300
600300
C00180
C00180
ENDCHAR
STARTCHAR 0042
ENCODING 66
SWIDTH 684 0
DWIDTH 19 0
BBX 16 20 2 0
BITMAP
FFE0
FFF8
C01C
C00E
C006
C006
C006
C00E
C01C
FFF8
FFFC
C00E
C007
C003
C003
C003
C007
C00E
FFFC
FFF0
ENDCHAR
STARTCHAR 0043
ENCODING 67
SWIDTH 720 0
DWIDTH 20 0
BBX 18 20 1 0
BITMAP
03F800
0FFE00
1E0700
380380
7001C0
6000C0
E00000
C00000
C00000
C00000
C00000
C00000
C00000
E000C0
6001C0
700180
380380
1C0F00
0FFE00
03F800
ENDCHAR
STARTCHAR 0044
ENCODING 68
SWIDTH 720 0
DWIDTH 20 0
BBX 17 20 2 0
BITMAP
FFE000
FFF800
C01E00
C00600
C00300
C00300
C00180
C00180
C00180
C00180
C00180
C00180
C00180
C00380
C00300
C00300
C00600
C01E00
FFF800
FFE000
ENDCHAR
STARTCHAR 0045
ENCODING 69
SWIDTH 684 0
DWIDTH 19 0
BBX 15 20 2 0
BITMAP
FFFE
FFFE
C000
C000
C000
C000
C000
C000
C000
FFFC
FFFC
C000
C000
C000
C000
C000
C000
C000
FFFE
FFFE
ENDCHAR
STARTCHAR 0046
ENCODING 70
SWIDTH 612 0
DWIDTH 17 0
BBX 14 20 2 0
BITMAP
FFFC
FFFC
C000
C000
C000
C000
C000
C000
C000
FFF0
FFF0
C000
C000
C000
C000
C000
C000
C000
C000
C000
ENDCHAR
STARTCHAR 0047
ENCODING 71
SWIDTH 792 0
DWIDTH 22 0
BBX 19 20 1 0
BITMAP
01FC00
0FFF00
1E0780
3801C0
7000C0
600060
600000
C00000
C00000
C00000
C01FE0
C01FE0
C00060
E00060
600060
700060
3800E0
1E03C0
0FFF80
01FC00
ENDCHAR
STARTCHAR 0048
ENCODING 72
SWIDTH 720 0
DWIDTH 20 0
BBX 16 20 2 0
BITMAP
C003
C003
C003
C003
C003
C003
C003
C003
C003
FFFF
FFFF
C003
C003
C003
C003
C003
C003
C003
C003
C003
ENDCHAR
STARTCHAR 0049
ENCODING 73
SWIDTH 288 0
DWIDTH 8 0
BBX 2 20 3 0
BITMAP
C0
C0
C0
C0
C0
C0
C0
C0
C0
C0
C0
C0
C0
C0
C0
C0
C0
C0
C0
C0
ENDCHAR
STARTCHAR 004A
ENCODING 74
SWIDTH 504 0
DWIDTH 14 0
BBX 11 20 1 0
BITMAP
0060
0060
0060
0060
0060
0060
0060
0060
0060
0060
0060
0060
0060
0060
C060
C060
E060
60C0
7FC0
1F00
ENDCHAR
STARTCHAR 004B
ENCODING 75
SWIDTH 684 0
DWIDTH 19 0
BBX 16 20 2 0
BITMAP
C00E
C01C
C038
C070
C0E0
C1C0
C380
C700
CF00
DF80
FB80
F1C0
E0E0
C070
C070
C038
C01C
C01C
C00E
C007
ENDCHAR
STARTCHAR 004C
ENCODING 76
SWIDTH 576 0
DWIDTH 16 0
BBX 13 20 2 0
BITMAP
C000
C000
C000
C000
C000
C000
C000
C000
C000
C000
C000
C000
C000
C000
C000
C000
C000
C000
FFF8
FFF8
ENDCHAR
STARTCHAR 004D
ENCODING 77
SWIDTH 828 0
DWIDTH 23 0
BBX 17 20 3 0
BITMAP
E00380
F00780
F00780
F00780
D80D80
D80D80
D80D80
CC1980
CC1980
CC1980
CC3980
C63180
C63180
C63180
C36180
C36180
C36180
C1E180
C1C180
C1C180
ENDCHAR
STARTCHAR 004E
ENCODING 78
SWIDTH 720 0
DWIDTH 20 0
BBX 16 20 2 0
BITMAP
E003
E003
F003
F803
D803
CC03
C603
C603
C303
C183
C183
C0C3
C063
C063
C033
C01B
C01F
C00F
C007
C007
ENDCHAR
STARTCHAR 004F
ENCODING 79
SWIDTH 792 0
DWIDTH 22 0
BBX 20 20 1 0
BITMAP
01F800
0FFF00
1E0780
3801C0
7000E0
600060
E00060
C00030
C00030
C00030
C00030
C00030
C00030
600060
600060
7000E0
3801C0
1E0780
0FFF00
01F800
ENDCHAR
STARTCHAR 0050
ENCODING 80
SWIDTH 684 0
DWIDTH 19 0
BBX 16 20 2 0
BITMAP
FFF0
FFFC
C00E
C007
C003
C003
C003
C003
C006
C00E
FFFC
FFF0
C000
C000
C000
C000
C000
C000
C000
C000
ENDCHAR
STARTCHAR 0051
ENCODING 81
SWIDTH 792 0
DWIDTH 22 0
BBX 20 21 1 -1
BITMAP
01F800
0FFF00
1E0780
3801C0
7000E0
600060
600060
C00030
C00030
C00030
C00030
C00030
C00030
600070
600060
703CE0
381FC0
1E07C0
07FFE0
01FC70
000030
ENDCHAR
STARTCHAR 0052
ENCODING 82
SWIDTH 720 0
DWIDTH 20 0
BBX 16 20 2 0
BITMAP
FFF8
FFFC
C00E
C007
C003
C003
C003
C007
C00E
FFFC
FFF0
C0E0
C060
C030
C038
C01C
C00C
C006
C007
C003
ENDCHAR
STARTCHAR 0053
ENCODING 83
SWIDTH 684 0
DWIDTH 19 0
BBX 16 20 1 0
BITMAP
07F0
1FFC
381E
7006
6003
6003
7000
7C00
3FC0
1FF8
03FE
001E
0007
C003
C003
E003
7006
3C1E
1FFC
07F0
ENDCHAR
STARTCHAR 0054
ENCODING 84
SWIDTH 576 0
DWIDTH 16 0
BBX 16 20 0 0
BITMAP
FFFF
FFFF
0180
0180
0180
0180
0180
0180
0180
0180
0180
0180
0180
0180
0180
0180
0180
0180
0180
0180
ENDCHAR
STARTCHAR 0055
ENCODING 85
SWIDTH 720 0
DWIDTH 20 0
BBX 16 20 2 0
BITMAP
C003
C003
C003
C003
C003
C003
C003
C003
C003
C003
C003
C003
C003
C003
C003
E007
6006
781C
3FF8
07E0
ENDCHAR
STARTCHAR 0056
ENCODING 86
SWIDTH 684 0
DWIDTH 19 0
BBX 17 20 1 0
BITMAP
C00180
E00380
600300
600300
300600
300600
300600
180C00
180C00
1C1C00
0C1800
0C1800
063000
063000
067000
036000
036000
03E000
01C000
01C000
ENDCHAR
STARTCHAR 0057
ENCODING 87
SWIDTH 1008 0
DWIDTH 28 0
BBX 27 20 0 0
BITMAP
C00E0060
C00E0060
601B00C0
601B00C0
601B00C0
603180C0
30318180
30318180
3070C180
3860C380
1860C300
18E06300
18C06300
1CC06700
0DC07600
0D803600
0D803600
07803C00
07001C00
07001C00
ENDCHAR
STARTCHAR 0058
ENCODING 88
SWIDTH 684 0
DWIDTH 19 0
BBX 19 20 0 0
BITMAP
7001C0
380380
1C0700
0C0600
060C00
071C00
03B800
01B000
00E000
00E000
00F000
01B000
031800
071C00
0E0E00
0C0600
180300
380380
7001C0
E000E0
ENDCHAR
STARTCHAR 0059
ENCODING 89
SWIDTH 648 0
DWIDTH 18 0
BBX 18 20 0 0
BITMAP
C001C0
600380
300300
380700
1C0E00
0C1C00
061C00
073800
033000
01E000
01E000
00C000
00C000
00C000
00C000
00C000
00C000
00C000
00C000
00C000
ENDCHAR
STARTCHAR 005A
ENCODING 90
SWIDTH 612 0
DWIDTH 17 0
BBX 16 20 0 0
BITMAP
7FFE
7FFE
000C
0018
0038
0030
0060
00C0
01C0
0180
0300
0700
0600
0C00
1800
3800
3000
6000
FFFF
FFFF
ENDCHAR
STARTCHAR 005B
ENCODING 91
SWIDTH 288 0
DWIDTH 8 0
BBX 5 26 2 -6
BITMAP
F8
F8
C0
C0
C0
C0
C0
C0
C0
C0
C0
C0
C0
C0
C0
C0
C0
C0
C0
C0
C0
C0
C0
C0
F8
F8
ENDCHAR
STARTCHAR 005C
ENCODING 92
SWIDTH 288 0
DWIDTH 8 0
BBX 8 20 0 0
BITMAP
C0
C0
60
60
60
30
30
30
38
18
18
18
0C
0C
0C
06
06
06
07
03
ENDCHAR
STARTCHAR 005D
ENCODING 93
SWIDTH 288 0
DWIDTH 8 0
BBX 5 26 1 -6
BITMAP
F8
F8
18
18
18
18
18
18
18
18
18
18
18
18
18
18
18
18
18
18
18
18
18
18
F8
F8
ENDCHAR
STARTCHAR 005E
ENCODING 94
SWIDTH 504 0
DWIDTH 14 0
BBX 12 11 1 9
BITMAP
0600
0F00
0F00
1980
1980
30C0
30C0
30C0
6060
6060
C030
ENDCHAR
STARTCHAR 005F
ENCODING 95
SWIDTH 576 0
DWIDTH 16 0
BBX 17 2 -1 -6
BITMAP
FFFF80
FFFF80
ENDCHAR
STARTCHAR 0060
ENCODING 96
SWIDTH 324 0
DWIDTH 9 0
BBX 5 4 1 16
BITMAP
E0
70
30
18
ENDCHAR
STARTCHAR 0061
ENCODING 97
SWIDTH 540 0
DWIDTH 15 0
BBX 13 15 1 0
BITMAP
1FC0
7FE0
7070
C030
0030
00F0
1FF0
7F30
6030
C030
C030
C070
E1F0
7FB0
3F18
ENDCHAR
STARTCHAR 0062
ENCODING 98
SWIDTH 576 0
DWIDTH 16 0
BBX 13 20 2 0
BITMAP
C000
C000
C000
C000
C000
CF80
DFE0
F070
E030
C038
C018
C018
C018
C018
C018
C038
E030
F0E0
DFC0
CF80
ENDCHAR
STARTCHAR 0063
ENCODING 99
SWIDTH 504 0
DWIDTH 14 0
BBX 12 15 1 0
BITMAP
0F80
3FC0
70E0
6070
E030
C000
C000
C000
C000
C030
C030
6060
70E0
3FC0
0F80
ENDCHAR
STARTCHAR 0064
ENCODING 100
SWIDTH 576 0
DWIDTH 16 0
BBX 13 20 1 0
BITMAP
0018
0018
0018
0018
0018
0F98
3FD8
7078
6038
E018
C018
C018
C018
C018
C018
E018
6038
7078
3FD8
0F98
ENDCHAR
STARTCHAR 0065
ENCODING 101
SWIDTH 540 0
DWIDTH 15 0
BBX 13 15 1 0
BITMAP
0F80
3FE0
7070
6030
C018
C018
FFF8
FFF8
C000
C000
E000
6018
7870
3FE0
0FC0
ENDCHAR
STARTCHAR 0066
ENCODING 102
SWIDTH 252 0
DWIDTH 7 0
BBX 8 20 0 0
BITMAP
1F
3F
30
30
30
FE
FE
30
30
30
30
30
30
30
30
30
30
30
30
30
ENDCHAR
STARTCHAR 0067
ENCODING 103
SWIDTH 576 0
DWIDTH 16 0
BBX 13 21 1 -6
BITMAP
0F98
3FF8
7078
6038
E018
C018
C018
C018
C018
C018
E018
6038
7078
3FF8
0F98
0018
C018
C030
7070
7FE0
1F80
ENDCHAR
STARTCHAR 0068
ENCODING 104
SWIDTH 576 0
DWIDTH 16 0
BBX 12 20 2 0
BITMAP
C000
C000
C000
C000
C000
CF80
FFE0
F060
E030
C030
C030
C030
C030
C030
C030
C030
C030
C030
C030
C030
ENDCHAR
STARTCHAR 0069
ENCODING 105
SWIDTH 216 0
DWIDTH 6 0
BBX 2 20 2 0
BITMAP
C0
C0
00
00
00
C0
C0
C0
C0
C0
C0
C0
C0
C0
C0
C0
C0
C0
C0
C0
ENDCHAR
STARTCHAR 006A
ENCODING 106
SWIDTH 216 0
DWIDTH 6 0
BBX 5 26 -1 -6
BITMAP
18
18
00
00
00
18
18
18
18
18
18
18
18
18
18
18
18
18
18
18
18
18
18
18
F0
E0
ENDCHAR
STARTCHAR 006B
ENCODING 107
SWIDTH 504 0
DWIDTH 14 0
BBX 12 20 2 0
BITMAP
C000
C000
C000
C000
C000
C070
C0E0
C1C0
C380
C700
CE00
FE00
FE00
E700
C380
C380
C1C0
C0C0
C0E0
C070
ENDCHAR
STARTCHAR 006C
ENCODING 108
SWIDTH 216 0
DWIDTH 6 0
BBX 2 20 2 0
BITMAP
C0
C0
C0
C0
C0
C0
C0
C0
C0
C0
C0
C0
C0
C0
C0
C0
C0
C0
C0
C0
ENDCHAR
STARTCHAR 006D
ENCODING 109
SWIDTH 864 0
DWIDTH 24 0
BBX 20 15 2 0
BITMAP
CF87C0
DFDFE0
F0F870
E07030
C06030
C06030
C06030
C06030
C06030
C06030
C06030
C06030
C06030
C06030
C06030
ENDCHAR
STARTCHAR 006E
ENCODING 110
SWIDTH 576 0
DWIDTH 16 0
BBX 12 15 2 0
BITMAP
CF80
DFE0
F060
E030
C030
C030
C030
C030
C030
C030
C030
C030
C030
C030
C030
ENDCHAR
STARTCHAR 006F
ENCODING 111
SWIDTH 540 0
DWIDTH 15 0
BBX 13 15 1 0
BITMAP
0F80
3FE0
7070
6030
E038
C018
C018
C018
C018
C018
E038
6030
7070
3FE0
0F80
ENDCHAR
STARTCHAR 0070
ENCODING 112
SWIDTH 576 0
DWIDTH 16 0
BBX 13 21 2 -6
BITMAP
CF80
DFE0
F070
E030
C038
C018
C018
C018
C018
C018
C038
E030
F0E0
DFC0
CF80
C000
C000
C000
C000
C000
C000
ENDCHAR
STARTCHAR 0071
ENCODING 113
SWIDTH 576 0
DWIDTH 16 0
BBX 13 21 1 -6
BITMAP
0F98
3FD8
7078
6038
E018
C018
C018
C018
C018
C018
E018
6038
3878
1FD8
0F98
0018
0018
0018
0018
0018
0018
ENDCHAR
STARTCHAR 0072
ENCODING 114
SWIDTH 324 0
DWIDTH 9 0
BBX 7 15 2 0
BITMAP
DE
FE
E0
E0
C0
C0
C0
C0
C0
C0
C0
C0
C0
C0
C0
ENDCHAR
STARTCHAR 0073
ENCODING 115
SWIDTH 504 0
DWIDTH 14 0
BBX 12 15 1 0
BITMAP
1F00
7FC0
E0E0
C060
C000
F000
7F00
3FC0
07E0
0070
C030
E030
7060
3FE0
1F80
ENDCHAR
STARTCHAR 0074
ENCODING 116
SWIDTH 288 0
DWIDTH 8 0
BBX 7 20 0 0
BITMAP
10
30
30
30
30
FE
FE
30
30
30
30
30
30
30
30
30
30
30
3E
1E
ENDCHAR
STARTCHAR 0075
ENCODING 117
SWIDTH 576 0
DWIDTH 16 0
BBX 12 15 2 0
BITMAP
C030
C030
C030
C030
C030
C030
C030
C030
C030
C030
C030
C070
60F0
7FB0
1F30
ENDCHAR
STARTCHAR 0076
ENCODING 118
SWIDTH 468 0
DWIDTH 13 0
BBX 13 15 0 0
BITMAP
C018
C018
6030
6030
7070
3060
38E0
18C0
18C0
1D80
0D80
0D80
0700
0700
0200
ENDCHAR
STARTCHAR 0077
ENCODING 119
SWIDTH 684 0
DWIDTH 19 0
BBX 19 15 0 0
BITMAP
C06060
C0E060
C0E060
60A0C0
61B0C0
61B1C0
31B180
311180
3B1B80
1B1B00
1B1B00
0A0B00
0E0E00
0E0E00
040400
ENDCHAR
STARTCHAR 0078
ENCODING 120
SWIDTH 468 0
DWIDTH 13 0
BBX 13 15 0 0
BITMAP
E018
6030
3070
38E0
18C0
0D80
0F80
0700
0F80
0D80
1CC0
38E0
3060
6030
E038
ENDCHAR
STARTCHAR 0079
ENCODING 121
SWIDTH 468 0
DWIDTH 13 0
BBX 13 21 0 -6
BITMAP
C018
C038
6030
6030
6060
3060
30E0
30C0
18C0
1980
1980
0F80
0F00
0F00
0600
0600
0600
0C00
0C00
3C00
3800
ENDCHAR
STARTCHAR 007A
ENCODING 122
SWIDTH 504 0
DWIDTH 14 0
BBX 13 15 0 0
BITMAP
7FF8
7FF8
0030
0070
00E0
01C0
0380
0700
0E00
1C00
3800
7000
6000
FFF8
FFF8
ENDCHAR
STARTCHAR 007B
ENCODING 123
SWIDTH 324 0
DWIDTH 9 0
BBX 8 26 1 -6
BITMAP
07
0F
1C
18
18
18
18
18
18
18
18
30
E0
E0
30
18
18
18
18
18
18
18
18
18
0F
07
ENDCHAR
STARTCHAR 007C
ENCODING 124
SWIDTH 216 0
DWIDTH 6 0
BBX 2 26 2 -6
BITMAP
C0
C0
C0
C0
C0
C0
C0
C0
C0
C0
C0
C0
C0
C0
C0
C0
C0
C0
C0
C0
C0
C0
C0
C0
C0
C0
ENDCHAR
STARTCHAR 007D
ENCODING 125
SWIDTH 324 0
DWIDTH 9 0
BBX 8 26 0 -6
BITMAP
E0
F0
18
18
18
18
18
18
18
18
18
0C
07
07
0C
18
18
18
18
18
18
18
18
38
F0
E0
ENDCHAR
STARTCHAR 007E
ENCODING 126
SWIDTH 576 0
DWIDTH 16 0
BBX 14 4 1 8
BITMAP
3C00
FF8C
C3FC
80F0
ENDCHAR
STARTCHAR 00A0
ENCODING 160
SWIDTH 288 0
DWIDTH 8 0
BBX 0 0 0 0
BITMAP
ENDCHAR
STARTCHAR 00A1
ENCODING 161
SWIDTH 288 0
DWIDTH 8 0
BBX 2 21 3 -6
BITMAP
C0
C0
00
00
C0
C0
C0
C0
C0
C0
C0
C0
C0
C0
C0
C0
C0
C0
C0
C0
C0
ENDCHAR
STARTCHAR 00A2
ENCODING 162
SWIDTH 576 0
DWIDTH 16 0
BBX 13 25 1 -5
BITMAP
0020
0020
0020
0040
0040
07C0
1FE0
38F0
60B8
E110
C100
C200
C200
C200
C418
E418
6430
7860
3FC0
1F80
1000
1000
1000
2000
2000
ENDCHAR
STARTCHAR 00A3
ENCODING 163
SWIDTH 576 0
DWIDTH 16 0
BBX 15 20 0 0
BITMAP
07E0
0FF0
1C38
381C
300C
3000
3000
3000
1800
FFC0
FFC0
0C00
0C00
0C00
0C00
1800
3000
7F84
FFFE
607C
ENDCHAR
STARTCHAR 00A4
ENCODING 164
SWIDTH 576 0
DWIDTH 16 0
BBX 13 13 1 3
BITMAP
4010
EFB8
7FF0
38E0
7070
6030
6030
6030
7070
38E0
7FF0
EFB8
4010
ENDCHAR
STARTCHAR 00A5
ENCODING 165
SWIDTH 576 0
DWIDTH 16 0
BBX 14 20 0 0
BITMAP
C00C
6018
6018
3030
3070
1860
1CE0
0CC0
0FC0
0780
7FF8
7FF8
0300
0300
7FF8
7FF8
0300
0300
0300
0300
ENDCHAR
STARTCHAR 00A6
ENCODING 166
SWIDTH 216 0
DWIDTH 6 0
BBX 2 26 2 -6
BITMAP
C0
C0
C0
C0
C0
C0
C0
C0
C0
C0
00
00
00
00
00
C0
C0
C0
C0
C0
C0
C0
C0
C0
C0
C0
ENDCHAR
STARTCHAR 00A7
ENCODING 167
SWIDTH 576 0
DWIDTH 16 0
BBX 14 25 1 -5
BITMAP
0FC0
3FE0
7070
6038
6018
7000
3800
1E00
7F80
C3E0
C0F8
C038
C01C
700C
7C0C
1F18
07F8
01F0
0070
0038
6018
7018
3838
1FF0
0FC0
ENDCHAR
STARTCHAR 00A8
ENCODING 168
SWIDTH 324 0
DWIDTH 9 0
BBX 6 2 1 18
BITMAP
CC
CC
ENDCHAR
STARTCHAR 00A9
ENCODING 169
SWIDTH 756 0
DWIDTH 21 0
BBX 21 20 0 0
BITMAP
01FC00
07FF00
0F0780
3C01C0
30FC60
61FE30
638730
C70018
C60018
C60018
C60018
C60018
C70318
638630
61FE30
30F860
3C01E0
1F07C0
07FF00
01FC00
ENDCHAR
STARTCHAR 00AA
ENCODING 170
SWIDTH 360 0
DWIDTH 10 0
BBX 8 10 1 10
BITMAP
7C
7E
C6
06
3E
F6
C6
CE
FE
73
ENDCHAR
STARTCHAR 00AB
ENCODING 171
SWIDTH 576 0
DWIDTH 16 0
BBX 11 13 2 1
BITMAP
0C60
18C0
3180
3180
6300
6300
C600
6300
6300
3180
3180
18C0
0C60
ENDCHAR
STARTCHAR 00AC
ENCODING 172
SWIDTH 576 0
DWIDTH 16 0
BBX 13 8 1 6
BITMAP
FFF8
FFF8
0018
0018
0018
0018
0018
0018
ENDCHAR
STARTCHAR 00AD
ENCODING 173
SWIDTH 324 0
DWIDTH 9 0
BBX 7 2 1 6
BITMAP
FE
FE
ENDCHAR
STARTCHAR 00AE
ENCODING 174
SWIDTH 756 0
DWIDTH 21 0
BBX 21 20 0 0
BITMAP
01FC00
07FF00
0F0780
3C01C0
33F860
63FC30
630E30
C30618
C30E18
C3FC18
C3F818
C33818
C30C18
630C30
630630
330360
3C01E0
1F07C0
07FF00
01FC00
ENDCHAR
STARTCHAR 00AF
ENCODING 175
SWIDTH 540 0
DWIDTH 15 0
BBX 16 2 -1 21
BITMAP
FFFF
FFFF
ENDCHAR
STARTCHAR 00B0
ENCODING 176
SWIDTH 396 0
DWIDTH 11 0
BBX 8 8 2 12
BITMAP
3C
42
81
81
81
81
42
3C
ENDCHAR
STARTCHAR 00B1
ENCODING 177
SWIDTH 540 0
DWIDTH 15 0
BBX 14 17 1 0
BITMAP
0300
0300
0300
0300
0300
0300
FFFC
FFFC
0300
0300
0300
0300
0300
0300
0000
FFFC
FFFC
ENDCHAR
STARTCHAR 00B2
ENCODING 178
SWIDTH 324 0
DWIDTH 9 0
BBX 9 10 0 10
BITMAP
3E00
7F80
C380
0180
0300
0600
1C00
3000
7F80
FF80
ENDCHAR
STARTCHAR 00B3
ENCODING 179
SWIDTH 324 0
DWIDTH 9 0
BBX 9 10 0 10
BITMAP
3F00
7F80
E180
0700
0700
0180
0180
C380
7F00
3E00
ENDCHAR
STARTCHAR 00B4
ENCODING 180
SWIDTH 324 0
DWIDTH 9 0
BBX 5 4 3 16
BITMAP
38
70
60
C0
ENDCHAR
STARTCHAR 00B5
ENCODING 181
SWIDTH 576 0
DWIDTH 16 0
BBX 12 21 2 -6
BITMAP
C030
C030
C030
C030
C030
C030
C030
C030
C030
C030
C030
E070
F0F0
FFF0
DF30
C000
C000
C000
C000
C000
C000
ENDCHAR
STARTCHAR 00B6
ENCODING 182
SWIDTH 540 0
DWIDTH 15 0
BBX 15 26 0 -6
BITMAP
1FFE
3FFE
7F18
FF18
FF18
FF18
FF18
FF18
7F18
3F18
1F18
0318
0318
0318
0318
0318
0318
0318
0318
0318
0318
0318
0318
0318
0318
0318
ENDCHAR
STARTCHAR 00B7
ENCODING 183
SWIDTH 288 0
DWIDTH 8 0
BBX 2 2 2 8
BITMAP
C0
C0
ENDCHAR
STARTCHAR 00B8
ENCODING 184
SWIDTH 324 0
DWIDTH 9 0
BBX 6 6 2 -6
BITMAP
30
70
0C
0C
FC
F8
ENDCHAR
STARTCHAR 00B9
ENCODING 185
SWIDTH 324 0
DWIDTH 9 0
BBX 5 10 2 10
BITMAP
18
78
F8
98
18
18
18
18
18
18
ENDCHAR
STARTCHAR 00BA
ENCODING 186
SWIDTH 360 0
DWIDTH 10 0
BBX 8 10 1 10
BITMAP
3C
7E
E7
C3
C3
C3
C3
E7
7E
3C
ENDCHAR
STARTCHAR 00BB
ENCODING 187
SWIDTH 576 0
DWIDTH 16 0
BBX 11 13 3 1
BITMAP
C600
6300
3180
3180
18C0
18C0
0C60
18C0
18C0
3180
3180
6300
C600
ENDCHAR
STARTCHAR 00BC
ENCODING 188
SWIDTH 828 0
DWIDTH 23 0
BBX 22 20 1 0
BITMAP
180060
7800C0
F80180
980380
180300
180600
180E00
181C00
181800
183000
007030
006070
00C0F0
0180F0
0381B0
030330
060630
0C07FC
1C0030
180030
ENDCHAR
STARTCHAR 00BD
ENCODING 189
SWIDTH 828 0
DWIDTH 23 0
BBX 20 20 2 0
BITMAP
1800C0
780180
F80300
980700
180600
180C00
181800
183800
183000
186000
00C3E0
01C7F0
018E30
030C30
060060
0E00C0
0C0180
180600
3007F0
700FF0
ENDCHAR
STARTCHAR 00BE
ENCODING 190
SWIDTH 828 0
DWIDTH 23 0
BBX 22 20 0 0
BITMAP
3E0030
7F0060
C300E0
0E00C0
0E0180
030300
030700
C70600
7E0C00
3C1800
003818
003038
006078
00E0F8
01C0D8
018198
030318
0703FC
0E0018
0C0018
ENDCHAR
STARTCHAR 00BF
ENCODING 191
SWIDTH 612 0
DWIDTH 17 0
BBX 13 21 2 -6
BITMAP
0600
0600
0000
0000
0600
0600
0600
0E00
0C00
1C00
3800
7000
6000
E000
C000
C018
C018
E030
7070
3FE0
0F80
ENDCHAR
STARTCHAR 00C0
ENCODING 192
SWIDTH 684 0
DWIDTH 19 0
BBX 17 26 1 0
BITMAP
038000
01C000
00C000
006000
000000
000000
01C000
01C000
036000
036000
077000
063000
063000
0E3800
0C1800
0C1800
180C00
180C00
1FFC00
3FFE00
300600
700700
600300
600300
C00180
C00180
ENDCHAR
STARTCHAR 00C1
ENCODING 193
SWIDTH 684 0
DWIDTH 19 0
BBX 17 26 1 0
BITMAP
007000
00E000
00C000
018000
000000
000000
01C000
01C000
036000
036000
077000
063000
063000
0E3800
0C1800
0C1800
180C00
180C00
1FFC00
3FFE00
300600
700700
600300
600300
C00180
C00180
ENDCHAR
STARTCHAR 00C2
ENCODING 194
SWIDTH 684 0
DWIDTH 19 0
BBX 17 26 1 0
BITMAP
018000
03C000
066000
066000
000000
000000
01C000
01C000
036000
036000
077000
063000
063000
0E3800
0C1800
0C1800
180C00
180C00
1FFC00
3FFE00
300600
700700
600300
600300
C00180
C00180
ENDCHAR
STARTCHAR 00C3
ENCODING 195
SWIDTH 684 0
DWIDTH 19 0
BBX 17 25 1 0
BITMAP
039800
07F800
067000
000000
000000
01C000
01C000
036000
036000
077000
063000
063000
0E3800
0C1800
0C1800
180C00
180C00
1FFC00
3FFE00
300600
700700
600300
600300
C00180
C00180
ENDCHAR
STARTCHAR 00C4
ENCODING 196
SWIDTH 684 0
DWIDTH 19 0
BBX 17 24 1 0
BITMAP
033000
033000
000000
000000
01C000
01C000
036000
036000
077000
063000
063000
0E3800
0C1800
0C1800
180C00
180C00
1FFC00
3FFE00
300600
700700
600300
600300
C00180
C00180
ENDCHAR
STARTCHAR 00C5
ENCODING 197
SWIDTH 684 0
DWIDTH 19 0
BBX 17 24 1 0
BITMAP
01C000
022000
022000
022000
01C000
01C000
036000
036000
077000
063000
063000
0E3800
0C1800
0C1800
180C00
180C00
1FFC00
3FFE00
300600
700700
600300
600300
C00180
C00180
ENDCHAR
STARTCHAR 00C6
ENCODING 198
SWIDTH 1008 0
DWIDTH 28 0
BBX 27 20 -1 0
BITMAP
003FFFE0
007FFFE0
00630000
00C30000
00C30000
01830000
01830000
03030000
03030000
0603FFC0
0E03FFC0
0C030000
1FFF0000
1FFF0000
38030000
30030000
60030000
60030000
C003FFE0
C003FFE0
ENDCHAR
STARTCHAR 00C7
ENCODING 199
SWIDTH 720 0
DWIDTH 20 0
BBX 18 26 1 -6
BITMAP
03F800
0FFE00
1E0700
380380
7001C0
6000C0
E00000
C00000
C00000
C00000
C00000
C00000
C00000
E000C0
6001C0
700180
380380
1C0F00
0FFE00
03F800
00C000
01C000
003000
003000
03F000
03E000
ENDCHAR
STARTCHAR 00C8
ENCODING 200
SWIDTH 684 0
DWIDTH 19 0
BBX 15 26 2 0
BITMAP
0700
0380
0180
00C0
0000
0000
FFFE
FFFE
C000
C000
C000
C000
C000
C000
C000
FFFC
FFFC
C000
C000
C000
C000
C000
C000
C000
FFFE
FFFE
ENDCHAR
STARTCHAR 00C9
ENCODING 201
SWIDTH 684 0
DWIDTH 19 0
BBX 15 26 2 0
BITMAP
00E0
01C0
0180
0300
0000
0000
FFFE
FFFE
C000
C000
C000
C000
C000
C000
C000
FFFC
FFFC
C000
C000
C000
C000
C000
C000
C000
FFFE
FFFE
ENDCHAR
STARTCHAR 00CA
ENCODING 202
SWIDTH 684 0
DWIDTH 19 0
BBX 15 26 2 0
BITMAP
0180
03C0
0660
0660
0000
0000
FFFE
FFFE
C000
C000
C000
C000
C000
C000
C000
FFFC
FFFC
C000
C000
C000
C000
C000
C000
C000
FFFE
FFFE
ENDCHAR
STARTCHAR 00CB
ENCODING 203
SWIDTH 684 0
DWIDTH 19 0
BBX 15 24 2 0
BITMAP
0660
0660
0000
0000
FFFE
FFFE
C000
C000
C000
C000
C000
C000
C000
FFFC
FFFC
C000
C000
C000
C000
C000
C000
C000
FFFE
FFFE
ENDCHAR
STARTCHAR 00CC
ENCODING 204
SWIDTH 288 0
DWIDTH 8 0
BBX 5 26 1 0
BITMAP
E0
70
30
18
00
00
30
30
30
30
30
30
30
30
30
30
30
30
30
30
30
30
30
30
30
30
ENDCHAR
STARTCHAR 00CD
ENCODING 205
SWIDTH 288 0
DWIDTH 8 0
BBX 5 26 2 0
BITMAP
38
70
60
C0
00
00
60
60
60
60
60
60
60
60
60
60
60
60
60
60
60
60
60
60
60
60
ENDCHAR
STARTCHAR 00CE
ENCODING 206
SWIDTH 288 0
DWIDTH 8 0
BBX 6 26 1 0
BITMAP
30
78
CC
CC
00
00
30
30
30
30
30
30
30
30
30
30
30
30
30
30
30
30
30
30
30
30
ENDCHAR
STARTCHAR 00CF
ENCODING 207
SWIDTH 288 0
DWIDTH 8 0
BBX 6 24 1 0
BITMAP
CC
CC
00
00
30
30
30
30
30
30
30
30
30
30
30
30
30
30
30
30
30
30
30
30
ENDCHAR
STARTCHAR 00D0
ENCODING 208
SWIDTH 720 0
DWIDTH 20 0
BBX 18 20 0 0
BITMAP
3FF800
3FFE00
300F00
300300
300180
300180
3000C0
3000C0
3000C0
FFC0C0
FFC0C0
3000C0
3000C0
3000C0
300180
300180
300300
300F00
3FFE00
3FF800
ENDCHAR
STARTCHAR 00D1
ENCODING 209
SWIDTH 720 0
DWIDTH 20 0
BBX 16 25 2 0
BITMAP
0398
07F8
0670
0000
0000
E003
E003
F003
F803
D803
CC03
C603
C603
C303
C183
C183
C0C3
C063
C063
C033
C01B
C01F
C00F
C007
C007
ENDCHAR
STARTCHAR 00D2
ENCODING 210
SWIDTH 792 0
DWIDTH 22 0
BBX 20 26 1 0
BITMAP
01C000
00E000
006000
003000
000000
000000
01F800
0FFF00
1E0780
3801C0
7000E0
600060
E00060
C00030
C00030
C00030
C00030
C00030
C00030
600060
600060
7000E0
3801C0
1E0780
0FFF00
01F800
ENDCHAR
STARTCHAR 00D3
ENCODING 211
SWIDTH 792 0
DWIDTH 22 0
BBX 20 26 1 0
BITMAP
003800
007000
006000
00C000
000000
000000
01F800
0FFF00
1E0780
3801C0
7000E0
600060
E00060
C00030
C00030
C00030
C00030
C00030
C00030
600060
600060
7000E0
3801C0
1E0780
0FFF00
01F800
ENDCHAR
STARTCHAR 00D4
ENCODING 212
SWIDTH 792 0
DWIDTH 22 0
BBX 20 26 1 0
BITMAP
006000
00F000
019800
019800
000000
000000
01F800
0FFF00
1E0780
3801C0
7000E0
600060
E00060
C00030
C00030
C00030
C00030
C00030
C00030
600060
600060
7000E0
3801C0
1E0780
0FFF00
01F800
ENDCHAR
STARTCHAR 00D5
ENCODING 213
SWIDTH 792 0
DWIDTH 22 0
BBX 20 25 1 0
BITMAP
01CC00
03FC00
033800
000000
000000
01F800
0FFF00
1E0780
3801C0
7000E0
600060
E00060
C00030
C00030
C00030
C00030
C00030
C00030
600060
600060
7000E0
3801C0
1E0780
0FFF00
01F800
ENDCHAR
STARTCHAR 00D6
ENCODING 214
SWIDTH 792 0
DWIDTH 22 0
BBX 20 24 1 0
BITMAP
019800
019800
000000
000000
01F800
0FFF00
1E0780
3801C0
7000E0
600060
E00060
C00030
C00030
C00030
C00030
C00030
C00030
600060
600060
7000E0
3801C0
1E0780
0FFF00
01F800
ENDCHAR
STARTCHAR 00D7
ENCODING 215
SWIDTH 576 0
DWIDTH 16 0
BBX 13 11 2 4
BITMAP
6030
F078
38E0
1DC0
0F80
0700
0F80
1DC0
38E0
7070
E038
ENDCHAR
STARTCHAR 00D8
ENCODING 216
SWIDTH 792 0
DWIDTH 22 0
BBX 20 21 1 0
BITMAP
01F830
0FFE60
1E07C0
3801C0
7003C0
600760
600E60
C01C30
C03830
C07030
C06030
C0C030
C18030
E30060
660060
7C00E0
3801C0
3E0780
6FFF00
E3F800
400000
ENDCHAR
STARTCHAR 00D9
ENCODING 217
SWIDTH 720 0
DWIDTH 20 0
BBX 16 26 2 0
BITMAP
0700
0380
0180
00C0
0000
0000
C003
C003
C003
C003
C003
C003
C003
C003
C003
C003
C003
C003
C003
C003
C003
E007
6006
781C
3FF8
07E0
ENDCHAR
STARTCHAR 00DA
ENCODING 218
SWIDTH 720 0
DWIDTH 20 0
BBX 16 26 2 0
BITMAP
00E0
01C0
0180
0300
0000
0000
C003
C003
C003
C003
C003
C003
C003
C003
C003
C003
C003
C003
C003
C003
C003
E007
6006
781C
3FF8
07E0
ENDCHAR
STARTCHAR 00DB
ENCODING 219
SWIDTH 720 0
DWIDTH 20 0
BBX 16 26 2 0
BITMAP
0180
03C0
0660
0660
0000
0000
C003
C003
C003
C003
C003
C003
C003
C003
C003
C003
C003
C003
C003
C003
C003
E007
6006
781C
3FF8
07E0
ENDCHAR
STARTCHAR 00DC
ENCODING 220
SWIDTH 720 0
DWIDTH 20 0
BBX 16 24 2 0
BITMAP
0660
0660
0000
0000
C003
C003
C003
C003
C003
C003
C003
C003
C003
C003
C003
C003
C003
C003
C003
E007
6006
781C
3FF8
07E0
ENDCHAR
STARTCHAR 00DD
ENCODING 221
SWIDTH 648 0
DWIDTH 18 0
BBX 18 26 0 0
BITMAP
007000
00E000
00C000
018000
000000
000000
C001C0
600380
300300
380700
1C0E00
0C1C00
061C00
073800
033000
01E000
01E000
00C000
00C000
00C000
00C000
00C000
00C000
00C000
00C000
00C000
ENDCHAR
STARTCHAR 00DE
ENCODING 222
SWIDTH 684 0
DWIDTH 19 0
BBX 16 20 2 0
BITMAP
C000
C000
C000
C000
FFF0
FFFC
C00E
C006
C003
C003
C003
C003
C006
C00E
FFFC
FFF0
C000
C000
C000
C000
ENDCHAR
STARTCHAR 00DF
ENCODING 223
SWIDTH 612 0
DWIDTH 17 0
BBX 14 20 2 0
BITMAP
1F80
3FC0
70E0
E060
C060
C060
C0C0
C0C0
C180
C180
C1C0
C0E0
C038
C018
C00C
C00C
C60C
CF1C
C7F8
C1F0
ENDCHAR
STARTCHAR 00E0
ENCODING 224
SWIDTH 540 0
DWIDTH 15 0
BBX 13 20 1 0
BITMAP
0E00
0700
0300
0180
0000
1FC0
7FE0
7070
C030
0030
00F0
1FF0
7F30
6030
C030
C030
C070
E1F0
7FB0
3F18
ENDCHAR
STARTCHAR 00E1
ENCODING 225
SWIDTH 540 0
DWIDTH 15 0
BBX 13 20 1 0
BITMAP
01C0
0380
0300
0600
0000
1FC0
7FE0
7070
C030
0030
00F0
1FF0
7F30
6030
C030
C030
C070
E1F0
7FB0
3F18
ENDCHAR
STARTCHAR 00E2
ENCODING 226
SWIDTH 540 0
DWIDTH 15 0
BBX 13 20 1 0
BITMAP
0600
0F00
1980
1980
0000
1FC0
7FE0
7070
C030
0030
00F0
1FF0
7F30
6030
C030
C030
C070
E1F0
7FB0
3F18
ENDCHAR
STARTCHAR 00E3
ENCODING 227
SWIDTH 540 0
DWIDTH 15 0
BBX 13 19 1 0
BITMAP
1CC0
3FC0
3380
0000
1FC0
7FE0
7070
C030
0030
00F0
1FF0
7F30
6030
C030
C030
C070
E1F0
7FB0
3F18
ENDCHAR
STARTCHAR 00E4
ENCODING 228
SWIDTH 540 0
DWIDTH 15 0
BBX 13 18 1 0
BITMAP
0CC0
0CC0
0000
1FC0
7FE0
7070
C030
0030
00F0
1FF0
7F30
6030
C030
C030
C070
E1F0
7FB0
3F18
ENDCHAR
STARTCHAR 00E5
ENCODING 229
SWIDTH 540 0
DWIDTH 15 0
BBX 13 21 1 0
BITMAP
0700
0880
0880
0880
0700
0000
1FC0
7FE0
7070
C030
0030
00F0
1FF0
7F30
6030
C030
C030
C070
E1F0
7FB0
3F18
ENDCHAR
STARTCHAR 00E6
ENCODING 230
SWIDTH 900 0
DWIDTH 25 0
BBX 23 15 1 0
BITMAP
1FC3E0
7FEFF8
607C1C
C0380C
003006
00F006
1FFFFE
7F3FFE
703000
C03000
C03006
C0780C
E1FC1C
7FCFF8
3F03E0
ENDCHAR
STARTCHAR 00E7
ENCODING 231
SWIDTH 504 0
DWIDTH 14 0
BBX 12 21 1 -6
BITMAP
0F80
3FC0
70E0
6070
E030
C000
C000
C000
C000
C030
C030
6060
70E0
3FC0
0F80
0600
0E00
0180
0180
1F80
1F00
ENDCHAR
STARTCHAR 00E8
ENCODING 232
SWIDTH 540 0
DWIDTH 15 0
BBX 13 20 1 0
BITMAP
0E00
0700
0300
0180
0000
0F80
3FE0
7070
6030
C018
C018
FFF8
FFF8
C000
C000
E000
6018
7870
3FE0
0FC0
ENDCHAR
STARTCHAR 00E9
ENCODING 233
SWIDTH 540 0
DWIDTH 15 0
BBX 13 20 1 0
BITMAP
01C0
0380
0300
0600
0000
0F80
3FE0
7070
6030
C018
C018
FFF8
FFF8
C000
C000
E000
6018
7870
3FE0
0FC0
ENDCHAR
STARTCHAR 00EA
ENCODING 234
SWIDTH 540 0
DWIDTH 15 0
BBX 13 20 1 0
BITMAP
0300
0780
0CC0
0CC0
0000
0F80
3FE0
7070
6030
C018
C018
FFF8
FFF8
C000
C000
E000
6018
7870
3FE0
0FC0
ENDCHAR
STARTCHAR 00EB
ENCODING 235
SWIDTH 540 0
DWIDTH 15 0
BBX 13 18 1 0
BITMAP
0CC0
0CC0
0000
0F80
3FE0
7070
6030
C018
C018
FFF8
FFF8
C000
C000
E000
6018
7870
3FE0
0FC0
ENDCHAR
STARTCHAR 00EC
ENCODING 236
SWIDTH 288 0
DWIDTH 8 0
BBX 5 20 1 0
BITMAP
E0
70
30
18
00
30
30
30
30
30
30
30
30
30
30
30
30
30
30
30
ENDCHAR
STARTCHAR 00ED
ENCODING 237
SWIDTH 288 0
DWIDTH 8 0
BBX 5 20 2 0
BITMAP
38
70
60
C0
00
60
60
60
60
60
60
60
60
60
60
60
60
60
60
60
ENDCHAR
STARTCHAR 00EE
ENCODING 238
SWIDTH 288 0
DWIDTH 8 0
BBX 6 20 1 0
BITMAP
30
78
CC
CC
00
30
30
30
30
30
30
30
30
30
30
30
30
30
30
30
ENDCHAR
STARTCHAR 00EF
ENCODING 239
SWIDTH 288 0
DWIDTH 8 0
BBX 6 18 1 0
BITMAP
CC
CC
00
30
30
30
30
30
30
30
30
30
30
30
30
30
30
30
ENDCHAR
STARTCHAR 00F0
ENCODING 240
SWIDTH 576 0
DWIDTH 16 0
BBX 14 20 1 0
BITMAP
0E10
07F0
07C0
1EE0
1060
0FB0
3FF0
7878
6018
E01C
C00C
C00C
C00C
C00C
C00C
E01C
6018
7878
3FF0
0FC0
ENDCHAR
STARTCHAR 00F1
ENCODING 241
SWIDTH 576 0
DWIDTH 16 0
BBX 12 19 2 0
BITMAP
1CC0
3FC0
3380
0000
CF80
DFE0
F060
E030
C030
C030
C030
C030
C030
C030
C030
C030
C030
C030
C030
ENDCHAR
STARTCHAR 00F2
ENCODING 242
SWIDTH 540 0
DWIDTH 15 0
BBX 13 20 1 0
BITMAP
0E00
0700
0300
0180
0000
0F80
3FE0
7070
6030
E038
C018
C018
C018
C018
C018
E038
6030
7070
3FE0
0F80
ENDCHAR
STARTCHAR 00F3
ENCODING 243
SWIDTH 540 0
DWIDTH 15 0
BBX 13 20 1 0
BITMAP
01C0
0380
0300
0600
0000
0F80
3FE0
7070
6030
E038
C018
C018
C018
C018
C018
E038
6030
7070
3FE0
0F80
ENDCHAR
STARTCHAR 00F4
ENCODING 244
SWIDTH 540 0
DWIDTH 15 0
BBX 13 20 1 0
BITMAP
0300
0780
0CC0
0CC0
0000
0F80
3FE0
7070
6030
E038
C018
C018
C018
C018
C018
E038
6030
7070
3FE0
0F80
ENDCHAR
STARTCHAR 00F5
ENCODING 245
SWIDTH 540 0
DWIDTH 15 0
BBX 13 19 1 0
BITMAP
0E60
1FE0
19C0
0000
0F80
3FE0
7070
6030
E038
C018
C018
C018
C018
C018
E038
6030
7070
3FE0
0F80
ENDCHAR
STARTCHAR 00F6
ENCODING 246
SWIDTH 540 0
DWIDTH 15 0
BBX 13 18 1 0
BITMAP
0CC0
0CC0
0000
0F80
3FE0
7070
6030
E038
C018
C018
C018
C018
C018
E038
6030
7070
3FE0
0F80
ENDCHAR
STARTCHAR 00F7
ENCODING 247
SWIDTH 540 0
DWIDTH 15 0
BBX 14 10 1 4
BITMAP
0300
0300
0000
0000
FFFC
FFFC
0000
0000
0300
0300
ENDCHAR
STARTCHAR 00F8
ENCODING 248
SWIDTH 612 0
DWIDTH 17 0
BBX 13 17 2 -1
BITMAP
0010
0FD8
3FF0
70F0
60F0
E1F8
C198
C318
C718
CE18
CC18
D838
F830
70F0
7FE0
DF80
4000
ENDCHAR
STARTCHAR 00F9
ENCODING 249
SWIDTH 576 0
DWIDTH 16 0
BBX 12 20 2 0
BITMAP
1C00
0E00
0600
0300
0000
C030
C030
C030
C030
C030
C030
C030
C030
C030
C030
C030
C070
60F0
7FB0
1F30
ENDCHAR
STARTCHAR 00FA
ENCODING 250
SWIDTH 576 0
DWIDTH 16 0
BBX 12 20 2 0
BITMAP
0380
0700
0600
0C00
0000
C030
C030
C030
C030
C030
C030
C030
C030
C030
C030
C030
C070
60F0
7FB0
1F30
ENDCHAR
STARTCHAR 00FB
ENCODING 251
SWIDTH 576 0
DWIDTH 16 0
BBX 12 20 2 0
BITMAP
0600
0F00
1980
1980
0000
C030
C030
C030
C030
C030
C030
C030
C030
C030
C030
C030
C070
60F0
7FB0
1F30
ENDCHAR
STARTCHAR 00FC
ENCODING 252
SWIDTH 576 0
DWIDTH 16 0
BBX 12 18 2 0
BITMAP
1980
1980
0000
C030
C030
C030
C030
C030
C030
C030
C030
C030
C030
C030
C070
60F0
7FB0
1F30
ENDCHAR
STARTCHAR 00FD
ENCODING 253
SWIDTH 468 0
DWIDTH 13 0
BBX 13 26 0 -6
BITMAP
01C0
0380
0300
0600
0000
C018
C038
6030
6030
6060
3060
30E0
30C0
18C0
1980
1980
0F80
0F00
0F00
0600
0600
0600
0C00
0C00
3C00
3800
ENDCHAR
STARTCHAR 00FE
ENCODING 254
SWIDTH 576 0
DWIDTH 16 0
BBX 13 26 2 -6
BITMAP
C000
C000
C000
C000
C000
CF80
FFE0
F8F0
E030
C038
C018
C018
C018
C018
C018
C038
E030
F0E0
FFC0
CF80
C000
C000
C000
C000
C000
C000
ENDCHAR
STARTCHAR 00FF
ENCODING 255
SWIDTH 468 0
DWIDTH 13 0
BBX 13 24 0 -6
BITMAP
1980
1980
0000
C018
C038
6030
6030
6060
3060
30E0
30C0
18C0
1980
1980
0F80
0F00
0F00
0600
0600
0600
0C00
0C00
3C00
3800
ENDCHAR
STARTCHAR 0100
ENCODING 256
SWIDTH 684 0
DWIDTH 19 0
BBX 17 24 1 0
BITMAP
07F800
07F800
000000
000000
01C000
01C000
036000
036000
077000
063000
063000
0E3800
0C1800
0C1800
180C00
180C00
1FFC00
3FFE00
300600
700700
600300
600300
C00180
C00180
ENDCHAR
STARTCHAR 0101
ENCODING 257
SWIDTH 540 0
DWIDTH 15 0
BBX 13 19 1 0
BITMAP
1FE0
1FE0
0000
0000
1FC0
7FE0
7070
C030
0030
00F0
1FF0
7F30
6030
C030
C030
C070
E1F0
7FB0
3F18
ENDCHAR
STARTCHAR 0102
ENCODING 258
SWIDTH 684 0
DWIDTH 19 0
BBX 17 26 1 0
BITMAP
0C3000
0E7000
07E000
03C000
000000
000000
01C000
01C000
036000
036000
077000
063000
063000
0E3800
0C1800
0C1800
180C00
180C00
1FFC00
3FFE00
300600
700700
600300
600300
C00180
C00180
ENDCHAR
STARTCHAR 0103
ENCODING 259
SWIDTH 540 0
DWIDTH 15 0
BBX 13 20 1 0
BITMAP
30C0
39C0
1F80
0F00
0000
1FC0
7FE0
7070
C030
0030
00F0
1FF0
7F30
6030
C030
C030
C070
E1F0
7FB0
3F18
ENDCHAR
STARTCHAR 0104
ENCODING 260
SWIDTH 684 0
DWIDTH 19 0
BBX 20 26 1 -6
BITMAP
01C000
01C000
036000
036000
077000
063000
063000
0E3800
0C1800
0C1800
180C00
180C00
1FFC00
3FFE00
300600
700700
600300
600300
C00180
C00180
000100
000200
000200
000200
000300
0001F0
ENDCHAR
STARTCHAR 0105
ENCODING 261
SWIDTH 540 0
DWIDTH 15 0
BBX 16 21 1 -6
BITMAP
1FC0
7FE0
7070
C030
0030
00F0
1FF0
7F30
6030
C030
C030
C070
E1F0
7FB0
3F18
0010
0020
0020
0020
0030
001F
ENDCHAR
STARTCHAR 0106
ENCODING 262
SWIDTH 720 0
DWIDTH 20 0
BBX 18 26 1 0
BITMAP
003800
007000
006000
00C000
000000
000000
03F800
0FFE00
1E0700
380380
7001C0
6000C0
E00000
C00000
C00000
C00000
C00000
C00000
C00000
E000C0
6001C0
700180
380380
1C0F00
0FFE00
03F800
ENDCHAR
STARTCHAR 0107
ENCODING 263
SWIDTH 504 0
DWIDTH 14 0
BBX 12 20 1 0
BITMAP
0380
0700
0600
0C00
0000
0F80
3FC0
70E0
6070
E030
C000
C000
C000
C000
C030
C030
6060
70E0
3FC0
0F80
ENDCHAR
STARTCHAR 0108
ENCODING 264
SWIDTH 720 0
DWIDTH 20 0
BBX 18 26 1 0
BITMAP
00C000
01E000
033000
033000
000000
000000
03F800
0FFE00
1E0700
380380
7001C0
6000C0
E00000
C00000
C00000
C00000
C00000
C00000
C00000
E000C0
6001C0
700180
380380
1C0F00
0FFE00
03F800
ENDCHAR
STARTCHAR 0109
ENCODING 265
SWIDTH 504 0
DWIDTH 14 0
BBX 12 20 1 0
BITMAP
0600
0F00
1980
1980
0000
0F80
3FC0
70E0
6070
E030
C000
C000
C000
C000
C030
C030
6060
70E0
3FC0
0F80
ENDCHAR
STARTCHAR 010A
ENCODING 266
SWIDTH 720 0
DWIDTH 20 0
BBX 18 24 1 0
BITMAP
00C000
00C000
000000
000000
03F800
0FFE00
1E0700
380380
7001C0
6000C0
E00000
C00000
C00000
C00000
C00000
C00000
C00000
E000C0
6001C0
700180
380380
1C0F00
0FFE00
03F800
ENDCHAR
STARTCHAR 010B
ENCODING 267
SWIDTH 504 0
DWIDTH 14 0
BBX 12 18 1 0
BITMAP
0600
0600
0000
0F80
3FC0
70E0
6070
E030
C000
C000
C000
C000
C030
C030
6060
70E0
3FC0
0F80
ENDCHAR
STARTCHAR 010C
ENCODING 268
SWIDTH 720 0
DWIDTH 20 0
BBX 18 26 1 0
BITMAP
033000
033000
01E000
00C000
000000
000000
03F800
0FFE00
1E0700
380380
7001C0
6000C0
E00000
C00000
C00000
C00000
C00000
C00000
C00000
E000C0
6001C0
700180
380380
1C0F00
0FFE00
03F800
ENDCHAR
STARTCHAR 010D
ENCODING 269
SWIDTH 504 0
DWIDTH 14 0
BBX 12 20 1 0
BITMAP
1980
1980
0F00
0600
0000
0F80
3FC0
70E0
6070
E030
C000
C000
C000
C000
C030
C030
6060
70E0
3FC0
0F80
ENDCHAR
STARTCHAR 010E
ENCODING 270
SWIDTH 720 0
DWIDTH 20 0
BBX 17 26 2 0
BITMAP
0CC000
0CC000
078000
030000
000000
000000
FFE000
FFF800
C01E00
C00600
C00300
C00300
C00180
C00180
C00180
C00180
C00180
C00180
C00180
C00380
C00300
C00300
C00600
C01E00
FFF800
FFE000
ENDCHAR
STARTCHAR 010F
ENCODING 271
SWIDTH 612 0
DWIDTH 17 0
BBX 16 20 1 0
BITMAP
001B
001B
0019
0019
001B
0F9A
3FD8
70F8
6038
E038
C018
C018
C018
C018
C018
E038
6038
7078
3FD8
0F98
ENDCHAR
STARTCHAR 0110
ENCODING 272
SWIDTH 720 0
DWIDTH 20 0
BBX 18 20 0 0
BITMAP
3FF800
3FFE00
300F00
300300
300180
300180
3000C0
3000C0
3000C0
FFC0C0
FFC0C0
3000C0
3000C0
3000C0
300180
300180
300300
300F00
3FFE00
3FF800
ENDCHAR
STARTCHAR 0111
ENCODING 273
SWIDTH 576 0
DWIDTH 16 0
BBX 15 20 1 0
BITMAP
0018
03FE
03FE
0018
0018
0F98
3FF8
70F8
6038
E038
C018
C018
C018
C018
C018
E038
6038
7078
3FD8
0F98
ENDCHAR
STARTCHAR 0112
ENCODING 274
SWIDTH 684 0
DWIDTH 19 0
BBX 15 24 2 0
BITMAP
0FF0
0FF0
0000
0000
FFFE
FFFE
C000
C000
C000
C000
C000
C000
C000
FFFC
FFFC
C000
C000
C000
C000
C000
C000
C000
FFFE
FFFE
ENDCHAR
STARTCHAR 0113
ENCODING 275
SWIDTH 540 0
DWIDTH 15 0
BBX 13 19 1 0
BITMAP
1FE0
1FE0
0000
0000
0F80
3FE0
7070
6030
C018
C018
FFF8
FFF8
C000
C000
E000
6018
7870
3FE0
0FC0
ENDCHAR
STARTCHAR 0114
ENCODING 276
SWIDTH 684 0
DWIDTH 19 0
BBX 15 26 2 0
BITMAP
1860
1CE0
0FC0
0780
0000
0000
FFFE
FFFE
C000
C000
C000
C000
C000
C000
C000
FFFC
FFFC
C000
C000
C000
C000
C000
C000
C000
FFFE
FFFE
ENDCHAR
STARTCHAR 0115
ENCODING 277
SWIDTH 540 0
DWIDTH 15 0
BBX 13 20 1 0
BITMAP
30C0
39C0
1F80
0F00
0000
0F80
3FE0
7070
6030
C018
C018
FFF8
FFF8
C000
C000
E000
6018
7870
3FE0
0FC0
ENDCHAR
STARTCHAR 0116
ENCODING 278
SWIDTH 684 0
DWIDTH 19 0
BBX 15 24 2 0
BITMAP
0180
0180
0000
0000
FFFE
FFFE
C000
C000
C000
C000
C000
C000
C000
FFFC
FFFC
C000
C000
C000
C000
C000
C000
C000
FFFE
FFFE
ENDCHAR
STARTCHAR 0117
ENCODING 279
SWIDTH 540 0
DWIDTH 15 0
BBX 13 18 1 0
BITMAP
0300
0300
0000
0F80
3FE0
7070
6030
C018
C018
FFF8
FFF8
C000
C000
E000
6018
7870
3FE0
0FC0
ENDCHAR
STARTCHAR 0118
ENCODING 280
SWIDTH 684 0
DWIDTH 19 0
BBX 15 26 2 -6
BITMAP
FFFE
FFFE
C000
C000
C000
C000
C000
C000
C000
FFFC
FFFC
C000
C000
C000
C000
C000
C000
C000
FFFE
FFFE
0020
0040
0040
0040
0060
003E
ENDCHAR
STARTCHAR 0119
ENCODING 281
SWIDTH 540 0
DWIDTH 15 0
BBX 13 21 1 -6
BITMAP
0F80
3FE0
7070
6030
C018
C018
FFF8
FFF8
C000
C000
E000
6018
7870
3FE0
0FC0
0200
0400
0400
0400
0600
03E0
ENDCHAR
STARTCHAR 011A
ENCODING 282
SWIDTH 684 0
DWIDTH 19 0
BBX 15 26 2 0
BITMAP
0660
0660
03C0
0180
0000
0000
FFFE
FFFE
C000
C000
C000
C000
C000
C000
C000
FFFC
FFFC
C000
C000
C000
C000
C000
C000
C000
FFFE
FFFE
ENDCHAR
STARTCHAR 011B
ENCODING 283
SWIDTH 540 0
DWIDTH 15 0
BBX 13 20 1 0
BITMAP
0CC0
0CC0
0780
0300
0000
0F80
3FE0
7070
6030
C018
C018
FFF8
FFF8
C000
C000
E000
6018
7870
3FE0
0FC0
ENDCHAR
STARTCHAR 011C
ENCODING 284
SWIDTH 792 0
DWIDTH 22 0
BBX 19 26 1 0
BITMAP
006000
00F000
019800
019800
000000
000000
01FC00
0FFF00
1E0780
3801C0
7000C0
600060
600000
C00000
C00000
C00000
C01FE0
C01FE0
C00060
E00060
600060
700060
3800E0
1E03C0
0FFF80
01FC00
ENDCHAR
STARTCHAR 011D
ENCODING 285
SWIDTH 576 0
DWIDTH 16 0
BBX 13 26 1 -6
BITMAP
0300
0780
0CC0
0CC0
0000
0F98
3FF8
7078
6038
E018
C018
C018
C018
C018
C018
E018
6038
7078
3FF8
0F98
0018
C018
C030
7070
7FE0
1F80
ENDCHAR
STARTCHAR 011E
ENCODING 286
SWIDTH 792 0
DWIDTH 22 0
BBX 19 26 1 0
BITMAP
030C00
039C00
01F800
00F000
000000
000000
01FC00
0FFF00
1E0780
3801C0
7000C0
600060
600000
C00000
C00000
C00000
C01FE0
C01FE0
C00060
E00060
600060
700060
3800E0
1E03C0
0FFF80
01FC00
ENDCHAR
STARTCHAR 011F
ENCODING 287
SWIDTH 576 0
DWIDTH 16 0
BBX 13 26 1 -6
BITMAP
1860
1CE0
0FC0
0780
0000
0F98
3FF8
7078
6038
E018
C018
C018
C018
C018
C018
E018
6038
7078
3FF8
0F98
0018
C018
C030
7070
7FE0
1F80
ENDCHAR
STARTCHAR 0120
ENCODING 288
SWIDTH 792 0
DWIDTH 22 0
BBX 19 24 1 0
BITMAP
006000
006000
000000
000000
01FC00
0FFF00
1E0780
3801C0
7000C0
600060
600000
C00000
C00000
C00000
C01FE0
C01FE0
C00060
E00060
600060
700060
3800E0
1E03C0
0FFF80
01FC00
ENDCHAR
STARTCHAR 0121
ENCODING 289
SWIDTH 576 0
DWIDTH 16 0
BBX 13 24 1 -6
BITMAP
0600
0600
0000
0F98
3FF8
7078
6038
E018
C018
C018
C018
C018
C018
E018
6038
7078
3FF8
0F98
0018
C018
C030
7070
7FE0
1F80
ENDCHAR
STARTCHAR 0122
ENCODING 290
SWIDTH 792 0
DWIDTH 22 0
BBX 19 26 1 -6
BITMAP
01FC00
0FFF00
1E0780
3801C0
7000C0
600060
600000
C00000
C00000
C00000
C01FE0
C01FE0
C00060
E00060
600060
700060
3800E0
1E03C0
0FFF80
01FC00
006000
00E000
001800
001800
01F800
01F000
ENDCHAR
STARTCHAR 0123
ENCODING 291
SWIDTH 576 0
DWIDTH 16 0
BBX 13 27 1 -6
BITMAP
0200
0600
0400
0600
0600
0000
0F98
3FF8
7078
6038
E038
C018
C018
C018
C018
C018
E038
6038
7078
3FF8
0F98
0018
C018
C030
7070
7FE0
1F80
ENDCHAR
STARTCHAR 0124
ENCODING 292
SWIDTH 720 0
DWIDTH 20 0
BBX 16 26 2 0
BITMAP
0180
03C0
0660
0660
0000
0000
C003
C003
C003
C003
C003
C003
C003
C003
C003
FFFF
FFFF
C003
C003
C003
C003
C003
C003
C003
C003
C003
ENDCHAR
STARTCHAR 0125
ENCODING 293
SWIDTH 576 0
DWIDTH 16 0
BBX 12 26 2 0
BITMAP
0300
0780
0CC0
0CC0
0000
0000
C000
C000
C000
C000
C000
CF80
FFE0
F060
E030
C030
C030
C030
C030
C030
C030
C030
C030
C030
C030
C030
ENDCHAR
STARTCHAR 0126
ENCODING 294
SWIDTH 720 0
DWIDTH 20 0
BBX 20 20 0 0
BITMAP
3000C0
3000C0
3000C0
FFFFF0
FFFFF0
3000C0
3000C0
3000C0
3000C0
3FFFC0
3FFFC0
3000C0
3000C0
3000C0
3000C0
3000C0
3000C0
3000C0
3000C0
3000C0
ENDCHAR
STARTCHAR 0127
ENCODING 295
SWIDTH 576 0
DWIDTH 16 0
BBX 14 20 0 0
BITMAP
3000
3000
FF80
FF80
3000
33E0
3FF8
3C18
380C
300C
300C
300C
300C
300C
300C
300C
300C
300C
300C
300C
ENDCHAR
STARTCHAR 0128
ENCODING 296
SWIDTH 288 0
DWIDTH 8 0
BBX 8 25 0 0
BITMAP
73
FF
CE
00
00
18
18
18
18
18
18
18
18
18
18
18
18
18
18
18
18
18
18
18
18
ENDCHAR
STARTCHAR 0129
ENCODING 297
SWIDTH 288 0
DWIDTH 8 0
BBX 8 19 0 0
BITMAP
73
FF
CE
00
18
18
18
18
18
18
18
18
18
18
18
18
18
18
18
ENDCHAR
STARTCHAR 012A
ENCODING 298
SWIDTH 288 0
DWIDTH 8 0
BBX 8 24 0 0
BITMAP
FF
FF
00
00
18
18
18
18
18
18
18
18
18
18
18
18
18
18
18
18
18
18
18
18
ENDCHAR
STARTCHAR 012B
ENCODING 299
SWIDTH 288 0
DWIDTH 8 0
BBX 8 19 0 0
BITMAP
FF
FF
00
00
18
18
18
18
18
18
18
18
18
18
18
18
18
18
18
ENDCHAR
STARTCHAR 012C
ENCODING 300
SWIDTH 288 0
DWIDTH 8 0
BBX 8 26 0 0
BITMAP
C3
E7
7E
3C
00
00
18
18
18
18
18
18
18
18
18
18
18
18
18
18
18
18
18
18
18
18
ENDCHAR
STARTCHAR 012D
ENCODING 301
SWIDTH 288 0
DWIDTH 8 0
BBX 8 20 0 0
BITMAP
C3
E7
7E
3C
00
18
18
18
18
18
18
18
18
18
18
18
18
18
18
18
ENDCHAR
STARTCHAR 012E
ENCODING 302
SWIDTH 288 0
DWIDTH 8 0
BBX 6 26 2 -6
BITMAP
60
60
60
60
60
60
60
60
60
60
60
60
60
60
60
60
60
60
60
60
40
C0
C0
E0
FC
78
ENDCHAR
STARTCHAR 012F
ENCODING 303
SWIDTH 216 0
DWIDTH 6 0
BBX 6 26 1 -6
BITMAP
60
60
00
00
00
60
60
60
60
60
60
60
60
60
60
60
60
60
60
60
40
C0
C0
E0
FC
78
ENDCHAR
STARTCHAR 0130
ENCODING 304
SWIDTH 288 0
DWIDTH 8 0
BBX 2 24 3 0
BITMAP
C0
C0
00
00
C0
C0
C0
C0
C0
C0
C0
C0
C0
C0
C0
C0
C0
C0
C0
C0
C0
C0
C0
C0
ENDCHAR
STARTCHAR 0131
ENCODING 305
SWIDTH 288 0
DWIDTH 8 0
BBX 2 15 3 0
BITMAP
C0
C0
C0
C0
C0
C0
C0
C0
C0
C0
C0
C0
C0
C0
C0
ENDCHAR
STARTCHAR 0132
ENCODING 306
SWIDTH 756 0
DWIDTH 21 0
BBX 15 20 3 0
BITMAP
C006
C006
C006
C006
C006
C006
C006
C006
C006
C006
C006
C006
C006
C006
CC06
CC06
CE06
C60C
C7FC
C1F0
ENDCHAR
STARTCHAR 0133
ENCODING 307
SWIDTH 432 0
DWIDTH 12 0
BBX 8 26 2 -6
BITMAP
C3
C3
00
00
00
C3
C3
C3
C3
C3
C3
C3
C3
C3
C3
C3
C3
C3
C3
C3
03
03
03
03
1E
1C
ENDCHAR
STARTCHAR 0134
ENCODING 308
SWIDTH 504 0
DWIDTH 14 0
BBX 13 26 1 0
BITMAP
0060
00F0
0198
0198
0000
0000
0060
0060
0060
0060
0060
0060
0060
0060
0060
0060
0060
0060
0060
0060
C060
C060
E060
60C0
7FC0
1F00
ENDCHAR
STARTCHAR 0135
ENCODING 309
SWIDTH 216 0
DWIDTH 6 0
BBX 7 26 -1 -6
BITMAP
18
3C
66
66
00
18
18
18
18
18
18
18
18
18
18
18
18
18
18
18
18
18
18
18
F0
E0
ENDCHAR
STARTCHAR 0136
ENCODING 310
SWIDTH 684 0
DWIDTH 19 0
BBX 16 27 2 -7
BITMAP
C00E
C01C
C038
C070
C0E0
C1C0
C380
C700
CF00
DF80
FB80
F1C0
E0E0
C070
C070
C038
C01C
C01C
C00E
C007
0000
0380
03C0
00C0
00C0
07C0
0780
ENDCHAR
STARTCHAR 0137
ENCODING 311
SWIDTH 504 0
DWIDTH 14 0
BBX 12 27 2 -7
BITMAP
C000
C000
C000
C000
C000
C070
C0E0
C1C0
C380
C700
CE00
FE00
FE00
E700
C380
C380
C1C0
C0C0
C0E0
C070
0000
0700
0780
0180
0180
0F80
0F00
ENDCHAR
STARTCHAR 0138
ENCODING 312
SWIDTH 504 0
DWIDTH 14 0
BBX 11 15 2 0
BITMAP
C0C0
C180
C300
C600
CC00
DC00
FC00
E600
C600
C300
C180
C180
C0C0
C0E0
C060
ENDCHAR
STARTCHAR 0139
ENCODING 313
SWIDTH 576 0
DWIDTH 16 0
BBX 13 26 2 0
BITMAP
0E00
1C00
1800
3000
0000
0000
C000
C000
C000
C000
C000
C000
C000
C000
C000
C000
C000
C000
C000
C000
C000
C000
C000
C000
FFF8
FFF8
ENDCHAR
STARTCHAR 013A
ENCODING 314
SWIDTH 216 0
DWIDTH 6 0
BBX 5 26 1 0
BITMAP
38
70
60
C0
00
00
60
60
60
60
60
60
60
60
60
60
60
60
60
60
60
60
60
60
60
60
ENDCHAR
STARTCHAR 013B
ENCODING 315
SWIDTH 576 0
DWIDTH 16 0
BBX 13 27 2 -7
BITMAP
C000
C000
C000
C000
C000
C000
C000
C000
C000
C000
C000
C000
C000
C000
C000
C000
C000
C000
FFF8
FFF8
0000
0700
0780
0180
0180
0F80
0F00
ENDCHAR
STARTCHAR 013C
ENCODING 316
SWIDTH 216 0
DWIDTH 6 0
BBX 5 27 1 -7
BITMAP
60
60
60
60
60
60
60
60
60
60
60
60
60
60
60
60
60
60
60
60
00
70
78
18
18
F8
F0
ENDCHAR
STARTCHAR 013D
ENCODING 317
SWIDTH 576 0
DWIDTH 16 0
BBX 12 20 3 0
BITMAP
C180
C180
C080
C080
C080
C100
C100
C000
C000
C000
C000
C000
C000
C000
C000
C000
C000
C000
FFF0
FFF0
ENDCHAR
STARTCHAR 013E
ENCODING 318
SWIDTH 288 0
DWIDTH 8 0
BBX 6 20 2 0
BITMAP
CC
CC
C4
C4
CC
C8
C0
C0
C0
C0
C0
C0
C0
C0
C0
C0
C0
C0
C0
C0
ENDCHAR
STARTCHAR 013F
ENCODING 319
SWIDTH 576 0
DWIDTH 16 0
BBX 13 20 2 0
BITMAP
C000
C000
C000
C000
C000
C000
C000
C000
C000
C000
C0C0
C0C0
C000
C000
C000
C000
C000
C000
FFF8
FFF8
ENDCHAR
STARTCHAR 0140
ENCODING 320
SWIDTH 324 0
DWIDTH 9 0
BBX 6 20 2 0
BITMAP
C0
C0
C0
C0
C0
C0
C0
C0
C0
CC
CC
C0
C0
C0
C0
C0
C0
C0
C0
C0
ENDCHAR
STARTCHAR 0141
ENCODING 321
SWIDTH 576 0
DWIDTH 16 0
BBX 15 20 0 0
BITMAP
3000
3000
3000
3000
3000
3080
3380
3700
3C00
3800
7000
F000
B000
3000
3000
3000
3000
3000
3FFE
3FFE
ENDCHAR
STARTCHAR 0142
ENCODING 322
SWIDTH 216 0
DWIDTH 6 0
BBX 6 20 0 0
BITMAP
30
30
30
30
30
30
30
34
3C
38
70
F0
B0
30
30
30
30
30
30
30
ENDCHAR
STARTCHAR 0143
ENCODING 323
SWIDTH 720 0
DWIDTH 20 0
BBX 16 26 2 0
BITMAP
0070
00E0
00C0
0180
0000
0000
E003
E003
F003
F803
D803
CC03
C603
C603
C303
C183
C183
C0C3
C063
C063
C033
C01B
C01F
C00F
C007
C007
ENDCHAR
STARTCHAR 0144
ENCODING 324
SWIDTH 576 0
DWIDTH 16 0
BBX 12 20 2 0
BITMAP
01C0
0380
0300
0600
0000
CF80
DFE0
F060
E030
C030
C030
C030
C030
C030
C030
C030
C030
C030
C030
C030
ENDCHAR
STARTCHAR 0145
ENCODING 325
SWIDTH 720 0
DWIDTH 20 0
BBX 16 27 2 -7
BITMAP
E003
E003
F003
F803
D803
CC03
C603
C603
C303
C183
C183
C0C3
C063
C063
C033
C01B
C01F
C00F
C007
C007
0000
01C0
01E0
0060
0060
03E0
03C0
ENDCHAR
STARTCHAR 0146
ENCODING 326
SWIDTH 576 0
DWIDTH 16 0
BBX 12 22 2 -7
BITMAP
CF80
DFE0
F060
E030
C030
C030
C030
C030
C030
C030
C030
C030
C030
C030
C030
0000
0E00
0F00
0300
0300
1F00
1E00
ENDCHAR
STARTCHAR 0147
ENCODING 327
SWIDTH 720 0
DWIDTH 20 0
BBX 16 26 2 0
BITMAP
0660
0660
03C0
0180
0000
0000
E003
E003
F003
F803
D803
CC03
C603
C603
C303
C183
C183
C0C3
C063
C063
C033
C01B
C01F
C00F
C007
C007
ENDCHAR
STARTCHAR 0148
ENCODING 328
SWIDTH 576 0
DWIDTH 16 0
BBX 12 20 2 0
BITMAP
1980
1980
0F00
0600
0000
CF80
DFE0
F060
E030
C030
C030
C030
C030
C030
C030
C030
C030
C030
C030
C030
ENDCHAR
STARTCHAR 0149
ENCODING 329
SWIDTH 612 0
DWIDTH 17 0
BBX 15 20 0 0
BITMAP
C000
C000
4000
4000
4000
D9F0
9BFC
1E0C
1C06
1806
1806
1806
1806
1806
1806
1806
1806
1806
1806
1806
ENDCHAR
STARTCHAR 014A
ENCODING 330
SWIDTH 720 0
DWIDTH 20 0
BBX 16 20 2 0
BITMAP
C7E0
DFF8
F81C
F00E
E006
C007
C003
C003
C003
C003
C003
C003
C003
C003
C007
C006
C006
C08C
C1FC
C0F0
ENDCHAR
STARTCHAR 014B
ENCODING 331
SWIDTH 576 0
DWIDTH 16 0
BBX 12 21 2 -6
BITMAP
CF80
DFE0
F870
E030
E030
C030
C030
C030
C030
C030
C030
C030
C030
C030
C030
0030
0030
0030
0030
01E0
01E0
ENDCHAR
STARTCHAR 014C
ENCODING 332
SWIDTH 792 0
DWIDTH 22 0
BBX 20 24 1 0
BITMAP
03FC00
03FC00
000000
000000
01F800
0FFF00
1E0780
3801C0
7000E0
600060
E00060
C00030
C00030
C00030
C00030
C00030
C00030
600060
600060
7000E0
3801C0
1E0780
0FFF00
01F800
ENDCHAR
STARTCHAR 014D
ENCODING 333
SWIDTH 540 0
DWIDTH 15 0
BBX 13 19 1 0
BITMAP
3FC0
3FC0
0000
0000
0F80
3FE0
7070
6030
E038
C018
C018
C018
C018
C018
E038
6030
7070
3FE0
0F80
ENDCHAR
STARTCHAR 014E
ENCODING 334
SWIDTH 792 0
DWIDTH 22 0
BBX 20 26 1 0
BITMAP
030C00
039C00
01F800
00F000
000000
000000
01F800
0FFF00
1E0780
3801C0
7000E0
600060
E00060
C00030
C00030
C00030
C00030
C00030
C00030
600060
600060
7000E0
3801C0
1E0780
0FFF00
01F800
ENDCHAR
STARTCHAR 014F
ENCODING 335
SWIDTH 540 0
DWIDTH 15 0
BBX 13 20 1 0
BITMAP
1860
1CE0
0FC0
0780
0000
0F80
3FE0
7070
6030
E038
C018
C018
C018
C018
C018
E038
6030
7070
3FE0
0F80
ENDCHAR
STARTCHAR 0150
ENCODING 336
SWIDTH 792 0
DWIDTH 22 0
BBX 20 26 1 0
BITMAP
00C600
018C00
018C00
031800
000000
000000
01F800
0FFF00
1E0780
3801C0
7000E0
600060
E00060
C00030
C00030
C00030
C00030
C00030
C00030
600060
600060
7000E0
3801C0
1E0780
0FFF00
01F800
ENDCHAR
STARTCHAR 0151
ENCODING 337
SWIDTH 540 0
DWIDTH 15 0
BBX 13 20 1 0
BITMAP
0C60
18C0
18C0
3180
0000
0F80
3FE0
7070
6030
E038
C018
C018
C018
C018
C018
E038
6030
7070
3FE0
0F80
ENDCHAR
STARTCHAR 0152
ENCODING 338
SWIDTH 1008 0
DWIDTH 28 0
BBX 26 20 1 0
BITMAP
03F1FFC0
0FFDFFC0
3C1F8000
30078000
60038000
60038000
C0018000
C0018000
C0018000
C001FF80
C001FF80
C0018000
C0018000
C0018000
60038000
60038000
30078000
1C1F8000
0FFDFFC0
03F1FFC0
ENDCHAR
STARTCHAR 0153
ENCODING 339
SWIDTH 936 0
DWIDTH 26 0
BBX 24 15 1 0
BITMAP
0F81F0
3FE7FC
70FE0E
603C06
E03803
C01803
C01FFF
C01FFF
C01800
C01800
E03C03
603C06
70FF0E
3FE7FC
0F81F0
ENDCHAR
STARTCHAR 0154
ENCODING 340
SWIDTH 720 0
DWIDTH 20 0
BBX 16 26 2 0
BITMAP
01C0
0380
0300
0600
0000
0000
FFF8
FFFC
C00E
C007
C003
C003
C003
C007
C00E
FFFC
FFF0
C0E0
C060
C030
C038
C01C
C00C
C006
C007
C003
ENDCHAR
STARTCHAR 0155
ENCODING 341
SWIDTH 324 0
DWIDTH 9 0
BBX 7 20 2 0
BITMAP
1C
38
30
60
00
DE
FE
E0
E0
C0
C0
C0
C0
C0
C0
C0
C0
C0
C0
C0
ENDCHAR
STARTCHAR 0156
ENCODING 342
SWIDTH 720 0
DWIDTH 20 0
BBX 16 27 2 -7
BITMAP
FFF8
FFFC
C00E
C007
C003
C003
C003
C007
C00E
FFFC
FFF0
C0E0
C060
C030
C038
C01C
C00C
C006
C007
C003
0000
01C0
01E0
0060
0060
03E0
03C0
ENDCHAR
STARTCHAR 0157
ENCODING 343
SWIDTH 324 0
DWIDTH 9 0
BBX 7 22 2 -7
BITMAP
DE
FE
E0
E0
C0
C0
C0
C0
C0
C0
C0
C0
C0
C0
C0
00
70
78
18
18
F8
F0
ENDCHAR
STARTCHAR 0158
ENCODING 344
SWIDTH 720 0
DWIDTH 20 0
BBX 16 26 2 0
BITMAP
0CC0
0CC0
0780
0300
0000
0000
FFF8
FFFC
C00E
C007
C003
C003
C003
C007
C00E
FFFC
FFF0
C0E0
C060
C030
C038
C01C
C00C
C006
C007
C003
ENDCHAR
STARTCHAR 0159
ENCODING 345
SWIDTH 324 0
DWIDTH 9 0
BBX 7 20 2 0
BITMAP
CC
CC
78
30
00
DE
FE
E0
E0
C0
C0
C0
C0
C0
C0
C0
C0
C0
C0
C0
ENDCHAR
STARTCHAR 015A
ENCODING 346
SWIDTH 684 0
DWIDTH 19 0
BBX 16 26 1 0
BITMAP
00E0
01C0
0180
0300
0000
0000
07F0
1FFC
381E
7006
6003
6003
7000
7C00
3FC0
1FF8
03FE
001E
0007
C003
C003
E003
7006
3C1E
1FFC
07F0
ENDCHAR
STARTCHAR 015B
ENCODING 347
SWIDTH 504 0
DWIDTH 14 0
BBX 12 20 1 0
BITMAP
0700
0E00
0C00
1800
0000
1F00
7FC0
E0E0
C060
C000
F000
7F00
3FC0
07E0
0070
C030
E030
7060
3FE0
1F80
ENDCHAR
STARTCHAR 015C
ENCODING 348
SWIDTH 684 0
DWIDTH 19 0
BBX 16 26 1 0
BITMAP
00C0
01E0
0330
0330
0000
0000
07F0
1FFC
381E
7006
6003
6003
7000
7C00
3FC0
1FF8
03FE
001E
0007
C003
C003
E003
7006
3C1E
1FFC
07F0
ENDCHAR
STARTCHAR 015D
ENCODING 349
SWIDTH 504 0
DWIDTH 14 0
BBX 12 20 1 0
BITMAP
0600
0F00
1980
1980
0000
1F00
7FC0
E0E0
C060
C000
F000
7F00
3FC0
07E0
0070
C030
E030
7060
3FE0
1F80
ENDCHAR
STARTCHAR 015E
ENCODING 350
SWIDTH 684 0
DWIDTH 19 0
BBX 16 26 1 -6
BITMAP
07F0
1FFC
381E
7006
6003
6003
7000
7C00
3FC0
1FF8
03FE
001E
0007
C003
C003
E003
7006
3C1E
1FFC
07F0
0180
0380
0060
0060
07E0
07C0
ENDCHAR
STARTCHAR 015F
ENCODING 351
SWIDTH 504 0
DWIDTH 14 0
BBX 12 21 1 -6
BITMAP
1F00
7FC0
E0E0
C060
C000
F000
7F00
3FC0
07E0
0070
C030
E030
7060
3FE0
1F80
0600
0E00
0180
0180
1F80
1F00
ENDCHAR
STARTCHAR 0160
ENCODING 352
SWIDTH 684 0
DWIDTH 19 0
BBX 16 26 1 0
BITMAP
0330
0330
01E0
00C0
0000
0000
07F0
1FFC
381E
7006
6003
6003
7000
7C00
3FC0
1FF8
03FE
001E
0007
C003
C003
E003
7006
3C1E
1FFC
07F0
ENDCHAR
STARTCHAR 0161
ENCODING 353
SWIDTH 504 0
DWIDTH 14 0
BBX 12 20 1 0
BITMAP
1980
1980
0F00
0600
0000
1F00
7FC0
E0E0
C060
C000
F000
7F00
3FC0
07E0
0070
C030
E030
7060
3FE0
1F80
ENDCHAR
STARTCHAR 0162
ENCODING 354
SWIDTH 576 0
DWIDTH 16 0
BBX 16 28 0 -8
BITMAP
FFFF
FFFF
0180
0180
0180
0180
0180
0180
0180
0180
0180
0180
0180
0180
0180
0180
0180
0180
0180
0180
0000
0000
0180
0180
0080
0080
0180
0100
ENDCHAR
STARTCHAR 0163
ENCODING 355
SWIDTH 252 0
DWIDTH 7 0
BBX 7 27 0 -7
BITMAP
10
30
30
30
30
FE
FE
30
30
30
30
30
30
30
30
30
30
30
3E
1E
00
0C
0C
04
04
0C
08
ENDCHAR
STARTCHAR 0164
ENCODING 356
SWIDTH 576 0
DWIDTH 16 0
BBX 16 26 0 0
BITMAP
0660
0660
03C0
0180
0000
0000
FFFF
FFFF
0180
0180
0180
0180
0180
0180
0180
0180
0180
0180
0180
0180
0180
0180
0180
0180
0180
0180
ENDCHAR
STARTCHAR 0165
ENCODING 357
SWIDTH 396 0
DWIDTH 11 0
BBX 11 20 0 0
BITMAP
1060
3060
3060
3020
3020
FC40
FC00
3000
3000
3000
3000
3000
3000
3000
3000
3000
3000
3000
3C00
1C00
ENDCHAR
STARTCHAR 0166
ENCODING 358
SWIDTH 612 0
DWIDTH 17 0
BBX 16 20 0 0
BITMAP
FFFF
FFFF
0180
0180
0180
0180
0180
0180
0180
0180
3FFC
3FFC
0180
0180
0180
0180
0180
0180
0180
0180
ENDCHAR
STARTCHAR 0167
ENCODING 359
SWIDTH 288 0
DWIDTH 8 0
BBX 7 19 0 1
BITMAP
10
30
30
30
FE
FE
30
30
30
30
FE
FE
30
30
30
30
30
3E
1E
ENDCHAR
STARTCHAR 0168
ENCODING 360
SWIDTH 720 0
DWIDTH 20 0
BBX 16 25 2 0
BITMAP
0730
0FF0
0CE0
0000
0000
C003
C003
C003
C003
C003
C003
C003
C003
C003
C003
C003
C003
C003
C003
C003
E007
6006
781C
3FF8
07E0
ENDCHAR
STARTCHAR 0169
ENCODING 361
SWIDTH 576 0
DWIDTH 16 0
BBX 12 19 2 0
BITMAP
1CC0
3FC0
3380
0000
C030
C030
C030
C030
C030
C030
C030
C030
C030
C030
C030
C070
60F0
7FB0
1F30
ENDCHAR
STARTCHAR 016A
ENCODING 362
SWIDTH 720 0
DWIDTH 20 0
BBX 16 24 2 0
BITMAP
1FE0
1FE0
0000
0000
C003
C003
C003
C003
C003
C003
C003
C003
C003
C003
C003
C003
C003
C003
C003
E007
6006
781C
3FF8
07E0
ENDCHAR
STARTCHAR 016B
ENCODING 363
SWIDTH 576 0
DWIDTH 16 0
BBX 12 19 2 0
BITMAP
3FC0
3FC0
0000
0000
C030
C030
C030
C030
C030
C030
C030
C030
C030
C030
C030
C070
60F0
7FB0
1F30
ENDCHAR
STARTCHAR 016C
ENCODING 364
SWIDTH 720 0
DWIDTH 20 0
BBX 16 26 2 0
BITMAP
0C30
0E70
07E0
03C0
0000
0000
C003
C003
C003
C003
C003
C003
C003
C003
C003
C003
C003
C003
C003
C003
C003
E007
6006
781C
3FF8
07E0
ENDCHAR
STARTCHAR 016D
ENCODING 365
SWIDTH 576 0
DWIDTH 16 0
BBX 12 20 2 0
BITMAP
6180
7380
3F00
1E00
0000
C030
C030
C030
C030
C030
C030
C030
C030
C030
C030
C030
C070
60F0
7FB0
1F30
ENDCHAR
STARTCHAR 016E
ENCODING 366
SWIDTH 720 0
DWIDTH 20 0
BBX 16 26 2 0
BITMAP
01C0
0220
0220
0220
01C0
0000
C003
C003
C003
C003
C003
C003
C003
C003
C003
C003
C003
C003
C003
C003
C003
E007
6006
781C
3FF8
07E0
ENDCHAR
STARTCHAR 016F
ENCODING 367
SWIDTH 576 0
DWIDTH 16 0
BBX 12 21 2 0
BITMAP
0E00
1100
1100
1100
0E00
0000
C030
C030
C030
C030
C030
C030
C030
C030
C030
C030
C030
C070
60F0
7FB0
1F30
ENDCHAR
STARTCHAR 0170
ENCODING 368
SWIDTH 720 0
DWIDTH 20 0
BBX 16 26 2 0
BITMAP
0318
0630
0630
0C60
0000
0000
C003
C003
C003
C003
C003
C003
C003
C003
C003
C003
C003
C003
C003
C003
C003
E007
6006
781C
3FF8
07E0
ENDCHAR
STARTCHAR 0171
ENCODING 369
SWIDTH 576 0
DWIDTH 16 0
BBX 12 20 2 0
BITMAP
0C60
18C0
18C0
3180
0000
C030
C030
C030
C030
C030
C030
C030
C030
C030
C030
C030
C070
60F0
7FB0
1F30
ENDCHAR
STARTCHAR 0172
ENCODING 370
SWIDTH 720 0
DWIDTH 20 0
BBX 16 26 2 -6
BITMAP
C003
C003
C003
C003
C003
C003
C003
C003
C003
C003
C003
C003
C003
C003
C003
E007
6006
781E
3FFC
0FF0
0180
0180
0180
01C8
01F8
00F0
ENDCHAR
STARTCHAR 0173
ENCODING 371
SWIDTH 576 0
DWIDTH 16 0
BBX 15 21 2 -6
BITMAP
C030
C030
C030
C030
C030
C030
C030
C030
C030
C030
C030
C070
E0F0
7FB0
1F30
0030
0030
0030
0032
003E
001C
ENDCHAR
STARTCHAR 0174
ENCODING 372
SWIDTH 1008 0
DWIDTH 28 0
BBX 27 26 0 0
BITMAP
00060000
000F0000
00198000
00198000
00000000
00000000
C00E0060
C00E0060
601B00C0
601B00C0
601B00C0
603180C0
30318180
30318180
3070C180
3860C380
1860C300
18E06300
18C06300
1CC06700
0DC07600
0D803600
0D803600
07803C00
07001C00
07001C00
ENDCHAR
STARTCHAR 0175
ENCODING 373
SWIDTH 684 0
DWIDTH 19 0
BBX 19 20 0 0
BITMAP
006000
00F000
019800
019800
000000
C06060
C0E060
C0E060
60A0C0
61B0C0
61B1C0
31B180
311180
3B1B80
1B1B00
1B1B00
0A0B00
0E0E00
0E0E00
040400
ENDCHAR
STARTCHAR 0176
ENCODING 374
SWIDTH 648 0
DWIDTH 18 0
BBX 18 26 0 0
BITMAP
00C000
01E000
033000
033000
000000
000000
C001C0
600380
300300
380700
1C0E00
0C1C00
061C00
073800
033000
01E000
01E000
00C000
00C000
00C000
00C000
00C000
00C000
00C000
00C000
00C000
ENDCHAR
STARTCHAR 0177
ENCODING 375
SWIDTH 468 0
DWIDTH 13 0
BBX 13 26 0 -6
BITMAP
0600
0F00
1980
1980
0000
C018
C038
6030
6030
6060
3060
30E0
30C0
18C0
1980
1980
0F80
0F00
0F00
0600
0600
0600
0C00
0C00
3C00
3800
ENDCHAR
STARTCHAR 0178
ENCODING 376
SWIDTH 648 0
DWIDTH 18 0
BBX 18 24 0 0
BITMAP
033000
033000
000000
000000
C001C0
600380
300300
380700
1C0E00
0C1C00
061C00
073800
033000
01E000
01E000
00C000
00C000
00C000
00C000
00C000
00C000
00C000
00C000
00C000
ENDCHAR
STARTCHAR 0179
ENCODING 377
SWIDTH 612 0
DWIDTH 17 0
BBX 16 26 0 0
BITMAP
00E0
01C0
0180
0300
0000
0000
7FFE
7FFE
000C
0018
0038
0030
0060
00C0
01C0
0180
0300
0700
0600
0C00
1800
3800
3000
6000
FFFF
FFFF
ENDCHAR
STARTCHAR 017A
ENCODING 378
SWIDTH 504 0
DWIDTH 14 0
BBX 13 20 0 0
BITMAP
01C0
0380
0300
0600
0000
7FF8
7FF8
0030
0070
00E0
01C0
0380
0700
0E00
1C00
3800
7000
6000
FFF8
FFF8
ENDCHAR
STARTCHAR 017B
ENCODING 379
SWIDTH 612 0
DWIDTH 17 0
BBX 16 24 0 0
BITMAP
0180
0180
0000
0000
7FFE
7FFE
000C
0018
0038
0030
0060
00C0
01C0
0180
0300
0700
0600
0C00
1800
3800
3000
6000
FFFF
FFFF
ENDCHAR
STARTCHAR 017C
ENCODING 380
SWIDTH 504 0
DWIDTH 14 0
BBX 13 18 0 0
BITMAP
0300
0300
0000
7FF8
7FF8
0030
0070
00E0
01C0
0380
0700
0E00
1C00
3800
7000
6000
FFF8
FFF8
ENDCHAR
STARTCHAR 017D
ENCODING 381
SWIDTH 612 0
DWIDTH 17 0
BBX 16 26 0 0
BITMAP
0660
0660
03C0
0180
0000
0000
7FFE
7FFE
000C
0018
0038
0030
0060
00C0
01C0
0180
0300
0700
0600
0C00
1800
3800
3000
6000
FFFF
FFFF
ENDCHAR
STARTCHAR 017E
ENCODING 382
SWIDTH 504 0
DWIDTH 14 0
BBX 13 20 0 0
BITMAP
0CC0
0CC0
0780
0300
0000
7FF8
7FF8
0030
0070
00E0
01C0
0380
0700
0E00
1C00
3800
7000
6000
FFF8
FFF8
ENDCHAR
STARTCHAR 017F
ENCODING 383
SWIDTH 216 0
DWIDTH 6 0
BBX 6 20 2 0
BITMAP
3C
7C
E0
C0
C0
C0
C0
C0
C0
C0
C0
C0
C0
C0
C0
C0
C0
C0
C0
C0
ENDCHAR
STARTCHAR 018F
ENCODING 399
SWIDTH 756 0
DWIDTH 21 0
BBX 19 20 1 0
BITMAP
03F800
0FFE00
1C0700
380180
7000C0
2000C0
000060
000060
FFFFE0
FFFFE0
C00060
C00060
C00060
6000E0
6000C0
7001C0
380380
1E0F00
0FFE00
03F800
ENDCHAR
STARTCHAR 0192
ENCODING 402
SWIDTH 576 0
DWIDTH 16 0
BBX 14 26 1 -6
BITMAP
007C
01FC
0180
0180
0380
1FF0
1FF0
0300
0300
0300
0600
0600
0600
0600
0600
0E00
0C00
0C00
0C00
0C00
0C00
1800
1800
1800
F800
F000
ENDCHAR
STARTCHAR 01A0
ENCODING 416
SWIDTH 864 0
DWIDTH 24 0
BBX 22 20 1 0
BITMAP
01FC0C
0FFF0C
1E0784
3801C4
7000E4
600068
600070
C00030
C00030
C00030
C00030
C00030
C00030
600060
600060
7000E0
3801C0
1E0780
0FFF00
01F800
ENDCHAR
STARTCHAR 01A1
ENCODING 417
SWIDTH 648 0
DWIDTH 18 0
BBX 16 15 1 0
BITMAP
0FC3
3FF3
7879
6019
E01D
C00E
C00E
C00C
C00C
C00C
E01C
6018
7878
3FF0
0FC0
ENDCHAR
STARTCHAR 01AF
ENCODING 431
SWIDTH 864 0
DWIDTH 24 0
BBX 20 20 2 0
BITMAP
C00330
C00330
C00310
C00310
C00310
C00360
C003C0
C00300
C00300
C00300
C00300
C00300
C00300
C00300
C00300
E00600
600600
781C00
3FF800
0FE000
ENDCHAR
STARTCHAR 01B0
ENCODING 432
SWIDTH 684 0
DWIDTH 19 0
BBX 16 15 2 0
BITMAP
C033
C033
C031
C031
C033
C036
C03C
C030
C030
C030
C030
C070
60F0
7FB0
1F30
ENDCHAR
STARTCHAR 01CD
ENCODING 461
SWIDTH 684 0
DWIDTH 19 0
BBX 17 26 1 0
BITMAP
066000
066000
03C000
018000
000000
000000
01C000
01C000
036000
036000
077000
063000
063000
0E3800
0C1800
0C1800
180C00
180C00
1FFC00
3FFE00
300600
700700
600300
600300
C00180
C00180
ENDCHAR
STARTCHAR 01CE
ENCODING 462
SWIDTH 540 0
DWIDTH 15 0
BBX 13 21 1 0
BITMAP
0CC0
0CC0
0780
0300
0000
0000
1FC0
7FE0
7070
C030
0030
00F0
1FF0
7F30
6030
C030
C030
C070
E1F0
7FB0
3F18
ENDCHAR
STARTCHAR 01CF
ENCODING 463
SWIDTH 288 0
DWIDTH 8 0
BBX 6 26 1 0
BITMAP
CC
CC
78
30
00
00
30
30
30
30
30
30
30
30
30
30
30
30
30
30
30
30
30
30
30
30
ENDCHAR
STARTCHAR 01D0
ENCODING 464
SWIDTH 216 0
DWIDTH 6 0
BBX 6 21 0 0
BITMAP
CC
CC
78
30
00
00
30
30
30
30
30
30
30
30
30
30
30
30
30
30
30
ENDCHAR
STARTCHAR 01D1
ENCODING 465
SWIDTH 792 0
DWIDTH 22 0
BBX 20 26 1 0
BITMAP
019800
019800
00F000
006000
000000
000000
01F800
0FFF00
1E0780
3801C0
7000E0
600060
E00060
C00030
C00030
C00030
C00030
C00030
C00030
600060
600060
7000E0
3801C0
1E0780
0FFF00
01F800
ENDCHAR
STARTCHAR 01D2
ENCODING 466
SWIDTH 540 0
DWIDTH 15 0
BBX 13 21 1 0
BITMAP
0CC0
0CC0
0780
0300
0000
0000
0F80
3FE0
7070
6030
E038
C018
C018
C018
C018
C018
E038
6030
7070
3FE0
0F80
ENDCHAR
STARTCHAR 01D3
ENCODING 467
SWIDTH 720 0
DWIDTH 20 0
BBX 16 26 2 0
BITMAP
0660
0660
03C0
0180
0000
0000
C003
C003
C003
C003
C003
C003
C003
C003
C003
C003
C003
C003
C003
C003
C003
E007
6006
781C
3FF8
07E0
ENDCHAR
STARTCHAR 01D4
ENCODING 468
SWIDTH 576 0
DWIDTH 16 0
BBX 12 21 2 0
BITMAP
1980
1980
0F00
0600
0000
0000
C030
C030
C030
C030
C030
C030
C030
C030
C030
C030
C030
C070
60F0
7FB0
1F30
ENDCHAR
STARTCHAR 01D5
ENCODING 469
SWIDTH 720 0
DWIDTH 20 0
BBX 16 26 2 0
BITMAP
07F0
07F0
0000
0630
0630
0000
C003
C003
C003
C003
C003
C003
C003
C003
C003
C003
C003
C003
C003
C003
C003
E007
6006
781C
3FF8
07E0
ENDCHAR
STARTCHAR 01D6
ENCODING 470
SWIDTH 576 0
DWIDTH 16 0
BBX 12 24 2 0
BITMAP
3FC0
3FC0
0000
0000
0000
0000
1980
1980
0000
C030
C030
C030
C030
C030
C030
C030
C030
C030
C030
C030
C070
60F0
7FB0
1F30
ENDCHAR
STARTCHAR 01D7
ENCODING 471
SWIDTH 720 0
DWIDTH 20 0
BBX 16 26 2 0
BITMAP
0060
00C0
0630
0630
0000
0000
C003
C003
C003
C003
C003
C003
C003
C003
C003
C003
C003
C003
C003
C003
C003
E007
6006
781C
3FF8
07E0
ENDCHAR
STARTCHAR 01D8
ENCODING 472
SWIDTH 576 0
DWIDTH 16 0
BBX 12 25 2 0
BITMAP
01C0
0380
0300
0600
0000
0000
0000
1980
1980
0000
C030
C030
C030
C030
C030
C030
C030
C030
C030
C030
C030
C070
60F0
7FB0
1F30
ENDCHAR
STARTCHAR 01D9
ENCODING 473
SWIDTH 720 0
DWIDTH 20 0
BBX 16 26 2 0
BITMAP
0360
01C0
0630
0630
0000
0000
C003
C003
C003
C003
C003
C003
C003
C003
C003
C003
C003
C003
C003
C003
C003
E007
6006
781C
3FF8
07E0
ENDCHAR
STARTCHAR 01DA
ENCODING 474
SWIDTH 576 0
DWIDTH 16 0
BBX 12 25 2 0
BITMAP
1980
1980
0F00
0600
0000
0000
0000
1980
1980
0000
C030
C030
C030
C030
C030
C030
C030
C030
C030
C030
C030
C070
60F0
7FB0
1F30
ENDCHAR
STARTCHAR 01DB
ENCODING 475
SWIDTH 720 0
DWIDTH 20 0
BBX 16 26 2 0
BITMAP
0300
0180
0630
0630
0000
0000
C003
C003
C003
C003
C003
C003
C003
C003
C003
C003
C003
C003
C003
C003
C003
E007
6006
781C
3FF8
07E0
ENDCHAR
STARTCHAR 01DC
ENCODING 476
SWIDTH 576 0
DWIDTH 16 0
BBX 12 25 2 0
BITMAP
3800
1C00
0C00
0600
0000
0000
0000
1980
1980
0000
C030
C030
C030
C030
C030
C030
C030
C030
C030
C030
C030
C070
60F0
7FB0
1F30
ENDCHAR
STARTCHAR 01FA
ENCODING 506
SWIDTH 684 0
DWIDTH 19 0
BBX 17 28 1 0
BITMAP
007000
00E000
00C000
018000
01C000
022000
022000
022000
01C000
01C000
036000
036000
077000
063000
063000
0E3800
0C1800
0C1800
180C00
180C00
1FFC00
3FFE00
300600
700700
600300
600300
C00180
C00180
ENDCHAR
STARTCHAR 01FB
ENCODING 507
SWIDTH 540 0
DWIDTH 15 0
BBX 13 26 1 0
BITMAP
01C0
0380
0300
0600
0000
0700
0880
0880
0880
0700
0000
1FC0
7FE0
7070
C030
0030
00F0
1FF0
7F30
6030
C030
C030
C070
E1F0
7FB0
3F18
ENDCHAR
STARTCHAR 01FC
ENCODING 508
SWIDTH 1008 0
DWIDTH 28 0
BBX 27 26 -1 0
BITMAP
00038000
00070000
00060000
000C0000
00000000
00000000
003FFFE0
007FFFE0
00630000
00C30000
00C30000
01830000
01830000
03030000
03030000
0603FFC0
0E03FFC0
0C030000
1FFF0000
1FFF0000
38030000
30030000
60030000
60030000
C003FFE0
C003FFE0
ENDCHAR
STARTCHAR 01FD
ENCODING 509
SWIDTH 900 0
DWIDTH 25 0
BBX 23 20 1 0
BITMAP
000700
000E00
000C00
001800
000000
1FC3E0
7FEFF8
607C1C
C0380C
003006
00F006
1FFFFE
7F3FFE
703000
C03000
C03006
C0780C
E1FC1C
7FCFF8
3F03E0
ENDCHAR
STARTCHAR 01FE
ENCODING 510
SWIDTH 792 0
DWIDTH 22 0
BBX 20 27 1 -1
BITMAP
001C00
003800
003000
006000
000000
000000
01F830
0FFE60
1E07C0
3801C0
7003C0
600760
600E60
C01C30
C03830
C07030
C06030
C0C030
C18030
E30060
660060
7C00E0
3801C0
3E0780
6FFF00
E3F800
400000
ENDCHAR
STARTCHAR 01FF
ENCODING 511
SWIDTH 612 0
DWIDTH 17 0
BBX 13 21 2 -1
BITMAP
01C0
0380
0300
0600
0010
0FD8
3FF0
70F0
60F0
E1F8
C198
C318
C718
CE18
CC18
D838
F830
70F0
7FE0
DF80
4000
ENDCHAR
STARTCHAR 0259
ENCODING 601
SWIDTH 576 0
DWIDTH 16 0
BBX 14 15 1 0
BITMAP
0FC0
3FF0
7078
E018
C01C
000C
000C
FFFC
FFFC
C00C
C01C
6018
7070
3FE0
0FC0
ENDCHAR
STARTCHAR 02C6
ENCODING 710
SWIDTH 324 0
DWIDTH 9 0
BBX 6 4 1 16
BITMAP
30
78
CC
CC
ENDCHAR
STARTCHAR 02C7
ENCODING 711
SWIDTH 324 0
DWIDTH 9 0
BBX 6 4 1 16
BITMAP
CC
CC
78
30
ENDCHAR
STARTCHAR 02C9
ENCODING 713
SWIDTH 324 0
DWIDTH 9 0
BBX 8 2 0 17
BITMAP
FF
FF
ENDCHAR
STARTCHAR 02D8
ENCODING 728
SWIDTH 324 0
DWIDTH 9 0
BBX 8 4 0 16
BITMAP
C3
E7
7E
3C
ENDCHAR
STARTCHAR 02D9
ENCODING 729
SWIDTH 324 0
DWIDTH 9 0
BBX 2 2 3 17
BITMAP
C0
C0
ENDCHAR
STARTCHAR 02DA
ENCODING 730
SWIDTH 324 0
DWIDTH 9 0
BBX 5 5 2 15
BITMAP
70
88
88
88
70
ENDCHAR
STARTCHAR 02DB
ENCODING 731
SWIDTH 324 0
DWIDTH 9 0
BBX 6 6 2 -6
BITMAP
40
80
80
80
C0
7C
ENDCHAR
STARTCHAR 02DC
ENCODING 732
SWIDTH 288 0
DWIDTH 8 0
BBX 8 3 0 17
BITMAP
73
FF
CE
ENDCHAR
STARTCHAR 02DD
ENCODING 733
SWIDTH 324 0
DWIDTH 9 0
BBX 9 4 1 16
BITMAP
3180
6300
6300
C600
ENDCHAR
STARTCHAR 0300
ENCODING 768
SWIDTH 0 0
DWIDTH 0 0
BBX 5 4 -7 21
BITMAP
E0
70
30
18
ENDCHAR
STARTCHAR 0301
ENCODING 769
SWIDTH 0 0
DWIDTH 0 0
BBX 5 4 -5 21
BITMAP
38
70
60
C0
ENDCHAR
STARTCHAR 0303
ENCODING 771
SWIDTH 0 0
DWIDTH 0 0
BBX 10 3 -13 21
BITMAP
78C0
FFC0
C780
ENDCHAR
STARTCHAR 0309
ENCODING 777
SWIDTH 0 0
DWIDTH 0 0
BBX 6 5 -7 21
BITMAP
F8
0C
0C
38
30
ENDCHAR
STARTCHAR 0323
ENCODING 803
SWIDTH 0 0
DWIDTH 0 0
BBX 2 2 -10 -4
BITMAP
C0
C0
ENDCHAR
STARTCHAR 037E
ENCODING 894
SWIDTH 288 0
DWIDTH 8 0
BBX 2 20 3 -5
BITMAP
C0
C0
00
00
00
00
00
00
00
00
00
00
00
C0
C0
40
40
40
C0
80
ENDCHAR
STARTCHAR 0384
ENCODING 900
SWIDTH 324 0
DWIDTH 9 0
BBX 5 4 3 16
BITMAP
38
70
60
C0
ENDCHAR
STARTCHAR 0385
ENCODING 901
SWIDTH 324 0
DWIDTH 9 0
BBX 10 4 0 16
BITMAP
0600
0C00
CCC0
D8C0
ENDCHAR
STARTCHAR 0386
ENCODING 902
SWIDTH 684 0
DWIDTH 19 0
BBX 17 20 1 0
BITMAP
19C000
31C000
336000
636000
077000
063000
063000
0E3800
0C1800
0C1800
180C00
180C00
1FFC00
3FFE00
300600
700700
600300
600300
C00180
C00180
ENDCHAR
STARTCHAR 0387
ENCODING 903
SWIDTH 216 0
DWIDTH 6 0
BBX 2 2 2 13
BITMAP
C0
C0
ENDCHAR
STARTCHAR 0388
ENCODING 904
SWIDTH 792 0
DWIDTH 22 0
BBX 21 20 -1 0
BITMAP
33FFF8
63FFF8
630000
C30000
030000
030000
030000
030000
030000
03FFF0
03FFF0
030000
030000
030000
030000
030000
030000
030000
03FFF8
03FFF8
ENDCHAR
STARTCHAR 0389
ENCODING 905
SWIDTH 828 0
DWIDTH 23 0
BBX 21 20 -1 0
BITMAP
330018
630018
630018
C30018
030018
030018
030018
030018
030018
03FFF8
03FFF8
030018
030018
030018
030018
030018
030018
030018
030018
030018
ENDCHAR
STARTCHAR 038A
ENCODING 906
SWIDTH 396 0
DWIDTH 11 0
BBX 8 20 -1 0
BITMAP
33
63
63
C3
03
03
03
03
03
03
03
03
03
03
03
03
03
03
03
03
ENDCHAR
STARTCHAR 038C
ENCODING 908
SWIDTH 792 0
DWIDTH 22 0
BBX 22 20 -1 0
BITMAP
307E00
63FFC0
6781E0
CE0070
1C0038
180018
380018
30000C
30000C
30000C
30000C
30000C
30000C
18001C
180018
1C0038
0E0070
0781E0
03FFC0
007E00
ENDCHAR
STARTCHAR 038E
ENCODING 910
SWIDTH 828 0
DWIDTH 23 0
BBX 24 20 -1 0
BITMAP
330007
61800E
60C00C
C0E01C
006038
003030
003870
001860
000CC0
000FC0
000780
000300
000300
000300
000300
000300
000300
000300
000300
000300
ENDCHAR
STARTCHAR 038F
ENCODING 911
SWIDTH 756 0
DWIDTH 21 0
BBX 21 20 -1 0
BITMAP
307E00
61FF80
6381C0
C700E0
0E0070
0C0030
1C0038
180018
180018
180018
180018
180018
1C0018
0C0030
0E0030
060060
0300E0
03C3C0
1FE7F8
1FE7F8
ENDCHAR
STARTCHAR 0390
ENCODING 912
SWIDTH 216 0
DWIDTH 6 0
BBX 10 21 -2 0
BITMAP
0600
C4C0
CCC0
C8C0
0000
0000
0C00
0C00
0C00
0C00
0C00
0C00
0C00
0C00
0C00
0C00
0C00
0C00
0C00
0C00
0C00
ENDCHAR
STARTCHAR 0391
ENCODING 913
SWIDTH 684 0
DWIDTH 19 0
BBX 17 20 1 0
BITMAP
01C000
01C000
036000
036000
077000
063000
063000
0E3800
0C1800
0C1800
180C00
180C00
1FFC00
3FFE00
300600
700700
600300
600300
C00180
C00180
ENDCHAR
STARTCHAR 0392
ENCODING 914
SWIDTH 684 0
DWIDTH 19 0
BBX 16 20 2 0
BITMAP
FFE0
FFF8
C01C
C00E
C006
C006
C006
C00E
C01C
FFF8
FFFC
C00E
C007
C003
C003
C003
C007
C00E
FFFC
FFF0
ENDCHAR
STARTCHAR 0393
ENCODING 915
SWIDTH 540 0
DWIDTH 15 0
BBX 12 20 3 0
BITMAP
FFF0
FFF0
C000
C000
C000
C000
C000
C000
C000
C000
C000
C000
C000
C000
C000
C000
C000
C000
C000
C000
ENDCHAR
STARTCHAR 0394
ENCODING 916
SWIDTH 684 0
DWIDTH 19 0
BBX 17 20 1 0
BITMAP
01C000
01C000
036000
036000
077000
063000
063000
0C1800
0C1800
0C1C00
180C00
180C00
300600
300600
300600
600300
600300
C00180
FFFF80
FFFF80
ENDCHAR
STARTCHAR 0395
ENCODING 917
SWIDTH 684 0
DWIDTH 19 0
BBX 15 20 2 0
BITMAP
FFFE
FFFE
C000
C000
C000
C000
C000
C000
C000
FFFC
FFFC
C000
C000
C000
C000
C000
C000
C000
FFFE
FFFE
ENDCHAR
STARTCHAR 0396
ENCODING 918
SWIDTH 612 0
DWIDTH 17 0
BBX 16 20 0 0
BITMAP
7FFE
7FFE
000C
0018
0038
0030
0060
00C0
01C0
0180
0300
0700
0600
0C00
1800
3800
3000
6000
FFFF
FFFF
ENDCHAR
STARTCHAR 0397
ENCODING 919
SWIDTH 720 0
DWIDTH 20 0
BBX 16 20 2 0
BITMAP
C003
C003
C003
C003
C003
C003
C003
C003
C003
FFFF
FFFF
C003
C003
C003
C003
C003
C003
C003
C003
C003
ENDCHAR
STARTCHAR 0398
ENCODING 920
SWIDTH 792 0
DWIDTH 22 0
BBX 20 20 1 0
BITMAP
01F800
0FFF00
1E0780
3801C0
7000E0
600060
600060
C00030
C00030
CFFF30
CFFF30
C00030
C00030
600070
600060
7000E0
3801C0
1E0780
0FFF00
01F800
ENDCHAR
STARTCHAR 0399
ENCODING 921
SWIDTH 288 0
DWIDTH 8 0
BBX 2 20 3 0
BITMAP
C0
C0
C0
C0
C0
C0
C0
C0
C0
C0
C0
C0
C0
C0
C0
C0
C0
C0
C0
C0
ENDCHAR
STARTCHAR 039A
ENCODING 922
SWIDTH 684 0
DWIDTH 19 0
BBX 16 20 2 0
BITMAP
C00E
C01C
C038
C070
C0E0
C1C0
C380
C700
CF00
DF80
FB80
F1C0
E0E0
C070
C070
C038
C01C
C01C
C00E
C007
ENDCHAR
STARTCHAR 039B
ENCODING 923
SWIDTH 684 0
DWIDTH 19 0
BBX 17 20 1 0
BITMAP
01C000
01C000
036000
036000
077000
063000
063000
0C1800
0C1800
0C1800
180C00
180C00
300600
300600
300600
600300
600300
E00380
C00180
C00180
ENDCHAR
STARTCHAR 039C
ENCODING 924
SWIDTH 828 0
DWIDTH 23 0
BBX 17 20 3 0
BITMAP
E00380
F00780
F00780
F00780
D80D80
D80D80
D80D80
CC1980
CC1980
CC1980
CC3980
C63180
C63180
C63180
C36180
C36180
C36180
C1E180
C1C180
C1C180
ENDCHAR
STARTCHAR 039D
ENCODING 925
SWIDTH 720 0
DWIDTH 20 0
BBX 16 20 2 0
BITMAP
E003
E003
F003
F803
D803
CC03
C603
C603
C303
C183
C183
C0C3
C063
C063
C033
C01B
C01F
C00F
C007
C007
ENDCHAR
STARTCHAR 039E
ENCODING 926
SWIDTH 648 0
DWIDTH 18 0
BBX 14 20 2 0
BITMAP
FFFC
FFFC
0000
0000
0000
0000
0000
0000
0000
3FF0
3FF0
0000
0000
0000
0000
0000
0000
0000
FFFC
FFFC
ENDCHAR
STARTCHAR 039F
ENCODING 927
SWIDTH 792 0
DWIDTH 22 0
BBX 20 20 1 0
BITMAP
01F800
0FFF00
1E0780
3801C0
7000E0
600060
E00060
C00030
C00030
C00030
C00030
C00030
C00030
600060
600060
7000E0
3801C0
1E0780
0FFF00
01F800
ENDCHAR
STARTCHAR 03A0
ENCODING 928
SWIDTH 720 0
DWIDTH 20 0
BBX 16 20 2 0
BITMAP
FFFF
FFFF
C003
C003
C003
C003
C003
C003
C003
C003
C003
C003
C003
C003
C003
C003
C003
C003
C003
C003
ENDCHAR
STARTCHAR 03A1
ENCODING 929
SWIDTH 684 0
DWIDTH 19 0
BBX 16 20 2 0
BITMAP
FFF0
FFFC
C00E
C007
C003
C003
C003
C003
C006
C00E
FFFC
FFF0
C000
C000
C000
C000
C000
C000
C000
C000
ENDCHAR
STARTCHAR 03A3
ENCODING 931
SWIDTH 612 0
DWIDTH 17 0
BBX 14 20 2 0
BITMAP
FFF8
FFF8
C000
6000
3000
1800
0C00
0600
0300
0180
0180
0300
0600
0C00
1800
3000
6000
C000
FFFC
FFFC
ENDCHAR
STARTCHAR 03A4
ENCODING 932
SWIDTH 576 0
DWIDTH 16 0
BBX 16 20 0 0
BITMAP
FFFF
FFFF
0180
0180
0180
0180
0180
0180
0180
0180
0180
0180
0180
0180
0180
0180
0180
0180
0180
0180
ENDCHAR
STARTCHAR 03A5
ENCODING 933
SWIDTH 648 0
DWIDTH 18 0
BBX 18 20 0 0
BITMAP
C001C0
600380
300300
380700
1C0E00
0C1C00
061C00
073800
033000
01E000
01E000
00C000
00C000
00C000
00C000
00C000
00C000
00C000
00C000
00C000
ENDCHAR
STARTCHAR 03A6
ENCODING 934
SWIDTH 792 0
DWIDTH 22 0
BBX 20 20 1 0
BITMAP
006000
006000
006000
03FE00
1FFF80
3C63C0
7060E0
606060
C06030
C06030
C06030
C06030
E06070
7060E0
3C63C0
1FFF80
03FC00
006000
006000
006000
ENDCHAR
STARTCHAR 03A7
ENCODING 935
SWIDTH 684 0
DWIDTH 19 0
BBX 19 20 0 0
BITMAP
7001C0
380380
1C0700
0C0600
060C00
071C00
03B800
01B000
00E000
00E000
00F000
01B000
031800
071C00
0E0E00
0C0600
180300
380380
7001C0
E000E0
ENDCHAR
STARTCHAR 03A8
ENCODING 936
SWIDTH 792 0
DWIDTH 22 0
BBX 18 20 2 0
BITMAP
C0C0C0
C0C0C0
C0C0C0
C0C0C0
C0C0C0
C0C0C0
C0C0C0
C0C0C0
C0C0C0
60C180
70C380
38C700
1FFE00
07F800
00C000
00C000
00C000
00C000
00C000
00C000
ENDCHAR
STARTCHAR 03A9
ENCODING 937
SWIDTH 756 0
DWIDTH 21 0
BBX 18 20 2 0
BITMAP
03F000
0FFC00
1C0E00
380700
700380
600180
E001C0
C000C0
C000C0
C000C0
C000C0
C000C0
E000C0
600180
700180
300300
180700
1E1E00
FF3FC0
FF3FC0
ENDCHAR
STARTCHAR 03AA
ENCODING 938
SWIDTH 288 0
DWIDTH 8 0
BBX 6 24 1 0
BITMAP
CC
CC
00
00
30
30
30
30
30
30
30
30
30
30
30
30
30
30
30
30
30
30
30
30
ENDCHAR
STARTCHAR 03AB
ENCODING 939
SWIDTH 648 0
DWIDTH 18 0
BBX 18 24 0 0
BITMAP
033000
033000
000000
000000
C001C0
600380
300300
380700
1C0E00
0C1C00
061C00
073800
033000
01E000
01E000
00C000
00C000
00C000
00C000
00C000
00C000
00C000
00C000
00C000
ENDCHAR
STARTCHAR 03AC
ENCODING 940
SWIDTH 576 0
DWIDTH 16 0
BBX 14 20 1 0
BITMAP
00E0
01C0
0180
0300
0000
0F8C
3FCC
70F8
6078
C038
C030
C030
C030
C030
C030
C038
6078
70F8
3FD8
0F8C
ENDCHAR
STARTCHAR 03AD
ENCODING 941
SWIDTH 432 0
DWIDTH 12 0
BBX 10 20 1 0
BITMAP
0700
0E00
0C00
1800
0000
1E00
3F80
7300
6000
6000
7000
3C00
3C00
6000
C000
C000
C080
E3C0
7F80
3E00
ENDCHAR
STARTCHAR 03AE
ENCODING 942
SWIDTH 576 0
DWIDTH 16 0
BBX 12 26 2 -6
BITMAP
01C0
0380
0300
0600
0000
CF80
DFE0
F860
E030
E030
C030
C030
C030
C030
C030
C030
C030
C030
C030
C030
0030
0030
0030
0030
0030
0030
ENDCHAR
STARTCHAR 03AF
ENCODING 943
SWIDTH 216 0
DWIDTH 6 0
BBX 5 20 1 0
BITMAP
38
70
60
C0
00
60
60
60
60
60
60
60
60
60
60
60
60
60
60
60
ENDCHAR
STARTCHAR 03B0
ENCODING 944
SWIDTH 540 0
DWIDTH 15 0
BBX 11 20 2 0
BITMAP
0300
0600
6660
6C60
0000
C060
C060
C060
C060
C060
C060
C060
C060
C060
C060
C060
E0E0
71C0
3F80
1F00
ENDCHAR
STARTCHAR 03B1
ENCODING 945
SWIDTH 576 0
DWIDTH 16 0
BBX 14 15 1 0
BITMAP
0F8C
3FCC
70F8
6078
C038
C030
C030
C030
C030
C030
C038
6078
70F8
3FD8
0F8C
ENDCHAR
STARTCHAR 03B2
ENCODING 946
SWIDTH 576 0
DWIDTH 16 0
BBX 13 26 2 -6
BITMAP
0F80
3FE0
70E0
E030
C030
C030
C060
C0E0
CF00
CFE0
C0F0
C030
C018
C018
C018
C018
E030
F870
DFE0
CFC0
C000
C000
C000
C000
C000
C000
ENDCHAR
STARTCHAR 03B3
ENCODING 947
SWIDTH 504 0
DWIDTH 14 0
BBX 12 21 1 -6
BITMAP
C030
C030
E070
6060
6060
30C0
30C0
30C0
1980
1980
1980
0F00
0F00
0F00
0600
0600
0600
0600
0600
0600
0600
ENDCHAR
STARTCHAR 03B4
ENCODING 948
SWIDTH 576 0
DWIDTH 16 0
BBX 14 20 1 0
BITMAP
7FF8
7FF8
3800
0E00
0380
0FC0
3FF0
7870
6018
E01C
C00C
C00C
C00C
C00C
C00C
E01C
6018
3870
3FF0
0FC0
ENDCHAR
STARTCHAR 03B5
ENCODING 949
SWIDTH 432 0
DWIDTH 12 0
BBX 10 15 1 0
BITMAP
1E00
3F80
7300
6000
6000
7000
3C00
3C00
6000
C000
C000
C080
E3C0
7F80
3E00
ENDCHAR
STARTCHAR 03B6
ENCODING 950
SWIDTH 432 0
DWIDTH 12 0
BBX 11 26 1 -6
BITMAP
3FE0
3FE0
01C0
0300
0600
0C00
1C00
3800
3000
6000
6000
E000
C000
C000
C000
C000
C000
6000
7F80
1FC0
00E0
0060
0060
00E0
03C0
0380
ENDCHAR
STARTCHAR 03B7
ENCODING 951
SWIDTH 576 0
DWIDTH 16 0
BBX 12 21 2 -6
BITMAP
CF80
DFE0
F860
E030
E030
C030
C030
C030
C030
C030
C030
C030
C030
C030
C030
0030
0030
0030
0030
0030
0030
ENDCHAR
STARTCHAR 03B8
ENCODING 952
SWIDTH 540 0
DWIDTH 15 0
BBX 13 20 1 0
BITMAP
0F80
3FE0
30E0
6030
6030
C018
C018
C018
C018
FFF8
FFF8
C018
C018
C018
C018
6030
6030
30E0
3FE0
0F80
ENDCHAR
STARTCHAR 03B9
ENCODING 953
SWIDTH 216 0
DWIDTH 6 0
BBX 2 15 2 0
BITMAP
C0
C0
C0
C0
C0
C0
C0
C0
C0
C0
C0
C0
C0
C0
C0
ENDCHAR
STARTCHAR 03BA
ENCODING 954
SWIDTH 504 0
DWIDTH 14 0
BBX 11 15 2 0
BITMAP
C0C0
C180
C300
C600
CC00
D800
F800
EC00
CC00
C600
C300
C180
C1C0
C0C0
C060
ENDCHAR
STARTCHAR 03BB
ENCODING 955
SWIDTH 504 0
DWIDTH 14 0
BBX 13 20 0 0
BITMAP
1800
1C00
0C00
0C00
0600
0600
0700
0700
0780
0D80
0D80
18C0
18C0
38E0
3060
7070
6030
6030
C018
C018
ENDCHAR
STARTCHAR 03BC
ENCODING 956
SWIDTH 576 0
DWIDTH 16 0
BBX 12 21 2 -6
BITMAP
C030
C030
C030
C030
C030
C030
C030
C030
C030
C030
C030
E070
F0F0
FFF0
DF30
C000
C000
C000
C000
C000
C000
ENDCHAR
STARTCHAR 03BD
ENCODING 957
SWIDTH 468 0
DWIDTH 13 0
BBX 13 15 0 0
BITMAP
C018
C018
6030
6030
7070
3060
38E0
18C0
18C0
1D80
0D80
0D80
0700
0700
0200
ENDCHAR
STARTCHAR 03BE
ENCODING 958
SWIDTH 468 0
DWIDTH 13 0
BBX 12 26 1 -6
BITMAP
0FC0
3FC0
3800
6000
6000
6000
3000
3FC0
07C0
1E00
3800
6000
E000
C000
C000
C000
E000
7000
3F80
0FE0
0070
0030
0030
0070
03E0
0380
ENDCHAR
STARTCHAR 03BF
ENCODING 959
SWIDTH 540 0
DWIDTH 15 0
BBX 13 15 1 0
BITMAP
0F80
3FE0
7070
6030
E038
C018
C018
C018
C018
C018
E038
6030
7070
3FE0
0F80
ENDCHAR
STARTCHAR 03C0
ENCODING 960
SWIDTH 684 0
DWIDTH 19 0
BBX 18 15 0 0
BITMAP
FFFFC0
FFFFC0
0C0C00
0C0C00
0C0C00
0C0C00
0C0C00
0C0C00
0C0C00
0C0C00
0C0C00
0C0C00
0C0C00
0C0C00
0C0C00
ENDCHAR
STARTCHAR 03C1
ENCODING 961
SWIDTH 540 0
DWIDTH 15 0
BBX 12 21 2 -6
BITMAP
1F00
3FC0
70E0
6060
C070
C030
C030
C030
C030
C030
C070
E060
F0E0
FFC0
CF00
C000
C000
C000
C000
C000
C000
ENDCHAR
STARTCHAR 03C2
ENCODING 962
SWIDTH 468 0
DWIDTH 13 0
BBX 12 21 1 -6
BITMAP
03F0
1FF0
3C00
3000
6000
E000
C000
C000
C000
C000
E000
6000
7800
3F00
0FC0
00E0
0060
0060
00E0
0FC0
0F00
ENDCHAR
STARTCHAR 03C3
ENCODING 963
SWIDTH 612 0
DWIDTH 17 0
BBX 15 15 1 0
BITMAP
0FFE
3FFE
7878
6018
E01C
C00C
C00C
C00C
C00C
C00C
E01C
6018
7878
3FF0
0FC0
ENDCHAR
STARTCHAR 03C4
ENCODING 964
SWIDTH 396 0
DWIDTH 11 0
BBX 6 15 2 0
BITMAP
FC
FC
30
30
30
30
30
30
30
30
30
30
30
30
30
ENDCHAR
STARTCHAR 03C5
ENCODING 965
SWIDTH 540 0
DWIDTH 15 0
BBX 11 15 2 0
BITMAP
C060
C060
C060
C060
C060
C060
C060
C060
C060
C060
C060
E0E0
71C0
3F80
1F00
ENDCHAR
STARTCHAR 03C6
ENCODING 966
SWIDTH 648 0
DWIDTH 18 0
BBX 16 21 1 -6
BITMAP
0CF8
3DFC
718E
6186
C183
C183
C183
C183
C183
C187
6186
718E
399C
1FF8
07E0
0180
0180
0180
0180
0180
0180
ENDCHAR
STARTCHAR 03C7
ENCODING 967
SWIDTH 540 0
DWIDTH 15 0
BBX 13 21 1 -6
BITMAP
C018
E038
6030
7070
3060
18C0
18C0
0D80
0D80
0700
0700
0700
0D80
0D80
18C0
18C0
3060
7070
6030
E038
C018
ENDCHAR
STARTCHAR 03C8
ENCODING 968
SWIDTH 720 0
DWIDTH 20 0
BBX 16 21 2 -6
BITMAP
C183
C183
C183
C183
C183
C183
C183
C183
C183
C183
C183
6186
718E
3FFC
0FF0
0180
0180
0180
0180
0180
0180
ENDCHAR
STARTCHAR 03C9
ENCODING 969
SWIDTH 756 0
DWIDTH 21 0
BBX 18 15 1 0
BITMAP
300300
600180
600180
600180
C0C0C0
C0C0C0
C0C0C0
C0C0C0
C0C0C0
C0C0C0
C0C0C0
61E180
71E380
3F3F00
1E1E00
ENDCHAR
STARTCHAR 03CA
ENCODING 970
SWIDTH 216 0
DWIDTH 6 0
BBX 6 18 0 0
BITMAP
CC
CC
00
30
30
30
30
30
30
30
30
30
30
30
30
30
30
30
ENDCHAR
STARTCHAR 03CB
ENCODING 971
SWIDTH 540 0
DWIDTH 15 0
BBX 11 18 2 0
BITMAP
1980
1980
0000
C060
C060
C060
C060
C060
C060
C060
C060
C060
C060
C060
E0E0
71C0
3F80
1F00
ENDCHAR
STARTCHAR 03CC
ENCODING 972
SWIDTH 540 0
DWIDTH 15 0
BBX 13 20 1 0
BITMAP
01C0
0380
0300
0600
0000
0F80
3FE0
7070
6030
E038
C018
C018
C018
C018
C018
E038
6030
7070
3FE0
0F80
ENDCHAR
STARTCHAR 03CD
ENCODING 973
SWIDTH 540 0
DWIDTH 15 0
BBX 11 20 2 0
BITMAP
0380
0700
0600
0C00
0000
C060
C060
C060
C060
C060
C060
C060
C060
C060
C060
C060
E0E0
71C0
3F80
1F00
ENDCHAR
STARTCHAR 03CE
ENCODING 974
SWIDTH 756 0
DWIDTH 21 0
BBX 18 20 1 0
BITMAP
003800
007000
006000
00C000
000000
300300
600180
600180
600180
C0C0C0
C0C0C0
C0C0C0
C0C0C0
C0C0C0
C0C0C0
C0C0C0
61E180
71E380
3F3F00
1E1E00
ENDCHAR
STARTCHAR 0401
ENCODING 1025
SWIDTH 684 0
DWIDTH 19 0
BBX 15 24 2 0
BITMAP
0CC0
0CC0
0000
0000
FFFE
FFFE
C000
C000
C000
C000
C000
C000
C000
FFFC
FFFC
C000
C000
C000
C000
C000
C000
C000
FFFE
FFFE
ENDCHAR
STARTCHAR 0402
ENCODING 1026
SWIDTH 864 0
DWIDTH 24 0
BBX 22 20 1 0
BITMAP
FFFF00
FFFF00
018000
018000
018000
018000
018000
019FC0
01FFF0
01E078
018018
01800C
01800C
01800C
01800C
01800C
018018
018438
0187F0
0183E0
ENDCHAR
STARTCHAR 0403
ENCODING 1027
SWIDTH 540 0
DWIDTH 15 0
BBX 12 26 3 0
BITMAP
0380
0700
0600
0C00
0000
0000
FFF0
FFF0
C000
C000
C000
C000
C000
C000
C000
C000
C000
C000
C000
C000
C000
C000
C000
C000
C000
C000
ENDCHAR
STARTCHAR 0404
ENCODING 1028
SWIDTH 720 0
DWIDTH 20 0
BBX 18 20 1 0
BITMAP
03F800
0FFE00
1C0F00
380380
700180
6001C0
C00080
C00000
C00000
FFC000
FFC000
C00000
C00000
C00080
6000C0
700180
380380
1C0F00
0FFE00
03F800
ENDCHAR
STARTCHAR 0405
ENCODING 1029
SWIDTH 684 0
DWIDTH 19 0
BBX 16 20 1 0
BITMAP
07F0
1FFC
381E
7006
6003
6003
7000
7C00
3FC0
1FF8
03FE
001E
0007
C003
C003
E003
7006
3C1E
1FFC
07F0
ENDCHAR
STARTCHAR 0406
ENCODING 1030
SWIDTH 288 0
DWIDTH 8 0
BBX 2 20 3 0
BITMAP
C0
C0
C0
C0
C0
C0
C0
C0
C0
C0
C0
C0
C0
C0
C0
C0
C0
C0
C0
C0
ENDCHAR
STARTCHAR 0407
ENCODING 1031
SWIDTH 288 0
DWIDTH 8 0
BBX 6 24 1 0
BITMAP
CC
CC
00
00
30
30
30
30
30
30
30
30
30
30
30
30
30
30
30
30
30
30
30
30
ENDCHAR
STARTCHAR 0408
ENCODING 1032
SWIDTH 504 0
DWIDTH 14 0
BBX 11 20 1 0
BITMAP
0060
0060
0060
0060
0060
0060
0060
0060
0060
0060
0060
0060
0060
0060
C060
C060
E060
60C0
7FC0
1F00
ENDCHAR
STARTCHAR 0409
ENCODING 1033
SWIDTH 1080 0
DWIDTH 30 0
BBX 29 20 0 0
BITMAP
0FFF8000
0FFF8000
0C018000
0C018000
0C018000
0C018000
0C018000
0C018000
0C018000
0C01FFC0
0C01FFE0
0C018070
0C018038
0C018018
0C018018
0C018018
0C018038
9C018070
F801FFE0
7001FFC0
ENDCHAR
STARTCHAR 040A
ENCODING 1034
SWIDTH 1008 0
DWIDTH 28 0
BBX 25 20 2 0
BITMAP
C0180000
C0180000
C0180000
C0180000
C0180000
C0180000
C0180000
C0180000
C0180000
FFFFFC00
FFFFFE00
C0180700
C0180380
C0180180
C0180180
C0180180
C0180380
C0180700
C01FFE00
C01FFC00
ENDCHAR
STARTCHAR 040B
ENCODING 1035
SWIDTH 864 0
DWIDTH 24 0
BBX 21 20 1 0
BITMAP
FFFF00
FFFF00
018000
018000
018000
018000
018000
019F80
01FFE0
01F070
018030
018018
018018
018018
018018
018018
018018
018018
018018
018018
ENDCHAR
STARTCHAR 040C
ENCODING 1036
SWIDTH 576 0
DWIDTH 16 0
BBX 14 26 2 0
BITMAP
01C0
0380
0300
0600
0000
0000
C03C
C07C
C060
C0C0
C0C0
C180
C180
C380
C700
FE00
FC00
C700
C380
C1C0
C0C0
C060
C070
C030
C018
C01C
ENDCHAR
STARTCHAR 040E
ENCODING 1038
SWIDTH 648 0
DWIDTH 18 0
BBX 17 26 1 0
BITMAP
061800
073800
03F000
01E000
000000
000000
C00180
E00180
600300
700700
300600
180E00
180C00
0C1C00
0C1800
063800
063000
036000
03E000
01C000
01C000
018000
018000
030000
3F0000
3E0000
ENDCHAR
STARTCHAR 040F
ENCODING 1039
SWIDTH 720 0
DWIDTH 20 0
BBX 16 26 2 -6
BITMAP
C003
C003
C003
C003
C003
C003
C003
C003
C003
C003
C003
C003
C003
C003
C003
C003
C003
C003
FFFF
FFFF
0180
0180
0180
0180
0180
0180
ENDCHAR
STARTCHAR 0410
ENCODING 1040
SWIDTH 684 0
DWIDTH 19 0
BBX 17 20 1 0
BITMAP
01C000
01C000
036000
036000
077000
063000
063000
0E3800
0C1800
0C1800
180C00
180C00
1FFC00
3FFE00
300600
700700
600300
600300
C00180
C00180
ENDCHAR
STARTCHAR 0411
ENCODING 1041
SWIDTH 612 0
DWIDTH 17 0
BBX 14 20 2 0
BITMAP
FFF0
FFF0
C000
C000
C000
C000
C000
C000
C000
FFE0
FFF0
C038
C01C
C00C
C00C
C00C
C01C
C038
FFF0
FFE0
ENDCHAR
STARTCHAR 0412
ENCODING 1042
SWIDTH 684 0
DWIDTH 19 0
BBX 16 20 2 0
BITMAP
FFE0
FFF8
C01C
C00E
C006
C006
C006
C00E
C01C
FFF8
FFFC
C00E
C007
C003
C003
C003
C007
C00E
FFFC
FFF0
ENDCHAR
STARTCHAR 0413
ENCODING 1043
SWIDTH 540 0
DWIDTH 15 0
BBX 12 20 3 0
BITMAP
FFF0
FFF0
C000
C000
C000
C000
C000
C000
C000
C000
C000
C000
C000
C000
C000
C000
C000
C000
C000
C000
ENDCHAR
STARTCHAR 0414
ENCODING 1044
SWIDTH 684 0
DWIDTH 19 0
BBX 18 25 0 -5
BITMAP
07FF00
07FF00
060300
060300
060300
060300
060300
060300
040300
040300
0C0300
0C0300
0C0300
080300
180300
180300
300300
600300
FFFFC0
FFFFC0
C000C0
C000C0
C000C0
C000C0
C000C0
ENDCHAR
STARTCHAR 0415
ENCODING 1045
SWIDTH 684 0
DWIDTH 19 0
BBX 15 20 2 0
BITMAP
FFFE
FFFE
C000
C000
C000
C000
C000
C000
C000
FFFC
FFFC
C000
C000
C000
C000
C000
C000
C000
FFFE
FFFE
ENDCHAR
STARTCHAR 0416
ENCODING 1046
SWIDTH 936 0
DWIDTH 26 0
BBX 26 20 0 0
BITMAP
E00C03C0
F80C07C0
180C0600
0C0C0C00
0C0C0C00
060C1800
060C1800
030C3000
038C7000
01FFE000
01FFE000
038C7000
070C3800
0E0C1C00
0C0C0C00
180C0600
380C0700
300C0300
600C0180
E00C01C0
ENDCHAR
STARTCHAR 0417
ENCODING 1047
SWIDTH 612 0
DWIDTH 17 0
BBX 15 20 1 0
BITMAP
0FC0
3FF0
7838
601C
E00C
C00C
400C
001C
0038
03F0
03F8
001C
000E
4006
E006
6006
700E
381C
1FF8
07E0
ENDCHAR
STARTCHAR 0418
ENCODING 1048
SWIDTH 720 0
DWIDTH 20 0
BBX 16 20 2 0
BITMAP
C003
C003
C007
C00F
C01F
C03B
C073
C063
C0E3
C1C3
C383
C703
C603
CE03
DC03
F803
F003
E003
E003
C003
ENDCHAR
STARTCHAR 0419
ENCODING 1049
SWIDTH 720 0
DWIDTH 20 0
BBX 16 26 2 0
BITMAP
0C30
0E70
07E0
03C0
0000
0000
C003
C003
C007
C00F
C01F
C03B
C073
C063
C0E3
C1C3
C383
C703
C603
CE03
DC03
F803
F003
E003
E003
C003
ENDCHAR
STARTCHAR 041A
ENCODING 1050
SWIDTH 576 0
DWIDTH 16 0
BBX 14 20 2 0
BITMAP
C03C
C07C
C060
C0C0
C0C0
C180
C180
C380
C700
FE00
FC00
C700
C380
C1C0
C0C0
C060
C070
C030
C018
C01C
ENDCHAR
STARTCHAR 041B
ENCODING 1051
SWIDTH 648 0
DWIDTH 18 0
BBX 16 20 0 0
BITMAP
0FFF
0FFF
0C03
0C03
0C03
0C03
0C03
0C03
0C03
0C03
0C03
0C03
0C03
0C03
0C03
0C03
0C03
9C03
F803
7003
ENDCHAR
STARTCHAR 041C
ENCODING 1052
SWIDTH 828 0
DWIDTH 23 0
BBX 17 20 3 0
BITMAP
E00380
F00780
F00780
F00780
D80D80
D80D80
D80D80
CC1980
CC1980
CC1980
CC3980
C63180
C63180
C63180
C36180
C36180
C36180
C1E180
C1C180
C1C180
ENDCHAR
STARTCHAR 041D
ENCODING 1053
SWIDTH 720 0
DWIDTH 20 0
BBX 16 20 2 0
BITMAP
C003
C003
C003
C003
C003
C003
C003
C003
C003
FFFF
FFFF
C003
C003
C003
C003
C003
C003
C003
C003
C003
ENDCHAR
STARTCHAR 041E
ENCODING 1054
SWIDTH 792 0
DWIDTH 22 0
BBX 20 20 1 0
BITMAP
01F800
0FFF00
1E0780
3801C0
7000E0
600060
E00060
C00030
C00030
C00030
C00030
C00030
C00030
600060
600060
7000E0
3801C0
1E0780
0FFF00
01F800
ENDCHAR
STARTCHAR 041F
ENCODING 1055
SWIDTH 720 0
DWIDTH 20 0
BBX 16 20 2 0
BITMAP
FFFF
FFFF
C003
C003
C003
C003
C003
C003
C003
C003
C003
C003
C003
C003
C003
C003
C003
C003
C003
C003
ENDCHAR
STARTCHAR 0420
ENCODING 1056
SWIDTH 684 0
DWIDTH 19 0
BBX 16 20 2 0
BITMAP
FFF0
FFFC
C00E
C007
C003
C003
C003
C003
C006
C00E
FFFC
FFF0
C000
C000
C000
C000
C000
C000
C000
C000
ENDCHAR
STARTCHAR 0421
ENCODING 1057
SWIDTH 720 0
DWIDTH 20 0
BBX 18 20 1 0
BITMAP
03F800
0FFE00
1E0700
380380
7001C0
6000C0
E00000
C00000
C00000
C00000
C00000
C00000
C00000
E000C0
6001C0
700180
380380
1C0F00
0FFE00
03F800
ENDCHAR
STARTCHAR 0422
ENCODING 1058
SWIDTH 576 0
DWIDTH 16 0
BBX 16 20 0 0
BITMAP
FFFF
FFFF
0180
0180
0180
0180
0180
0180
0180
0180
0180
0180
0180
0180
0180
0180
0180
0180
0180
0180
ENDCHAR
STARTCHAR 0423
ENCODING 1059
SWIDTH 648 0
DWIDTH 18 0
BBX 17 20 1 0
BITMAP
C00180
E00180
600300
700700
300600
180E00
180C00
0C1C00
0C1800
063800
063000
036000
03E000
01C000
01C000
018000
018000
030000
3F0000
3E0000
ENDCHAR
STARTCHAR 0424
ENCODING 1060
SWIDTH 756 0
DWIDTH 21 0
BBX 18 20 1 0
BITMAP
00C000
00C000
07F800
1FFE00
3CCF00
70C380
60C180
C0C0C0
C0C0C0
C0C0C0
C0C0C0
C0C0C0
C0C0C0
60C180
70C380
3CC700
1FFE00
07F800
00C000
00C000
ENDCHAR
STARTCHAR 0425
ENCODING 1061
SWIDTH 684 0
DWIDTH 19 0
BBX 19 20 0 0
BITMAP
7001C0
380380
1C0700
0C0600
060C00
071C00
03B800
01B000
00E000
00E000
00F000
01B000
031800
071C00
0E0E00
0C0600
180300
380380
7001C0
E000E0
ENDCHAR
STARTCHAR 0426
ENCODING 1062
SWIDTH 756 0
DWIDTH 21 0
BBX 18 26 2 -6
BITMAP
C00300
C00300
C00300
C00300
C00300
C00300
C00300
C00300
C00300
C00300
C00300
C00300
C00300
C00300
C00300
C00300
C00300
C00300
FFFFC0
FFFFC0
0000C0
0000C0
0000C0
0000C0
0000C0
0000C0
ENDCHAR
STARTCHAR 0427
ENCODING 1063
SWIDTH 684 0
DWIDTH 19 0
BBX 15 20 2 0
BITMAP
C006
C006
C006
C006
C006
C006
C006
C006
C006
6006
703E
3FFE
0FE6
0006
0006
0006
0006
0006
0006
0006
ENDCHAR
STARTCHAR 0428
ENCODING 1064
SWIDTH 936 0
DWIDTH 26 0
BBX 22 20 2 0
BITMAP
C0300C
C0300C
C0300C
C0300C
C0300C
C0300C
C0300C
C0300C
C0300C
C0300C
C0300C
C0300C
C0300C
C0300C
C0300C
C0300C
C0300C
C0300C
FFFFFC
FFFFFC
ENDCHAR
STARTCHAR 0429
ENCODING 1065
SWIDTH 936 0
DWIDTH 26 0
BBX 24 26 2 -6
BITMAP
C0300C
C0300C
C0300C
C0300C
C0300C
C0300C
C0300C
C0300C
C0300C
C0300C
C0300C
C0300C
C0300C
C0300C
C0300C
C0300C
C0300C
C0300C
FFFFFF
FFFFFF
000003
000003
000003
000003
000003
000003
ENDCHAR
STARTCHAR 042A
ENCODING 1066
SWIDTH 792 0
DWIDTH 22 0
BBX 21 20 0 0
BITMAP
FF0000
FF0000
030000
030000
030000
030000
030000
030000
030000
03FF80
03FFE0
030070
030038
030018
030018
030018
030038
030070
03FFE0
03FF80
ENDCHAR
STARTCHAR 042B
ENCODING 1067
SWIDTH 900 0
DWIDTH 25 0
BBX 21 20 2 0
BITMAP
C00018
C00018
C00018
C00018
C00018
C00018
C00018
C00018
C00018
FFF018
FFFC18
C00E18
C00718
C00318
C00318
C00318
C00718
C00E18
FFFC18
FFF018
ENDCHAR
STARTCHAR 042C
ENCODING 1068
SWIDTH 648 0
DWIDTH 18 0
BBX 15 20 2 0
BITMAP
C000
C000
C000
C000
C000
C000
C000
C000
C000
FFE0
FFF8
C01C
C00E
C006
C006
C006
C00E
C01C
FFF8
FFE0
ENDCHAR
STARTCHAR 042D
ENCODING 1069
SWIDTH 720 0
DWIDTH 20 0
BBX 18 20 1 0
BITMAP
07F000
1FFC00
3C0E00
700700
600380
E00180
400180
0000C0
0000C0
00FFC0
00FFC0
0000C0
0000C0
4000C0
C00180
600380
700700
3C0E00
1FFC00
07F000
ENDCHAR
STARTCHAR 042E
ENCODING 1070
SWIDTH 1008 0
DWIDTH 28 0
BBX 25 20 2 0
BITMAP
C00FE000
C03FF800
C0783C00
C0E00E00
C1C00700
C1800300
C3800380
C3000180
C3000180
FF000180
FF000180
C3000180
C3000180
C3800380
C1800300
C1C00700
C0E00E00
C0703C00
C03FF800
C00FE000
ENDCHAR
STARTCHAR 042F
ENCODING 1071
SWIDTH 720 0
DWIDTH 20 0
BBX 16 20 2 0
BITMAP
1FFF
3FFF
7003
E003
C003
C003
C003
E003
7003
3FFF
0FFF
0703
0603
0C03
1C03
3803
3003
6003
E003
C003
ENDCHAR
STARTCHAR 0430
ENCODING 1072
SWIDTH 540 0
DWIDTH 15 0
BBX 13 15 1 0
BITMAP
1FC0
7FE0
7070
C030
0030
00F0
1FF0
7F30
6030
C030
C030
C070
E1F0
7FB0
3F18
ENDCHAR
STARTCHAR 0431
ENCODING 1073
SWIDTH 540 0
DWIDTH 15 0
BBX 13 20 1 0
BITMAP
0FF8
3FF0
7000
6000
C000
CF80
DFE0
F070
E030
E038
C018
C018
C018
C018
C018
6038
6030
30F0
3FE0
0F80
ENDCHAR
STARTCHAR 0432
ENCODING 1074
SWIDTH 504 0
DWIDTH 14 0
BBX 11 15 2 0
BITMAP
FF00
FF80
C1C0
C0C0
C0C0
C1C0
FF80
FFC0
C0E0
C060
C060
C060
C0E0
FFC0
FF80
ENDCHAR
STARTCHAR 0433
ENCODING 1075
SWIDTH 360 0
DWIDTH 10 0
BBX 8 15 2 0
BITMAP
FF
FF
C0
C0
C0
C0
C0
C0
C0
C0
C0
C0
C0
C0
C0
ENDCHAR
STARTCHAR 0434
ENCODING 1076
SWIDTH 576 0
DWIDTH 16 0
BBX 14 19 0 -4
BITMAP
1FF0
1FF0
1830
1830
1830
1830
1830
1830
3030
3030
3030
3030
6030
FFFC
FFFC
C00C
C00C
C00C
C00C
ENDCHAR
STARTCHAR 0435
ENCODING 1077
SWIDTH 540 0
DWIDTH 15 0
BBX 13 15 1 0
BITMAP
0F80
3FE0
7070
6030
C018
C018
FFF8
FFF8
C000
C000
E000
6018
7870
3FE0
0FC0
ENDCHAR
STARTCHAR 0436
ENCODING 1078
SWIDTH 648 0
DWIDTH 18 0
BBX 18 15 0 0
BITMAP
70C380
78C780
18C600
18C600
0CCC00
0CCC00
06D800
03F000
0CCC00
18C600
18C600
30C300
70C380
60C180
E0C1C0
ENDCHAR
STARTCHAR 0437
ENCODING 1079
SWIDTH 468 0
DWIDTH 13 0
BBX 11 15 1 0
BITMAP
1F00
7FC0
70E0
C060
0060
00E0
0FC0
0FC0
00E0
0060
C060
E060
70E0
3FC0
1F00
ENDCHAR
STARTCHAR 0438
ENCODING 1080
SWIDTH 576 0
DWIDTH 16 0
BBX 12 15 2 0
BITMAP
C030
C070
C0F0
C0F0
C1B0
C3B0
C730
C630
CE30
DC30
D830
F030
F030
E030
C030
ENDCHAR
STARTCHAR 0439
ENCODING 1081
SWIDTH 576 0
DWIDTH 16 0
BBX 12 20 2 0
BITMAP
30C0
39C0
1F80
0F00
0000
C030
C070
C0F0
C0F0
C1B0
C3B0
C730
C630
CE30
DC30
D830
F030
F030
E030
C030
ENDCHAR
STARTCHAR 043A
ENCODING 1082
SWIDTH 432 0
DWIDTH 12 0
BBX 10 15 2 0
BITMAP
C180
C380
C600
C600
CC00
CC00
D800
F000
CC00
C600
C600
C300
C380
C180
C0C0
ENDCHAR
STARTCHAR 043B
ENCODING 1083
SWIDTH 576 0
DWIDTH 16 0
BBX 14 15 0 0
BITMAP
1FFC
1FFC
180C
180C
180C
180C
180C
180C
180C
180C
180C
180C
180C
F80C
F00C
ENDCHAR
STARTCHAR 043C
ENCODING 1084
SWIDTH 684 0
DWIDTH 19 0
BBX 15 15 2 0
BITMAP
E00E
F01E
F01E
F01E
D836
D836
D836
CC66
CC66
CEE6
C6C6
C6C6
C786
C386
C386
ENDCHAR
STARTCHAR 043D
ENCODING 1085
SWIDTH 540 0
DWIDTH 15 0
BBX 11 15 2 0
BITMAP
C060
C060
C060
C060
C060
C060
FFE0
FFE0
C060
C060
C060
C060
C060
C060
C060
ENDCHAR
STARTCHAR 043E
ENCODING 1086
SWIDTH 540 0
DWIDTH 15 0
BBX 13 15 1 0
BITMAP
0F80
3FE0
7070
6030
E038
C018
C018
C018
C018
C018
E038
6030
7070
3FE0
0F80
ENDCHAR
STARTCHAR 043F
ENCODING 1087
SWIDTH 540 0
DWIDTH 15 0
BBX 11 15 2 0
BITMAP
FFE0
FFE0
C060
C060
C060
C060
C060
C060
C060
C060
C060
C060
C060
C060
C060
ENDCHAR
STARTCHAR 0440
ENCODING 1088
SWIDTH 576 0
DWIDTH 16 0
BBX 13 21 2 -6
BITMAP
CF80
DFE0
F070
E030
C038
C018
C018
C018
C018
C018
C038
E030
F0E0
DFC0
CF80
C000
C000
C000
C000
C000
C000
ENDCHAR
STARTCHAR 0441
ENCODING 1089
SWIDTH 504 0
DWIDTH 14 0
BBX 12 15 1 0
BITMAP
0F80
3FC0
70E0
6070
E030
C000
C000
C000
C000
C030
C030
6060
70E0
3FC0
0F80
ENDCHAR
STARTCHAR 0442
ENCODING 1090
SWIDTH 468 0
DWIDTH 13 0
BBX 12 15 0 0
BITMAP
FFF0
FFF0
0600
0600
0600
0600
0600
0600
0600
0600
0600
0600
0600
0600
0600
ENDCHAR
STARTCHAR 0443
ENCODING 1091
SWIDTH 468 0
DWIDTH 13 0
BBX 13 21 0 -6
BITMAP
C018
C038
6030
6030
6060
3060
30E0
30C0
18C0
1980
1980
0F80
0F00
0F00
0600
0600
0600
0C00
0C00
3C00
3800
ENDCHAR
STARTCHAR 0444
ENCODING 1092
SWIDTH 792 0
DWIDTH 22 0
BBX 20 26 1 -6
BITMAP
006000
006000
006000
006000
006000
1F6780
3FFFC0
71F8E0
60F060
C06030
C06030
C06030
C06030
C06030
C06030
C06070
60F060
71F8E0
3FFFC0
1F6F80
006000
006000
006000
006000
006000
006000
ENDCHAR
STARTCHAR 0445
ENCODING 1093
SWIDTH 468 0
DWIDTH 13 0
BBX 13 15 0 0
BITMAP
E018
6030
3070
38E0
18C0
0D80
0F80
0700
0F80
0D80
1CC0
38E0
3060
6030
E038
ENDCHAR
STARTCHAR 0446
ENCODING 1094
SWIDTH 576 0
DWIDTH 16 0
BBX 13 21 2 -6
BITMAP
C030
C030
C030
C030
C030
C030
C030
C030
C030
C030
C030
C030
C030
FFF8
FFF8
0018
0018
0018
0018
0018
0018
ENDCHAR
STARTCHAR 0447
ENCODING 1095
SWIDTH 540 0
DWIDTH 15 0
BBX 12 15 1 0
BITMAP
C030
C030
C030
C030
C030
C030
E030
7070
3FF0
1FB0
0030
0030
0030
0030
0030
ENDCHAR
STARTCHAR 0448
ENCODING 1096
SWIDTH 792 0
DWIDTH 22 0
BBX 18 15 2 0
BITMAP
C0C0C0
C0C0C0
C0C0C0
C0C0C0
C0C0C0
C0C0C0
C0C0C0
C0C0C0
C0C0C0
C0C0C0
C0C0C0
C0C0C0
C0C0C0
FFFFC0
FFFFC0
ENDCHAR
STARTCHAR 0449
ENCODING 1097
SWIDTH 828 0
DWIDTH 23 0
BBX 20 21 2 -6
BITMAP
C0C0C0
C0C0C0
C0C0C0
C0C0C0
C0C0C0
C0C0C0
C0C0C0
C0C0C0
C0C0C0
C0C0C0
C0C0C0
C0C0C0
C0C0C0
FFFFF0
FFFFF0
000030
000030
000030
000030
000030
000030
ENDCHAR
STARTCHAR 044A
ENCODING 1098
SWIDTH 612 0
DWIDTH 17 0
BBX 14 15 2 0
BITMAP
F800
F800
1800
1800
1800
1800
1FE0
1FF8
1818
180C
180C
180C
181C
1FF8
1FE0
ENDCHAR
STARTCHAR 044B
ENCODING 1099
SWIDTH 720 0
DWIDTH 20 0
BBX 16 15 2 0
BITMAP
C003
C003
C003
C003
C003
C003
FF83
FFE3
C063
C033
C033
C033
C073
FFE3
FF83
ENDCHAR
STARTCHAR 044C
ENCODING 1100
SWIDTH 540 0
DWIDTH 15 0
BBX 12 15 2 0
BITMAP
C000
C000
C000
C000
C000
C000
FF80
FFE0
C060
C030
C030
C030
C070
FFE0
FF80
ENDCHAR
STARTCHAR 044D
ENCODING 1101
SWIDTH 504 0
DWIDTH 14 0
BBX 12 15 1 0
BITMAP
1F00
3FC0
70E0
E060
C030
0030
07F0
07F0
0030
C030
C070
6060
70E0
3FC0
1F80
ENDCHAR
STARTCHAR 044E
ENCODING 1102
SWIDTH 756 0
DWIDTH 21 0
BBX 18 15 2 0
BITMAP
C07C00
C1FF00
C38380
C30180
C701C0
C600C0
FE00C0
FE00C0
C600C0
C600C0
C701C0
C30180
C38380
C1FF00
C07C00
ENDCHAR
STARTCHAR 044F
ENCODING 1103
SWIDTH 540 0
DWIDTH 15 0
BBX 12 15 1 0
BITMAP
3FF0
7FF0
E030
C030
C030
C030
6030
3FF0
0FF0
1830
3830
3030
6030
E030
C030
ENDCHAR
STARTCHAR 0451
ENCODING 1105
SWIDTH 540 0
DWIDTH 15 0
BBX 13 18 1 0
BITMAP
0CC0
0CC0
0000
0F80
3FE0
7070
6030
C018
C018
FFF8
FFF8
C000
C000
E000
6018
7870
3FE0
0FC0
ENDCHAR
STARTCHAR 0452
ENCODING 1106
SWIDTH 576 0
DWIDTH 16 0
BBX 14 26 0 -6
BITMAP
3000
FF80
FF80
3000
3000
33E0
3FF8
3C18
380C
300C
300C
300C
300C
300C
300C
300C
300C
300C
300C
300C
000C
000C
000C
001C
00F8
00F0
ENDCHAR
STARTCHAR 0453
ENCODING 1107
SWIDTH 360 0
DWIDTH 10 0
BBX 8 20 2 0
BITMAP
07
0E
0C
18
00
FF
FF
C0
C0
C0
C0
C0
C0
C0
C0
C0
C0
C0
C0
C0
ENDCHAR
STARTCHAR 0454
ENCODING 1108
SWIDTH 504 0
DWIDTH 14 0
BBX 12 15 1 0
BITMAP
0F80
3FC0
70E0
6070
C030
C000
FE00
FE00
C000
C030
E030
6060
70E0
3FC0
1F80
ENDCHAR
STARTCHAR 0455
ENCODING 1109
SWIDTH 504 0
DWIDTH 14 0
BBX 12 15 1 0
BITMAP
1F00
7FC0
E0E0
C060
C000
F000
7F00
3FC0
07E0
0070
C030
E030
7060
3FE0
1F80
ENDCHAR
STARTCHAR 0456
ENCODING 1110
SWIDTH 216 0
DWIDTH 6 0
BBX 2 20 2 0
BITMAP
C0
C0
00
00
00
C0
C0
C0
C0
C0
C0
C0
C0
C0
C0
C0
C0
C0
C0
C0
ENDCHAR
STARTCHAR 0457
ENCODING 1111
SWIDTH 288 0
DWIDTH 8 0
BBX 6 18 1 0
BITMAP
CC
CC
00
30
30
30
30
30
30
30
30
30
30
30
30
30
30
30
ENDCHAR
STARTCHAR 0458
ENCODING 1112
SWIDTH 216 0
DWIDTH 6 0
BBX 5 26 -1 -6
BITMAP
18
18
00
00
00
18
18
18
18
18
18
18
18
18
18
18
18
18
18
18
18
18
18
18
F0
E0
ENDCHAR
STARTCHAR 0459
ENCODING 1113
SWIDTH 864 0
DWIDTH 24 0
BBX 23 15 0 0
BITMAP
1FFC00
1FFC00
180C00
180C00
180C00
180C00
180FF0
180FFC
180C0E
180C06
180C06
180C06
180C0E
F80FFC
F00FF0
ENDCHAR
STARTCHAR 045A
ENCODING 1114
SWIDTH 792 0
DWIDTH 22 0
BBX 19 15 2 0
BITMAP
C0C000
C0C000
C0C000
C0C000
C0C000
C0C000
FFFF00
FFFFC0
C0C0E0
C0C060
C0C060
C0C060
C0C0E0
C0FFC0
C0FF00
ENDCHAR
STARTCHAR 045B
ENCODING 1115
SWIDTH 576 0
DWIDTH 16 0
BBX 14 20 0 0
BITMAP
3000
FF80
FF80
3000
3000
33E0
3FF8
3C18
380C
300C
300C
300C
300C
300C
300C
300C
300C
300C
300C
300C
ENDCHAR
STARTCHAR 045C
ENCODING 1116
SWIDTH 432 0
DWIDTH 12 0
BBX 10 20 2 0
BITMAP
0700
0E00
0C00
1800
0000
C180
C380
C600
C600
CC00
CC00
D800
F000
CC00
C600
C600
C300
C380
C180
C0C0
ENDCHAR
STARTCHAR 045E
ENCODING 1118
SWIDTH 468 0
DWIDTH 13 0
BBX 13 26 0 -6
BITMAP
1860
1CE0
0FC0
0780
0000
C018
C038
6030
6030
6060
3060
30E0
30C0
18C0
1980
1980
0F80
0F00
0F00
0600
0600
0600
0C00
0C00
3C00
3800
ENDCHAR
STARTCHAR 045F
ENCODING 1119
SWIDTH 540 0
DWIDTH 15 0
BBX 11 21 2 -6
BITMAP
C060
C060
C060
C060
C060
C060
C060
C060
C060
C060
C060
C060
C060
FFE0
FFE0
0600
0600
0600
0600
0600
0600
ENDCHAR
STARTCHAR 0490
ENCODING 1168
SWIDTH 504 0
DWIDTH 14 0
BBX 11 26 2 0
BITMAP
0060
0060
0060
0060
0060
0060
FFE0
FFE0
C000
C000
C000
C000
C000
C000
C000
C000
C000
C000
C000
C000
C000
C000
C000
C000
C000
C000
ENDCHAR
STARTCHAR 0491
ENCODING 1169
SWIDTH 432 0
DWIDTH 12 0
BBX 9 20 2 0
BITMAP
0180
0180
0180
0180
0180
FF80
FF80
C000
C000
C000
C000
C000
C000
C000
C000
C000
C000
C000
C000
C000
ENDCHAR
STARTCHAR 0492
ENCODING 1170
SWIDTH 540 0
DWIDTH 15 0
BBX 15 20 0 0
BITMAP
3FFE
3FFE
3000
3000
3000
3000
3000
3000
3000
FFC0
FFC0
3000
3000
3000
3000
3000
3000
3000
3000
3000
ENDCHAR
STARTCHAR 0493
ENCODING 1171
SWIDTH 360 0
DWIDTH 10 0
BBX 10 15 0 0
BITMAP
3FC0
3FC0
3000
3000
3000
3000
FE00
FE00
3000
3000
3000
3000
3000
3000
3000
ENDCHAR
STARTCHAR 0496
ENCODING 1174
SWIDTH 936 0
DWIDTH 26 0
BBX 24 26 1 -6
BITMAP
E0180F
F8181F
181818
1C1838
0C1830
0C1830
061860
061860
0318C0
01FF80
01FF80
0798E0
061870
0C1830
1C1818
181818
30180C
30180E
601807
E01803
000003
000003
000003
000003
000003
000003
ENDCHAR
STARTCHAR 0497
ENCODING 1175
SWIDTH 684 0
DWIDTH 19 0
BBX 18 19 0 -4
BITMAP
70C1C0
78C3C0
18C300
18C600
0CC600
0CCC00
07F800
07F800
0CCC00
18C600
18C300
30C300
70C180
60C1C0
C0C0C0
0000C0
0000C0
0000C0
0000C0
ENDCHAR
STARTCHAR 049A
ENCODING 1178
SWIDTH 576 0
DWIDTH 16 0
BBX 14 26 2 -6
BITMAP
C03C
C07C
C0E0
C0C0
C0C0
C180
C180
C300
C700
FE00
FE00
C700
C380
C1C0
C0C0
C060
C060
C030
C01C
C01C
000C
000C
000C
000C
000C
000C
ENDCHAR
STARTCHAR 049B
ENCODING 1179
SWIDTH 432 0
DWIDTH 12 0
BBX 10 19 2 -4
BITMAP
C1C0
C3C0
C300
C600
C600
CC00
F800
F800
CC00
C600
C300
C300
C180
C1C0
C0C0
00C0
00C0
00C0
00C0
ENDCHAR
STARTCHAR 049C
ENCODING 1180
SWIDTH 576 0
DWIDTH 16 0
BBX 14 20 2 0
BITMAP
C01C
C07C
C060
CCC0
CDC0
CD80
CF80
CF00
CF00
FE00
FC00
CE00
CF00
CD80
CDC0
CCC0
CC60
C030
C018
C01C
ENDCHAR
STARTCHAR 049D
ENCODING 1181
SWIDTH 432 0
DWIDTH 12 0
BBX 10 15 2 0
BITMAP
C380
C380
D600
D400
DC00
D800
F800
F000
D800
DC00
D600
D600
D300
C180
C1C0
ENDCHAR
STARTCHAR 04A2
ENCODING 1186
SWIDTH 720 0
DWIDTH 20 0
BBX 18 26 2 -6
BITMAP
C00300
C00300
C00300
C00300
C00300
C00300
C00300
C00300
C00300
FFFF00
FFFF00
C00300
C00300
C00300
C00300
C00300
C00300
C00300
C003C0
C003C0
0000C0
0000C0
0000C0
0000C0
0000C0
0000C0
ENDCHAR
STARTCHAR 04A3
ENCODING 1187
SWIDTH 540 0
DWIDTH 15 0
BBX 13 19 2 -4
BITMAP
C060
C060
C060
C060
C060
C060
FFE0
FFE0
C060
C060
C060
C060
C060
C078
C078
0018
0018
0018
0018
ENDCHAR
STARTCHAR 04AE
ENCODING 1198
SWIDTH 576 0
DWIDTH 16 0
BBX 16 20 0 0
BITMAP
E007
6006
300C
380C
1818
0C38
0C30
0660
07E0
03C0
0180
0180
0180
0180
0180
0180
0180
0180
0180
0180
ENDCHAR
STARTCHAR 04AF
ENCODING 1199
SWIDTH 504 0
DWIDTH 14 0
BBX 14 21 0 -6
BITMAP
C00C
6018
6018
7038
3030
3030
1860
1860
1CE0
0CC0
0CC0
0780
0780
0780
0300
0300
0300
0300
0300
0300
0300
ENDCHAR
STARTCHAR 04B0
ENCODING 1200
SWIDTH 576 0
DWIDTH 16 0
BBX 16 20 0 0
BITMAP
C003
6006
700E
300C
1818
1818
0C30
0E70
0660
03C0
7FFE
7FFE
0180
0180
0180
0180
0180
0180
0180
0180
ENDCHAR
STARTCHAR 04B1
ENCODING 1201
SWIDTH 504 0
DWIDTH 14 0
BBX 14 21 0 -6
BITMAP
C00C
6018
6018
7038
3030
3030
1860
1860
1CE0
0CC0
0CC0
0780
0780
0780
0300
7FF8
7FF8
0300
0300
0300
0300
ENDCHAR
STARTCHAR 04B2
ENCODING 1202
SWIDTH 684 0
DWIDTH 19 0
BBX 19 26 0 -6
BITMAP
7001C0
380380
180300
0C0600
0E0C00
071C00
033800
01B000
01E000
00E000
01E000
01B000
033800
071C00
0E0C00
0C0600
180700
300380
7001E0
E000E0
000060
000060
000060
000060
000060
000060
ENDCHAR
STARTCHAR 04B3
ENCODING 1203
SWIDTH 504 0
DWIDTH 14 0
BBX 13 19 1 -4
BITMAP
E038
6030
3060
18E0
1DC0
0D80
0700
0700
0780
0D80
18C0
1860
3070
6038
E018
0018
0018
0018
0018
ENDCHAR
STARTCHAR 04B8
ENCODING 1208
SWIDTH 684 0
DWIDTH 19 0
BBX 14 20 2 0
BITMAP
C00C
C00C
C00C
C00C
C00C
C30C
C30C
C30C
C30C
E30C
733C
3FFC
1F8C
030C
030C
030C
030C
000C
000C
000C
ENDCHAR
STARTCHAR 04B9
ENCODING 1209
SWIDTH 540 0
DWIDTH 15 0
BBX 12 15 1 0
BITMAP
C030
C030
C030
C030
C430
C430
E430
7470
7FF0
1FB0
0430
0430
0430
0030
0030
ENDCHAR
STARTCHAR 04BA
ENCODING 1210
SWIDTH 684 0
DWIDTH 19 0
BBX 15 20 2 0
BITMAP
C000
C000
C000
C000
C000
C000
C000
C7E0
FFF8
F81C
C00C
C006
C006
C006
C006
C006
C006
C006
C006
C006
ENDCHAR
STARTCHAR 04BB
ENCODING 1211
SWIDTH 576 0
DWIDTH 16 0
BBX 12 20 2 0
BITMAP
C000
C000
C000
C000
C000
CF80
FFE0
F060
E030
C030
C030
C030
C030
C030
C030
C030
C030
C030
C030
C030
ENDCHAR
STARTCHAR 04D8
ENCODING 1240
SWIDTH 756 0
DWIDTH 21 0
BBX 19 20 1 0
BITMAP
03F800
0FFE00
1C0700
380180
7000C0
2000C0
000060
000060
FFFFE0
FFFFE0
C00060
C00060
C00060
6000E0
6000C0
7001C0
380380
1E0F00
0FFE00
03F800
ENDCHAR
STARTCHAR 04D9
ENCODING 1241
SWIDTH 576 0
DWIDTH 16 0
BBX 14 15 1 0
BITMAP
0FC0
3FF0
7078
E018
C01C
000C
000C
FFFC
FFFC
C00C
C01C
6018
7070
3FE0
0FC0
ENDCHAR
STARTCHAR 04E8
ENCODING 1256
SWIDTH 792 0
DWIDTH 22 0
BBX 20 20 1 0
BITMAP
03F800
0FFF00
1E0780
3801C0
7000E0
600060
600060
C00030
C00030
FFFFF0
FFFFF0
C00030
C00030
600060
600060
7000E0
3801C0
1E0780
0FFF00
01F800
ENDCHAR
STARTCHAR 04E9
ENCODING 1257
SWIDTH 576 0
DWIDTH 16 0
BBX 14 15 1 0
BITMAP
0FC0
3FF0
7878
6018
C00C
C00C
FFFC
FFFC
C00C
C00C
E01C
6018
7878
3FF0
0FC0
ENDCHAR
STARTCHAR 05B0
ENCODING 1456
SWIDTH 324 0
DWIDTH 9 0
BBX 2 5 4 -6
BITMAP
C0
C0
00
C0
C0
ENDCHAR
STARTCHAR 05B1
ENCODING 1457
SWIDTH 324 0
DWIDTH 9 0
BBX 8 5 0 -6
BITMAP
DB
DB
00
63
63
ENDCHAR
STARTCHAR 05B2
ENCODING 1458
SWIDTH 324 0
DWIDTH 9 0
BBX 8 5 0 -6
BITMAP
FB
03
00
03
03
ENDCHAR
STARTCHAR 05B3
ENCODING 1459
SWIDTH 324 0
DWIDTH 9 0
BBX 9 5 0 -6
BITMAP
FD80
3180
3000
0180
0180
ENDCHAR
STARTCHAR 05B4
ENCODING 1460
SWIDTH 324 0
DWIDTH 9 0
BBX 2 2 4 -5
BITMAP
C0
C0
ENDCHAR
STARTCHAR 05B5
ENCODING 1461
SWIDTH 324 0
DWIDTH 9 0
BBX 5 2 2 -5
BITMAP
D8
D8
ENDCHAR
STARTCHAR 05B6
ENCODING 1462
SWIDTH 324 0
DWIDTH 9 0
BBX 5 5 2 -6
BITMAP
D8
D8
00
30
30
ENDCHAR
STARTCHAR 05B7
ENCODING 1463
SWIDTH 324 0
DWIDTH 9 0
BBX 5 1 2 -4
BITMAP
F8
ENDCHAR
STARTCHAR 05B8
ENCODING 1464
SWIDTH 324 0
DWIDTH 9 0
BBX 6 3 2 -6
BITMAP
FC
30
30
ENDCHAR
STARTCHAR 05B9
ENCODING 1465
SWIDTH 324 0
DWIDTH 9 0
BBX 2 2 4 16
BITMAP
C0
C0
ENDCHAR
STARTCHAR 05BA
ENCODING 1466
SWIDTH 324 0
DWIDTH 9 0
BBX 2 2 4 16
BITMAP
C0
C0
ENDCHAR
STARTCHAR 05BB
ENCODING 1467
SWIDTH 324 0
DWIDTH 9 0
BBX 8 5 0 -6
BITMAP
C0
C0
18
1B
03
ENDCHAR
STARTCHAR 05BC
ENCODING 1468
SWIDTH 324 0
DWIDTH 9 0
BBX 2 2 4 7
BITMAP
C0
C0
ENDCHAR
STARTCHAR 05BD
ENCODING 1469
SWIDTH 324 0
DWIDTH 9 0
BBX 1 5 4 -6
BITMAP
80
80
80
80
80
ENDCHAR
STARTCHAR 05BE
ENCODING 1470
SWIDTH 396 0
DWIDTH 11 0
BBX 7 2 2 13
BITMAP
FE
FE
ENDCHAR
STARTCHAR 05BF
ENCODING 1471
SWIDTH 324 0
DWIDTH 9 0
BBX 6 1 2 18
BITMAP
FC
ENDCHAR
STARTCHAR 05C0
ENCODING 1472
SWIDTH 216 0
DWIDTH 6 0
BBX 2 18 2 0
BITMAP
C0
C0
C0
C0
C0
C0
C0
C0
C0
C0
C0
C0
C0
C0
C0
C0
C0
C0
ENDCHAR
STARTCHAR 05C1
ENCODING 1473
SWIDTH 324 0
DWIDTH 9 0
BBX 2 2 11 16
BITMAP
C0
C0
ENDCHAR
STARTCHAR 05C2
ENCODING 1474
SWIDTH 324 0
DWIDTH 9 0
BBX 2 2 -3 16
BITMAP
C0
C0
ENDCHAR
STARTCHAR 05C3
ENCODING 1475
SWIDTH 288 0
DWIDTH 8 0
BBX 2 15 3 0
BITMAP
C0
C0
00
00
00
00
00
00
00
00
00
00
00
C0
C0
ENDCHAR
STARTCHAR 05D0
ENCODING 1488
SWIDTH 576 0
DWIDTH 16 0
BBX 15 15 1 0
BITMAP
E00C
700C
300C
180C
0C18
1E18
3F38
73F0
61E0
60C0
E060
C030
C018
C01C
C00E
ENDCHAR
STARTCHAR 05D1
ENCODING 1489
SWIDTH 540 0
DWIDTH 15 0
BBX 13 15 1 0
BITMAP
FE00
FF80
03C0
00C0
0060
0060
0060
0060
0060
0060
0060
0060
0060
FFF8
FFF8
ENDCHAR
STARTCHAR 05D2
ENCODING 1490
SWIDTH 396 0
DWIDTH 11 0
BBX 9 15 1 0
BITMAP
7C00
7E00
0700
0300
0300
0300
0300
0300
0300
0F00
3F00
3300
6380
E180
C180
ENDCHAR
STARTCHAR 05D3
ENCODING 1491
SWIDTH 504 0
DWIDTH 14 0
BBX 12 15 1 0
BITMAP
FFF0
FFF0
00C0
00C0
00C0
00C0
00C0
00C0
00C0
00C0
00C0
00C0
00C0
00C0
00C0
ENDCHAR
STARTCHAR 05D4
ENCODING 1492
SWIDTH 612 0
DWIDTH 17 0
BBX 13 15 2 0
BITMAP
FF80
FFE0
00F0
0030
0018
0018
0018
C018
C018
C018
C018
C018
C018
C018
C018
ENDCHAR
STARTCHAR 05D5
ENCODING 1493
SWIDTH 216 0
DWIDTH 6 0
BBX 2 15 2 0
BITMAP
C0
C0
C0
C0
C0
C0
C0
C0
C0
C0
C0
C0
C0
C0
C0
ENDCHAR
STARTCHAR 05D6
ENCODING 1494
SWIDTH 396 0
DWIDTH 11 0
BBX 9 15 1 0
BITMAP
FF80
FF80
1E00
1800
3000
3000
3000
3000
3000
3000
3000
3000
3000
3000
3000
ENDCHAR
STARTCHAR 05D7
ENCODING 1495
SWIDTH 612 0
DWIDTH 17 0
BBX 13 15 2 0
BITMAP
FF80
FFE0
C070
C038
C018
C018
C018
C018
C018
C018
C018
C018
C018
C018
C018
ENDCHAR
STARTCHAR 05D8
ENCODING 1496
SWIDTH 612 0
DWIDTH 17 0
BBX 13 15 2 0
BITMAP
C1E0
C7F0
C630
C018
C018
C018
C018
C018
C018
C018
C018
6030
7070
3FE0
0F80
ENDCHAR
STARTCHAR 05D9
ENCODING 1497
SWIDTH 216 0
DWIDTH 6 0
BBX 2 7 2 8
BITMAP
C0
C0
C0
C0
C0
C0
C0
ENDCHAR
STARTCHAR 05DA
ENCODING 1498
SWIDTH 504 0
DWIDTH 14 0
BBX 11 21 1 -6
BITMAP
FE00
FF80
01C0
00C0
0060
0060
0060
0060
0060
0060
0060
0060
0060
0060
0060
0060
0060
0060
0060
0060
0060
ENDCHAR
STARTCHAR 05DB
ENCODING 1499
SWIDTH 468 0
DWIDTH 13 0
BBX 11 15 1 0
BITMAP
FC00
FF00
0380
01C0
00C0
0060
0060
0060
0060
0060
00C0
01C0
0380
FF00
FC00
ENDCHAR
STARTCHAR 05DC
ENCODING 1500
SWIDTH 468 0
DWIDTH 13 0
BBX 11 20 1 0
BITMAP
C000
C000
C000
C000
C000
FFE0
FFE0
0060
0060
0060
0060
00E0
01C0
0180
0300
0700
0600
0600
0600
0600
ENDCHAR
STARTCHAR 05DD
ENCODING 1501
SWIDTH 612 0
DWIDTH 17 0
BBX 13 15 2 0
BITMAP
FF80
FFE0
C070
C038
C018
C018
C018
C018
C018
C018
C018
C018
C018
FFF8
FFF8
ENDCHAR
STARTCHAR 05DE
ENCODING 1502
SWIDTH 612 0
DWIDTH 17 0
BBX 13 15 2 0
BITMAP
C3C0
CFE0
DC30
7830
7818
3018
3018
3018
6018
6018
6018
6018
6018
C3F8
C3F8
ENDCHAR
STARTCHAR 05DF
ENCODING 1503
SWIDTH 216 0
DWIDTH 6 0
BBX 2 21 2 -6
BITMAP
C0
C0
C0
C0
C0
C0
C0
C0
C0
C0
C0
C0
C0
C0
C0
C0
C0
C0
C0
C0
C0
ENDCHAR
STARTCHAR 05E0
ENCODING 1504
SWIDTH 360 0
DWIDTH 10 0
BBX 7 15 1 0
BITMAP
F8
FC
0E
06
06
06
06
06
06
06
06
06
06
FE
FE
ENDCHAR
STARTCHAR 05E1
ENCODING 1505
SWIDTH 576 0
DWIDTH 16 0
BBX 14 15 1 0
BITMAP
0FC0
1FE0
3870
6018
E018
C00C
C00C
C00C
C00C
C00C
E01C
6018
7870
3FF0
0FC0
ENDCHAR
STARTCHAR 05E2
ENCODING 1506
SWIDTH 540 0
DWIDTH 15 0
BBX 13 16 0 -1
BITMAP
3018
3018
3818
1818
1818
1818
1818
1C18
0C30
0C30
0C30
0CE0
0FC0
1F80
FE00
E000
ENDCHAR
STARTCHAR 05E3
ENCODING 1507
SWIDTH 576 0
DWIDTH 16 0
BBX 13 21 1 -6
BITMAP
3F80
FFE0
C0F0
C030
C018
C018
C018
E018
7C18
3C18
0018
0018
0018
0018
0018
0018
0018
0018
0018
0018
0018
ENDCHAR
STARTCHAR 05E4
ENCODING 1508
SWIDTH 540 0
DWIDTH 15 0
BBX 13 15 1 0
BITMAP
7F00
FFC0
C0E0
C070
C038
C018
E018
7C18
3C18
0018
0030
0070
41E0
FFC0
7F00
ENDCHAR
STARTCHAR 05E5
ENCODING 1509
SWIDTH 468 0
DWIDTH 13 0
BBX 11 21 1 -6
BITMAP
C060
E060
6060
7060
30C0
30C0
18C0
1B80
1F00
0E00
0C00
0C00
0C00
0C00
0C00
0C00
0C00
0C00
0C00
0C00
0C00
ENDCHAR
STARTCHAR 05E6
ENCODING 1510
SWIDTH 468 0
DWIDTH 13 0
BBX 12 15 0 0
BITMAP
E030
6030
7030
3030
1870
1C60
0DC0
0780
0600
0300
0180
0180
00C0
FFE0
FFE0
ENDCHAR
STARTCHAR 05E7
ENCODING 1511
SWIDTH 540 0
DWIDTH 15 0
BBX 12 21 2 -6
BITMAP
FFF0
FFF0
0030
0030
0030
0030
0070
C0E0
C0C0
C180
C380
C300
C300
C300
C300
C000
C000
C000
C000
C000
C000
ENDCHAR
STARTCHAR 05E8
ENCODING 1512
SWIDTH 504 0
DWIDTH 14 0
BBX 12 15 0 0
BITMAP
FF00
FFC0
01E0
0060
0030
0030
0030
0030
0030
0030
0030
0030
0030
0030
0030
ENDCHAR
STARTCHAR 05E9
ENCODING 1513
SWIDTH 684 0
DWIDTH 19 0
BBX 17 15 1 0
BITMAP
C18180
C18180
C18180
C18180
C18180
C38380
C70300
FF0300
7C0300
600300
600600
300E00
3C1C00
1FF800
07E000
ENDCHAR
STARTCHAR 05EA
ENCODING 1514
SWIDTH 648 0
DWIDTH 18 0
BBX 15 15 1 0
BITMAP
7FE0
FFF8
0C1C
0C0E
0C06
0C06
0C06
0C06
0C06
0C06
0C06
0C06
0C06
FC06
F806
ENDCHAR
STARTCHAR 05F0
ENCODING 1520
SWIDTH 432 0
DWIDTH 12 0
BBX 8 15 2 0
BITMAP
C3
C3
C3
C3
C3
C3
C3
C3
C3
C3
C3
C3
C3
C3
C3
ENDCHAR
STARTCHAR 05F1
ENCODING 1521
SWIDTH 432 0
DWIDTH 12 0
BBX 8 15 2 0
BITMAP
C3
C3
C3
C3
C3
C3
C3
C3
03
03
03
03
03
03
03
ENDCHAR
STARTCHAR 05F2
ENCODING 1522
SWIDTH 432 0
DWIDTH 12 0
BBX 8 8 2 7
BITMAP
C3
C3
C3
C3
C3
C3
C3
C3
ENDCHAR
STARTCHAR 05F3
ENCODING 1523
SWIDTH 252 0
DWIDTH 7 0
BBX 3 5 1 10
BITMAP
60
60
E0
C0
C0
ENDCHAR
STARTCHAR 05F4
ENCODING 1524
SWIDTH 432 0
DWIDTH 12 0
BBX 7 5 1 10
BITMAP
66
66
EE
CC
CC
ENDCHAR
STARTCHAR 060C
ENCODING 1548
SWIDTH 324 0
DWIDTH 9 0
BBX 4 9 2 4
BITMAP
20
60
40
80
80
E0
F0
F0
60
ENDCHAR
STARTCHAR 061B
ENCODING 1563
SWIDTH 324 0
DWIDTH 9 0
BBX 4 14 2 4
BITMAP
20
60
40
80
80
E0
F0
F0
60
00
00
70
70
70
ENDCHAR
STARTCHAR 061F
ENCODING 1567
SWIDTH 360 0
DWIDTH 10 0
BBX 8 16 1 4
BITMAP
3C
72
E3
E7
E7
E6
F0
70
30
10
10
10
00
38
38
38
ENDCHAR
STARTCHAR 0621
ENCODING 1569
SWIDTH 432 0
DWIDTH 12 0
BBX 9 9 2 2
BITMAP
1C00
3E00
6400
4000
F180
FF00
3C00
3000
2000
ENDCHAR
STARTCHAR 0622
ENCODING 1570
SWIDTH 216 0
DWIDTH 6 0
BBX 6 20 1 4
BITMAP
C4
B8
00
20
20
20
20
20
20
20
20
20
20
20
20
20
20
20
20
20
ENDCHAR
STARTCHAR 0623
ENCODING 1571
SWIDTH 216 0
DWIDTH 6 0
BBX 4 21 2 4
BITMAP
60
80
70
80
00
40
40
40
40
40
40
40
40
40
40
40
40
40
40
40
40
ENDCHAR
STARTCHAR 0624
ENCODING 1572
SWIDTH 432 0
DWIDTH 12 0
BBX 11 19 1 -3
BITMAP
0300
0400
0380
0400
0000
0000
00C0
01E0
0160
0120
01E0
00E0
0020
0060
00C0
01C0
8780
7F80
1E00
ENDCHAR
STARTCHAR 0625
ENCODING 1573
SWIDTH 216 0
DWIDTH 6 0
BBX 4 23 1 -2
BITMAP
20
20
20
20
20
20
20
20
20
20
20
20
20
20
20
20
20
00
00
60
80
70
80
ENDCHAR
STARTCHAR 0626
ENCODING 1574
SWIDTH 648 0
DWIDTH 18 0
BBX 16 16 1 -1
BITMAP
6000
8000
7006
800F
0011
0020
2020
4040
4040
807E
807E
8002
800C
E07C
7FF0
3FC0
ENDCHAR
STARTCHAR 0627
ENCODING 1575
SWIDTH 216 0
DWIDTH 6 0
BBX 1 17 3 4
BITMAP
80
80
80
80
80
80
80
80
80
80
80
80
80
80
80
80
80
ENDCHAR
STARTCHAR 0628
ENCODING 1576
SWIDTH 720 0
DWIDTH 20 0
BBX 19 14 1 -1
BITMAP
400040
8000C0
800060
800060
800020
C00020
E00020
7FFFE0
1FFFE0
000000
000000
004000
00E000
004000
ENDCHAR
STARTCHAR 0629
ENCODING 1577
SWIDTH 288 0
DWIDTH 8 0
BBX 8 14 0 4
BITMAP
08
5C
E8
40
00
00
30
3C
3E
47
41
43
7E
3C
ENDCHAR
STARTCHAR 062A
ENCODING 1578
SWIDTH 720 0
DWIDTH 20 0
BBX 19 13 1 4
BITMAP
001000
00B800
01D000
008000
400040
8000C0
800060
800060
800020
C00020
E00020
7FFFE0
1FFFE0
ENDCHAR
STARTCHAR 062B
ENCODING 1579
SWIDTH 720 0
DWIDTH 20 0
BBX 19 16 1 4
BITMAP
008000
01C000
008000
001000
00B800
01D000
008000
400040
8000C0
800060
800060
800020
C00020
E00020
7FFFE0
1FFFE0
ENDCHAR
STARTCHAR 062C
ENCODING 1580
SWIDTH 576 0
DWIDTH 16 0
BBX 13 17 1 -6
BITMAP
3FF8
FFF8
07C0
0E00
3000
2000
4000
8080
81C0
8080
8000
C000
C000
7000
7C00
1FF8
07F0
ENDCHAR
STARTCHAR 062D
ENCODING 1581
SWIDTH 576 0
DWIDTH 16 0
BBX 13 17 1 -6
BITMAP
3FF8
FFF8
07C0
0E00
3000
2000
4000
8000
8000
8000
8000
C000
C000
7000
7C00
1FF8
07F0
ENDCHAR
STARTCHAR 062E
ENCODING 1582
SWIDTH 576 0
DWIDTH 16 0
BBX 13 23 1 -6
BITMAP
0200
0700
0200
0000
0000
0000
3FF8
FFF8
07C0
0E00
3000
2000
4000
8000
8000
8000
8000
C000
C000
7000
7C00
1FF8
07F0
ENDCHAR
STARTCHAR 062F
ENCODING 1583
SWIDTH 324 0
DWIDTH 9 0
BBX 7 10 2 4
BITMAP
10
18
0C
04
06
02
02
82
FE
FE
ENDCHAR
STARTCHAR 0630
ENCODING 1584
SWIDTH 324 0
DWIDTH 9 0
BBX 7 16 2 4
BITMAP
20
70
20
00
00
00
10
18
0C
04
06
02
02
82
FE
FE
ENDCHAR
STARTCHAR 0631
ENCODING 1585
SWIDTH 504 0
DWIDTH 14 0
BBX 13 15 1 -3
BITMAP
0020
0030
0030
0018
0008
0008
0008
0008
0018
0018
0030
00F0
C3E0
3FC0
0F00
ENDCHAR
STARTCHAR 0632
ENCODING 1586
SWIDTH 504 0
DWIDTH 14 0
BBX 13 21 1 -3
BITMAP
0040
00E0
0040
0000
0000
0000
0020
0030
0030
0018
0008
0008
0008
0008
0018
0018
0030
00F0
C3E0
3FC0
0F00
ENDCHAR
STARTCHAR 0633
ENCODING 1587
SWIDTH 828 0
DWIDTH 23 0
BBX 22 14 1 -2
BITMAP
000808
00182C
001C2C
200C24
400C24
400424
8007FC
8007DC
800400
800C00
C01800
E07800
7FF000
1F8000
ENDCHAR
STARTCHAR 0634
ENCODING 1588
SWIDTH 828 0
DWIDTH 23 0
BBX 22 23 1 -2
BITMAP
000080
0001C0
000080
000010
0000B8
0001D0
000080
000000
000000
000808
00182C
001C2C
200C24
400C24
400424
8007FC
8007DC
800400
800C00
C01800
E07800
7FF000
1F8000
ENDCHAR
STARTCHAR 0635
ENCODING 1589
SWIDTH 1116 0
DWIDTH 31 0
BBX 30 14 1 -2
BITMAP
000800F0
001803F8
001C061C
200C0C0C
400C180C
4004601C
8007FFFC
8007FFFC
80040000
800C0000
C0180000
E0780000
7FF00000
1FC00000
ENDCHAR
STARTCHAR 0636
ENCODING 1590
SWIDTH 1116 0
DWIDTH 31 0
BBX 30 19 1 -2
BITMAP
00001000
00003800
00001000
00000000
00000000
000800F0
001803F8
001C061C
200C0C0C
400C180C
4004601C
8007FFFC
8007FFFC
80040000
800C0000
C0180000
E0780000
7FF00000
1FC00000
ENDCHAR
STARTCHAR 0637
ENCODING 1591
SWIDTH 576 0
DWIDTH 16 0
BBX 17 18 -1 4
BITMAP
080000
0E0000
060000
040000
040000
040000
020000
020000
020000
020000
020000
020000
021F00
02FF80
038180
0E0180
FFFF80
FFFF80
ENDCHAR
STARTCHAR 0638
ENCODING 1592
SWIDTH 576 0
DWIDTH 16 0
BBX 17 18 -1 4
BITMAP
080000
0E0000
060000
040000
040000
040000
021000
023800
021000
020000
020000
020000
021F00
02FF80
038180
0E0180
FFFF80
FFFF80
ENDCHAR
STARTCHAR 0639
ENCODING 1593
SWIDTH 540 0
DWIDTH 15 0
BBX 12 21 1 -6
BITMAP
3C00
7E00
E000
8000
8060
E1E0
7F80
3E00
3800
3000
6000
C000
8000
8000
8000
8000
C000
6000
7800
3FF0
0FE0
ENDCHAR
STARTCHAR 063A
ENCODING 1594
SWIDTH 540 0
DWIDTH 15 0
BBX 12 27 1 -6
BITMAP
0800
1C00
0800
0000
0000
0000
3C00
7E00
E000
8000
8060
E1E0
7F80
3E00
3800
3000
6000
C000
8000
8000
8000
8000
C000
6000
7800
3FF0
0FE0
ENDCHAR
STARTCHAR 0640
ENCODING 1600
SWIDTH 216 0
DWIDTH 6 0
BBX 7 2 -1 4
BITMAP
FE
FE
ENDCHAR
STARTCHAR 0641
ENCODING 1601
SWIDTH 792 0
DWIDTH 22 0
BBX 21 15 1 4
BITMAP
000040
0000E0
000040
000000
000000
000000
400030
800078
8000C8
8000C8
8000E8
C000F8
F00038
7FFFF8
0FFFF8
ENDCHAR
STARTCHAR 0642
ENCODING 1602
SWIDTH 576 0
DWIDTH 16 0
BBX 15 20 1 -2
BITMAP
0010
00B8
01D0
0080
0000
0000
0038
003C
004C
4046
407E
803E
8002
8002
8002
8006
C00E
E03C
7FF8
1FE0
ENDCHAR
STARTCHAR 0643
ENCODING 1603
SWIDTH 612 0
DWIDTH 17 0
BBX 16 19 1 4
BITMAP
0008
000C
000E
0006
0044
00C4
0084
0102
01E2
01E2
0022
4022
8042
8F83
8001
8001
E001
7FFF
3FFF
ENDCHAR
STARTCHAR 0644
ENCODING 1604
SWIDTH 504 0
DWIDTH 14 0
BBX 13 23 1 0
BITMAP
0020
0030
0038
0018
0010
0010
0010
0010
0010
0010
0008
2008
4008
4008
4008
8008
8008
8008
8008
C018
E070
7FE0
1F80
ENDCHAR
STARTCHAR 0645
ENCODING 1605
SWIDTH 324 0
DWIDTH 9 0
BBX 9 16 0 -6
BITMAP
1C00
1E00
2300
0180
0F80
7F80
E000
8000
8000
8000
4000
4000
4000
2000
2000
2000
ENDCHAR
STARTCHAR 0646
ENCODING 1606
SWIDTH 540 0
DWIDTH 15 0
BBX 14 18 1 -2
BITMAP
0100
0380
0100
0000
0008
0008
000C
2004
4004
4004
8004
8004
8004
800C
C01C
E078
7FF0
1FC0
ENDCHAR
STARTCHAR 0647
ENCODING 1607
SWIDTH 288 0
DWIDTH 8 0
BBX 6 8 1 4
BITMAP
40
70
78
8C
84
8C
F8
70
ENDCHAR
STARTCHAR 0648
ENCODING 1608
SWIDTH 432 0
DWIDTH 12 0
BBX 11 13 1 -3
BITMAP
00C0
01E0
0160
0120
01E0
00E0
0020
0060
00C0
01C0
8780
7F80
1E00
ENDCHAR
STARTCHAR 0649
ENCODING 1609
SWIDTH 648 0
DWIDTH 18 0
BBX 16 14 1 -1
BITMAP
0006
000F
0011
0020
2020
4040
4040
807E
807E
8002
800C
E07C
7FF0
3FC0
ENDCHAR
STARTCHAR 064A
ENCODING 1610
SWIDTH 648 0
DWIDTH 18 0
BBX 16 19 1 -6
BITMAP
0006
000F
0011
0020
2020
4040
4040
807E
807E
8002
800C
E07C
7FF0
3FC0
0000
0040
02E0
0740
0200
ENDCHAR
STARTCHAR 064B
ENCODING 1611
SWIDTH 216 0
DWIDTH 6 0
BBX 5 5 1 17
BITMAP
08
30
C8
30
C0
ENDCHAR
STARTCHAR 064C
ENCODING 1612
SWIDTH 252 0
DWIDTH 7 0
BBX 6 5 1 17
BITMAP
0C
14
DC
54
60
ENDCHAR
STARTCHAR 064D
ENCODING 1613
SWIDTH 216 0
DWIDTH 6 0
BBX 5 5 1 -4
BITMAP
08
30
C8
30
C0
ENDCHAR
STARTCHAR 064E
ENCODING 1614
SWIDTH 216 0
DWIDTH 6 0
BBX 5 3 1 17
BITMAP
08
30
C0
ENDCHAR
STARTCHAR 064F
ENCODING 1615
SWIDTH 216 0
DWIDTH 6 0
BBX 4 5 1 17
BITMAP
30
50
70
30
C0
ENDCHAR
STARTCHAR 0650
ENCODING 1616
SWIDTH 216 0
DWIDTH 6 0
BBX 5 3 1 -1
BITMAP
08
30
C0
ENDCHAR
STARTCHAR 0651
ENCODING 1617
SWIDTH 216 0
DWIDTH 6 0
BBX 7 4 0 17
BITMAP
12
92
BC
E0
ENDCHAR
STARTCHAR 0652
ENCODING 1618
SWIDTH 180 0
DWIDTH 5 0
BBX 4 4 1 17
BITMAP
60
B0
90
E0
ENDCHAR
STARTCHAR 0653
ENCODING 1619
SWIDTH 216 0
DWIDTH 6 0
BBX 6 2 0 19
BITMAP
E0
1C
ENDCHAR
STARTCHAR 0654
ENCODING 1620
SWIDTH 216 0
DWIDTH 6 0
BBX 4 4 1 21
BITMAP
60
80
70
80
ENDCHAR
STARTCHAR 0655
ENCODING 1621
SWIDTH 216 0
DWIDTH 6 0
BBX 4 4 1 -2
BITMAP
60
80
70
80
ENDCHAR
STARTCHAR 0660
ENCODING 1632
SWIDTH 540 0
DWIDTH 15 0
BBX 4 7 5 6
BITMAP
40
60
F0
F0
F0
60
20
ENDCHAR
STARTCHAR 0661
ENCODING 1633
SWIDTH 540 0
DWIDTH 15 0
BBX 5 16 5 4
BITMAP
80
C0
C0
E0
70
70
30
30
30
18
18
18
10
10
10
10
ENDCHAR
STARTCHAR 0662
ENCODING 1634
SWIDTH 540 0
DWIDTH 15 0
BBX 8 16 3 4
BITMAP
81
C1
E3
FF
7E
30
38
18
1C
1C
0C
0C
0C
0C
04
04
ENDCHAR
STARTCHAR 0663
ENCODING 1635
SWIDTH 540 0
DWIDTH 15 0
BBX 11 16 3 4
BITMAP
8220
C660
FFE0
FBC0
6000
6000
3000
3000
3000
3000
1000
1000
1000
1000
1000
1000
ENDCHAR
STARTCHAR 0664
ENCODING 1636
SWIDTH 540 0
DWIDTH 15 0
BBX 6 16 4 4
BITMAP
08
18
30
40
40
E0
F8
F8
30
20
20
40
C0
F0
FC
38
ENDCHAR
STARTCHAR 0665
ENCODING 1637
SWIDTH 540 0
DWIDTH 15 0
BBX 9 9 3 7
BITMAP
1C00
3F00
4700
8180
8080
8080
C100
FF00
7C00
ENDCHAR
STARTCHAR 0666
ENCODING 1638
SWIDTH 540 0
DWIDTH 15 0
BBX 8 16 3 4
BITMAP
80
FC
FC
FC
04
04
04
04
04
04
06
06
07
03
03
01
ENDCHAR
STARTCHAR 0667
ENCODING 1639
SWIDTH 540 0
DWIDTH 15 0
BBX 10 16 2 4
BITMAP
8000
8040
C040
E0C0
E0C0
7080
7180
3100
1900
1A00
0A00
0E00
0400
0400
0400
0400
ENDCHAR
STARTCHAR 0668
ENCODING 1640
SWIDTH 540 0
DWIDTH 15 0
BBX 10 16 3 4
BITMAP
0800
0800
0800
0800
1C00
1400
2600
2600
2700
6300
4380
C1C0
C1C0
80C0
00C0
0040
ENDCHAR
STARTCHAR 0669
ENCODING 1641
SWIDTH 540 0
DWIDTH 15 0
BBX 7 16 4 4
BITMAP
38
78
4C
84
84
FC
7C
04
04
04
04
04
06
06
02
02
ENDCHAR
STARTCHAR 066A
ENCODING 1642
SWIDTH 540 0
DWIDTH 15 0
BBX 11 19 2 3
BITMAP
E020
E040
E040
0080
0080
0100
0100
0200
0200
0400
0800
0800
1000
1000
2000
2000
40E0
40E0
80E0
ENDCHAR
STARTCHAR 066B
ENCODING 1643
SWIDTH 324 0
DWIDTH 9 0
BBX 4 7 3 1
BITMAP
60
F0
F0
70
20
60
40
ENDCHAR
STARTCHAR 066C
ENCODING 1644
SWIDTH 324 0
DWIDTH 9 0
BBX 4 9 2 4
BITMAP
20
60
40
80
80
E0
F0
F0
60
ENDCHAR
STARTCHAR 066D
ENCODING 1645
SWIDTH 540 0
DWIDTH 15 0
BBX 9 9 3 11
BITMAP
0800
6B00
6B00
1C00
F780
1C00
6B00
6B00
0800
ENDCHAR
STARTCHAR 066E
ENCODING 1646
SWIDTH 720 0
DWIDTH 20 0
BBX 19 9 1 4
BITMAP
400040
8000C0
800060
800060
800020
C00020
E00020
7FFFE0
1FFFE0
ENDCHAR
STARTCHAR 066F
ENCODING 1647
SWIDTH 576 0
DWIDTH 16 0
BBX 15 14 1 -2
BITMAP
0038
003C
004C
4046
407E
803E
8002
8002
8002
8006
C00E
E03C
7FF8
1FE0
ENDCHAR
STARTCHAR 0670
ENCODING 1648
SWIDTH 0 0
DWIDTH 0 0
BBX 2 8 -1 15
BITMAP
80
80
C0
C0
40
40
40
40
ENDCHAR
STARTCHAR 0671
ENCODING 1649
SWIDTH 216 0
DWIDTH 6 0
BBX 6 21 0 4
BITMAP
1C
64
F8
80
10
10
10
10
10
10
10
10
10
10
10
10
10
10
10
10
10
ENDCHAR
STARTCHAR 0672
ENCODING 1650
SWIDTH 216 0
DWIDTH 6 0
BBX 5 21 0 4
BITMAP
30
40
38
E0
00
10
10
10
10
10
10
10
10
10
10
10
10
10
10
10
10
ENDCHAR
STARTCHAR 0673
ENCODING 1651
SWIDTH 216 0
DWIDTH 6 0
BBX 5 23 0 -2
BITMAP
10
10
10
10
10
10
10
10
10
10
10
10
10
10
10
10
10
00
00
30
40
38
E0
ENDCHAR
STARTCHAR 0674
ENCODING 1652
SWIDTH 216 0
DWIDTH 6 0
BBX 4 4 1 21
BITMAP
60
80
70
80
ENDCHAR
STARTCHAR 0675
ENCODING 1653
SWIDTH 216 0
DWIDTH 6 0
BBX 6 17 2 4
BITMAP
98
A0
9C
A0
80
80
80
80
80
80
80
80
80
80
80
80
80
ENDCHAR
STARTCHAR 0676
ENCODING 1654
SWIDTH 432 0
DWIDTH 12 0
BBX 13 19 1 -3
BITMAP
0030
0040
0038
0040
0000
0000
00C0
01E0
0160
0120
01E0
00E0
0020
0060
00C0
01C0
8780
7F80
1E00
ENDCHAR
STARTCHAR 0677
ENCODING 1655
SWIDTH 432 0
DWIDTH 12 0
BBX 13 19 1 -3
BITMAP
0330
0540
0738
0340
0C00
0000
00C0
01E0
0160
0120
01E0
00E0
0020
0060
00C0
01C0
8780
7F80
1E00
ENDCHAR
STARTCHAR 0678
ENCODING 1656
SWIDTH 648 0
DWIDTH 18 0
BBX 18 21 1 -1
BITMAP
000180
000200
0001C0
000200
000000
000000
000000
000600
000F00
001100
002000
202000
404000
404000
807E00
807E00
800200
800C00
E07C00
7FF000
3FC000
ENDCHAR
STARTCHAR 0679
ENCODING 1657
SWIDTH 720 0
DWIDTH 20 0
BBX 19 20 1 4
BITMAP
010000
018000
010000
008000
008000
008000
00BC00
00C400
07FC00
000000
000000
400040
8000C0
800060
800060
800020
C00020
E00020
7FFFE0
1FFFE0
ENDCHAR
STARTCHAR 067A
ENCODING 1658
SWIDTH 720 0
DWIDTH 20 0
BBX 19 17 1 4
BITMAP
008000
01C000
008000
004000
00E000
004000
000000
000000
400040
8000C0
800060
800060
800020
C00020
E00020
7FFFE0
1FFFE0
ENDCHAR
STARTCHAR 067B
ENCODING 1659
SWIDTH 720 0
DWIDTH 20 0
BBX 19 17 1 -4
BITMAP
400040
8000C0
800060
800060
800020
C00020
E00020
7FFFE0
1FFFE0
000000
000000
004000
00E000
004000
002000
007000
002000
ENDCHAR
STARTCHAR 067C
ENCODING 1660
SWIDTH 720 0
DWIDTH 20 0
BBX 19 16 1 1
BITMAP
001000
00B800
01D000
008000
400040
8000C0
800060
800060
800020
C00020
E00020
7FFFE0
1FFFE0
00B000
009000
00E000
ENDCHAR
STARTCHAR 067D
ENCODING 1661
SWIDTH 720 0
DWIDTH 20 0
BBX 19 17 1 4
BITMAP
002000
017000
03A000
010000
004000
00E000
004000
000000
400040
8000C0
800060
800060
800020
C00020
E00020
7FFFE0
1FFFE0
ENDCHAR
STARTCHAR 067E
ENCODING 1662
SWIDTH 720 0
DWIDTH 20 0
BBX 19 18 1 -5
BITMAP
400040
8000C0
800060
800060
800020
C00020
E00020
7FFFE0
1FFFE0
000000
000000
001000
00B800
01D000
008000
002000
007000
002000
ENDCHAR
STARTCHAR 067F
ENCODING 1663
SWIDTH 720 0
DWIDTH 20 0
BBX 19 16 1 4
BITMAP
002000
017000
03A000
011000
00B800
01D000
008000
400040
8000C0
800060
800060
800020
C00020
E00020
7FFFE0
1FFFE0
ENDCHAR
STARTCHAR 0680
ENCODING 1664
SWIDTH 720 0
DWIDTH 20 0
BBX 19 19 1 -6
BITMAP
400040
8000C0
800060
800060
800020
C00020
E00020
7FFFE0
1FFFE0
000000
000000
000000
002000
017000
03A000
011000
00B800
01D000
008000
ENDCHAR
STARTCHAR 0681
ENCODING 1665
SWIDTH 576 0
DWIDTH 16 0
BBX 13 26 1 -6
BITMAP
0300
0400
0380
0400
0000
0000
0000
0000
0000
3FF8
FFF8
07C0
0E00
3000
2000
4000
8000
8000
8000
8000
C000
C000
7000
7C00
1FF8
07F0
ENDCHAR
STARTCHAR 0682
ENCODING 1666
SWIDTH 576 0
DWIDTH 16 0
BBX 13 27 1 -6
BITMAP
0400
0E00
0400
0200
0700
0200
0000
0000
0000
0000
3FF8
FFF8
07C0
0E00
3000
2000
4000
8000
8000
8000
8000
C000
C000
7000
7C00
1FF8
07F0
ENDCHAR
STARTCHAR 0683
ENCODING 1667
SWIDTH 576 0
DWIDTH 16 0
BBX 13 17 1 -6
BITMAP
3FF8
FFF8
07C0
0E00
3000
2000
4020
8170
83A0
8100
8000
C000
C000
7000
7C00
1FF8
07F0
ENDCHAR
STARTCHAR 0684
ENCODING 1668
SWIDTH 576 0
DWIDTH 16 0
BBX 13 17 1 -6
BITMAP
3FF8
FFF8
07C0
0E00
3000
2200
4700
8200
8100
8380
8100
C000
C000
7000
7C00
1FF8
07F0
ENDCHAR
STARTCHAR 0685
ENCODING 1669
SWIDTH 576 0
DWIDTH 16 0
BBX 13 27 1 -6
BITMAP
0400
0E00
0480
01C0
0480
0E00
0400
0000
0000
0000
3FF8
FFF8
07C0
0E00
3000
2000
4000
8000
8000
8000
8000
C000
C000
7000
7C00
1FF8
07F0
ENDCHAR
STARTCHAR 0686
ENCODING 1670
SWIDTH 576 0
DWIDTH 16 0
BBX 13 17 1 -6
BITMAP
3FF8
FFF8
07C0
0E00
3000
2040
42E0
8740
8200
8080
81C0
C080
C000
7000
7C00
1FF8
07F0
ENDCHAR
STARTCHAR 0687
ENCODING 1671
SWIDTH 576 0
DWIDTH 16 0
BBX 13 17 1 -6
BITMAP
3FF8
FFF8
07C0
0E00
3000
2080
45C0
8E80
8440
82E0
8740
C200
C000
7000
7C00
1FF8
07F0
ENDCHAR
STARTCHAR 0688
ENCODING 1672
SWIDTH 324 0
DWIDTH 9 0
BBX 9 21 0 4
BITMAP
2000
3000
2000
1000
1000
1000
1780
1880
FF80
0000
0000
0400
0600
0300
0100
0180
0080
0080
2080
3F80
3F80
ENDCHAR
STARTCHAR 0689
ENCODING 1673
SWIDTH 324 0
DWIDTH 9 0
BBX 7 13 2 1
BITMAP
10
18
0C
04
06
02
02
82
FE
FE
2C
24
38
ENDCHAR
STARTCHAR 068A
ENCODING 1674
SWIDTH 324 0
DWIDTH 9 0
BBX 7 15 2 -1
BITMAP
10
18
0C
04
06
02
02
82
FE
FE
00
00
10
38
10
ENDCHAR
STARTCHAR 068B
ENCODING 1675
SWIDTH 324 0
DWIDTH 9 0
BBX 9 26 0 -1
BITMAP
2000
3000
2000
1000
1000
1000
1780
1880
FF80
0000
0000
0400
0600
0300
0100
0180
0080
0080
2080
3F80
3F80
0000
0000
0400
0E00
0400
ENDCHAR
STARTCHAR 068C
ENCODING 1676
SWIDTH 324 0
DWIDTH 9 0
BBX 7 17 2 4
BITMAP
04
2E
74
20
00
00
00
10
18
0C
04
06
02
02
82
FE
FE
ENDCHAR
STARTCHAR 068D
ENCODING 1677
SWIDTH 324 0
DWIDTH 9 0
BBX 7 16 2 -2
BITMAP
10
18
0C
04
06
02
02
82
FE
FE
00
00
04
2E
74
20
ENDCHAR
STARTCHAR 068E
ENCODING 1678
SWIDTH 324 0
DWIDTH 9 0
BBX 7 20 2 4
BITMAP
40
E0
48
1C
48
E0
40
00
00
00
10
18
0C
04
06
02
02
82
FE
FE
ENDCHAR
STARTCHAR 068F
ENCODING 1679
SWIDTH 324 0
DWIDTH 9 0
BBX 7 20 2 4
BITMAP
08
5C
E8
40
10
38
10
00
00
00
10
18
0C
04
06
02
02
82
FE
FE
ENDCHAR
STARTCHAR 0690
ENCODING 1680
SWIDTH 324 0
DWIDTH 9 0
BBX 8 19 1 4
BITMAP
08
5C
E8
44
2E
74
20
00
00
08
0C
06
02
03
01
01
41
7F
7F
ENDCHAR
STARTCHAR 0691
ENCODING 1681
SWIDTH 504 0
DWIDTH 14 0
BBX 13 27 1 -3
BITMAP
0200
0300
0200
0100
0100
0100
0178
0188
0FF8
0000
0000
0000
0020
0030
0030
0018
0008
0008
0008
0008
0018
0018
0030
00F0
C3E0
3FC0
0F00
ENDCHAR
STARTCHAR 0692
ENCODING 1682
SWIDTH 504 0
DWIDTH 14 0
BBX 13 21 1 -3
BITMAP
01B0
00A0
0040
0000
0000
0000
0020
0030
0030
0018
0008
0008
0008
0008
0018
0018
0030
00F0
C3E0
3FC0
0F00
ENDCHAR
STARTCHAR 0693
ENCODING 1683
SWIDTH 504 0
DWIDTH 14 0
BBX 13 16 1 -4
BITMAP
0020
0030
0030
0018
0008
0008
0008
0008
0018
0018
0030
00F0
C3F0
3FD8
0F48
0070
ENDCHAR
STARTCHAR 0694
ENCODING 1684
SWIDTH 504 0
DWIDTH 14 0
BBX 14 16 1 -4
BITMAP
0020
0030
0030
0018
0008
0008
0008
0008
0018
0018
0030
00F0
C3E0
3FC8
0F1C
0008
ENDCHAR
STARTCHAR 0695
ENCODING 1685
SWIDTH 504 0
DWIDTH 14 0
BBX 13 18 1 -6
BITMAP
0020
0030
0030
0018
0008
0008
0008
0008
0018
0018
0030
00F0
C3E0
3FC0
0F00
00D8
0050
0020
ENDCHAR
STARTCHAR 0696
ENCODING 1686
SWIDTH 504 0
DWIDTH 14 0
BBX 14 16 1 -4
BITMAP
0020
0030
0030
0018
0008
0008
0808
1C08
0818
0018
0030
00F0
C3E0
3FC8
0F1C
0008
ENDCHAR
STARTCHAR 0697
ENCODING 1687
SWIDTH 504 0
DWIDTH 14 0
BBX 13 21 1 -3
BITMAP
0020
0170
03A0
0100
0000
0000
0020
0030
0030
0018
0008
0008
0008
0008
0018
0018
0030
00F0
C3E0
3FC0
0F00
ENDCHAR
STARTCHAR 0698
ENCODING 1688
SWIDTH 504 0
DWIDTH 14 0
BBX 13 23 1 -3
BITMAP
0080
01C0
0080
0020
0170
03A0
0100
0000
0020
0030
0030
0018
0008
0008
0008
0008
0018
0018
0030
00F0
C3E0
3FC0
0F00
ENDCHAR
STARTCHAR 0699
ENCODING 1689
SWIDTH 504 0
DWIDTH 14 0
BBX 13 23 1 -3
BITMAP
0040
02E0
0740
0220
0170
03A0
0100
0000
0020
0030
0030
0018
0008
0008
0008
0008
0018
0018
0030
00F0
C3E0
3FC0
0F00
ENDCHAR
STARTCHAR 069A
ENCODING 1690
SWIDTH 828 0
DWIDTH 23 0
BBX 22 19 1 -2
BITMAP
000040
0000E0
000040
000000
000000
000808
00182C
001C2C
200C24
400C24
400424
8007FC
8007DC
800400
800C00
C01820
E07870
7FF020
1F8000
ENDCHAR
STARTCHAR 069B
ENCODING 1691
SWIDTH 828 0
DWIDTH 23 0
BBX 22 17 1 -5
BITMAP
000808
00182C
001C2C
200C24
400C24
400424
8007FC
8007DC
800400
800C00
C01808
E0785C
7FF0E8
3F8040
000010
000038
000010
ENDCHAR
STARTCHAR 069C
ENCODING 1692
SWIDTH 828 0
DWIDTH 23 0
BBX 22 25 1 -5
BITMAP
000080
0001C0
000090
000038
000090
0001C0
000080
000000
000808
00182C
001C2C
200C24
400C24
400424
8007FC
8007DC
800400
800C00
C01808
E0785C
7FF0E8
3F8040
000010
000038
000010
ENDCHAR
STARTCHAR 069D
ENCODING 1693
SWIDTH 1116 0
DWIDTH 31 0
BBX 30 14 1 -2
BITMAP
000800F0
001803F8
001C061C
200C0C0C
400C180C
4004601C
8007FFFC
8007FFFC
80040000
800C0000
C0180100
E0780B80
7FF01D00
1FC00800
ENDCHAR
STARTCHAR 069E
ENCODING 1694
SWIDTH 1116 0
DWIDTH 31 0
BBX 30 22 1 -2
BITMAP
00000800
00001C00
00000900
00000380
00000900
00001C00
00000800
00000000
000800F0
001803F8
001C061C
200C0C0C
400C180C
4004601C
8007FFFC
8007FFFC
80040000
800C0000
C0180000
E0780000
7FF00000
1FC00000
ENDCHAR
STARTCHAR 069F
ENCODING 1695
SWIDTH 576 0
DWIDTH 16 0
BBX 17 18 -1 4
BITMAP
080000
0E0000
062000
047000
042400
040E00
022400
027000
022000
020000
020000
020000
021F00
02FF80
038180
0E0180
FFFF80
FFFF80
ENDCHAR
STARTCHAR 06A0
ENCODING 1696
SWIDTH 540 0
DWIDTH 15 0
BBX 12 30 1 -6
BITMAP
2000
7000
2400
0E00
2400
7000
2000
0000
0000
3C00
7E00
E000
8000
8060
E1E0
7F80
3E00
3800
3000
6000
C000
8000
8000
8000
8000
C000
6000
7800
3FF0
0FE0
ENDCHAR
STARTCHAR 06A1
ENCODING 1697
SWIDTH 792 0
DWIDTH 22 0
BBX 21 9 1 4
BITMAP
400030
800078
8000C8
8000C8
8000E8
C000F8
F00038
7FFFF8
0FFFF8
ENDCHAR
STARTCHAR 06A2
ENCODING 1698
SWIDTH 792 0
DWIDTH 22 0
BBX 21 14 1 -1
BITMAP
400030
800078
8000C8
8000C8
8000E8
C000F8
F00038
7FFFF8
0FFFF8
000000
000000
000020
000070
000020
ENDCHAR
STARTCHAR 06A3
ENCODING 1699
SWIDTH 792 0
DWIDTH 22 0
BBX 21 19 1 -1
BITMAP
000020
000070
000020
000000
000000
400030
800078
8000C8
8000C8
8000E8
C000F8
F00038
7FFFF8
0FFFF8
000000
000000
002000
007000
002000
ENDCHAR
STARTCHAR 06A4
ENCODING 1700
SWIDTH 792 0
DWIDTH 22 0
BBX 21 18 1 4
BITMAP
000080
0001C0
000090
000038
000090
0001C0
000080
000000
000000
400030
800078
8000C8
8000C8
8000E8
C000F8
F00038
7FFFF8
0FFFF8
ENDCHAR
STARTCHAR 06A5
ENCODING 1701
SWIDTH 792 0
DWIDTH 22 0
BBX 22 18 1 -5
BITMAP
400030
800078
8000C8
8000C8
8000E8
C000F8
F00038
7FFFF8
0FFFF8
000000
000000
000008
00005C
0000E8
000040
000010
000038
000010
ENDCHAR
STARTCHAR 06A6
ENCODING 1702
SWIDTH 792 0
DWIDTH 22 0
BBX 22 18 1 4
BITMAP
000010
0000B8
0001D0
000088
00005C
0000E8
000040
000000
000000
400030
800078
8000C8
8000C8
8000E8
C000F8
F00038
7FFFF8
0FFFF8
ENDCHAR
STARTCHAR 06A7
ENCODING 1703
SWIDTH 576 0
DWIDTH 16 0
BBX 15 20 1 -2
BITMAP
0020
0070
0020
0000
0000
0000
0038
003C
004C
4046
407E
803E
8002
8002
8002
8006
C00E
E03C
7FF8
1FE0
ENDCHAR
STARTCHAR 06A8
ENCODING 1704
SWIDTH 576 0
DWIDTH 16 0
BBX 15 22 1 -2
BITMAP
0080
01C0
0090
0038
0090
01C0
0080
0000
0038
003C
004C
4046
407E
803E
8002
8002
8002
8006
C00E
E03C
7FF8
1FE0
ENDCHAR
STARTCHAR 06A9
ENCODING 1705
SWIDTH 828 0
DWIDTH 23 0
BBX 23 17 0 4
BITMAP
000004
00003C
0000F8
0003C0
000300
000600
000700
000780
0003C0
4001E0
800070
800018
80000C
80000C
E00006
7FFFFE
3FFFFE
ENDCHAR
STARTCHAR 06AA
ENCODING 1706
SWIDTH 828 0
DWIDTH 23 0
BBX 23 15 0 4
BITMAP
000800
007800
01F000
038000
060000
0C0000
0E0000
0FE000
03FF00
803FF0
8001F8
80000C
E00002
7FFFFE
3FFFFE
ENDCHAR
STARTCHAR 06AB
ENCODING 1707
SWIDTH 828 0
DWIDTH 23 0
BBX 23 17 0 4
BITMAP
000004
00003C
0000F8
0003EC
000324
000638
000700
000780
0003C0
4001E0
800070
800018
80000C
80000C
E00006
7FFFFE
3FFFFE
ENDCHAR
STARTCHAR 06AC
ENCODING 1708
SWIDTH 612 0
DWIDTH 17 0
BBX 16 19 1 4
BITMAP
0008
010C
038E
0106
0044
00C4
0084
0102
01E2
01E2
0022
4022
8042
8F83
8001
8001
E001
7FFF
3FFF
ENDCHAR
STARTCHAR 06AD
ENCODING 1709
SWIDTH 612 0
DWIDTH 17 0
BBX 16 20 1 4
BITMAP
0400
0E08
048C
01CE
0486
0E04
0444
00C4
0082
0102
01E2
01E2
4022
8022
8043
8F81
8001
E001
7FFF
3FFF
ENDCHAR
STARTCHAR 06AE
ENCODING 1710
SWIDTH 612 0
DWIDTH 17 0
BBX 16 28 1 -5
BITMAP
0008
000C
000E
0006
0044
00C4
0084
0102
01E2
01E2
0022
4022
8042
8F83
8001
8001
E001
7FFF
3FFF
0000
0000
0020
0170
03A0
0100
0040
00E0
0040
ENDCHAR
STARTCHAR 06AF
ENCODING 1711
SWIDTH 828 0
DWIDTH 23 0
BBX 23 20 0 4
BITMAP
000004
00003C
0000F8
0003C4
00073C
0004F8
0003C0
000300
000600
000700
000780
0003C0
4001E0
800070
800018
80000C
80000C
E00006
7FFFFE
3FFFFE
ENDCHAR
STARTCHAR 06B0
ENCODING 1712
SWIDTH 828 0
DWIDTH 23 0
BBX 23 20 0 4
BITMAP
000004
00003C
0000F8
0003C4
00073C
0004F8
0003EC
000324
000638
000700
000780
0003C0
4001E0
800070
800018
80000C
80000C
E00006
7FFFFE
3FFFFE
ENDCHAR
STARTCHAR 06B1
ENCODING 1713
SWIDTH 828 0
DWIDTH 23 0
BBX 23 21 0 4
BITMAP
000060
0003C4
00063C
0000F8
0003C4
00073C
0004F8
0003C0
000300
000600
000700
000780
0003C0
4001E0
800070
800018
80000C
80000C
E00006
7FFFFE
3FFFFE
ENDCHAR
STARTCHAR 06B2
ENCODING 1714
SWIDTH 828 0
DWIDTH 23 0
BBX 23 26 0 -2
BITMAP
000004
00003C
0000F8
0003C4
00073C
0004F8
0003C0
000300
000600
000700
000780
0003C0
4001E0
800070
800018
80000C
80000C
E00006
7FFFFE
3FFFFE
000000
000000
000400
002E00
007400
002000
ENDCHAR
STARTCHAR 06B3
ENCODING 1715
SWIDTH 828 0
DWIDTH 23 0
BBX 23 28 0 -4
BITMAP
000004
00003C
0000F8
0003C4
00073C
0004F8
0003C0
000300
000600
000700
000780
0003C0
4001E0
800070
800018
80000C
80000C
E00006
7FFFFE
3FFFFE
000000
000000
001000
003800
001000
000800
001C00
000800
ENDCHAR
STARTCHAR 06B4
ENCODING 1716
SWIDTH 828 0
DWIDTH 23 0
BBX 23 21 0 4
BITMAP
000300
0003C4
0006DC
0006F8
0003C4
00073C
0004F8
0003C0
000300
000600
000700
000780
0003C0
4001E0
800070
800018
80000C
80000C
E00006
7FFFFE
3FFFFE
ENDCHAR
STARTCHAR 06B5
ENCODING 1717
SWIDTH 504 0
DWIDTH 14 0
BBX 13 26 1 -1
BITMAP
00D8
0050
0020
0000
0030
0038
0018
0010
0010
0010
0010
0010
0010
0008
2008
4008
4008
4008
8008
8008
8008
8008
C018
E070
7FE0
1F80
ENDCHAR
STARTCHAR 06B6
ENCODING 1718
SWIDTH 504 0
DWIDTH 14 0
BBX 13 26 1 -1
BITMAP
0010
0038
0010
0000
0030
0038
0018
0010
0010
0010
0010
0010
0010
0008
2008
4008
4008
4008
8008
8008
8008
8008
C018
E070
7FE0
1F80
ENDCHAR
STARTCHAR 06B7
ENCODING 1719
SWIDTH 504 0
DWIDTH 14 0
BBX 13 26 1 -1
BITMAP
0060
0078
00D8
00C0
0030
0038
0018
0010
0010
0010
0010
0010
0010
0008
2008
4008
4008
4008
8008
8008
8008
8008
C018
E070
7FE0
1F80
ENDCHAR
STARTCHAR 06B8
ENCODING 1720
SWIDTH 504 0
DWIDTH 14 0
BBX 13 29 1 -6
BITMAP
0020
0030
0038
0018
0010
0010
0010
0010
0010
0010
0008
2008
4008
4008
4008
8008
8008
8008
8008
C018
E070
7FE0
1F80
0080
05C0
0E80
0500
0380
0100
ENDCHAR
STARTCHAR 06B9
ENCODING 1721
SWIDTH 540 0
DWIDTH 15 0
BBX 14 22 1 -6
BITMAP
0100
0380
0100
0000
0008
0008
000C
2004
4004
4004
8004
8004
8004
800C
C01C
E078
7FF0
3FC0
0000
0100
0380
0100
ENDCHAR
STARTCHAR 06BA
ENCODING 1722
SWIDTH 540 0
DWIDTH 15 0
BBX 14 14 1 -2
BITMAP
0008
0008
000C
2004
4004
4004
8004
8004
8004
800C
C01C
E078
7FF0
1FC0
ENDCHAR
STARTCHAR 06BB
ENCODING 1723
SWIDTH 540 0
DWIDTH 15 0
BBX 14 25 1 -2
BITMAP
0400
0600
0400
0200
0200
0200
02F0
0310
1FF0
0000
0000
0008
0008
000C
2004
4004
4004
8004
8004
8004
800C
C01C
E078
7FF0
1FC0
ENDCHAR
STARTCHAR 06BC
ENCODING 1724
SWIDTH 540 0
DWIDTH 15 0
BBX 14 21 1 -5
BITMAP
0100
0380
0100
0000
0008
0008
000C
2004
4004
4004
8004
8004
8004
800C
C01C
E078
7FF0
3FC0
0580
0480
0700
ENDCHAR
STARTCHAR 06BD
ENCODING 1725
SWIDTH 540 0
DWIDTH 15 0
BBX 14 22 1 -2
BITMAP
0400
0E00
0480
01C0
0480
0E00
0400
0000
0008
0008
000C
2004
4004
4004
8004
8004
8004
800C
C01C
E078
7FF0
1FC0
ENDCHAR
STARTCHAR 06BE
ENCODING 1726
SWIDTH 468 0
DWIDTH 13 0
BBX 12 11 -1 4
BITMAP
0200
0300
0780
0380
07C0
04E0
08E0
0DB0
0710
FFF0
F8E0
ENDCHAR
STARTCHAR 06BF
ENCODING 1727
SWIDTH 576 0
DWIDTH 16 0
BBX 13 24 1 -6
BITMAP
0200
0700
0200
0000
0000
0000
0000
3FF8
FFF8
07C0
0E00
3000
2040
42E0
8740
8200
8080
81C0
C080
C000
7000
7C00
1FF8
07F0
ENDCHAR
STARTCHAR 06C0
ENCODING 1728
SWIDTH 288 0
DWIDTH 8 0
BBX 6 14 1 4
BITMAP
30
40
38
40
00
00
40
70
78
8C
84
8C
F8
70
ENDCHAR
STARTCHAR 06C1
ENCODING 1729
SWIDTH 396 0
DWIDTH 11 0
BBX 11 7 0 2
BITMAP
0E00
1F00
3380
21E0
40E0
C000
8000
ENDCHAR
STARTCHAR 06C2
ENCODING 1730
SWIDTH 396 0
DWIDTH 11 0
BBX 11 13 0 2
BITMAP
0C00
1000
0E00
1000
0000
0000
0E00
1F00
3380
21E0
40E0
C000
8000
ENDCHAR
STARTCHAR 06C3
ENCODING 1731
SWIDTH 396 0
DWIDTH 11 0
BBX 11 14 0 2
BITMAP
0200
1700
3A00
1000
0000
0000
0000
0E00
1F00
3380
21E0
40E0
C000
8000
ENDCHAR
STARTCHAR 06C4
ENCODING 1732
SWIDTH 432 0
DWIDTH 12 0
BBX 11 13 1 -3
BITMAP
00C0
01E0
0160
0120
01E0
00E0
0020
0660
0BC0
09C0
8F80
7F80
1E00
ENDCHAR
STARTCHAR 06C5
ENCODING 1733
SWIDTH 432 0
DWIDTH 12 0
BBX 11 13 1 -3
BITMAP
00C0
01E0
0120
0120
01E0
00E0
0E20
03E0
00C0
01C0
8380
7F80
1E00
ENDCHAR
STARTCHAR 06C6
ENCODING 1734
SWIDTH 432 0
DWIDTH 12 0
BBX 11 19 1 -3
BITMAP
0360
0140
0080
0000
0000
0000
00C0
01E0
0160
0120
01E0
00E0
0020
0060
00C0
01C0
8780
7F80
1E00
ENDCHAR
STARTCHAR 06C7
ENCODING 1735
SWIDTH 432 0
DWIDTH 12 0
BBX 11 21 1 -3
BITMAP
0060
00A0
00E0
0060
0180
0000
0000
0000
00C0
01E0
0160
0120
01E0
00E0
0020
0060
00C0
01C0
8780
7F80
1E00
ENDCHAR
STARTCHAR 06C8
ENCODING 1736
SWIDTH 432 0
DWIDTH 12 0
BBX 11 24 1 -3
BITMAP
0100
0100
0180
0180
0080
0080
0080
0080
0000
0000
0000
00C0
01E0
0160
0120
01E0
00E0
0020
0060
00C0
01C0
8780
7F80
1E00
ENDCHAR
STARTCHAR 06C9
ENCODING 1737
SWIDTH 432 0
DWIDTH 12 0
BBX 11 19 1 -3
BITMAP
0080
0140
0360
0000
0000
0000
00C0
01E0
0160
0120
01E0
00E0
0020
0060
00C0
01C0
8780
7F80
1E00
ENDCHAR
STARTCHAR 06CA
ENCODING 1738
SWIDTH 432 0
DWIDTH 12 0
BBX 11 20 1 -3
BITMAP
0040
02E0
0740
0200
0000
0000
0000
00C0
01E0
0160
0120
01E0
00E0
0020
0060
00C0
01C0
8780
7F80
1E00
ENDCHAR
STARTCHAR 06CB
ENCODING 1739
SWIDTH 432 0
DWIDTH 12 0
BBX 11 22 1 -3
BITMAP
0200
0700
0240
00E0
0240
0700
0200
0000
0000
00C0
01E0
0160
0120
01E0
00E0
0020
0060
00C0
01C0
8780
7F80
1E00
ENDCHAR
STARTCHAR 06CC
ENCODING 1740
SWIDTH 648 0
DWIDTH 18 0
BBX 16 14 1 -1
BITMAP
0006
000F
0011
0020
2020
4040
4040
807E
807E
8002
800C
E07C
7FF0
3FC0
ENDCHAR
STARTCHAR 06CD
ENCODING 1741
SWIDTH 648 0
DWIDTH 18 0
BBX 18 14 -1 -1
BITMAP
0001C0
0003C0
000440
000840
180800
701000
901000
201F80
201F80
200080
200300
381F00
1FFC00
0FF000
ENDCHAR
STARTCHAR 06CE
ENCODING 1742
SWIDTH 648 0
DWIDTH 18 0
BBX 16 16 1 -1
BITMAP
1B00
0A00
0406
000F
0011
0020
2020
4040
4040
807E
807E
8002
800C
E07C
7FF0
3FC0
ENDCHAR
STARTCHAR 06CF
ENCODING 1743
SWIDTH 432 0
DWIDTH 12 0
BBX 11 19 1 -3
BITMAP
0080
01C0
0080
0000
0000
0000
00C0
01E0
0160
0120
01E0
00E0
0020
0060
00C0
01C0
8780
7F80
1E00
ENDCHAR
STARTCHAR 06D0
ENCODING 1744
SWIDTH 648 0
DWIDTH 18 0
BBX 16 18 1 -5
BITMAP
0006
000F
0011
0020
2020
4040
4040
807E
807E
8002
800C
E07C
7FF0
3FC0
0000
0300
0000
0300
ENDCHAR
STARTCHAR 06D1
ENCODING 1745
SWIDTH 648 0
DWIDTH 18 0
BBX 16 19 1 -6
BITMAP
0006
000F
0011
0020
2020
4040
4040
807E
807E
8002
800C
E07C
7FF0
3FC0
0000
0000
0180
0600
0180
ENDCHAR
STARTCHAR 06D2
ENCODING 1746
SWIDTH 828 0
DWIDTH 23 0
BBX 21 11 1 -1
BITMAP
006000
00F000
019000
031000
0E0000
3C0000
700000
400000
800000
FFFFF8
FFFFE0
ENDCHAR
STARTCHAR 06D3
ENCODING 1747
SWIDTH 828 0
DWIDTH 23 0
BBX 21 15 1 -1
BITMAP
030000
040000
038000
040000
006000
00F000
019000
031000
0E0000
3C0000
700000
400000
800000
FFFFF8
FFFFE0
ENDCHAR
STARTCHAR 06D4
ENCODING 1748
SWIDTH 216 0
DWIDTH 6 0
BBX 4 2 1 4
BITMAP
F0
F0
ENDCHAR
STARTCHAR 06D5
ENCODING 1749
SWIDTH 288 0
DWIDTH 8 0
BBX 6 8 1 4
BITMAP
40
70
78
8C
84
8C
F8
70
ENDCHAR
STARTCHAR 06D6
ENCODING 1750
SWIDTH 0 0
DWIDTH 0 0
BBX 12 10 -6 15
BITMAP
2000
3800
1000
1000
0A30
0AD0
3FF0
4000
8000
FFC0
ENDCHAR
STARTCHAR 06D7
ENCODING 1751
SWIDTH 0 0
DWIDTH 0 0
BBX 10 10 -5 15
BITMAP
2100
3200
1100
1280
0B80
0880
3F80
4000
8000
FFC0
ENDCHAR
STARTCHAR 06D8
ENCODING 1752
SWIDTH 0 0
DWIDTH 0 0
BBX 6 3 -3 15
BITMAP
18
24
DC
ENDCHAR
STARTCHAR 06D9
ENCODING 1753
SWIDTH 0 0
DWIDTH 0 0
BBX 6 8 -3 15
BITMAP
98
CC
C8
48
30
10
70
F0
ENDCHAR
STARTCHAR 06DA
ENCODING 1754
SWIDTH 0 0
DWIDTH 0 0
BBX 6 8 -3 15
BITMAP
FC
30
40
90
80
80
40
38
ENDCHAR
STARTCHAR 06DB
ENCODING 1755
SWIDTH 0 0
DWIDTH 0 0
BBX 2 2 -2 15
BITMAP
80
C0
ENDCHAR
STARTCHAR 06DC
ENCODING 1756
SWIDTH 0 0
DWIDTH 0 0
BBX 10 7 -5 15
BITMAP
0800
0D40
4540
87C0
8400
8800
7000
ENDCHAR
STARTCHAR 06DD
ENCODING 1757
SWIDTH 1116 0
DWIDTH 31 0
BBX 29 30 1 -5
BITMAP
001FC000
03FFFE00
04E03900
04FFF900
04FFF900
0F000780
180000C0
30000060
30000060
60000030
60000030
C0000038
C0000018
C0000018
C0000018
C0000018
C0000018
C0000018
C0000018
60000030
60000030
30000060
30000060
180000C0
0F000780
04FFF900
04FFF900
04E03900
03FFFE00
001FC000
ENDCHAR
STARTCHAR 06DE
ENCODING 1758
SWIDTH 1080 0
DWIDTH 30 0
BBX 28 28 1 -4
BITMAP
00060000
000F0000
00198000
0030C000
0FFFFF00
08C03100
09801900
0B000D00
0E000700
0C000300
18000180
380F01C0
68198160
C8108130
C8108130
68198160
380F01C0
18000180
0C000300
0E000700
0B000D00
09801900
08C03100
0FFFFF00
0030C000
00198000
000F0000
00060000
ENDCHAR
STARTCHAR 06DF
ENCODING 1759
SWIDTH 0 0
DWIDTH 0 0
BBX 2 2 -1 15
BITMAP
C0
C0
ENDCHAR
STARTCHAR 06E0
ENCODING 1760
SWIDTH 0 0
DWIDTH 0 0
BBX 2 2 -1 15
BITMAP
C0
C0
ENDCHAR
STARTCHAR 06E1
ENCODING 1761
SWIDTH 0 0
DWIDTH 0 0
BBX 8 3 -4 15
BITMAP
70
0C
FF
ENDCHAR
STARTCHAR 06E2
ENCODING 1762
SWIDTH 0 0
DWIDTH 0 0
BBX 4 8 -2 15
BITMAP
60
50
70
80
80
80
40
40
ENDCHAR
STARTCHAR 06E3
ENCODING 1763
SWIDTH 0 0
DWIDTH 0 0
BBX 10 7 -5 -6
BITMAP
0800
0D40
4540
87C0
8400
8800
7000
ENDCHAR
STARTCHAR 06E4
ENCODING 1764
SWIDTH 0 0
DWIDTH 0 0
BBX 3 1 -1 15
BITMAP
E0
ENDCHAR
STARTCHAR 06E5
ENCODING 1765
SWIDTH 180 0
DWIDTH 5 0
BBX 4 6 1 15
BITMAP
30
50
70
10
20
C0
ENDCHAR
STARTCHAR 06E6
ENCODING 1766
SWIDTH 360 0
DWIDTH 10 0
BBX 9 5 0 15
BITMAP
0800
1400
6000
8000
FF80
ENDCHAR
STARTCHAR 06E7
ENCODING 1767
SWIDTH 0 0
DWIDTH 0 0
BBX 9 5 -5 15
BITMAP
0800
1400
6000
8000
FF80
ENDCHAR
STARTCHAR 06E8
ENCODING 1768
SWIDTH 0 0
DWIDTH 0 0
BBX 7 8 -3 15
BITMAP
30
04
46
82
82
82
84
78
ENDCHAR
STARTCHAR 06E9
ENCODING 1769
SWIDTH 612 0
DWIDTH 17 0
BBX 17 22 0 0
BITMAP
008000
014000
02A000
0D5800
16B400
2B6A00
541500
BC1E80
5A2D00
6A2B00
2A2A00
2A2A00
2A2A00
2A2A00
2A2A00
2A2A00
2A2A00
2BEA00
280A00
4FF900
400100
FFFF80
ENDCHAR
STARTCHAR 06EA
ENCODING 1770
SWIDTH 0 0
DWIDTH 0 0
BBX 5 5 -2 -4
BITMAP
20
50
88
50
20
ENDCHAR
STARTCHAR 06EB
ENCODING 1771
SWIDTH 0 0
DWIDTH 0 0
BBX 5 5 -2 15
BITMAP
20
50
88
50
20
ENDCHAR
STARTCHAR 06EC
ENCODING 1772
SWIDTH 0 0
DWIDTH 0 0
BBX 2 2 -1 15
BITMAP
C0
C0
ENDCHAR
STARTCHAR 06ED
ENCODING 1773
SWIDTH 0 0
DWIDTH 0 0
BBX 4 8 -2 -6
BITMAP
60
50
70
80
80
80
40
40
ENDCHAR
STARTCHAR 06F0
ENCODING 1776
SWIDTH 540 0
DWIDTH 15 0
BBX 4 7 5 6
BITMAP
40
60
F0
F0
F0
60
20
ENDCHAR
STARTCHAR 06F1
ENCODING 1777
SWIDTH 540 0
DWIDTH 15 0
BBX 5 16 5 4
BITMAP
80
C0
C0
E0
70
70
30
30
30
18
18
18
10
10
10
10
ENDCHAR
STARTCHAR 06F2
ENCODING 1778
SWIDTH 540 0
DWIDTH 15 0
BBX 8 16 3 4
BITMAP
81
C1
E3
FF
7E
30
38
18
1C
1C
0C
0C
0C
0C
04
04
ENDCHAR
STARTCHAR 06F3
ENCODING 1779
SWIDTH 540 0
DWIDTH 15 0
BBX 11 16 3 4
BITMAP
8220
C660
FFE0
FBC0
6000
6000
3000
3000
3000
3000
1000
1000
1000
1000
1000
1000
ENDCHAR
STARTCHAR 06F4
ENCODING 1780
SWIDTH 540 0
DWIDTH 15 0
BBX 10 16 3 4
BITMAP
8700
8C00
CC00
E840
78C0
7F80
3F00
3000
3800
3800
1800
1800
1800
1000
1000
1000
ENDCHAR
STARTCHAR 06F5
ENCODING 1781
SWIDTH 540 0
DWIDTH 15 0
BBX 11 16 2 4
BITMAP
0400
0600
0700
0700
0780
0980
11C0
20C0
2060
4060
4020
C020
E220
FFC0
FFC0
7F80
ENDCHAR
STARTCHAR 06F6
ENCODING 1782
SWIDTH 540 0
DWIDTH 15 0
BBX 10 16 3 4
BITMAP
0E00
1F00
2080
4000
E0C0
FFC0
7F00
0E00
0C00
1800
1800
3000
3000
2000
2000
2000
ENDCHAR
STARTCHAR 06F7
ENCODING 1783
SWIDTH 540 0
DWIDTH 15 0
BBX 10 16 2 4
BITMAP
8000
8040
C040
E0C0
E0C0
7080
7180
3100
1900
1A00
0A00
0E00
0400
0400
0400
0400
ENDCHAR
STARTCHAR 06F8
ENCODING 1784
SWIDTH 540 0
DWIDTH 15 0
BBX 10 16 3 4
BITMAP
0800
0800
0800
0800
1C00
1400
2600
2600
2700
6300
4380
C1C0
C1C0
80C0
00C0
0040
ENDCHAR
STARTCHAR 06F9
ENCODING 1785
SWIDTH 540 0
DWIDTH 15 0
BBX 7 16 4 4
BITMAP
38
78
4C
84
84
FC
7C
04
04
04
04
04
06
06
02
02
ENDCHAR
STARTCHAR 06FA
ENCODING 1786
SWIDTH 828 0
DWIDTH 23 0
BBX 22 22 1 -2
BITMAP
000080
0001C0
000090
000038
000090
0001C0
000080
000000
000808
00182C
001C2C
200C24
400C24
400424
8007FC
8007DC
800400
800C00
C01820
E07870
7FF020
1F8000
ENDCHAR
STARTCHAR 06FB
ENCODING 1787
SWIDTH 1116 0
DWIDTH 31 0
BBX 30 19 1 -2
BITMAP
00001000
00003800
00001000
00000000
00000000
000800F0
001803F8
001C061C
200C0C0C
400C180C
4004601C
8007FFFC
8007FFFC
80040000
800C0000
C0180200
E0780700
7FF00200
1FC00000
ENDCHAR
STARTCHAR 06FC
ENCODING 1788
SWIDTH 540 0
DWIDTH 15 0
BBX 12 27 1 -6
BITMAP
0800
1C00
0800
0000
0000
0000
3C00
7E00
E000
8000
8060
E1E0
7F80
3E00
3800
3000
6000
C000
8100
8380
8100
8000
C000
6000
7800
3FF0
0FE0
ENDCHAR
STARTCHAR 06FD
ENCODING 1789
SWIDTH 432 0
DWIDTH 12 0
BBX 9 15 2 -4
BITMAP
1C00
3E00
6400
4000
F180
FF00
3C00
3000
2000
1400
1400
1400
1400
1400
1400
ENDCHAR
STARTCHAR 06FE
ENCODING 1790
SWIDTH 324 0
DWIDTH 9 0
BBX 9 16 0 -6
BITMAP
1C00
1E00
2300
0180
0F80
7F80
E000
8000
8500
8500
4500
4500
6500
2500
2000
2000
ENDCHAR
STARTCHAR 1E80
ENCODING 7808
SWIDTH 1008 0
DWIDTH 28 0
BBX 27 26 0 0
BITMAP
00380000
001C0000
000C0000
00060000
00000000
00000000
C00E0060
C00E0060
601B00C0
601B00C0
601B00C0
603180C0
30318180
30318180
3070C180
3860C380
1860C300
18E06300
18C06300
1CC06700
0DC07600
0D803600
0D803600
07803C00
07001C00
07001C00
ENDCHAR
STARTCHAR 1E81
ENCODING 7809
SWIDTH 684 0
DWIDTH 19 0
BBX 19 20 0 0
BITMAP
038000
01C000
00C000
006000
000000
C06060
C0E060
C0E060
60A0C0
61B0C0
61B1C0
31B180
311180
3B1B80
1B1B00
1B1B00
0A0B00
0E0E00
0E0E00
040400
ENDCHAR
STARTCHAR 1E82
ENCODING 7810
SWIDTH 1008 0
DWIDTH 28 0
BBX 27 26 0 0
BITMAP
00038000
00070000
00060000
000C0000
00000000
00000000
C00E0060
C00E0060
601B00C0
601B00C0
601B00C0
603180C0
30318180
30318180
3070C180
3860C380
1860C300
18E06300
18C06300
1CC06700
0DC07600
0D803600
0D803600
07803C00
07001C00
07001C00
ENDCHAR
STARTCHAR 1E83
ENCODING 7811
SWIDTH 684 0
DWIDTH 19 0
BBX 19 20 0 0
BITMAP
001C00
003800
003000
006000
000000
C06060
C0E060
C0E060
60A0C0
61B0C0
61B1C0
31B180
311180
3B1B80
1B1B00
1B1B00
0A0B00
0E0E00
0E0E00
040400
ENDCHAR
STARTCHAR 1E84
ENCODING 7812
SWIDTH 1008 0
DWIDTH 28 0
BBX 27 24 0 0
BITMAP
00330000
00330000
00000000
00000000
C00E0060
C00E0060
601B00C0
601B00C0
601B00C0
603180C0
30318180
30318180
3070C180
3860C380
1860C300
18E06300
18C06300
1CC06700
0DC07600
0D803600
0D803600
07803C00
07001C00
07001C00
ENDCHAR
STARTCHAR 1E85
ENCODING 7813
SWIDTH 684 0
DWIDTH 19 0
BBX 19 18 0 0
BITMAP
019800
019800
000000
C06060
C0E060
C0E060
60A0C0
61B0C0
61B1C0
31B180
311180
3B1B80
1B1B00
1B1B00
0A0B00
0E0E00
0E0E00
040400
ENDCHAR
STARTCHAR 1EA0
ENCODING 7840
SWIDTH 684 0
DWIDTH 19 0
BBX 17 24 1 -4
BITMAP
01C000
01C000
036000
036000
077000
063000
063000
0E3800
0C1800
0C1800
180C00
180C00
1FFC00
3FFE00
300600
700700
600300
600300
C00180
C00180
000000
000000
018000
018000
ENDCHAR
STARTCHAR 1EA1
ENCODING 7841
SWIDTH 540 0
DWIDTH 15 0
BBX 13 19 1 -4
BITMAP
1FC0
7FE0
7070
C030
0030
00F0
1FF0
7F30
6030
C030
C030
C070
E1F0
7FB0
3F18
0000
0000
0600
0600
ENDCHAR
STARTCHAR 1EA2
ENCODING 7842
SWIDTH 684 0
DWIDTH 19 0
BBX 17 26 1 0
BITMAP
03E000
003000
003000
00E000
00C000
000000
01C000
01C000
036000
036000
077000
063000
063000
0E3800
0C1800
0C1800
180C00
180C00
1FFC00
3FFE00
300600
700700
600300
600300
C00180
C00180
ENDCHAR
STARTCHAR 1EA3
ENCODING 7843
SWIDTH 540 0
DWIDTH 15 0
BBX 13 22 1 0
BITMAP
0F80
00C0
00C0
0380
0300
0000
0000
1FC0
7FE0
7070
C030
0030
00F0
1FF0
7F30
6030
C030
C030
C070
E1F0
7FB0
3F18
ENDCHAR
STARTCHAR 1EA4
ENCODING 7844
SWIDTH 684 0
DWIDTH 19 0
BBX 17 26 1 0
BITMAP
007000
00E000
000000
01E000
033000
000000
01C000
01C000
036000
036000
077000
063000
063000
0E3800
0C1800
0C1800
180C00
180C00
1FFC00
3FFE00
300600
700700
600300
600300
C00180
C00180
ENDCHAR
STARTCHAR 1EA5
ENCODING 7845
SWIDTH 540 0
DWIDTH 15 0
BBX 13 25 1 0
BITMAP
01C0
0380
0300
0600
0000
0600
0F00
1980
1980
0000
1FC0
7FE0
7070
C030
0030
00F0
1FF0
7F30
6030
C030
C030
C070
E1F0
7FB0
3F18
ENDCHAR
STARTCHAR 1EA6
ENCODING 7846
SWIDTH 684 0
DWIDTH 19 0
BBX 17 26 1 0
BITMAP
01C000
00E000
000000
01E000
033000
000000
01C000
01C000
036000
036000
077000
063000
063000
0E3800
0C1800
0C1800
180C00
180C00
1FFC00
3FFE00
300600
700700
600300
600300
C00180
C00180
ENDCHAR
STARTCHAR 1EA7
ENCODING 7847
SWIDTH 540 0
DWIDTH 15 0
BBX 13 25 1 0
BITMAP
1C00
0E00
0600
0300
0000
0600
0F00
1980
1980
0000
1FC0
7FE0
7070
C030
0030
00F0
1FF0
7F30
6030
C030
C030
C070
E1F0
7FB0
3F18
ENDCHAR
STARTCHAR 1EA8
ENCODING 7848
SWIDTH 684 0
DWIDTH 19 0
BBX 17 26 1 0
BITMAP
03C000
006000
00C000
01E000
033000
000000
01C000
01C000
036000
036000
077000
063000
063000
0E3800
0C1800
0C1800
180C00
180C00
1FFC00
3FFE00
300600
700700
600300
600300
C00180
C00180
ENDCHAR
STARTCHAR 1EA9
ENCODING 7849
SWIDTH 540 0
DWIDTH 15 0
BBX 13 26 1 0
BITMAP
1F00
0180
0180
0700
0600
0000
0600
0F00
1980
1980
0000
1FC0
7FE0
7070
C030
0030
00F0
1FF0
7F30
6030
C030
C030
C070
E1F0
7FB0
3F18
ENDCHAR
STARTCHAR 1EAA
ENCODING 7850
SWIDTH 684 0
DWIDTH 19 0
BBX 17 26 1 0
BITMAP
038800
047000
000000
01E000
033000
000000
01C000
01C000
036000
036000
077000
063000
063000
0E3800
0C1800
0C1800
180C00
180C00
1FFC00
3FFE00
300600
700700
600300
600300
C00180
C00180
ENDCHAR
STARTCHAR 1EAB
ENCODING 7851
SWIDTH 540 0
DWIDTH 15 0
BBX 13 24 1 0
BITMAP
3C60
7FE0
63C0
0000
0600
0F00
1980
1980
0000
1FC0
7FE0
7070
C030
0030
00F0
1FF0
7F30
6030
C030
C030
C070
E1F0
7FB0
3F18
ENDCHAR
STARTCHAR 1EAC
ENCODING 7852
SWIDTH 684 0
DWIDTH 19 0
BBX 17 27 1 -4
BITMAP
01E000
033000
000000
01C000
01C000
036000
036000
077000
063000
063000
0E3800
0C1800
0C1800
180C00
180C00
1FFC00
3FFE00
300600
700700
600300
600300
C00180
C00180
000000
000000
018000
018000
ENDCHAR
STARTCHAR 1EAD
ENCODING 7853
SWIDTH 540 0
DWIDTH 15 0
BBX 13 24 1 -4
BITMAP
0600
0F00
1980
1980
0000
1FC0
7FE0
7070
C030
0030
00F0
1FF0
7F30
6030
C030
C030
C070
E1F0
7FB0
3F18
0000
0000
0600
0600
ENDCHAR
STARTCHAR 1EAE
ENCODING 7854
SWIDTH 684 0
DWIDTH 19 0
BBX 17 26 1 0
BITMAP
00E000
01C000
000000
040800
03F000
000000
01C000
01C000
036000
036000
077000
063000
063000
0E3800
0C1800
0C1800
180C00
180C00
1FFC00
3FFE00
300600
700700
600300
600300
C00180
C00180
ENDCHAR
STARTCHAR 1EAF
ENCODING 7855
SWIDTH 540 0
DWIDTH 15 0
BBX 13 25 1 0
BITMAP
0380
0700
0600
0C00
0000
30C0
39C0
1F80
0F00
0000
1FC0
7FE0
7070
C030
0030
00F0
1FF0
7F30
6030
C030
C030
C070
E1F0
7FB0
3F18
ENDCHAR
STARTCHAR 1EB0
ENCODING 7856
SWIDTH 684 0
DWIDTH 19 0
BBX 17 26 1 0
BITMAP
038000
01C000
000000
040800
03F000
000000
01C000
01C000
036000
036000
077000
063000
063000
0E3800
0C1800
0C1800
180C00
180C00
1FFC00
3FFE00
300600
700700
600300
600300
C00180
C00180
ENDCHAR
STARTCHAR 1EB1
ENCODING 7857
SWIDTH 540 0
DWIDTH 15 0
BBX 13 25 1 0
BITMAP
1C00
0E00
0600
0300
0000
30C0
39C0
1F80
0F00
0000
1FC0
7FE0
7070
C030
0030
00F0
1FF0
7F30
6030
C030
C030
C070
E1F0
7FB0
3F18
ENDCHAR
STARTCHAR 1EB2
ENCODING 7858
SWIDTH 684 0
DWIDTH 19 0
BBX 17 26 1 0
BITMAP
03C000
006000
00C000
040800
03F000
000000
01C000
01C000
036000
036000
077000
063000
063000
0E3800
0C1800
0C1800
180C00
180C00
1FFC00
3FFE00
300600
700700
600300
600300
C00180
C00180
ENDCHAR
STARTCHAR 1EB3
ENCODING 7859
SWIDTH 540 0
DWIDTH 15 0
BBX 13 26 1 0
BITMAP
1F00
0180
0180
0700
0600
0000
30C0
39C0
1F80
0F00
0000
1FC0
7FE0
7070
C030
0030
00F0
1FF0
7F30
6030
C030
C030
C070
E1F0
7FB0
3F18
ENDCHAR
STARTCHAR 1EB4
ENCODING 7860
SWIDTH 684 0
DWIDTH 19 0
BBX 17 26 1 0
BITMAP
038800
047000
000000
040800
03F000
000000
01C000
01C000
036000
036000
077000
063000
063000
0E3800
0C1800
0C1800
180C00
180C00
1FFC00
3FFE00
300600
700700
600300
600300
C00180
C00180
ENDCHAR
STARTCHAR 1EB5
ENCODING 7861
SWIDTH 540 0
DWIDTH 15 0
BBX 13 24 1 0
BITMAP
3C60
7FE0
63C0
0000
30C0
39C0
1F80
0F00
0000
1FC0
7FE0
7070
C030
0030
00F0
1FF0
7F30
6030
C030
C030
C070
E1F0
7FB0
3F18
ENDCHAR
STARTCHAR 1EB6
ENCODING 7862
SWIDTH 684 0
DWIDTH 19 0
BBX 17 27 1 -4
BITMAP
040800
03F000
000000
01C000
01C000
036000
036000
077000
063000
063000
0E3800
0C1800
0C1800
180C00
180C00
1FFC00
3FFE00
300600
700700
600300
600300
C00180
C00180
000000
000000
018000
018000
ENDCHAR
STARTCHAR 1EB7
ENCODING 7863
SWIDTH 540 0
DWIDTH 15 0
BBX 13 24 1 -4
BITMAP
30C0
39C0
1F80
0F00
0000
1FC0
7FE0
7070
C030
0030
00F0
1FF0
7F30
6030
C030
C030
C070
E1F0
7FB0
3F18
0000
0000
0600
0600
ENDCHAR
STARTCHAR 1EB8
ENCODING 7864
SWIDTH 684 0
DWIDTH 19 0
BBX 15 24 2 -4
BITMAP
FFFE
FFFE
C000
C000
C000
C000
C000
C000
C000
FFFC
FFFC
C000
C000
C000
C000
C000
C000
C000
FFFE
FFFE
0000
0000
0180
0180
ENDCHAR
STARTCHAR 1EB9
ENCODING 7865
SWIDTH 540 0
DWIDTH 15 0
BBX 13 19 1 -4
BITMAP
0F80
3FE0
7070
6030
C018
C018
FFF8
FFF8
C000
C000
E000
6018
7870
3FE0
0FC0
0000
0000
0600
0600
ENDCHAR
STARTCHAR 1EBA
ENCODING 7866
SWIDTH 684 0
DWIDTH 19 0
BBX 15 26 2 0
BITMAP
07C0
0060
0060
01C0
0180
0000
FFFE
FFFE
C000
C000
C000
C000
C000
C000
C000
FFFC
FFFC
C000
C000
C000
C000
C000
C000
C000
FFFE
FFFE
ENDCHAR
STARTCHAR 1EBB
ENCODING 7867
SWIDTH 540 0
DWIDTH 15 0
BBX 13 22 1 0
BITMAP
0F80
00C0
00C0
0380
0300
0000
0000
0F80
3FE0
7070
6030
C018
C018
FFF8
FFF8
C000
C000
E000
6018
7870
3FE0
0FC0
ENDCHAR
STARTCHAR 1EBC
ENCODING 7868
SWIDTH 684 0
DWIDTH 19 0
BBX 15 25 2 0
BITMAP
0730
0FF0
0CE0
0000
0000
FFFE
FFFE
C000
C000
C000
C000
C000
C000
C000
FFFC
FFFC
C000
C000
C000
C000
C000
C000
C000
FFFE
FFFE
ENDCHAR
STARTCHAR 1EBD
ENCODING 7869
SWIDTH 540 0
DWIDTH 15 0
BBX 13 20 1 0
BITMAP
0E60
1FE0
19C0
0000
0000
0F80
3FE0
7070
6030
C018
C018
FFF8
FFF8
C000
C000
E000
6018
7870
3FE0
0FC0
ENDCHAR
STARTCHAR 1EBE
ENCODING 7870
SWIDTH 684 0
DWIDTH 19 0
BBX 15 26 2 0
BITMAP
00E0
01C0
0000
03C0
0660
0000
FFFE
FFFE
C000
C000
C000
C000
C000
C000
C000
FFFC
FFFC
C000
C000
C000
C000
C000
C000
C000
FFFE
FFFE
ENDCHAR
STARTCHAR 1EBF
ENCODING 7871
SWIDTH 540 0
DWIDTH 15 0
BBX 13 25 1 0
BITMAP
00E0
01C0
0180
0300
0000
0300
0780
0CC0
0CC0
0000
0F80
3FE0
7070
6030
C018
C018
FFF8
FFF8
C000
C000
E000
6018
7870
3FE0
0FC0
ENDCHAR
STARTCHAR 1EC0
ENCODING 7872
SWIDTH 684 0
DWIDTH 19 0
BBX 15 26 2 0
BITMAP
0380
01C0
0000
03C0
0660
0000
FFFE
FFFE
C000
C000
C000
C000
C000
C000
C000
FFFC
FFFC
C000
C000
C000
C000
C000
C000
C000
FFFE
FFFE
ENDCHAR
STARTCHAR 1EC1
ENCODING 7873
SWIDTH 540 0
DWIDTH 15 0
BBX 13 25 1 0
BITMAP
0E00
0700
0300
0180
0000
0300
0780
0CC0
0CC0
0000
0F80
3FE0
7070
6030
C018
C018
FFF8
FFF8
C000
C000
E000
6018
7870
3FE0
0FC0
ENDCHAR
STARTCHAR 1EC2
ENCODING 7874
SWIDTH 684 0
DWIDTH 19 0
BBX 15 26 2 0
BITMAP
0780
00C0
0180
03C0
0660
0000
FFFE
FFFE
C000
C000
C000
C000
C000
C000
C000
FFFC
FFFC
C000
C000
C000
C000
C000
C000
C000
FFFE
FFFE
ENDCHAR
STARTCHAR 1EC3
ENCODING 7875
SWIDTH 540 0
DWIDTH 15 0
BBX 13 26 1 0
BITMAP
0F80
00C0
00C0
0380
0300
0000
0300
0780
0CC0
0CC0
0000
0F80
3FE0
7070
6030
C018
C018
FFF8
FFF8
C000
C000
E000
6018
7870
3FE0
0FC0
ENDCHAR
STARTCHAR 1EC4
ENCODING 7876
SWIDTH 684 0
DWIDTH 19 0
BBX 15 26 2 0
BITMAP
0710
08E0
0000
03C0
0660
0000
FFFE
FFFE
C000
C000
C000
C000
C000
C000
C000
FFFC
FFFC
C000
C000
C000
C000
C000
C000
C000
FFFE
FFFE
ENDCHAR
STARTCHAR 1EC5
ENCODING 7877
SWIDTH 540 0
DWIDTH 15 0
BBX 13 24 1 0
BITMAP
1E30
3FF0
31E0
0000
0300
0780
0CC0
0CC0
0000
0F80
3FE0
7070
6030
C018
C018
FFF8
FFF8
C000
C000
E000
6018
7870
3FE0
0FC0
ENDCHAR
STARTCHAR 1EC6
ENCODING 7878
SWIDTH 684 0
DWIDTH 19 0
BBX 15 27 2 -4
BITMAP
03C0
0660
0000
FFFE
FFFE
C000
C000
C000
C000
C000
C000
C000
FFFC
FFFC
C000
C000
C000
C000
C000
C000
C000
FFFE
FFFE
0000
0000
0180
0180
ENDCHAR
STARTCHAR 1EC7
ENCODING 7879
SWIDTH 540 0
DWIDTH 15 0
BBX 13 24 1 -4
BITMAP
0300
0780
0CC0
0CC0
0000
0F80
3FE0
7070
6030
C018
C018
FFF8
FFF8
C000
C000
E000
6018
7870
3FE0
0FC0
0000
0000
0600
0600
ENDCHAR
STARTCHAR 1EC8
ENCODING 7880
SWIDTH 288 0
DWIDTH 8 0
BBX 6 26 1 0
BITMAP
F8
0C
0C
38
30
00
30
30
30
30
30
30
30
30
30
30
30
30
30
30
30
30
30
30
30
30
ENDCHAR
STARTCHAR 1EC9
ENCODING 7881
SWIDTH 216 0
DWIDTH 6 0
BBX 6 22 0 0
BITMAP
F8
0C
0C
38
30
00
00
30
30
30
30
30
30
30
30
30
30
30
30
30
30
30
ENDCHAR
STARTCHAR 1ECA
ENCODING 7882
SWIDTH 288 0
DWIDTH 8 0
BBX 2 24 3 -4
BITMAP
C0
C0
C0
C0
C0
C0
C0
C0
C0
C0
C0
C0
C0
C0
C0
C0
C0
C0
C0
C0
00
00
C0
C0
ENDCHAR
STARTCHAR 1ECB
ENCODING 7883
SWIDTH 216 0
DWIDTH 6 0
BBX 2 24 2 -4
BITMAP
C0
C0
00
00
00
C0
C0
C0
C0
C0
C0
C0
C0
C0
C0
C0
C0
C0
C0
C0
00
00
C0
C0
ENDCHAR
STARTCHAR 1ECC
ENCODING 7884
SWIDTH 792 0
DWIDTH 22 0
BBX 20 24 1 -4
BITMAP
01F800
0FFF00
1E0780
3801C0
7000E0
600060
E00060
C00030
C00030
C00030
C00030
C00030
C00030
600060
600060
7000E0
3801C0
1E0780
0FFF00
01F800
000000
000000
006000
006000
ENDCHAR
STARTCHAR 1ECD
ENCODING 7885
SWIDTH 540 0
DWIDTH 15 0
BBX 13 19 1 -4
BITMAP
0F80
3FE0
7070
6030
E038
C018
C018
C018
C018
C018
E038
6030
7070
3FE0
0F80
0000
0000
0300
0300
ENDCHAR
STARTCHAR 1ECE
ENCODING 7886
SWIDTH 792 0
DWIDTH 22 0
BBX 20 26 1 0
BITMAP
01F000
001800
001800
007000
006000
000000
01F800
0FFF00
1E0780
3801C0
7000E0
600060
E00060
C00030
C00030
C00030
C00030
C00030
C00030
600060
600060
7000E0
3801C0
1E0780
0FFF00
01F800
ENDCHAR
STARTCHAR 1ECF
ENCODING 7887
SWIDTH 540 0
DWIDTH 15 0
BBX 13 22 1 0
BITMAP
0F80
00C0
00C0
0380
0300
0000
0000
0F80
3FE0
7070
6030
E038
C018
C018
C018
C018
C018
E038
6030
7070
3FE0
0F80
ENDCHAR
STARTCHAR 1ED0
ENCODING 7888
SWIDTH 792 0
DWIDTH 22 0
BBX 20 26 1 0
BITMAP
003800
007000
000000
00F000
019800
000000
01F800
0FFF00
1E0780
3801C0
7000E0
600060
E00060
C00030
C00030
C00030
C00030
C00030
C00030
600060
600060
7000E0
3801C0
1E0780
0FFF00
01F800
ENDCHAR
STARTCHAR 1ED1
ENCODING 7889
SWIDTH 540 0
DWIDTH 15 0
BBX 13 25 1 0
BITMAP
00E0
01C0
0180
0300
0000
0300
0780
0CC0
0CC0
0000
0F80
3FE0
7070
6030
E038
C018
C018
C018
C018
C018
E038
6030
7070
3FE0
0F80
ENDCHAR
STARTCHAR 1ED2
ENCODING 7890
SWIDTH 792 0
DWIDTH 22 0
BBX 20 26 1 0
BITMAP
00E000
007000
000000
00F000
019800
000000
01F800
0FFF00
1E0780
3801C0
7000E0
600060
E00060
C00030
C00030
C00030
C00030
C00030
C00030
600060
600060
7000E0
3801C0
1E0780
0FFF00
01F800
ENDCHAR
STARTCHAR 1ED3
ENCODING 7891
SWIDTH 540 0
DWIDTH 15 0
BBX 13 25 1 0
BITMAP
0E00
0700
0300
0180
0000
0300
0780
0CC0
0CC0
0000
0F80
3FE0
7070
6030
E038
C018
C018
C018
C018
C018
E038
6030
7070
3FE0
0F80
ENDCHAR
STARTCHAR 1ED4
ENCODING 7892
SWIDTH 792 0
DWIDTH 22 0
BBX 20 26 1 0
BITMAP
01E000
003000
006000
00F000
019800
000000
01F800
0FFF00
1E0780
3801C0
7000E0
600060
E00060
C00030
C00030
C00030
C00030
C00030
C00030
600060
600060
7000E0
3801C0
1E0780
0FFF00
01F800
ENDCHAR
STARTCHAR 1ED5
ENCODING 7893
SWIDTH 540 0
DWIDTH 15 0
BBX 13 26 1 0
BITMAP
0F80
00C0
00C0
0380
0300
0000
0300
0780
0CC0
0CC0
0000
0F80
3FE0
7070
6030
E038
C018
C018
C018
C018
C018
E038
6030
7070
3FE0
0F80
ENDCHAR
STARTCHAR 1ED6
ENCODING 7894
SWIDTH 792 0
DWIDTH 22 0
BBX 20 26 1 0
BITMAP
01C400
023800
000000
00F000
019800
000000
01F800
0FFF00
1E0780
3801C0
7000E0
600060
E00060
C00030
C00030
C00030
C00030
C00030
C00030
600060
600060
7000E0
3801C0
1E0780
0FFF00
01F800
ENDCHAR
STARTCHAR 1ED7
ENCODING 7895
SWIDTH 540 0
DWIDTH 15 0
BBX 13 24 1 0
BITMAP
1E30
3FF0
31E0
0000
0300
0780
0CC0
0CC0
0000
0F80
3FE0
7070
6030
E038
C018
C018
C018
C018
C018
E038
6030
7070
3FE0
0F80
ENDCHAR
STARTCHAR 1ED8
ENCODING 7896
SWIDTH 792 0
DWIDTH 22 0
BBX 20 27 1 -4
BITMAP
00F000
019800
000000
01F800
0FFF00
1E0780
3801C0
7000E0
600060
E00060
C00030
C00030
C00030
C00030
C00030
C00030
600060
600060
7000E0
3801C0
1E0780
0FFF00
01F800
000000
000000
006000
006000
ENDCHAR
STARTCHAR 1ED9
ENCODING 7897
SWIDTH 540 0
DWIDTH 15 0
BBX 13 24 1 -4
BITMAP
0300
0780
0CC0
0CC0
0000
0F80
3FE0
7070
6030
E038
C018
C018
C018
C018
C018
E038
6030
7070
3FE0
0F80
0000
0000
0300
0300
ENDCHAR
STARTCHAR 1EDA
ENCODING 7898
SWIDTH 864 0
DWIDTH 24 0
BBX 22 26 1 0
BITMAP
003800
007000
006000
00C000
000000
000000
01FC0C
0FFF0C
1E0784
3801C4
7000E4
600068
600070
C00030
C00030
C00030
C00030
C00030
C00030
600060
600060
7000E0
3801C0
1E0780
0FFF00
01F800
ENDCHAR
STARTCHAR 1EDB
ENCODING 7899
SWIDTH 648 0
DWIDTH 18 0
BBX 16 20 1 0
BITMAP
00E0
01C0
0180
0300
0000
0FC3
3FF3
7879
6019
E01D
C00E
C00E
C00C
C00C
C00C
E01C
6018
7878
3FF0
0FC0
ENDCHAR
STARTCHAR 1EDC
ENCODING 7900
SWIDTH 864 0
DWIDTH 24 0
BBX 22 26 1 0
BITMAP
01C000
00E000
006000
003000
000000
000000
01FC0C
0FFF0C
1E0784
3801C4
7000E4
600068
600070
C00030
C00030
C00030
C00030
C00030
C00030
600060
600060
7000E0
3801C0
1E0780
0FFF00
01F800
ENDCHAR
STARTCHAR 1EDD
ENCODING 7901
SWIDTH 648 0
DWIDTH 18 0
BBX 16 20 1 0
BITMAP
0E00
0700
0300
0180
0000
0FC3
3FF3
7879
6019
E01D
C00E
C00E
C00C
C00C
C00C
E01C
6018
7878
3FF0
0FC0
ENDCHAR
STARTCHAR 1EDE
ENCODING 7902
SWIDTH 864 0
DWIDTH 24 0
BBX 22 26 1 0
BITMAP
01F000
001800
001800
007000
006000
000000
01FC0C
0FFF0C
1E0784
3801C4
7000E4
600068
600070
C00030
C00030
C00030
C00030
C00030
C00030
600060
600060
7000E0
3801C0
1E0780
0FFF00
01F800
ENDCHAR
STARTCHAR 1EDF
ENCODING 7903
SWIDTH 648 0
DWIDTH 18 0
BBX 16 22 1 0
BITMAP
0F80
00C0
00C0
0380
0300
0000
0000
0FC3
3FF3
7879
6019
E01D
C00E
C00E
C00C
C00C
C00C
E01C
6018
7878
3FF0
0FC0
ENDCHAR
STARTCHAR 1EE0
ENCODING 7904
SWIDTH 864 0
DWIDTH 24 0
BBX 22 25 1 0
BITMAP
01CC00
03FC00
033800
000000
000000
01FC0C
0FFF0C
1E0784
3801C4
7000E4
600068
600070
C00030
C00030
C00030
C00030
C00030
C00030
600060
600060
7000E0
3801C0
1E0780
0FFF00
01F800
ENDCHAR
STARTCHAR 1EE1
ENCODING 7905
SWIDTH 648 0
DWIDTH 18 0
BBX 16 19 1 0
BITMAP
0E60
1FE0
19C0
0000
0FC3
3FF3
7879
6019
E01D
C00E
C00E
C00C
C00C
C00C
E01C
6018
7878
3FF0
0FC0
ENDCHAR
STARTCHAR 1EE2
ENCODING 7906
SWIDTH 864 0
DWIDTH 24 0
BBX 22 24 1 -4
BITMAP
01FC0C
0FFF0C
1E0784
3801C4
7000E4
600068
600070
C00030
C00030
C00030
C00030
C00030
C00030
600060
600060
7000E0
3801C0
1E0780
0FFF00
01F800
000000
000000
006000
006000
ENDCHAR
STARTCHAR 1EE3
ENCODING 7907
SWIDTH 648 0
DWIDTH 18 0
BBX 16 19 1 -4
BITMAP
0FC3
3FF3
7879
6019
E01D
C00E
C00E
C00C
C00C
C00C
E01C
6018
7878
3FF0
0FC0
0000
0000
0300
0300
ENDCHAR
STARTCHAR 1EE4
ENCODING 7908
SWIDTH 720 0
DWIDTH 20 0
BBX 16 24 2 -4
BITMAP
C003
C003
C003
C003
C003
C003
C003
C003
C003
C003
C003
C003
C003
C003
C003
E007
6006
781C
3FF8
0FE0
0000
0000
0180
0180
ENDCHAR
STARTCHAR 1EE5
ENCODING 7909
SWIDTH 576 0
DWIDTH 16 0
BBX 12 19 2 -4
BITMAP
C030
C030
C030
C030
C030
C030
C030
C030
C030
C030
C030
C070
60F0
7FB0
1F30
0000
0000
0600
0600
ENDCHAR
STARTCHAR 1EE6
ENCODING 7910
SWIDTH 720 0
DWIDTH 20 0
BBX 16 26 2 0
BITMAP
07C0
0060
0060
01C0
0180
0000
C003
C003
C003
C003
C003
C003
C003
C003
C003
C003
C003
C003
C003
C003
C003
E007
6006
781C
3FF8
07E0
ENDCHAR
STARTCHAR 1EE7
ENCODING 7911
SWIDTH 576 0
DWIDTH 16 0
BBX 12 22 2 0
BITMAP
1F00
0180
0180
0700
0600
0000
0000
C030
C030
C030
C030
C030
C030
C030
C030
C030
C030
C030
C070
60F0
7FB0
1F30
ENDCHAR
STARTCHAR 1EE8
ENCODING 7912
SWIDTH 864 0
DWIDTH 24 0
BBX 20 26 2 0
BITMAP
00E000
01C000
018000
030000
000000
000000
C00330
C00330
C00310
C00310
C00310
C00360
C003C0
C00300
C00300
C00300
C00300
C00300
C00300
C00300
C00300
E00600
600600
781C00
3FF800
0FE000
ENDCHAR
STARTCHAR 1EE9
ENCODING 7913
SWIDTH 684 0
DWIDTH 19 0
BBX 16 20 2 0
BITMAP
0380
0700
0600
0C00
0000
C033
C033
C031
C031
C033
C036
C03C
C030
C030
C030
C030
C070
60F0
7FB0
1F30
ENDCHAR
STARTCHAR 1EEA
ENCODING 7914
SWIDTH 864 0
DWIDTH 24 0
BBX 20 26 2 0
BITMAP
070000
038000
018000
00C000
000000
000000
C00330
C00330
C00310
C00310
C00310
C00360
C003C0
C00300
C00300
C00300
C00300
C00300
C00300
C00300
C00300
E00600
600600
781C00
3FF800
0FE000
ENDCHAR
STARTCHAR 1EEB
ENCODING 7915
SWIDTH 684 0
DWIDTH 19 0
BBX 16 20 2 0
BITMAP
1C00
0E00
0600
0300
0000
C033
C033
C031
C031
C033
C036
C03C
C030
C030
C030
C030
C070
60F0
7FB0
1F30
ENDCHAR
STARTCHAR 1EEC
ENCODING 7916
SWIDTH 864 0
DWIDTH 24 0
BBX 20 26 2 0
BITMAP
07C000
006000
006000
01C000
018000
000000
C00330
C00330
C00310
C00310
C00310
C00360
C003C0
C00300
C00300
C00300
C00300
C00300
C00300
C00300
C00300
E00600
600600
781C00
3FF800
0FE000
ENDCHAR
STARTCHAR 1EED
ENCODING 7917
SWIDTH 684 0
DWIDTH 19 0
BBX 16 22 2 0
BITMAP
1F00
0180
0180
0700
0600
0000
0000
C033
C033
C031
C031
C033
C036
C03C
C030
C030
C030
C030
C070
60F0
7FB0
1F30
ENDCHAR
STARTCHAR 1EEE
ENCODING 7918
SWIDTH 864 0
DWIDTH 24 0
BBX 20 25 2 0
BITMAP
073000
0FF000
0CE000
000000
000000
C00330
C00330
C00310
C00310
C00310
C00360
C003C0
C00300
C00300
C00300
C00300
C00300
C00300
C00300
C00300
E00600
600600
781C00
3FF800
0FE000
ENDCHAR
STARTCHAR 1EEF
ENCODING 7919
SWIDTH 684 0
DWIDTH 19 0
BBX 16 19 2 0
BITMAP
1CC0
3FC0
3380
0000
C033
C033
C031
C031
C033
C036
C03C
C030
C030
C030
C030
C070
60F0
7FB0
1F30
ENDCHAR
STARTCHAR 1EF0
ENCODING 7920
SWIDTH 864 0
DWIDTH 24 0
BBX 20 24 2 -4
BITMAP
C00330
C00330
C00310
C00310
C00310
C00360
C003C0
C00300
C00300
C00300
C00300
C00300
C00300
C00300
C00300
E00600
600600
781C00
3FF800
0FE000
000000
000000
018000
018000
ENDCHAR
STARTCHAR 1EF1
ENCODING 7921
SWIDTH 684 0
DWIDTH 19 0
BBX 16 19 2 -4
BITMAP
C033
C033
C031
C031
C033
C036
C03C
C030
C030
C030
C030
C070
60F0
7FB0
1F30
0000
0000
0600
0600
ENDCHAR
STARTCHAR 1EF2
ENCODING 7922
SWIDTH 648 0
DWIDTH 18 0
BBX 18 26 0 0
BITMAP
038000
01C000
00C000
006000
000000
000000
C001C0
600380
300300
380700
1C0E00
0C1C00
061C00
073800
033000
01E000
01E000
00C000
00C000
00C000
00C000
00C000
00C000
00C000
00C000
00C000
ENDCHAR
STARTCHAR 1EF3
ENCODING 7923
SWIDTH 468 0
DWIDTH 13 0
BBX 13 26 0 -6
BITMAP
0E00
0700
0300
0180
0000
C018
C038
6030
6030
6060
3060
30E0
30C0
18C0
1980
1980
0F80
0F00
0F00
0600
0600
0600
0C00
0C00
3C00
3800
ENDCHAR
STARTCHAR 1EF4
ENCODING 7924
SWIDTH 648 0
DWIDTH 18 0
BBX 18 24 0 -4
BITMAP
C001C0
600380
300300
380700
1C0E00
0C1C00
061C00
073800
033000
01E000
01E000
00C000
00C000
00C000
00C000
00C000
00C000
00C000
00C000
00C000
000000
000000
00C000
00C000
ENDCHAR
STARTCHAR 1EF5
ENCODING 7925
SWIDTH 468 0
DWIDTH 13 0
BBX 13 21 0 -6
BITMAP
C018
C038
6030
6030
6060
3060
30E0
30C0
18C0
1980
1980
0F80
0F00
0F00
0600
0600
0600
0C18
0C18
3C00
3800
ENDCHAR
STARTCHAR 1EF6
ENCODING 7926
SWIDTH 648 0
DWIDTH 18 0
BBX 18 26 0 0
BITMAP
03E000
003000
003000
00E000
00C000
000000
C001C0
600380
300300
380700
1C0E00
0C1C00
061C00
073800
033000
01E000
01E000
00C000
00C000
00C000
00C000
00C000
00C000
00C000
00C000
00C000
ENDCHAR
STARTCHAR 1EF7
ENCODING 7927
SWIDTH 468 0
DWIDTH 13 0
BBX 13 28 0 -6
BITMAP
1F00
0180
0180
0700
0600
0000
0000
C018
C038
6030
6030
6060
3060
30E0
30C0
18C0
1980
1980
0F80
0F00
0F00
0600
0600
0600
0C00
0C00
3C00
3800
ENDCHAR
STARTCHAR 1EF8
ENCODING 7928
SWIDTH 648 0
DWIDTH 18 0
BBX 18 25 0 0
BITMAP
039800
07F800
067000
000000
000000
C001C0
600380
300300
380700
1C0E00
0C1C00
061C00
073800
033000
01E000
01E000
00C000
00C000
00C000
00C000
00C000
00C000
00C000
00C000
00C000
ENDCHAR
STARTCHAR 1EF9
ENCODING 7929
SWIDTH 468 0
DWIDTH 13 0
BBX 13 25 0 -6
BITMAP
0E60
1FE0
19C0
0000
C018
C038
6030
6030
6060
3060
30E0
30C0
18C0
1980
1980
0F80
0F00
0F00
0600
0600
0600
0C00
0C00
3C00
3800
ENDCHAR
STARTCHAR 200C
ENCODING 8204
SWIDTH 0 0
DWIDTH 0 0
BBX 1 22 -1 -4
BITMAP
80
80
80
80
80
80
80
80
80
80
80
80
80
80
80
80
80
80
80
80
80
80
ENDCHAR
STARTCHAR 200D
ENCODING 8205
SWIDTH 0 0
DWIDTH 0 0
BBX 7 23 -4 -4
BITMAP
C6
6C
38
38
7C
96
10
10
10
10
10
10
10
10
10
10
10
10
10
10
10
10
10
ENDCHAR
STARTCHAR 200E
ENCODING 8206
SWIDTH 0 0
DWIDTH 0 0
BBX 7 24 -1 -4
BITMAP
10
18
0C
FE
8C
98
90
80
80
80
80
80
80
80
80
80
80
80
80
80
80
80
80
80
ENDCHAR
STARTCHAR 200F
ENCODING 8207
SWIDTH 0 0
DWIDTH 0 0
BBX 7 24 -4 -4
BITMAP
10
30
60
FE
62
32
12
02
02
02
02
02
02
02
02
02
02
02
02
02
02
02
02
02
ENDCHAR
STARTCHAR 2013
ENCODING 8211
SWIDTH 576 0
DWIDTH 16 0
BBX 16 2 0 6
BITMAP
FFFF
FFFF
ENDCHAR
STARTCHAR 2014
ENCODING 8212
SWIDTH 1008 0
DWIDTH 28 0
BBX 28 2 0 6
BITMAP
FFFFFFF0
FFFFFFF0
ENDCHAR
STARTCHAR 2015
ENCODING 8213
SWIDTH 1008 0
DWIDTH 28 0
BBX 26 2 1 6
BITMAP
FFFFFFC0
FFFFFFC0
ENDCHAR
STARTCHAR 2017
ENCODING 8215
SWIDTH 540 0
DWIDTH 15 0
BBX 15 6 0 -9
BITMAP
FFFE
FFFE
0000
0000
FFFE
FFFE
ENDCHAR
STARTCHAR 2018
ENCODING 8216
SWIDTH 216 0
DWIDTH 6 0
BBX 2 7 2 13
BITMAP
40
C0
80
80
80
C0
C0
ENDCHAR
STARTCHAR 2019
ENCODING 8217
SWIDTH 216 0
DWIDTH 6 0
BBX 2 7 2 13
BITMAP
C0
C0
40
40
40
C0
80
ENDCHAR
STARTCHAR 201A
ENCODING 8218
SWIDTH 216 0
DWIDTH 6 0
BBX 2 7 2 -5
BITMAP
C0
C0
40
40
40
C0
80
ENDCHAR
STARTCHAR 201B
ENCODING 8219
SWIDTH 216 0
DWIDTH 6 0
BBX 2 7 2 13
BITMAP
C0
C0
80
80
80
C0
40
ENDCHAR
STARTCHAR 201C
ENCODING 8220
SWIDTH 324 0
DWIDTH 9 0
BBX 6 7 1 13
BITMAP
44
CC
88
88
88
CC
CC
ENDCHAR
STARTCHAR 201D
ENCODING 8221
SWIDTH 324 0
DWIDTH 9 0
BBX 6 7 1 13
BITMAP
CC
CC
44
44
44
CC
88
ENDCHAR
STARTCHAR 201E
ENCODING 8222
SWIDTH 324 0
DWIDTH 9 0
BBX 6 7 1 -5
BITMAP
CC
CC
44
44
44
CC
88
ENDCHAR
STARTCHAR 2020
ENCODING 8224
SWIDTH 576 0
DWIDTH 16 0
BBX 14 25 1 -5
BITMAP
0300
0300
0300
0300
0300
0300
FFFC
FFFC
0300
0300
0300
0300
0300
0300
0300
0300
0300
0300
0300
0300
0300
0300
0300
0300
0300
ENDCHAR
STARTCHAR 2021
ENCODING 8225
SWIDTH 576 0
DWIDTH 16 0
BBX 14 25 1 -5
BITMAP
0300
0300
0300
0300
0300
FFFC
FFFC
0300
0300
0300
0300
0300
0300
0300
0300
0300
0300
0300
FFFC
FFFC
0300
0300
0300
0300
0300
ENDCHAR
STARTCHAR 2022
ENCODING 8226
SWIDTH 360 0
DWIDTH 10 0
BBX 7 7 2 6
BITMAP
38
7C
FE
FE
FE
7C
38
ENDCHAR
STARTCHAR 2026
ENCODING 8230
SWIDTH 1008 0
DWIDTH 28 0
BBX 18 2 3 0
BITMAP
C0C0C0
C0C0C0
ENDCHAR
STARTCHAR 202A
ENCODING 8234
SWIDTH 0 0
DWIDTH 0 0
BBX 6 21 -1 -4
BITMAP
FC
80
80
80
80
80
80
80
80
80
80
80
80
80
80
80
80
80
80
80
80
ENDCHAR
STARTCHAR 202B
ENCODING 8235
SWIDTH 0 0
DWIDTH 0 0
BBX 6 21 -6 -4
BITMAP
FC
04
04
04
04
04
04
04
04
04
04
04
04
04
04
04
04
04
04
04
04
ENDCHAR
STARTCHAR 202C
ENCODING 8236
SWIDTH 0 0
DWIDTH 0 0
BBX 7 23 -4 -4
BITMAP
FE
FE
FE
FE
FE
FE
10
10
10
10
10
10
10
10
10
10
10
10
10
10
10
10
10
ENDCHAR
STARTCHAR 202D
ENCODING 8237
SWIDTH 0 0
DWIDTH 0 0
BBX 7 23 -4 -4
BITMAP
FE
80
80
80
80
FE
10
10
10
10
10
10
10
10
10
10
10
10
10
10
10
10
10
ENDCHAR
STARTCHAR 202E
ENCODING 8238
SWIDTH 0 0
DWIDTH 0 0
BBX 7 23 -4 -4
BITMAP
FE
02
02
02
02
FE
10
10
10
10
10
10
10
10
10
10
10
10
10
10
10
10
10
ENDCHAR
STARTCHAR 2030
ENCODING 8240
SWIDTH 1044 0
DWIDTH 29 0
BBX 27 20 1 0
BITMAP
3C0C0000
7E180000
E7180000
C3180000
C3300000
C3300000
C3600000
E7600000
7E600000
3CC00000
00CF0780
019F8FC0
01B9DCE0
01B0D860
0330D860
0330D860
0630D860
0639DCE0
061F8FC0
0C0F0780
ENDCHAR
STARTCHAR 2032
ENCODING 8242
SWIDTH 180 0
DWIDTH 5 0
BBX 3 7 1 13
BITMAP
60
60
C0
C0
C0
80
80
ENDCHAR
STARTCHAR 2033
ENCODING 8243
SWIDTH 360 0
DWIDTH 10 0
BBX 7 7 1 13
BITMAP
66
66
CC
CC
CC
88
88
ENDCHAR
STARTCHAR 2039
ENCODING 8249
SWIDTH 324 0
DWIDTH 9 0
BBX 6 13 1 1
BITMAP
0C
18
30
30
60
60
C0
60
60
30
30
18
0C
ENDCHAR
STARTCHAR 203A
ENCODING 8250
SWIDTH 324 0
DWIDTH 9 0
BBX 6 13 2 1
BITMAP
C0
60
30
30
18
18
0C
18
18
30
30
60
C0
ENDCHAR
STARTCHAR 203C
ENCODING 8252
SWIDTH 504 0
DWIDTH 14 0
BBX 8 20 3 0
BITMAP
C3
C3
C3
C3
C3
C3
C3
C3
C3
C3
C3
C3
C3
C3
C3
C3
00
00
C3
C3
ENDCHAR
STARTCHAR 203E
ENCODING 8254
SWIDTH 324 0
DWIDTH 9 0
BBX 9 2 -1 17
BITMAP
FF80
FF80
ENDCHAR
STARTCHAR 2044
ENCODING 8260
SWIDTH 180 0
DWIDTH 5 0
BBX 17 21 -6 -1
BITMAP
000180
000300
000700
000600
000C00
001800
003800
003000
006000
00C000
01C000
018000
030000
060000
0E0000
0C0000
180000
380000
700000
600000
C00000
ENDCHAR
STARTCHAR 206A
ENCODING 8298
SWIDTH 0 0
DWIDTH 0 0
BBX 7 23 -4 -4
BITMAP
FE
10
10
10
10
FE
10
10
10
10
10
10
10
10
10
10
10
10
10
10
10
10
10
ENDCHAR
STARTCHAR 206B
ENCODING 8299
SWIDTH 0 0
DWIDTH 0 0
BBX 7 23 -4 -4
BITMAP
FE
82
82
82
82
FE
10
10
10
10
10
10
10
10
10
10
10
10
10
10
10
10
10
ENDCHAR
STARTCHAR 206C
ENCODING 8300
SWIDTH 0 0
DWIDTH 0 0
BBX 7 23 -4 -4
BITMAP
FE
7C
3C
38
10
10
10
10
10
10
10
10
10
10
10
10
10
10
10
10
10
10
10
ENDCHAR
STARTCHAR 206D
ENCODING 8301
SWIDTH 0 0
DWIDTH 0 0
BBX 7 23 -4 -4
BITMAP
10
10
38
7C
7C
FE
10
10
10
10
10
10
10
10
10
10
10
10
10
10
10
10
10
ENDCHAR
STARTCHAR 206E
ENCODING 8302
SWIDTH 0 0
DWIDTH 0 0
BBX 7 23 -4 -4
BITMAP
10
6C
82
6C
38
10
10
10
10
10
10
10
10
10
10
10
10
10
10
10
10
10
10
ENDCHAR
STARTCHAR 206F
ENCODING 8303
SWIDTH 0 0
DWIDTH 0 0
BBX 7 23 -4 -4
BITMAP
F0
10
10
10
10
FE
10
10
10
10
10
10
10
10
10
10
10
10
10
10
10
10
10
ENDCHAR
STARTCHAR 207F
ENCODING 8319
SWIDTH 360 0
DWIDTH 10 0
BBX 8 9 1 8
BITMAP
DE
FF
E3
C3
C3
C3
C3
C3
C3
ENDCHAR
STARTCHAR 20A3
ENCODING 8355
SWIDTH 576 0
DWIDTH 16 0
BBX 15 20 0 0
BITMAP
3FFE
3FFE
3000
3000
3000
3000
3000
3000
3000
3FF8
3FF8
3000
3000
3000
3000
FF80
FF80
3000
3000
3000
ENDCHAR
STARTCHAR 20A4
ENCODING 8356
SWIDTH 576 0
DWIDTH 16 0
BBX 15 20 0 0
BITMAP
07E0
0FF0
1C38
381C
300C
3000
3000
3000
FFC0
FFC0
1C00
0C00
FFC0
FFC0
0C00
1800
3800
7F84
FFFE
607C
ENDCHAR
STARTCHAR 20A7
ENCODING 8359
SWIDTH 1080 0
DWIDTH 30 0
BBX 29 20 0 0
BITMAP
FFC00000
FFE30000
C0730000
C03B0000
C01B0000
C01FFF80
C01FFFE0
C01B7060
C0336030
C0736030
FFE37800
FF833F80
C0030FE0
C00301F0
C0030038
C0036018
C0036018
C0033870
C003FFE0
C001CFC0
ENDCHAR
STARTCHAR 20AA
ENCODING 8362
SWIDTH 756 0
DWIDTH 21 0
BBX 17 15 2 0
BITMAP
FFC180
FFE180
C03180
C03180
C03180
C63180
C63180
C63180
C63180
C63180
C60180
C60180
C60180
C7FF00
C7FE00
ENDCHAR
STARTCHAR 20AB
ENCODING 8363
SWIDTH 504 0
DWIDTH 14 0
BBX 10 17 2 3
BITMAP
0180
0180
03C0
0180
3D80
6380
4380
C180
C180
C180
C180
C180
6380
6380
3D80
0000
FFC0
ENDCHAR
STARTCHAR 20AC
ENCODING 8364
SWIDTH 576 0
DWIDTH 16 0
BBX 16 20 -1 0
BITMAP
007E
03FF
0701
0E00
1C00
1800
3000
FFFE
FFFE
3000
3000
FFFC
FFFC
3000
1800
1800
0C00
0701
03FF
00FE
ENDCHAR
STARTCHAR 2105
ENCODING 8453
SWIDTH 900 0
DWIDTH 25 0
BBX 23 21 1 -1
BITMAP
1E0180
630180
618300
C00300
C00600
C00600
C00C00
C00C00
419800
6318F0
3E339C
00730C
006606
00E606
00C606
01C606
018606
03830C
03031C
0600F0
060000
ENDCHAR
STARTCHAR 2113
ENCODING 8467
SWIDTH 324 0
DWIDTH 9 0
BBX 8 20 0 0
BITMAP
1E
1F
33
33
33
32
36
34
3C
38
30
30
70
70
F0
30
31
33
3F
1C
ENDCHAR
STARTCHAR 2116
ENCODING 8470
SWIDTH 1080 0
DWIDTH 30 0
BBX 27 20 2 0
BITMAP
80060000
C0060000
E0060000
F0060F00
F8063FC0
D80630C0
DC066060
CE066060
C7066060
C3066060
C1866060
C1C630C0
C0E63FC0
C0660F00
C0360000
C03E0000
C01E7FE0
C00E7FE0
C0060000
C0060000
ENDCHAR
STARTCHAR 2122
ENCODING 8482
SWIDTH 1008 0
DWIDTH 28 0
BBX 23 11 3 9
BITMAP
FFDC0E
FFDC0E
0C1E1E
0C1E1E
0C1B36
0C1B36
0C1B36
0C19E6
0C19E6
0C19E6
0C18C6
ENDCHAR
STARTCHAR 2126
ENCODING 8486
SWIDTH 792 0
DWIDTH 22 0
BBX 19 20 2 0
BITMAP
03F800
0FFE00
1C0700
380380
7001C0
6000C0
E000E0
C00060
C00060
C00060
C00060
C00060
C000E0
6000C0
7001C0
380380
1C0780
1F1F00
FF1FE0
FF1FE0
ENDCHAR
STARTCHAR 212E
ENCODING 8494
SWIDTH 612 0
DWIDTH 17 0
BBX 15 15 1 0
BITMAP
07C0
1830
3018
600C
600C
E00E
E00E
FFFE
E000
E000
6000
6004
200C
1830
07E0
ENDCHAR
STARTCHAR 2153
ENCODING 8531
SWIDTH 828 0
DWIDTH 23 0
BBX 21 20 2 0
BITMAP
1800C0
7801C0
F80180
980300
180600
180E00
180C00
181800
183000
187000
0061F0
00C3F8
018618
0380F0
0300F0
060018
0E0018
1C0638
1803F0
3001E0
ENDCHAR
STARTCHAR 2154
ENCODING 8532
SWIDTH 828 0
DWIDTH 23 0
BBX 23 20 0 0
BITMAP
3E0038
7F8070
C18060
0180C0
030180
060380
1C0300
300600
7F8C00
FF9C00
00387C
0030FE
006186
00C03C
01C03C
018006
030006
06018E
0E00FC
1C0078
ENDCHAR
STARTCHAR 215B
ENCODING 8539
SWIDTH 828 0
DWIDTH 23 0
BBX 20 21 2 0
BITMAP
1800C0
780180
F80300
980700
180600
180C00
181C00
181800
183000
186000
00E000
00C7E0
018FF0
038C30
030C30
0603C0
0E0FF0
0C0C30
180C30
300FF0
7003C0
ENDCHAR
STARTCHAR 215C
ENCODING 8540
SWIDTH 828 0
DWIDTH 23 0
BBX 22 21 0 0
BITMAP
3E0030
7F0060
C300C0
0F01C0
0C0180
030300
030700
C70600
7F0C00
3C1800
003800
0031F8
0063FC
00E30C
00C30C
0180F0
0383FC
03030C
06030C
0C03FC
1C00F0
ENDCHAR
STARTCHAR 215D
ENCODING 8541
SWIDTH 828 0
DWIDTH 23 0
BBX 21 21 1 0
BITMAP
7F0060
7F00C0
600180
DC0380
FE0300
E70600
030E00
C70C00
7E1800
3C3000
007000
0063F0
00C7F8
01C618
018618
0301E0
0707F8
060618
0C0618
1807F8
3801E0
ENDCHAR
STARTCHAR 215E
ENCODING 8542
SWIDTH 828 0
DWIDTH 23 0
BBX 22 21 0 0
BITMAP
FF0060
FF0060
0600C0
0C0180
0C0380
180300
180600
300E00
300C00
301800
003000
0071F8
0063FC
00C30C
01C30C
0180F0
0303FC
06030C
06030C
0C03FC
1800F0
ENDCHAR
STARTCHAR 2190
ENCODING 8592
SWIDTH 1008 0
DWIDTH 28 0
BBX 26 10 1 2
BITMAP
06000000
0C000000
18000000
38000000
FFFFFFC0
7FFFFFC0
38000000
1C000000
0C000000
06000000
ENDCHAR
STARTCHAR 2191
ENCODING 8593
SWIDTH 504 0
DWIDTH 14 0
BBX 10 24 2 -6
BITMAP
0C00
0C00
1E00
3F00
6D80
CCC0
0C00
0C00
0C00
0C00
0C00
0C00
0C00
0C00
0C00
0C00
0C00
0C00
0C00
0C00
0C00
0C00
0C00
0C00
ENDCHAR
STARTCHAR 2192
ENCODING 8594
SWIDTH 1008 0
DWIDTH 28 0
BBX 26 10 1 2
BITMAP
00001800
00000C00
00000600
00000700
FFFFFFC0
FFFFFF80
00000700
00000E00
00000C00
00001800
ENDCHAR
STARTCHAR 2193
ENCODING 8595
SWIDTH 504 0
DWIDTH 14 0
BBX 10 24 2 -6
BITMAP
0C00
0C00
0C00
0C00
0C00
0C00
0C00
0C00
0C00
0C00
0C00
0C00
0C00
0C00
0C00
0C00
0C00
8C40
CDC0
7F80
3F00
1E00
0C00
0800
ENDCHAR
STARTCHAR 2194
ENCODING 8596
SWIDTH 1008 0
DWIDTH 28 0
BBX 26 10 1 2
BITMAP
06001800
0C000C00
18000600
38000700
FFFFFFC0
7FFFFF80
38000700
18000E00
0C000C00
06001800
ENDCHAR
STARTCHAR 2195
ENCODING 8597
SWIDTH 504 0
DWIDTH 14 0
BBX 10 25 2 -6
BITMAP
0C00
0C00
1E00
3F00
7F80
CCC0
0C00
0C00
0C00
0C00
0C00
0C00
0C00
0C00
0C00
0C00
0C00
0C00
0C00
8C40
EDC0
7F80
3F00
1E00
0C00
ENDCHAR
STARTCHAR 21A8
ENCODING 8616
SWIDTH 504 0
DWIDTH 14 0
BBX 10 28 2 -8
BITMAP
0C00
0C00
1E00
3F00
7F80
CCC0
0C00
0C00
0C00
0C00
0C00
0C00
0C00
0C00
0C00
0C00
0C00
0C00
0C00
8C40
EDC0
7F80
3F00
1E00
0C00
0800
0000
FFC0
ENDCHAR
STARTCHAR 2202
ENCODING 8706
SWIDTH 504 0
DWIDTH 14 0
BBX 13 20 1 0
BITMAP
03C0
07E0
0E30
1C30
0818
0018
0018
0018
07F8
1F18
3818
7018
6030
C030
C070
C060
C0E0
E3C0
7F80
3E00
ENDCHAR
STARTCHAR 2206
ENCODING 8710
SWIDTH 612 0
DWIDTH 17 0
BBX 14 18 1 1
BITMAP
0080
0180
0180
02C0
02C0
04C0
0460
0860
0860
1030
1030
2030
2018
2018
4018
400C
800C
FFFC
ENDCHAR
STARTCHAR 220F
ENCODING 8719
SWIDTH 828 0
DWIDTH 23 0
BBX 19 26 2 -6
BITMAP
FFFFE0
FFFFE0
C00060
C00060
C00060
C00060
C00060
C00060
C00060
C00060
C00060
C00060
C00060
C00060
C00060
C00060
C00060
C00060
C00060
C00060
C00060
C00060
C00060
C00060
C00060
C00060
ENDCHAR
STARTCHAR 2211
ENCODING 8721
SWIDTH 720 0
DWIDTH 20 0
BBX 17 26 2 -6
BITMAP
FFFF80
FFFF80
C00000
E00000
700000
300000
180000
0C0000
0E0000
070000
030000
018000
00C000
01C000
018000
030000
060000
0E0000
0C0000
180000
300000
600000
E00000
C00000
FFFF80
FFFF80
ENDCHAR
STARTCHAR 2212
ENCODING 8722
SWIDTH 576 0
DWIDTH 16 0
BBX 13 2 1 9
BITMAP
FFF8
FFF8
ENDCHAR
STARTCHAR 2215
ENCODING 8725
SWIDTH 180 0
DWIDTH 5 0
BBX 17 21 -6 -1
BITMAP
000180
000300
000700
000600
000C00
001800
003800
003000
006000
00C000
01C000
018000
030000
060000
0E0000
0C0000
180000
380000
700000
600000
C00000
ENDCHAR
STARTCHAR 2219
ENCODING 8729
SWIDTH 288 0
DWIDTH 8 0
BBX 2 2 2 8
BITMAP
C0
C0
ENDCHAR
STARTCHAR 221A
ENCODING 8730
SWIDTH 540 0
DWIDTH 15 0
BBX 14 27 1 -1
BITMAP
0004
0004
0004
0008
0008
0008
0008
0008
0008
0018
0010
1010
3810
D810
0C10
0C10
0620
0620
0320
0320
01A0
01A0
00E0
00C0
0040
0040
0040
ENDCHAR
STARTCHAR 221E
ENCODING 8734
SWIDTH 720 0
DWIDTH 20 0
BBX 16 9 2 6
BITMAP
003C
387E
7EC7
C783
C383
C783
7EC7
3C7E
003C
ENDCHAR
STARTCHAR 221F
ENCODING 8735
SWIDTH 972 0
DWIDTH 27 0
BBX 17 17 5 0
BITMAP
800000
800000
800000
800000
800000
800000
800000
800000
800000
800000
800000
800000
800000
800000
800000
800000
FFFF80
ENDCHAR
STARTCHAR 2229
ENCODING 8745
SWIDTH 720 0
DWIDTH 20 0
BBX 16 20 2 0
BITMAP
07E0
1FF8
3C3C
700E
6006
E007
C003
C003
C003
C003
C003
C003
C003
C003
C003
C003
C003
C003
C003
C003
ENDCHAR
STARTCHAR 222B
ENCODING 8747
SWIDTH 252 0
DWIDTH 7 0
BBX 7 28 0 -3
BITMAP
0E
0E
10
10
10
10
10
10
10
10
10
10
10
10
10
10
10
10
10
10
10
10
10
10
10
D0
E0
E0
ENDCHAR
STARTCHAR 2248
ENCODING 8776
SWIDTH 540 0
DWIDTH 15 0
BBX 13 8 1 7
BITMAP
3C08
FF18
C7F8
81E0
3C08
FF18
C7F8
81E0
ENDCHAR
STARTCHAR 2260
ENCODING 8800
SWIDTH 540 0
DWIDTH 15 0
BBX 13 20 1 0
BITMAP
0030
0060
0060
00C0
00C0
01C0
FFF8
FFF8
0300
0300
0600
0600
FFF8
FFF8
1C00
1800
1800
3000
3000
6000
ENDCHAR
STARTCHAR 2261
ENCODING 8801
SWIDTH 576 0
DWIDTH 16 0
BBX 13 14 1 3
BITMAP
FFF8
FFF8
0000
0000
0000
0000
FFF8
FFF8
0000
0000
0000
0000
FFF8
FFF8
ENDCHAR
STARTCHAR 2264
ENCODING 8804
SWIDTH 540 0
DWIDTH 15 0
BBX 13 16 1 2
BITMAP
0008
0078
03F0
0F80
7E00
F000
C000
F000
7E00
0F80
01F0
0078
0008
0000
FFF8
FFF8
ENDCHAR
STARTCHAR 2265
ENCODING 8805
SWIDTH 540 0
DWIDTH 15 0
BBX 13 16 1 2
BITMAP
8000
F000
7C00
0F80
03F0
0078
0018
0078
03F0
0F80
7E00
F000
8000
0000
FFF8
FFF8
ENDCHAR
STARTCHAR 2302
ENCODING 8962
SWIDTH 612 0
DWIDTH 17 0
BBX 13 16 2 0
BITMAP
0200
0700
0D00
0880
1040
2020
4010
C018
8008
8008
8008
8008
8008
8008
8008
FFF8
ENDCHAR
STARTCHAR 2310
ENCODING 8976
SWIDTH 576 0
DWIDTH 16 0
BBX 13 8 1 6
BITMAP
FFF8
FFF8
C000
C000
C000
C000
C000
C000
ENDCHAR
STARTCHAR 2320
ENCODING 8992
SWIDTH 612 0
DWIDTH 17 0
BBX 6 31 7 -7
BITMAP
18
3C
6C
40
40
C0
C0
C0
C0
C0
C0
C0
C0
C0
C0
C0
C0
C0
C0
C0
C0
C0
C0
C0
C0
C0
C0
C0
C0
C0
C0
ENDCHAR
STARTCHAR 2321
ENCODING 8993
SWIDTH 612 0
DWIDTH 17 0
BBX 5 31 4 -7
BITMAP
18
18
18
18
18
18
18
18
18
18
18
18
18
18
18
18
18
18
18
18
18
18
18
18
18
18
18
18
D8
F0
E0
ENDCHAR
STARTCHAR 2500
ENCODING 9472
SWIDTH 720 0
DWIDTH 20 0
BBX 20 3 0 7
BITMAP
FFFFF0
FFFFF0
FFFFF0
ENDCHAR
STARTCHAR 2502
ENCODING 9474
SWIDTH 648 0
DWIDTH 18 0
BBX 3 33 6 -8
BITMAP
E0
E0
E0
E0
E0
E0
E0
E0
E0
E0
E0
E0
E0
E0
E0
E0
E0
E0
E0
E0
E0
E0
E0
E0
E0
E0
E0
E0
E0
E0
E0
E0
E0
ENDCHAR
STARTCHAR 250C
ENCODING 9484
SWIDTH 720 0
DWIDTH 20 0
BBX 11 18 9 -8
BITMAP
FFE0
FFE0
FFE0
C000
C000
C000
C000
C000
C000
C000
C000
C000
C000
C000
C000
C000
C000
C000
ENDCHAR
STARTCHAR 2510
ENCODING 9488
SWIDTH 720 0
DWIDTH 20 0
BBX 11 18 0 -8
BITMAP
FFE0
FFE0
FFE0
0060
0060
0060
0060
0060
0060
0060
0060
0060
0060
0060
0060
0060
0060
0060
ENDCHAR
STARTCHAR 2514
ENCODING 9492
SWIDTH 720 0
DWIDTH 20 0
BBX 11 18 9 7
BITMAP
C000
C000
C000
C000
C000
C000
C000
C000
C000
C000
C000
C000
C000
C000
C000
FFE0
FFE0
FFE0
ENDCHAR
STARTCHAR 2518
ENCODING 9496
SWIDTH 720 0
DWIDTH 20 0
BBX 11 18 0 7
BITMAP
0060
0060
0060
0060
0060
0060
0060
0060
0060
0060
0060
0060
0060
0060
0060
FFE0
FFE0
FFE0
ENDCHAR
STARTCHAR 251C
ENCODING 9500
SWIDTH 720 0
DWIDTH 20 0
BBX 11 33 9 -8
BITMAP
C000
C000
C000
C000
C000
C000
C000
C000
C000
C000
C000
C000
C000
C000
C000
FFE0
FFE0
FFE0
C000
C000
C000
C000
C000
C000
C000
C000
C000
C000
C000
C000
C000
C000
C000
ENDCHAR
STARTCHAR 2524
ENCODING 9508
SWIDTH 720 0
DWIDTH 20 0
BBX 11 33 0 -8
BITMAP
0060
0060
0060
0060
0060
0060
0060
0060
0060
0060
0060
0060
0060
0060
0060
FFE0
FFE0
FFE0
0060
0060
0060
0060
0060
0060
0060
0060
0060
0060
0060
0060
0060
0060
0060
ENDCHAR
STARTCHAR 252C
ENCODING 9516
SWIDTH 720 0
DWIDTH 20 0
BBX 20 18 0 -8
BITMAP
FFFFF0
FFFFF0
FFFFF0
006000
006000
006000
006000
006000
006000
006000
006000
006000
006000
006000
006000
006000
006000
006000
ENDCHAR
STARTCHAR 2534
ENCODING 9524
SWIDTH 720 0
DWIDTH 20 0
BBX 20 18 0 7
BITMAP
006000
006000
006000
006000
006000
006000
006000
006000
006000
006000
006000
006000
006000
006000
006000
FFFFF0
FFFFF0
FFFFF0
ENDCHAR
STARTCHAR 253C
ENCODING 9532
SWIDTH 720 0
DWIDTH 20 0
BBX 20 33 0 -8
BITMAP
006000
006000
006000
006000
006000
006000
006000
006000
006000
006000
006000
006000
006000
006000
006000
FFFFF0
FFFFF0
FFFFF0
006000
006000
006000
006000
006000
006000
006000
006000
006000
006000
006000
006000
006000
006000
006000
ENDCHAR
STARTCHAR 2550
ENCODING 9552
SWIDTH 720 0
DWIDTH 20 0
BBX 20 7 0 5
BITMAP
FFFFF0
FFFFF0
000000
000000
000000
FFFFF0
FFFFF0
ENDCHAR
STARTCHAR 2551
ENCODING 9553
SWIDTH 720 0
DWIDTH 20 0
BBX 8 33 6 -8
BITMAP
E7
E7
E7
E7
E7
E7
E7
E7
E7
E7
E7
E7
E7
E7
E7
E7
E7
E7
E7
E7
E7
E7
E7
E7
E7
E7
E7
E7
E7
E7
E7
E7
E7
ENDCHAR
STARTCHAR 2552
ENCODING 9554
SWIDTH 720 0
DWIDTH 20 0
BBX 11 20 9 -8
BITMAP
FFE0
FFE0
C000
C000
C000
FFE0
FFE0
C000
C000
C000
C000
C000
C000
C000
C000
C000
C000
C000
C000
C000
ENDCHAR
STARTCHAR 2553
ENCODING 9555
SWIDTH 720 0
DWIDTH 20 0
BBX 14 18 6 -8
BITMAP
FFFC
FFFC
FFFC
E700
E700
E700
E700
E700
E700
E700
E700
E700
E700
E700
E700
E700
E700
E700
ENDCHAR
STARTCHAR 2554
ENCODING 9556
SWIDTH 720 0
DWIDTH 20 0
BBX 14 20 6 -8
BITMAP
FFFC
FFFC
E000
E000
E000
E7FC
E7FC
E700
E700
E700
E700
E700
E700
E700
E700
E700
E700
E700
E700
E700
ENDCHAR
STARTCHAR 2555
ENCODING 9557
SWIDTH 720 0
DWIDTH 20 0
BBX 11 20 0 -8
BITMAP
FFE0
FFE0
0060
0060
0060
FFE0
FFE0
0060
0060
0060
0060
0060
0060
0060
0060
0060
0060
0060
0060
0060
ENDCHAR
STARTCHAR 2556
ENCODING 9558
SWIDTH 720 0
DWIDTH 20 0
BBX 14 18 0 -8
BITMAP
FFFC
FFFC
FFFC
039C
039C
039C
039C
039C
039C
039C
039C
039C
039C
039C
039C
039C
039C
039C
ENDCHAR
STARTCHAR 2557
ENCODING 9559
SWIDTH 720 0
DWIDTH 20 0
BBX 14 20 0 -8
BITMAP
FFFC
FFFC
001C
001C
001C
FF9C
FF9C
039C
039C
039C
039C
039C
039C
039C
039C
039C
039C
039C
039C
039C
ENDCHAR
STARTCHAR 2558
ENCODING 9560
SWIDTH 720 0
DWIDTH 20 0
BBX 11 20 9 5
BITMAP
C000
C000
C000
C000
C000
C000
C000
C000
C000
C000
C000
C000
C000
FFE0
FFE0
C000
C000
C000
FFE0
FFE0
ENDCHAR
STARTCHAR 2559
ENCODING 9561
SWIDTH 720 0
DWIDTH 20 0
BBX 14 18 6 7
BITMAP
E700
E700
E700
E700
E700
E700
E700
E700
E700
E700
E700
E700
E700
E700
E700
FFFC
FFFC
FFFC
ENDCHAR
STARTCHAR 255A
ENCODING 9562
SWIDTH 720 0
DWIDTH 20 0
BBX 14 20 6 5
BITMAP
E700
E700
E700
E700
E700
E700
E700
E700
E700
E700
E700
E700
E700
E7FC
E7FC
E000
E000
E000
FFFC
FFFC
ENDCHAR
STARTCHAR 255B
ENCODING 9563
SWIDTH 720 0
DWIDTH 20 0
BBX 11 20 0 5
BITMAP
0060
0060
0060
0060
0060
0060
0060
0060
0060
0060
0060
0060
0060
FFE0
FFE0
0060
0060
0060
FFE0
FFE0
ENDCHAR
STARTCHAR 255C
ENCODING 9564
SWIDTH 720 0
DWIDTH 20 0
BBX 14 18 0 7
BITMAP
039C
039C
039C
039C
039C
039C
039C
039C
039C
039C
039C
039C
039C
039C
039C
FFFC
FFFC
FFFC
ENDCHAR
STARTCHAR 255D
ENCODING 9565
SWIDTH 720 0
DWIDTH 20 0
BBX 14 20 0 5
BITMAP
039C
039C
039C
039C
039C
039C
039C
039C
039C
039C
039C
039C
039C
FF9C
FF9C
001C
001C
001C
FFFC
FFFC
ENDCHAR
STARTCHAR 255E
ENCODING 9566
SWIDTH 720 0
DWIDTH 20 0
BBX 11 33 9 -8
BITMAP
C000
C000
C000
C000
C000
C000
C000
C000
C000
C000
C000
C000
C000
FFE0
FFE0
C000
C000
C000
FFE0
FFE0
C000
C000
C000
C000
C000
C000
C000
C000
C000
C000
C000
C000
C000
ENDCHAR
STARTCHAR 255F
ENCODING 9567
SWIDTH 720 0
DWIDTH 20 0
BBX 14 33 6 -8
BITMAP
E700
E700
E700
E700
E700
E700
E700
E700
E700
E700
E700
E700
E700
E700
E700
E7FC
E7FC
E7FC
E700
E700
E700
E700
E700
E700
E700
E700
E700
E700
E700
E700
E700
E700
E700
ENDCHAR
STARTCHAR 2560
ENCODING 9568
SWIDTH 720 0
DWIDTH 20 0
BBX 14 33 6 -8
BITMAP
E700
E700
E700
E700
E700
E700
E700
E700
E700
E700
E700
E700
E700
E7FC
E7FC
E000
E000
E000
E7FC
E7FC
E700
E700
E700
E700
E700
E700
E700
E700
E700
E700
E700
E700
E700
ENDCHAR
STARTCHAR 2561
ENCODING 9569
SWIDTH 720 0
DWIDTH 20 0
BBX 11 33 0 -8
BITMAP
0060
0060
0060
0060
0060
0060
0060
0060
0060
0060
0060
0060
0060
FFE0
FFE0
0060
0060
0060
FFE0
FFE0
0060
0060
0060
0060
0060
0060
0060
0060
0060
0060
0060
0060
0060
ENDCHAR
STARTCHAR 2562
ENCODING 9570
SWIDTH 720 0
DWIDTH 20 0
BBX 14 33 0 -8
BITMAP
039C
039C
039C
039C
039C
039C
039C
039C
039C
039C
039C
039C
039C
039C
039C
FF9C
FF9C
FF9C
039C
039C
039C
039C
039C
039C
039C
039C
039C
039C
039C
039C
039C
039C
039C
ENDCHAR
STARTCHAR 2563
ENCODING 9571
SWIDTH 720 0
DWIDTH 20 0
BBX 14 33 0 -8
BITMAP
039C
039C
039C
039C
039C
039C
039C
039C
039C
039C
039C
039C
039C
FF9C
FF9C
001C
001C
001C
FF9C
FF9C
039C
039C
039C
039C
039C
039C
039C
039C
039C
039C
039C
039C
039C
ENDCHAR
STARTCHAR 2564
ENCODING 9572
SWIDTH 720 0
DWIDTH 20 0
BBX 20 20 0 -8
BITMAP
FFFFF0
FFFFF0
000000
000000
000000
FFFFF0
FFFFF0
006000
006000
006000
006000
006000
006000
006000
006000
006000
006000
006000
006000
006000
ENDCHAR
STARTCHAR 2565
ENCODING 9573
SWIDTH 720 0
DWIDTH 20 0
BBX 20 18 0 -8
BITMAP
FFFFF0
FFFFF0
FFFFF0
039C00
039C00
039C00
039C00
039C00
039C00
039C00
039C00
039C00
039C00
039C00
039C00
039C00
039C00
039C00
ENDCHAR
STARTCHAR 2566
ENCODING 9574
SWIDTH 720 0
DWIDTH 20 0
BBX 20 20 0 -8
BITMAP
FFFFF0
FFFFF0
000000
000000
000000
FF9FF0
FF9FF0
039C00
039C00
039C00
039C00
039C00
039C00
039C00
039C00
039C00
039C00
039C00
039C00
039C00
ENDCHAR
STARTCHAR 2567
ENCODING 9575
SWIDTH 720 0
DWIDTH 20 0
BBX 20 20 0 5
BITMAP
006000
006000
006000
006000
006000
006000
006000
006000
006000
006000
006000
006000
006000
FFFFF0
FFFFF0
000000
000000
000000
FFFFF0
FFFFF0
ENDCHAR
STARTCHAR 2568
ENCODING 9576
SWIDTH 720 0
DWIDTH 20 0
BBX 20 18 0 7
BITMAP
039C00
039C00
039C00
039C00
039C00
039C00
039C00
039C00
039C00
039C00
039C00
039C00
039C00
039C00
039C00
FFFFF0
FFFFF0
FFFFF0
ENDCHAR
STARTCHAR 2569
ENCODING 9577
SWIDTH 720 0
DWIDTH 20 0
BBX 20 20 0 5
BITMAP
039C00
039C00
039C00
039C00
039C00
039C00
039C00
039C00
039C00
039C00
039C00
039C00
039C00
FF9FF0
FF9FF0
000000
000000
000000
FFFFF0
FFFFF0
ENDCHAR
STARTCHAR 256A
ENCODING 9578
SWIDTH 720 0
DWIDTH 20 0
BBX 20 33 0 -8
BITMAP
006000
006000
006000
006000
006000
006000
006000
006000
006000
006000
006000
006000
006000
FFFFF0
FFFFF0
006000
006000
006000
FFFFF0
FFFFF0
006000
006000
006000
006000
006000
006000
006000
006000
006000
006000
006000
006000
006000
ENDCHAR
STARTCHAR 256B
ENCODING 9579
SWIDTH 720 0
DWIDTH 20 0
BBX 20 33 0 -8
BITMAP
039C00
039C00
039C00
039C00
039C00
039C00
039C00
039C00
039C00
039C00
039C00
039C00
039C00
039C00
039C00
FFFFF0
FFFFF0
FFFFF0
039C00
039C00
039C00
039C00
039C00
039C00
039C00
039C00
039C00
039C00
039C00
039C00
039C00
039C00
039C00
ENDCHAR
STARTCHAR 256C
ENCODING 9580
SWIDTH 720 0
DWIDTH 20 0
BBX 20 33 0 -8
BITMAP
039C00
039C00
039C00
039C00
039C00
039C00
039C00
039C00
039C00
039C00
039C00
039C00
039C00
FF9FF0
FF9FF0
000000
000000
000000
FF9FF0
FF9FF0
039C00
039C00
039C00
039C00
039C00
039C00
039C00
039C00
039C00
039C00
039C00
039C00
039C00
ENDCHAR
STARTCHAR 2580
ENCODING 9600
SWIDTH 720 0
DWIDTH 20 0
BBX 20 17 0 8
BITMAP
FFFFF0
FFFFF0
FFFFF0
FFFFF0
FFFFF0
FFFFF0
FFFFF0
FFFFF0
FFFFF0
FFFFF0
FFFFF0
FFFFF0
FFFFF0
FFFFF0
FFFFF0
FFFFF0
FFFFF0
ENDCHAR
STARTCHAR 2584
ENCODING 9604
SWIDTH 720 0
DWIDTH 20 0
BBX 20 16 0 -8
BITMAP
FFFFF0
FFFFF0
FFFFF0
FFFFF0
FFFFF0
FFFFF0
FFFFF0
FFFFF0
FFFFF0
FFFFF0
FFFFF0
FFFFF0
FFFFF0
FFFFF0
FFFFF0
FFFFF0
ENDCHAR
STARTCHAR 2588
ENCODING 9608
SWIDTH 720 0
DWIDTH 20 0
BBX 20 33 0 -8
BITMAP
FFFFF0
FFFFF0
FFFFF0
FFFFF0
FFFFF0
FFFFF0
FFFFF0
FFFFF0
FFFFF0
FFFFF0
FFFFF0
FFFFF0
FFFFF0
FFFFF0
FFFFF0
FFFFF0
FFFFF0
FFFFF0
FFFFF0
FFFFF0
FFFFF0
FFFFF0
FFFFF0
FFFFF0
FFFFF0
FFFFF0
FFFFF0
FFFFF0
FFFFF0
FFFFF0
FFFFF0
FFFFF0
FFFFF0
ENDCHAR
STARTCHAR 258C
ENCODING 9612
SWIDTH 720 0
DWIDTH 20 0
BBX 10 33 0 -8
BITMAP
FFC0
FFC0
FFC0
FFC0
FFC0
FFC0
FFC0
FFC0
FFC0
FFC0
FFC0
FFC0
FFC0
FFC0
FFC0
FFC0
FFC0
FFC0
FFC0
FFC0
FFC0
FFC0
FFC0
FFC0
FFC0
FFC0
FFC0
FFC0
FFC0
FFC0
FFC0
FFC0
FFC0
ENDCHAR
STARTCHAR 2590
ENCODING 9616
SWIDTH 720 0
DWIDTH 20 0
BBX 10 33 10 -8
BITMAP
FFC0
FFC0
FFC0
FFC0
FFC0
FFC0
FFC0
FFC0
FFC0
FFC0
FFC0
FFC0
FFC0
FFC0
FFC0
FFC0
FFC0
FFC0
FFC0
FFC0
FFC0
FFC0
FFC0
FFC0
FFC0
FFC0
FFC0
FFC0
FFC0
FFC0
FFC0
FFC0
FFC0
ENDCHAR
STARTCHAR 2591
ENCODING 9617
SWIDTH 720 0
DWIDTH 20 0
BBX 19 32 1 -7
BITMAP
C18300
000000
000000
0C1060
0C1060
000000
C18300
C18300
000000
000000
0C1060
000000
000000
C18300
C18300
000000
000000
0C1060
000000
000000
C18300
C18300
000000
0C1060
0C1060
000000
000000
C18300
000000
000000
0C1060
0C1060
ENDCHAR
STARTCHAR 2592
ENCODING 9618
SWIDTH 720 0
DWIDTH 20 0
BBX 20 32 0 -7
BITMAP
66C9B0
000000
000000
993640
993640
000000
66C9B0
66C9B0
000000
000000
993640
000000
000000
66C9B0
66C9B0
000000
000000
993640
000000
000000
66C9B0
66C9B0
000000
993640
993640
000000
000000
66C9B0
000000
000000
993640
993640
ENDCHAR
STARTCHAR 2593
ENCODING 9619
SWIDTH 720 0
DWIDTH 20 0
BBX 20 34 0 -9
BITMAP
26CD90
FFFFF0
FFFFF0
D9B260
D9B260
FFFFF0
26CD90
26CD90
FFFFF0
FFFFF0
D9B260
FFFFF0
FFFFF0
26CD90
26CD90
FFFFF0
FFFFF0
D9B260
FFFFF0
FFFFF0
26CD90
26CD90
FFFFF0
D9B260
D9B260
FFFFF0
FFFFF0
26CD90
FFFFF0
FFFFF0
D9B260
D9B260
FFFFF0
FFFFF0
ENDCHAR
STARTCHAR 25A0
ENCODING 9632
SWIDTH 612 0
DWIDTH 17 0
BBX 13 13 2 0
BITMAP
FFF8
FFF8
FFF8
FFF8
FFF8
FFF8
FFF8
FFF8
FFF8
FFF8
FFF8
FFF8
FFF8
ENDCHAR
STARTCHAR 25A1
ENCODING 9633
SWIDTH 612 0
DWIDTH 17 0
BBX 13 13 2 0
BITMAP
FFF8
8008
8008
8008
8008
8008
8008
8008
8008
8008
8008
8008
FFF8
ENDCHAR
STARTCHAR 25AA
ENCODING 9642
SWIDTH 360 0
DWIDTH 10 0
BBX 6 6 2 6
BITMAP
FC
FC
FC
FC
FC
FC
ENDCHAR
STARTCHAR 25AB
ENCODING 9643
SWIDTH 360 0
DWIDTH 10 0
BBX 6 6 2 6
BITMAP
FC
84
84
84
84
FC
ENDCHAR
STARTCHAR 25AC
ENCODING 9644
SWIDTH 1008 0
DWIDTH 28 0
BBX 28 6 0 4
BITMAP
FFFFFFF0
FFFFFFF0
FFFFFFF0
FFFFFFF0
FFFFFFF0
FFFFFFF0
ENDCHAR
STARTCHAR 25B2
ENCODING 9650
SWIDTH 1008 0
DWIDTH 28 0
BBX 19 19 4 0
BITMAP
004000
006000
00E000
00F000
01F000
01F800
03F800
03FC00
07FC00
07FE00
0FFE00
0FFF00
1FFF00
1FFF80
3FFF80
3FFFC0
7FFFC0
7FFFE0
FFFFE0
ENDCHAR
STARTCHAR 25BA
ENCODING 9658
SWIDTH 1008 0
DWIDTH 28 0
BBX 20 19 4 0
BITMAP
C00000
F00000
FC0000
FF0000
FFC000
FFF000
FFFC00
FFFF00
FFFFC0
FFFFF0
FFFFC0
FFFF00
FFFC00
FFF000
FFC000
FF0000
FC0000
F00000
C00000
ENDCHAR
STARTCHAR 25BC
ENCODING 9660
SWIDTH 1008 0
DWIDTH 28 0
BBX 19 19 4 0
BITMAP
FFFFE0
7FFFE0
7FFFC0
3FFFC0
3FFF80
1FFF80
1FFF00
0FFF00
0FFE00
07FE00
07FC00
03FC00
03F800
01F800
01F000
00F000
00E000
006000
004000
ENDCHAR
STARTCHAR 25C4
ENCODING 9668
SWIDTH 1008 0
DWIDTH 28 0
BBX 20 19 4 0
BITMAP
000030
0000F0
0003F0
000FF0
003FF0
00FFF0
03FFF0
0FFFF0
3FFFF0
FFFFF0
3FFFF0
0FFFF0
03FFF0
00FFF0
003FF0
000FF0
0003F0
0000F0
000030
ENDCHAR
STARTCHAR 25CA
ENCODING 9674
SWIDTH 504 0
DWIDTH 14 0
BBX 12 20 1 0
BITMAP
0600
0A00
0900
1100
1080
2040
2040
4020
4020
8010
8010
4020
4020
2040
2040
1080
1100
0900
0A00
0600
ENDCHAR
STARTCHAR 25CB
ENCODING 9675
SWIDTH 612 0
DWIDTH 17 0
BBX 12 12 2 2
BITMAP
0F80
18C0
2020
4010
4010
C010
8010
4010
4010
6020
3060
0F80
ENDCHAR
STARTCHAR 25CF
ENCODING 9679
SWIDTH 612 0
DWIDTH 17 0
BBX 12 12 2 2
BITMAP
0F80
1FC0
3FE0
7FF0
7FF0
FFF0
FFF0
7FF0
7FF0
7FE0
3FE0
0F80
ENDCHAR
STARTCHAR 25D8
ENCODING 9688
SWIDTH 612 0
DWIDTH 17 0
BBX 13 13 2 0
BITMAP
FFF8
FFF8
FFF8
FFF8
F078
F078
F078
F078
F8F8
FFF8
FFF8
FFF8
FFF8
ENDCHAR
STARTCHAR 25D9
ENCODING 9689
SWIDTH 612 0
DWIDTH 17 0
BBX 15 16 1 0
BITMAP
FFFE
FFFE
F83E
F39E
EFEE
DFF6
DFF6
BFF6
BFF6
DFF6
DFF6
CFEE
E7CE
F83E
FFFE
FFFE
ENDCHAR
STARTCHAR 25E6
ENCODING 9702
SWIDTH 360 0
DWIDTH 10 0
BBX 6 7 2 6
BITMAP
30
CC
84
84
84
84
78
ENDCHAR
STARTCHAR 263A
ENCODING 9786
SWIDTH 1044 0
DWIDTH 29 0
BBX 17 18 6 -2
BITMAP
03C000
0F7800
380C00
600600
400300
C00100
8C1980
8C1880
800080
800080
800080
801180
C43100
43E300
200600
180C00
0FF800
01C000
ENDCHAR
STARTCHAR 263B
ENCODING 9787
SWIDTH 1044 0
DWIDTH 29 0
BBX 17 18 6 -2
BITMAP
03E000
0FF800
1FFE00
3FFF00
7FFF00
7FFF80
FBE780
F3E780
FFFF80
FFFF80
FFFF80
FBFF80
79EF80
7C1F00
3FFE00
1FFC00
0FF800
01C000
ENDCHAR
STARTCHAR 263C
ENCODING 9788
SWIDTH 936 0
DWIDTH 26 0
BBX 25 25 0 -3
BITMAP
00080000
00080000
00080000
18080600
0C0C0C00
06779800
0380F000
01002000
02001000
04001000
04000800
04000800
FC000F80
04000800
04000800
04001000
02001000
01002000
0380F000
067F9800
0C080C00
18080600
00080000
00080000
00080000
ENDCHAR
STARTCHAR 2640
ENCODING 9792
SWIDTH 756 0
DWIDTH 21 0
BBX 15 27 3 -6
BITMAP
0100
0C60
3018
2008
4004
0000
8002
8002
8002
0000
4004
0000
2008
1830
0380
0100
0100
0100
0100
0100
7FFC
0100
0100
0100
0100
0100
0100
ENDCHAR
STARTCHAR 2642
ENCODING 9794
SWIDTH 756 0
DWIDTH 21 0
BBX 17 26 2 -4
BITMAP
000600
001A00
006500
018500
020900
000800
001080
001080
002080
002000
004000
074000
106000
601000
400800
800800
800400
000400
000400
000400
800400
800800
400800
201000
18E000
020000
ENDCHAR
STARTCHAR 2660
ENCODING 9824
SWIDTH 540 0
DWIDTH 15 0
BBX 13 17 1 0
BITMAP
0200
0200
0200
0700
0F80
1FC0
3FE0
7FF0
FFF8
FFF8
FFF8
FFF8
7AF0
0200
0600
0F00
7FF0
ENDCHAR
STARTCHAR 2663
ENCODING 9827
SWIDTH 648 0
DWIDTH 18 0
BBX 17 17 1 0
BITMAP
01C000
07E000
07F000
0FF000
0FF000
07F000
7FFE00
FFFF00
FFFF80
FFFF80
FF7F00
FE7F00
7CBE00
018000
01C000
03E000
1FFC00
ENDCHAR
STARTCHAR 2665
ENCODING 9829
SWIDTH 612 0
DWIDTH 17 0
BBX 15 17 1 0
BITMAP
3838
7CFC
FEFE
FFFE
FFFE
FFFC
7FFC
7FF8
3FF8
1FF0
0FE0
0FC0
07C0
0380
0300
0100
0100
ENDCHAR
STARTCHAR 2666
ENCODING 9830
SWIDTH 504 0
DWIDTH 14 0
BBX 12 16 1 1
BITMAP
0600
0700
0F00
1F80
3FC0
3FE0
7FE0
FFF0
FFF0
7FE0
3FC0
1F80
0F80
0F00
0600
0200
ENDCHAR
STARTCHAR 266A
ENCODING 9834
SWIDTH 504 0
DWIDTH 14 0
BBX 13 19 1 0
BITMAP
0300
03E0
03F0
03F0
0230
0210
0218
0200
0200
0200
0200
0200
0200
7A00
FE00
FE00
FE00
FE00
FC00
ENDCHAR
STARTCHAR 266B
ENCODING 9835
SWIDTH 756 0
DWIDTH 21 0
BBX 17 23 1 -2
BITMAP
000080
000780
003F80
01FF80
03FE80
03F080
030080
030080
030080
030080
030080
030080
030080
030080
031F80
033F80
1B3F80
7F3F80
FF3F00
FF1E00
FE0000
7E0000
380000
ENDCHAR
STARTCHAR E801
ENCODING 59393
SWIDTH 216 0
DWIDTH 6 0
BBX 5 19 -1 0
BITMAP
C0
C0
00
00
18
18
18
18
18
18
18
18
18
18
18
18
18
18
18
ENDCHAR
STARTCHAR E802
ENCODING 59394
SWIDTH 504 0
DWIDTH 14 0
BBX 11 21 1 -6
BITMAP
FE00
FF80
01C0
00C0
0060
0060
0060
0060
0060
0060
1860
1860
0060
1860
1860
0060
0060
0060
0060
0060
0060
ENDCHAR
STARTCHAR E803
ENCODING 59395
SWIDTH 504 0
DWIDTH 14 0
BBX 11 21 1 -6
BITMAP
FE00
FF80
01C0
00C0
0060
0060
0060
0060
0060
0060
3F60
0C60
0C60
0060
0060
0060
0060
0060
0060
0060
0060
ENDCHAR
STARTCHAR E804
ENCODING 59396
SWIDTH 468 0
DWIDTH 13 0
BBX 14 20 -2 0
BITMAP
1800
1800
D800
D800
1800
1FFC
1FFC
000C
000C
000C
000C
001C
0038
0030
0060
00E0
00C0
00C0
00C0
00C0
ENDCHAR
STARTCHAR E805
ENCODING 59397
SWIDTH 468 0
DWIDTH 13 0
BBX 14 20 -2 0
BITMAP
1800
1800
D800
D800
1800
1FFC
1FFC
000C
000C
000C
018C
019C
0038
0030
0060
00E0
00C0
00C0
00C0
00C0
ENDCHAR
STARTCHAR E818
ENCODING 59416
SWIDTH 216 0
DWIDTH 6 0
BBX 7 9 0 17
BITMAP
04
18
64
18
60
12
92
BC
E0
ENDCHAR
STARTCHAR E83A
ENCODING 59450
SWIDTH 648 0
DWIDTH 18 0
BBX 19 2 -1 4
BITMAP
FFFFE0
FFFFE0
ENDCHAR
STARTCHAR F001
ENCODING 61441
SWIDTH 504 0
DWIDTH 14 0
BBX 12 20 0 0
BITMAP
1F30
3F30
3000
3000
3000
FE30
FE30
3030
3030
3030
3030
3030
3030
3030
3030
3030
3030
3030
3030
3030
ENDCHAR
STARTCHAR F002
ENCODING 61442
SWIDTH 504 0
DWIDTH 14 0
BBX 12 20 0 0
BITMAP
1F30
3F30
3030
3030
3030
FE30
FE30
3030
3030
3030
3030
3030
3030
3030
3030
3030
3030
3030
3030
3030
ENDCHAR
STARTCHAR F004
ENCODING 61444
SWIDTH 324 0
DWIDTH 9 0
BBX 2 5 3 -7
BITMAP
C0
C0
40
40
80
ENDCHAR
STARTCHAR F005
ENCODING 61445
SWIDTH 324 0
DWIDTH 9 0
BBX 5 6 1 -7
BITMAP
70
78
18
18
F8
F0
ENDCHAR
STARTCHAR F006
ENCODING 61446
SWIDTH 0 0
DWIDTH 0 0
BBX 4 2 -6 24
BITMAP
70
E0
ENDCHAR
STARTCHAR F007
ENCODING 61447
SWIDTH 0 0
DWIDTH 0 0
BBX 4 2 -11 24
BITMAP
70
E0
ENDCHAR
STARTCHAR F008
ENCODING 61448
SWIDTH 0 0
DWIDTH 0 0
BBX 5 4 -4 16
BITMAP
38
70
60
C0
ENDCHAR
STARTCHAR F009
ENCODING 61449
SWIDTH 0 0
DWIDTH 0 0
BBX 5 4 -9 21
BITMAP
38
70
60
C0
ENDCHAR
STARTCHAR F00A
ENCODING 61450
SWIDTH 0 0
DWIDTH 0 0
BBX 1 31 -1 -6
BITMAP
80
80
80
80
80
80
80
80
80
80
80
80
80
80
00
00
00
00
80
80
80
80
80
80
80
80
80
80
80
80
80
ENDCHAR
STARTCHAR F00B
ENCODING 61451
SWIDTH 0 0
DWIDTH 0 0
BBX 7 31 -4 -6
BITMAP
FE
10
10
10
10
10
10
10
10
10
10
10
10
10
10
10
10
10
10
10
10
10
10
10
10
10
10
10
10
10
FE
ENDCHAR
STARTCHAR F00C
ENCODING 61452
SWIDTH 0 0
DWIDTH 0 0
BBX 4 31 -1 -6
BITMAP
80
C0
F0
C0
80
80
80
80
80
80
80
80
80
80
80
80
80
80
80
80
80
80
80
80
80
80
80
80
80
80
80
ENDCHAR
STARTCHAR F00D
ENCODING 61453
SWIDTH 0 0
DWIDTH 0 0
BBX 4 31 -4 -6
BITMAP
10
30
F0
30
10
10
10
10
10
10
10
10
10
10
10
10
10
10
10
10
10
10
10
10
10
10
10
10
10
10
10
ENDCHAR
STARTCHAR F00E
ENCODING 61454
SWIDTH 0 0
DWIDTH 0 0
BBX 4 31 -1 -6
BITMAP
80
80
80
80
80
80
80
80
80
80
80
80
80
80
80
80
80
80
80
80
80
80
80
80
80
80
80
80
80
80
F0
ENDCHAR
STARTCHAR F00F
ENCODING 61455
SWIDTH 0 0
DWIDTH 0 0
BBX 5 4 -12 16
BITMAP
E0
70
30
18
ENDCHAR
STARTCHAR F010
ENCODING 61456
SWIDTH 0 0
DWIDTH 0 0
BBX 5 3 -7 23
BITMAP
F0
18
30
ENDCHAR
STARTCHAR F011
ENCODING 61457
SWIDTH 0 0
DWIDTH 0 0
BBX 5 3 -13 23
BITMAP
F0
18
30
ENDCHAR
STARTCHAR F012
ENCODING 61458
SWIDTH 0 0
DWIDTH 0 0
BBX 6 5 -6 17
BITMAP
F8
0C
0C
38
30
ENDCHAR
STARTCHAR F013
ENCODING 61459
SWIDTH 0 0
DWIDTH 0 0
BBX 6 5 -10 21
BITMAP
F8
0C
0C
38
30
ENDCHAR
STARTCHAR F014
ENCODING 61460
SWIDTH 0 0
DWIDTH 0 0
BBX 6 5 -10 17
BITMAP
F8
0C
0C
38
30
ENDCHAR
STARTCHAR F015
ENCODING 61461
SWIDTH 0 0
DWIDTH 0 0
BBX 8 2 -14 24
BITMAP
71
8E
ENDCHAR
STARTCHAR F016
ENCODING 61462
SWIDTH 0 0
DWIDTH 0 0
BBX 10 3 -15 22
BITMAP
78C0
FFC0
C780
ENDCHAR
STARTCHAR F017
ENCODING 61463
SWIDTH 0 0
DWIDTH 0 0
BBX 10 3 -18 22
BITMAP
78C0
FFC0
C780
ENDCHAR
STARTCHAR F018
ENCODING 61464
SWIDTH 0 0
DWIDTH 0 0
BBX 10 3 -19 22
BITMAP
78C0
FFC0
C780
ENDCHAR
STARTCHAR F019
ENCODING 61465
SWIDTH 0 0
DWIDTH 0 0
BBX 10 3 -13 17
BITMAP
78C0
FFC0
C780
ENDCHAR
STARTCHAR F01A
ENCODING 61466
SWIDTH 0 0
DWIDTH 0 0
BBX 10 3 -15 17
BITMAP
78C0
FFC0
C780
ENDCHAR
STARTCHAR F01B
ENCODING 61467
SWIDTH 0 0
DWIDTH 0 0
BBX 10 3 -16 17
BITMAP
78C0
FFC0
C780
ENDCHAR
STARTCHAR F01C
ENCODING 61468
SWIDTH 0 0
DWIDTH 0 0
BBX 10 3 -9 22
BITMAP
78C0
FFC0
C780
ENDCHAR
STARTCHAR F01D
ENCODING 61469
SWIDTH 0 0
DWIDTH 0 0
BBX 10 3 -8 17
BITMAP
78C0
FFC0
C780
ENDCHAR
STARTCHAR F01E
ENCODING 61470
SWIDTH 0 0
DWIDTH 0 0
BBX 2 2 -10 -4
BITMAP
C0
C0
ENDCHAR
STARTCHAR F01F
ENCODING 61471
SWIDTH 0 0
DWIDTH 0 0
BBX 2 2 -12 -4
BITMAP
C0
C0
ENDCHAR
STARTCHAR F020
ENCODING 61472
SWIDTH 0 0
DWIDTH 0 0
BBX 2 2 -14 -4
BITMAP
C0
C0
ENDCHAR
STARTCHAR F021
ENCODING 61473
SWIDTH 0 0
DWIDTH 0 0
BBX 2 2 -11 -4
BITMAP
C0
C0
ENDCHAR
STARTCHAR F022
ENCODING 61474
SWIDTH 0 0
DWIDTH 0 0
BBX 2 2 -15 -4
BITMAP
C0
C0
ENDCHAR
STARTCHAR F023
ENCODING 61475
SWIDTH 0 0
DWIDTH 0 0
BBX 2 2 -9 -4
BITMAP
C0
C0
ENDCHAR
STARTCHAR F024
ENCODING 61476
SWIDTH 0 0
DWIDTH 0 0
BBX 2 2 -9 -4
BITMAP
C0
C0
ENDCHAR
STARTCHAR F025
ENCODING 61477
SWIDTH 0 0
DWIDTH 0 0
BBX 2 2 -9 -4
BITMAP
C0
C0
ENDCHAR
STARTCHAR F026
ENCODING 61478
SWIDTH 0 0
DWIDTH 0 0
BBX 2 2 -12 -4
BITMAP
C0
C0
ENDCHAR
STARTCHAR F027
ENCODING 61479
SWIDTH 0 0
DWIDTH 0 0
BBX 2 2 -10 -4
BITMAP
C0
C0
ENDCHAR
STARTCHAR F028
ENCODING 61480
SWIDTH 0 0
DWIDTH 0 0
BBX 2 2 -13 -4
BITMAP
C0
C0
ENDCHAR
STARTCHAR F029
ENCODING 61481
SWIDTH 0 0
DWIDTH 0 0
BBX 2 2 -5 -4
BITMAP
C0
C0
ENDCHAR
STARTCHAR F02A
ENCODING 61482
SWIDTH 0 0
DWIDTH 0 0
BBX 2 2 -4 -4
BITMAP
C0
C0
ENDCHAR
STARTCHAR F02B
ENCODING 61483
SWIDTH 0 0
DWIDTH 0 0
BBX 2 2 -10 -4
BITMAP
C0
C0
ENDCHAR
STARTCHAR F02C
ENCODING 61484
SWIDTH 0 0
DWIDTH 0 0
BBX 2 2 -3 -4
BITMAP
C0
C0
ENDCHAR
STARTCHAR F02D
ENCODING 61485
SWIDTH 0 0
DWIDTH 0 0
BBX 8 2 -13 24
BITMAP
71
8E
ENDCHAR
STARTCHAR F02E
ENCODING 61486
SWIDTH 0 0
DWIDTH 0 0
BBX 10 3 -14 22
BITMAP
78C0
FFC0
C780
ENDCHAR
STARTCHAR F02F
ENCODING 61487
SWIDTH 0 0
DWIDTH 0 0
BBX 8 2 -15 24
BITMAP
71
8E
ENDCHAR
STARTCHAR F030
ENCODING 61488
SWIDTH 0 0
DWIDTH 0 0
BBX 10 3 -16 22
BITMAP
78C0
FFC0
C780
ENDCHAR
STARTCHAR F031
ENCODING 61489
SWIDTH 216 0
DWIDTH 6 0
BBX 2 15 2 0
BITMAP
C0
C0
C0
C0
C0
C0
C0
C0
C0
C0
C0
C0
C0
C0
C0
ENDCHAR
STARTCHAR FB01
ENCODING 64257
SWIDTH 504 0
DWIDTH 14 0
BBX 12 20 0 0
BITMAP
1F30
3F30
3000
3000
3000
FE30
FE30
3030
3030
3030
3030
3030
3030
3030
3030
3030
3030
3030
3030
3030
ENDCHAR
STARTCHAR FB02
ENCODING 64258
SWIDTH 504 0
DWIDTH 14 0
BBX 12 20 0 0
BITMAP
1F30
3F30
3030
3030
3030
FE30
FE30
3030
3030
3030
3030
3030
3030
3030
3030
3030
3030
3030
3030
3030
ENDCHAR
STARTCHAR FB1D
ENCODING 64285
SWIDTH 216 0
DWIDTH 6 0
BBX 2 12 2 3
BITMAP
C0
C0
C0
C0
C0
C0
C0
00
00
00
C0
C0
ENDCHAR
STARTCHAR FB1E
ENCODING 64286
SWIDTH 0 0
DWIDTH 0 0
BBX 9 4 -4 17
BITMAP
C180
E380
7F00
3E00
ENDCHAR
STARTCHAR FB1F
ENCODING 64287
SWIDTH 432 0
DWIDTH 12 0
BBX 10 11 1 4
BITMAP
6180
6180
6180
6180
6180
6180
6180
6180
0000
0000
FFC0
ENDCHAR
STARTCHAR FB20
ENCODING 64288
SWIDTH 540 0
DWIDTH 15 0
BBX 13 15 0 0
BITMAP
6018
7018
3018
3018
3018
3818
1818
1818
1830
0C30
0C30
0C70
0CE0
FFC0
FF00
ENDCHAR
STARTCHAR FB2A
ENCODING 64298
SWIDTH 684 0
DWIDTH 19 0
BBX 17 18 1 0
BITMAP
000180
000180
000000
C18180
C18180
C18180
C18180
C18180
C38380
C70300
FF0300
7C0300
600300
600600
300E00
3C1C00
1FF800
07E000
ENDCHAR
STARTCHAR FB2B
ENCODING 64299
SWIDTH 684 0
DWIDTH 19 0
BBX 17 18 1 0
BITMAP
C00000
C00000
000000
C18180
C18180
C18180
C18180
C18180
C38380
C70300
FF0300
7C0300
600300
600600
300E00
3C1C00
1FF800
07E000
ENDCHAR
STARTCHAR FB2C
ENCODING 64300
SWIDTH 684 0
DWIDTH 19 0
BBX 17 18 1 0
BITMAP
000180
000180
000000
C18180
C18180
C18180
C18180
C18180
C38380
C70300
FF6300
7C6300
600300
600600
300E00
3C1C00
1FF800
07E000
ENDCHAR
STARTCHAR FB2D
ENCODING 64301
SWIDTH 684 0
DWIDTH 19 0
BBX 17 18 1 0
BITMAP
C00000
C00000
000000
C18180
C18180
C18180
C18180
C18180
C38380
C70300
FF6300
7C6300
600300
600600
300E00
3C1C00
1FF800
07E000
ENDCHAR
STARTCHAR FB2E
ENCODING 64302
SWIDTH 576 0
DWIDTH 16 0
BBX 15 19 1 -4
BITMAP
E00C
700C
300C
180C
0C18
1E18
3F38
73F0
61E0
60C0
E060
C030
C018
C01C
C00E
0000
0000
0000
07C0
ENDCHAR
STARTCHAR FB2F
ENCODING 64303
SWIDTH 576 0
DWIDTH 16 0
BBX 15 21 1 -6
BITMAP
E00C
700C
300C
180C
0C18
1E18
3F38
73F0
61E0
60C0
E060
C030
C018
C01C
C00E
0000
0000
0000
0FC0
0300
0300
ENDCHAR
STARTCHAR FB30
ENCODING 64304
SWIDTH 576 0
DWIDTH 16 0
BBX 15 15 1 0
BITMAP
E00C
700C
300C
180C
0C18
1E18
3F38
73F0
61E0
60C0
E060
C030
C618
C61C
C00E
ENDCHAR
STARTCHAR FB31
ENCODING 64305
SWIDTH 540 0
DWIDTH 15 0
BBX 13 15 1 0
BITMAP
FE00
FF80
03C0
00C0
0060
0060
1860
1860
0060
0060
0060
0060
0060
FFF8
FFF8
ENDCHAR
STARTCHAR FB32
ENCODING 64306
SWIDTH 396 0
DWIDTH 11 0
BBX 9 15 1 0
BITMAP
7C00
7E00
0700
0300
0300
3300
3300
0300
0300
0F00
3F00
3300
6380
E180
C180
ENDCHAR
STARTCHAR FB33
ENCODING 64307
SWIDTH 504 0
DWIDTH 14 0
BBX 12 15 1 0
BITMAP
FFF0
FFF0
00C0
00C0
00C0
18C0
18C0
00C0
00C0
00C0
00C0
00C0
00C0
00C0
00C0
ENDCHAR
STARTCHAR FB34
ENCODING 64308
SWIDTH 612 0
DWIDTH 17 0
BBX 13 15 2 0
BITMAP
FF80
FFE0
00F0
0030
0018
0018
0018
C318
C318
C018
C018
C018
C018
C018
C018
ENDCHAR
STARTCHAR FB35
ENCODING 64309
SWIDTH 288 0
DWIDTH 8 0
BBX 6 15 0 0
BITMAP
0C
0C
0C
0C
0C
0C
CC
CC
0C
0C
0C
0C
0C
0C
0C
ENDCHAR
STARTCHAR FB36
ENCODING 64310
SWIDTH 432 0
DWIDTH 12 0
BBX 11 15 0 0
BITMAP
3FE0
3FE0
0780
0600
0C00
CC00
CC00
0C00
0C00
0C00
0C00
0C00
0C00
0C00
0C00
ENDCHAR
STARTCHAR FB38
ENCODING 64312
SWIDTH 612 0
DWIDTH 17 0
BBX 13 15 2 0
BITMAP
C1E0
C7F0
C630
C018
C018
C018
C318
C318
C018
C018
C018
6030
7070
3FE0
0F80
ENDCHAR
STARTCHAR FB39
ENCODING 64313
SWIDTH 288 0
DWIDTH 8 0
BBX 6 7 0 8
BITMAP
0C
0C
0C
CC
CC
0C
0C
ENDCHAR
STARTCHAR FB3A
ENCODING 64314
SWIDTH 504 0
DWIDTH 14 0
BBX 11 21 1 -6
BITMAP
FE00
FF80
01C0
00C0
0060
0060
0060
0C60
0C60
0060
0060
0060
0060
0060
0060
0060
0060
0060
0060
0060
0060
ENDCHAR
STARTCHAR FB3B
ENCODING 64315
SWIDTH 468 0
DWIDTH 13 0
BBX 11 15 1 0
BITMAP
FC00
FF00
0380
01C0
00C0
0060
0C60
0C60
0060
0060
00C0
01C0
0380
FF00
FC00
ENDCHAR
STARTCHAR FB3C
ENCODING 64316
SWIDTH 468 0
DWIDTH 13 0
BBX 11 20 1 0
BITMAP
C000
C000
C000
C000
C000
FFE0
FFE0
0060
0060
0060
0C60
0CE0
01C0
0180
0300
0700
0600
0600
0600
0600
ENDCHAR
STARTCHAR FB3E
ENCODING 64318
SWIDTH 612 0
DWIDTH 17 0
BBX 13 15 2 0
BITMAP
C3C0
CFE0
DC30
7830
7818
3018
3198
3198
6018
6018
6018
6018
6018
C3F8
C3F8
ENDCHAR
STARTCHAR FB40
ENCODING 64320
SWIDTH 360 0
DWIDTH 10 0
BBX 7 15 1 0
BITMAP
F8
FC
0E
06
06
06
66
66
06
06
06
06
06
FE
FE
ENDCHAR
STARTCHAR FB41
ENCODING 64321
SWIDTH 576 0
DWIDTH 16 0
BBX 14 15 1 0
BITMAP
0FC0
1FE0
3870
6018
E018
C00C
C30C
C30C
C00C
C00C
E01C
6018
7870
3FF0
0FC0
ENDCHAR
STARTCHAR FB43
ENCODING 64323
SWIDTH 576 0
DWIDTH 16 0
BBX 13 21 1 -6
BITMAP
3F00
FFE0
C0F0
C030
C018
C018
C018
C198
F998
7818
0018
0018
0018
0018
0018
0018
0018
0018
0018
0018
0018
ENDCHAR
STARTCHAR FB44
ENCODING 64324
SWIDTH 540 0
DWIDTH 15 0
BBX 13 15 1 0
BITMAP
7F00
FFC0
C0E0
C070
C038
C018
C018
7998
3998
0018
0030
0070
41E0
FFC0
7F00
ENDCHAR
STARTCHAR FB46
ENCODING 64326
SWIDTH 468 0
DWIDTH 13 0
BBX 12 15 0 0
BITMAP
E030
6030
7030
3030
1870
1C60
0DC0
6780
6600
0300
0180
0180
00C0
FFE0
FFE0
ENDCHAR
STARTCHAR FB47
ENCODING 64327
SWIDTH 540 0
DWIDTH 15 0
BBX 12 21 2 -6
BITMAP
FFF0
FFF0
0030
0030
0030
0030
0C70
CCE0
C0C0
C180
C380
C300
C300
C300
C300
C000
C000
C000
C000
C000
C000
ENDCHAR
STARTCHAR FB48
ENCODING 64328
SWIDTH 504 0
DWIDTH 14 0
BBX 12 15 0 0
BITMAP
FF00
FFC0
01E0
0060
0030
0030
0030
0C30
0C30
0030
0030
0030
0030
0030
0030
ENDCHAR
STARTCHAR FB49
ENCODING 64329
SWIDTH 684 0
DWIDTH 19 0
BBX 17 15 1 0
BITMAP
C18180
C18180
C18180
C18180
C18180
C38380
C70300
FF6300
7C6300
600300
600600
300E00
3C1C00
1FF800
07E000
ENDCHAR
STARTCHAR FB4A
ENCODING 64330
SWIDTH 648 0
DWIDTH 18 0
BBX 15 15 1 0
BITMAP
7FE0
FFF8
0C1C
0C0E
0C06
0C06
0C06
0C66
0C66
0C06
0C06
0C06
0C06
FC06
F806
ENDCHAR
STARTCHAR FB4B
ENCODING 64331
SWIDTH 216 0
DWIDTH 6 0
BBX 2 18 2 0
BITMAP
C0
C0
00
C0
C0
C0
C0
C0
C0
C0
C0
C0
C0
C0
C0
C0
C0
C0
ENDCHAR
STARTCHAR FB4C
ENCODING 64332
SWIDTH 540 0
DWIDTH 15 0
BBX 13 18 1 0
BITMAP
3F00
0000
0000
FE00
FF80
03C0
00C0
0060
0060
0060
0060
0060
0060
0060
0060
0060
FFF8
FFF8
ENDCHAR
STARTCHAR FB4D
ENCODING 64333
SWIDTH 468 0
DWIDTH 13 0
BBX 11 18 1 0
BITMAP
3F00
0000
0000
FC00
FF00
0380
01C0
00C0
0060
0060
0060
0060
0060
00C0
01C0
0380
FF00
FC00
ENDCHAR
STARTCHAR FB4E
ENCODING 64334
SWIDTH 540 0
DWIDTH 15 0
BBX 13 18 1 0
BITMAP
1F80
0000
0000
7F00
FFC0
C0E0
C070
C038
C018
E018
7C18
3C18
0018
0030
0070
41E0
FFC0
7F00
ENDCHAR
STARTCHAR FB4F
ENCODING 64335
SWIDTH 576 0
DWIDTH 16 0
BBX 16 20 0 0
BITMAP
C000
C000
C000
C000
C000
F006
F806
0C06
0606
070C
0F0C
1FBC
38F8
30F0
3070
6030
6018
600C
600E
6007
ENDCHAR
STARTCHAR FB50
ENCODING 64336
SWIDTH 216 0
DWIDTH 6 0
BBX 6 21 0 4
BITMAP
1C
64
F8
80
10
10
10
10
10
10
10
10
10
10
10
10
10
10
10
10
10
ENDCHAR
STARTCHAR FB51
ENCODING 64337
SWIDTH 216 0
DWIDTH 6 0
BBX 6 21 0 4
BITMAP
1C
64
F8
80
20
60
E0
60
60
20
20
20
20
20
20
20
20
20
30
1C
1C
ENDCHAR
STARTCHAR FB52
ENCODING 64338
SWIDTH 720 0
DWIDTH 20 0
BBX 19 17 1 -4
BITMAP
400040
8000C0
800060
800060
800020
C00020
E00020
7FFFE0
1FFFE0
000000
000000
004000
00E000
004000
002000
007000
002000
ENDCHAR
STARTCHAR FB53
ENCODING 64339
SWIDTH 720 0
DWIDTH 20 0
BBX 19 17 1 -4
BITMAP
400040
8000C0
800060
800060
800020
C00020
E00020
7FFFE0
1FFFE0
000000
000000
004000
00E000
004000
002000
007000
002000
ENDCHAR
STARTCHAR FB54
ENCODING 64340
SWIDTH 252 0
DWIDTH 7 0
BBX 8 17 -1 -4
BITMAP
02
06
07
03
01
01
01
FF
FF
00
00
10
38
10
08
1C
08
ENDCHAR
STARTCHAR FB55
ENCODING 64341
SWIDTH 252 0
DWIDTH 7 0
BBX 8 17 -1 -4
BITMAP
02
06
07
03
01
01
01
FF
FF
00
00
10
38
10
08
1C
08
ENDCHAR
STARTCHAR FB56
ENCODING 64342
SWIDTH 720 0
DWIDTH 20 0
BBX 19 18 1 -5
BITMAP
400040
8000C0
800060
800060
800020
C00020
E00020
7FFFE0
1FFFE0
000000
000000
001000
00B800
01D000
008000
002000
007000
002000
ENDCHAR
STARTCHAR FB57
ENCODING 64343
SWIDTH 720 0
DWIDTH 20 0
BBX 19 18 1 -5
BITMAP
400040
8000C0
800060
800060
800020
C00020
E00020
7FFFE0
1FFFE0
000000
000000
001000
00B800
01D000
008000
002000
007000
002000
ENDCHAR
STARTCHAR FB58
ENCODING 64344
SWIDTH 252 0
DWIDTH 7 0
BBX 8 18 -1 -5
BITMAP
02
06
07
03
01
01
01
FF
FF
00
00
02
17
3A
10
04
0E
04
ENDCHAR
STARTCHAR FB59
ENCODING 64345
SWIDTH 252 0
DWIDTH 7 0
BBX 8 18 -1 -5
BITMAP
02
06
07
03
01
01
01
FF
FF
00
00
02
17
3A
10
04
0E
04
ENDCHAR
STARTCHAR FB5A
ENCODING 64346
SWIDTH 720 0
DWIDTH 20 0
BBX 19 19 1 -6
BITMAP
400040
8000C0
800060
800060
800020
C00020
E00020
7FFFE0
1FFFE0
000000
000000
000000
002000
017000
03A000
011000
00B800
01D000
008000
ENDCHAR
STARTCHAR FB5B
ENCODING 64347
SWIDTH 720 0
DWIDTH 20 0
BBX 19 19 1 -6
BITMAP
400040
8000C0
800060
800060
800020
C00020
E00020
7FFFE0
1FFFE0
000000
000000
000000
002000
017000
03A000
011000
00B800
01D000
008000
ENDCHAR
STARTCHAR FB5C
ENCODING 64348
SWIDTH 252 0
DWIDTH 7 0
BBX 8 19 -1 -6
BITMAP
02
06
07
03
01
01
01
FF
FF
00
00
00
04
2E
74
22
17
3A
10
ENDCHAR
STARTCHAR FB5D
ENCODING 64349
SWIDTH 252 0
DWIDTH 7 0
BBX 8 19 -1 -6
BITMAP
02
06
07
03
01
01
01
FF
FF
00
00
00
04
2E
74
22
17
3A
10
ENDCHAR
STARTCHAR FB5E
ENCODING 64350
SWIDTH 720 0
DWIDTH 20 0
BBX 19 17 1 4
BITMAP
008000
01C000
008000
004000
00E000
004000
000000
000000
400040
8000C0
800060
800060
800020
C00020
E00020
7FFFE0
1FFFE0
ENDCHAR
STARTCHAR FB5F
ENCODING 64351
SWIDTH 720 0
DWIDTH 20 0
BBX 19 17 1 4
BITMAP
008000
01C000
008000
004000
00E000
004000
000000
000000
400040
8000C0
800060
800060
800020
C00020
E00020
7FFFE0
1FFFE0
ENDCHAR
STARTCHAR FB60
ENCODING 64352
SWIDTH 252 0
DWIDTH 7 0
BBX 8 17 -1 4
BITMAP
10
38
10
08
1C
08
00
00
02
06
07
03
01
01
01
FF
FF
ENDCHAR
STARTCHAR FB61
ENCODING 64353
SWIDTH 252 0
DWIDTH 7 0
BBX 8 17 -1 4
BITMAP
10
38
10
08
1C
08
00
00
02
06
07
03
01
01
01
FF
FF
ENDCHAR
STARTCHAR FB62
ENCODING 64354
SWIDTH 720 0
DWIDTH 20 0
BBX 19 16 1 4
BITMAP
002000
017000
03A000
011000
00B800
01D000
008000
400040
8000C0
800060
800060
800020
C00020
E00020
7FFFE0
1FFFE0
ENDCHAR
STARTCHAR FB63
ENCODING 64355
SWIDTH 720 0
DWIDTH 20 0
BBX 19 16 1 4
BITMAP
002000
017000
03A000
011000
00B800
01D000
008000
400040
8000C0
800060
800060
800020
C00020
E00020
7FFFE0
1FFFE0
ENDCHAR
STARTCHAR FB64
ENCODING 64356
SWIDTH 252 0
DWIDTH 7 0
BBX 8 16 -1 4
BITMAP
08
5C
E8
44
2E
74
20
02
06
07
03
01
01
01
FF
FF
ENDCHAR
STARTCHAR FB65
ENCODING 64357
SWIDTH 252 0
DWIDTH 7 0
BBX 8 16 -1 4
BITMAP
08
5C
E8
44
2E
74
20
02
06
07
03
01
01
01
FF
FF
ENDCHAR
STARTCHAR FB66
ENCODING 64358
SWIDTH 720 0
DWIDTH 20 0
BBX 19 20 1 4
BITMAP
010000
018000
010000
008000
008000
008000
00BC00
00C400
07FC00
000000
000000
400040
8000C0
800060
800060
800020
C00020
E00020
7FFFE0
1FFFE0
ENDCHAR
STARTCHAR FB67
ENCODING 64359
SWIDTH 720 0
DWIDTH 20 0
BBX 19 20 1 4
BITMAP
010000
018000
010000
008000
008000
008000
00BC00
00C400
07FC00
000000
000000
400040
8000C0
800060
800060
800020
C00020
E00020
7FFFE0
1FFFE0
ENDCHAR
STARTCHAR FB68
ENCODING 64360
SWIDTH 252 0
DWIDTH 7 0
BBX 9 20 -1 4
BITMAP
2000
3000
2000
1000
1000
1000
1780
1880
FF80
0000
0000
0200
0600
0700
0300
0100
0100
0100
FF00
FF00
ENDCHAR
STARTCHAR FB69
ENCODING 64361
SWIDTH 252 0
DWIDTH 7 0
BBX 9 20 -1 4
BITMAP
2000
3000
2000
1000
1000
1000
1780
1880
FF80
0000
0000
0200
0600
0700
0300
0100
0100
0100
FF00
FF00
ENDCHAR
STARTCHAR FB6A
ENCODING 64362
SWIDTH 792 0
DWIDTH 22 0
BBX 21 18 1 4
BITMAP
000080
0001C0
000090
000038
000090
0001C0
000080
000000
000000
400030
800078
8000C8
8000C8
8000E8
C000F8
F00038
7FFFF8
0FFFF8
ENDCHAR
STARTCHAR FB6B
ENCODING 64363
SWIDTH 792 0
DWIDTH 22 0
BBX 21 18 1 4
BITMAP
000080
0001C0
000090
000038
000090
0001C0
000080
000000
000000
400030
800078
8000C8
8000C8
8000E8
C000F8
F00038
7FFFF8
0FFFF8
ENDCHAR
STARTCHAR FB6C
ENCODING 64364
SWIDTH 288 0
DWIDTH 8 0
BBX 9 19 -1 4
BITMAP
1000
3800
1200
0700
1200
3800
1000
0000
0000
0E00
0F00
1300
1180
1F80
0F80
0080
0080
FF80
FF80
ENDCHAR
STARTCHAR FB6D
ENCODING 64365
SWIDTH 252 0
DWIDTH 7 0
BBX 8 18 -1 4
BITMAP
20
70
24
0E
24
70
20
00
00
0E
0E
13
11
19
0F
03
FF
FF
ENDCHAR
STARTCHAR FB6E
ENCODING 64366
SWIDTH 792 0
DWIDTH 22 0
BBX 22 18 1 4
BITMAP
000010
0000B8
0001D0
000088
00005C
0000E8
000040
000000
000000
400030
800078
8000C8
8000C8
8000E8
C000F8
F00038
7FFFF8
0FFFF8
ENDCHAR
STARTCHAR FB6F
ENCODING 64367
SWIDTH 792 0
DWIDTH 22 0
BBX 22 18 1 4
BITMAP
000010
0000B8
0001D0
000088
00005C
0000E8
000040
000000
000000
400030
800078
8000C8
8000C8
8000E8
C000F8
F00038
7FFFF8
0FFFF8
ENDCHAR
STARTCHAR FB70
ENCODING 64368
SWIDTH 288 0
DWIDTH 8 0
BBX 9 19 -1 4
BITMAP
0400
2E00
7400
2200
1700
3A00
1000
0000
0000
0E00
0F00
1300
1180
1F80
0F80
0080
0080
FF80
FF80
ENDCHAR
STARTCHAR FB71
ENCODING 64369
SWIDTH 252 0
DWIDTH 7 0
BBX 8 19 -1 4
BITMAP
08
5C
E8
44
2E
74
20
00
00
00
0E
0E
13
11
19
0F
03
FF
FF
ENDCHAR
STARTCHAR FB72
ENCODING 64370
SWIDTH 576 0
DWIDTH 16 0
BBX 13 17 1 -6
BITMAP
3FF8
FFF8
07C0
0E00
3000
2200
4700
8200
8100
8380
8100
C000
C000
7000
7C00
1FF8
07F0
ENDCHAR
STARTCHAR FB73
ENCODING 64371
SWIDTH 540 0
DWIDTH 15 0
BBX 14 17 1 -6
BITMAP
3FF8
7FF8
83C0
0E40
1040
207C
443C
8E00
8400
8200
8700
C200
C000
7000
3C00
1FF8
07F0
ENDCHAR
STARTCHAR FB74
ENCODING 64372
SWIDTH 540 0
DWIDTH 15 0
BBX 16 15 -1 -4
BITMAP
0F00
1FC0
01E0
0078
003C
FFFF
FFFF
0000
0000
0100
0380
0100
0080
01C0
0080
ENDCHAR
STARTCHAR FB75
ENCODING 64373
SWIDTH 540 0
DWIDTH 15 0
BBX 16 15 -1 -4
BITMAP
0F00
1FC0
01E0
0078
003C
FFFF
FFFF
0000
0000
0100
0380
0100
0080
01C0
0080
ENDCHAR
STARTCHAR FB76
ENCODING 64374
SWIDTH 576 0
DWIDTH 16 0
BBX 13 17 1 -6
BITMAP
3FF8
FFF8
07C0
0E00
3000
2000
4020
8170
83A0
8100
8000
C000
C000
7000
7C00
1FF8
07F0
ENDCHAR
STARTCHAR FB77
ENCODING 64375
SWIDTH 540 0
DWIDTH 15 0
BBX 14 17 1 -6
BITMAP
3FF8
7FF8
83C0
0E40
1040
207C
403C
8200
9700
BA00
9000
C000
C000
7000
3C00
1FF8
07F0
ENDCHAR
STARTCHAR FB78
ENCODING 64376
SWIDTH 540 0
DWIDTH 15 0
BBX 16 13 -1 -2
BITMAP
0F00
1FC0
01E0
0078
003C
FFFF
FFFF
0000
0000
0040
02E0
0740
0200
ENDCHAR
STARTCHAR FB79
ENCODING 64377
SWIDTH 540 0
DWIDTH 15 0
BBX 16 13 -1 -2
BITMAP
0F00
1FC0
01E0
0078
003C
FFFF
FFFF
0000
0000
0040
02E0
0740
0200
ENDCHAR
STARTCHAR FB7A
ENCODING 64378
SWIDTH 576 0
DWIDTH 16 0
BBX 13 17 1 -6
BITMAP
3FF8
FFF8
07C0
0E00
3000
2040
42E0
8740
8200
8080
81C0
C080
C000
7000
7C00
1FF8
07F0
ENDCHAR
STARTCHAR FB7B
ENCODING 64379
SWIDTH 540 0
DWIDTH 15 0
BBX 14 17 1 -6
BITMAP
3FF8
7FF8
83C0
0E40
1040
207C
403C
8100
8B80
9D00
8800
C100
C380
7100
3C00
1FF8
07F0
ENDCHAR
STARTCHAR FB7C
ENCODING 64380
SWIDTH 540 0
DWIDTH 15 0
BBX 16 16 -1 -5
BITMAP
0F00
1FC0
01E0
0078
003C
FFFF
FFFF
0000
0000
0080
05C0
0E80
0400
0080
01C0
0080
ENDCHAR
STARTCHAR FB7D
ENCODING 64381
SWIDTH 540 0
DWIDTH 15 0
BBX 16 16 -1 -5
BITMAP
0F00
1FC0
01E0
0078
003C
FFFF
FFFF
0000
0000
0080
05C0
0E80
0400
0080
01C0
0080
ENDCHAR
STARTCHAR FB7E
ENCODING 64382
SWIDTH 576 0
DWIDTH 16 0
BBX 13 17 1 -6
BITMAP
3FF8
FFF8
07C0
0E00
3000
2080
45C0
8E80
8440
82E0
8740
C200
C000
7000
7C00
1FF8
07F0
ENDCHAR
STARTCHAR FB7F
ENCODING 64383
SWIDTH 540 0
DWIDTH 15 0
BBX 14 17 1 -6
BITMAP
3FF8
7FF8
83C0
0E40
1040
207C
423C
9700
BA00
9100
8B80
DD00
C800
7000
3C00
1FF8
07F0
ENDCHAR
STARTCHAR FB80
ENCODING 64384
SWIDTH 540 0
DWIDTH 15 0
BBX 16 17 -1 -6
BITMAP
0F00
1FC0
01E0
0078
003C
FFFF
FFFF
0000
0000
0000
0040
02E0
0740
0220
0170
03A0
0100
ENDCHAR
STARTCHAR FB81
ENCODING 64385
SWIDTH 540 0
DWIDTH 15 0
BBX 16 17 -1 -6
BITMAP
0F00
1FC0
01E0
0078
003C
FFFF
FFFF
0000
0000
0000
0040
02E0
0740
0220
0170
03A0
0100
ENDCHAR
STARTCHAR FB82
ENCODING 64386
SWIDTH 324 0
DWIDTH 9 0
BBX 7 16 2 -2
BITMAP
10
18
0C
04
06
02
02
82
FE
FE
00
00
04
2E
74
20
ENDCHAR
STARTCHAR FB83
ENCODING 64387
SWIDTH 324 0
DWIDTH 9 0
BBX 7 16 2 -2
BITMAP
10
18
0C
04
06
02
02
82
FE
FE
00
00
04
2E
74
20
ENDCHAR
STARTCHAR FB84
ENCODING 64388
SWIDTH 324 0
DWIDTH 9 0
BBX 7 17 2 4
BITMAP
04
2E
74
20
00
00
00
10
18
0C
04
06
02
02
82
FE
FE
ENDCHAR
STARTCHAR FB85
ENCODING 64389
SWIDTH 324 0
DWIDTH 9 0
BBX 7 17 2 4
BITMAP
04
2E
74
20
00
00
00
10
18
0C
04
06
02
02
82
FE
FE
ENDCHAR
STARTCHAR FB86
ENCODING 64390
SWIDTH 324 0
DWIDTH 9 0
BBX 7 20 2 4
BITMAP
40
E0
48
1C
48
E0
40
00
00
00
10
18
0C
04
06
02
02
82
FE
FE
ENDCHAR
STARTCHAR FB87
ENCODING 64391
SWIDTH 324 0
DWIDTH 9 0
BBX 7 20 2 4
BITMAP
40
E0
48
1C
48
E0
40
00
00
00
10
18
0C
04
06
02
02
82
FE
FE
ENDCHAR
STARTCHAR FB88
ENCODING 64392
SWIDTH 324 0
DWIDTH 9 0
BBX 9 21 0 4
BITMAP
2000
3000
2000
1000
1000
1000
1780
1880
FF80
0000
0000
0400
0600
0300
0100
0180
0080
0080
2080
3F80
3F80
ENDCHAR
STARTCHAR FB89
ENCODING 64393
SWIDTH 324 0
DWIDTH 9 0
BBX 9 21 0 4
BITMAP
2000
3000
2000
1000
1000
1000
1780
1880
FF80
0000
0000
0400
0600
0300
0100
0180
0080
0080
2080
3F80
3F80
ENDCHAR
STARTCHAR FB8A
ENCODING 64394
SWIDTH 504 0
DWIDTH 14 0
BBX 13 23 1 -3
BITMAP
0080
01C0
0080
0020
0170
03A0
0100
0000
0020
0030
0030
0018
0008
0008
0008
0008
0018
0018
0030
00F0
C3E0
3FC0
0F00
ENDCHAR
STARTCHAR FB8B
ENCODING 64395
SWIDTH 504 0
DWIDTH 14 0
BBX 13 23 1 -3
BITMAP
0080
01C0
0080
0020
0170
03A0
0100
0000
0020
0030
0030
0018
0008
0008
0008
0008
0018
0018
0030
00F0
C3E0
3FC0
0F00
ENDCHAR
STARTCHAR FB8C
ENCODING 64396
SWIDTH 504 0
DWIDTH 14 0
BBX 13 27 1 -3
BITMAP
0200
0300
0200
0100
0100
0100
0178
0188
0FF8
0000
0000
0000
0020
0030
0030
0018
0008
0008
0008
0008
0018
0018
0030
00F0
C3E0
3FC0
0F00
ENDCHAR
STARTCHAR FB8D
ENCODING 64397
SWIDTH 504 0
DWIDTH 14 0
BBX 13 27 1 -3
BITMAP
0200
0300
0200
0100
0100
0100
0178
0188
0FF8
0000
0000
0000
0020
0030
0030
0018
0008
0008
0008
0008
0018
0018
0030
00F0
C3E0
3FC0
0F00
ENDCHAR
STARTCHAR FB8E
ENCODING 64398
SWIDTH 828 0
DWIDTH 23 0
BBX 23 17 0 4
BITMAP
000004
00003C
0000F8
0003C0
000300
000600
000700
000780
0003C0
4001E0
800070
800018
80000C
80000C
E00006
7FFFFE
3FFFFE
ENDCHAR
STARTCHAR FB8F
ENCODING 64399
SWIDTH 936 0
DWIDTH 26 0
BBX 26 17 0 4
BITMAP
00000800
00007800
0001F000
00078000
00060000
000C0000
000E0000
000F0000
0007C000
4003E000
8000F000
80007000
80005800
80004C00
E0018E00
7FFF87C0
3FFE01C0
ENDCHAR
STARTCHAR FB90
ENCODING 64400
SWIDTH 396 0
DWIDTH 11 0
BBX 12 17 -1 4
BITMAP
0020
01E0
07C0
1E00
1800
3000
3800
3C00
1E00
0F00
0380
00C0
0060
0060
0030
FFF0
FFF0
ENDCHAR
STARTCHAR FB91
ENCODING 64401
SWIDTH 504 0
DWIDTH 14 0
BBX 15 17 -1 4
BITMAP
0020
01E0
07C0
1E00
1800
3000
3800
3C00
1E00
0F00
0380
01C0
0160
0160
0630
FE1E
F80E
ENDCHAR
STARTCHAR FB92
ENCODING 64402
SWIDTH 828 0
DWIDTH 23 0
BBX 23 20 0 4
BITMAP
000004
00003C
0000F8
0003C4
00073C
0004F8
0003C0
000300
000600
000700
000780
0003C0
4001E0
800070
800018
80000C
80000C
E00006
7FFFFE
3FFFFE
ENDCHAR
STARTCHAR FB93
ENCODING 64403
SWIDTH 936 0
DWIDTH 26 0
BBX 26 20 0 4
BITMAP
00000800
00007800
0001F000
00078800
000E7800
0009F000
00078000
00060000
000C0000
000E0000
000F0000
0007C000
4003E000
8000F000
80007000
80005800
80004C00
E0018E00
7FFF87C0
3FFE01C0
ENDCHAR
STARTCHAR FB94
ENCODING 64404
SWIDTH 396 0
DWIDTH 11 0
BBX 12 21 -1 4
BITMAP
0020
00E0
03C0
0F00
3820
31E0
07C0
1E00
1800
3000
3800
3C00
1E00
0F00
0380
00C0
0060
0060
0030
FFF0
FFF0
ENDCHAR
STARTCHAR FB95
ENCODING 64405
SWIDTH 504 0
DWIDTH 14 0
BBX 15 21 -1 4
BITMAP
0020
00E0
03C0
0F00
3820
31E0
07C0
1E00
1800
3000
3800
3C00
1E00
0F00
0380
01C0
0160
0160
0630
FE1E
F80E
ENDCHAR
STARTCHAR FB96
ENCODING 64406
SWIDTH 828 0
DWIDTH 23 0
BBX 23 28 0 -4
BITMAP
000004
00003C
0000F8
0003C4
00073C
0004F8
0003C0
000300
000600
000700
000780
0003C0
4001E0
800070
800018
80000C
80000C
E00006
7FFFFE
3FFFFE
000000
000000
001000
003800
001000
000800
001C00
000800
ENDCHAR
STARTCHAR FB97
ENCODING 64407
SWIDTH 936 0
DWIDTH 26 0
BBX 26 28 0 -4
BITMAP
00000800
00007800
0001F000
00078800
000E7800
0009F000
00078000
00060000
000C0000
000E0000
000F0000
0007C000
4003E000
8000F000
80007000
80005800
80004C00
E0018E00
7FFF87C0
3FFE01C0
00000000
00000000
00800000
01C00000
00800000
00400000
00E00000
00400000
ENDCHAR
STARTCHAR FB98
ENCODING 64408
SWIDTH 396 0
DWIDTH 11 0
BBX 12 29 -1 -4
BITMAP
0020
00E0
03C0
0F00
3820
31E0
07C0
1E00
1800
3000
3800
3C00
1E00
0F00
0380
00C0
0060
0060
0030
FFF0
FFF0
0000
0000
0400
0E00
0400
0200
0700
0200
ENDCHAR
STARTCHAR FB99
ENCODING 64409
SWIDTH 504 0
DWIDTH 14 0
BBX 15 29 -1 -4
BITMAP
0020
00E0
03C0
0F00
3820
31E0
07C0
1E00
1800
3000
3800
3C00
1E00
0F00
0380
01C0
0160
0160
0630
FE1E
F80E
0000
0000
1000
3800
1000
0800
1C00
0800
ENDCHAR
STARTCHAR FB9A
ENCODING 64410
SWIDTH 828 0
DWIDTH 23 0
BBX 23 21 0 4
BITMAP
000060
0003C4
00063C
0000F8
0003C4
00073C
0004F8
0003C0
000300
000600
000700
000780
0003C0
4001E0
800070
800018
80000C
80000C
E00006
7FFFFE
3FFFFE
ENDCHAR
STARTCHAR FB9B
ENCODING 64411
SWIDTH 936 0
DWIDTH 26 0
BBX 26 21 0 4
BITMAP
00018000
000F0800
00187800
0001F000
00078800
000E7800
0009F000
00078000
00060000
000C0000
000E0000
000F0000
0007C000
4003E000
8000F000
80007000
80005800
80004C00
E0018E00
7FFF87C0
3FFE01C0
ENDCHAR
STARTCHAR FB9C
ENCODING 64412
SWIDTH 396 0
DWIDTH 11 0
BBX 12 21 -1 4
BITMAP
0620
3CE0
63C0
0F00
3820
31E0
07C0
1E00
1800
3000
3800
3C00
1E00
0F00
0380
00C0
0060
0060
0030
FFF0
FFF0
ENDCHAR
STARTCHAR FB9D
ENCODING 64413
SWIDTH 504 0
DWIDTH 14 0
BBX 15 21 -1 4
BITMAP
0620
3CE0
63C0
0F00
3820
31E0
07C0
1E00
1800
3000
3800
3C00
1E00
0F00
0380
01C0
0160
0160
0630
FE1E
F80E
ENDCHAR
STARTCHAR FB9E
ENCODING 64414
SWIDTH 540 0
DWIDTH 15 0
BBX 14 14 1 -2
BITMAP
0008
0008
000C
2004
4004
4004
8004
8004
8004
800C
C01C
E078
7FF0
1FC0
ENDCHAR
STARTCHAR FB9F
ENCODING 64415
SWIDTH 540 0
DWIDTH 15 0
BBX 14 14 1 -2
BITMAP
0008
0008
000C
2004
4004
4004
8004
8004
8004
800C
C01C
E078
7FF0
1FC0
ENDCHAR
STARTCHAR FBA0
ENCODING 64416
SWIDTH 540 0
DWIDTH 15 0
BBX 14 25 1 -2
BITMAP
0400
0600
0400
0200
0200
0200
02F0
0310
1FF0
0000
0000
0008
0008
000C
2004
4004
4004
8004
8004
8004
800C
C01C
E078
7FF0
1FC0
ENDCHAR
STARTCHAR FBA1
ENCODING 64417
SWIDTH 540 0
DWIDTH 15 0
BBX 14 25 1 -2
BITMAP
0400
0600
0400
0200
0200
0200
02F0
0310
1FF0
0000
0000
0008
0008
000C
2004
4004
4004
8004
8004
8004
800C
C01C
E078
7FF0
1FC0
ENDCHAR
STARTCHAR FBA2
ENCODING 64418
SWIDTH 252 0
DWIDTH 7 0
BBX 9 20 -1 4
BITMAP
2000
3000
2000
1000
1000
1000
1780
1880
FF80
0000
0000
0200
0600
0700
0300
0100
0100
0100
FF00
FF00
ENDCHAR
STARTCHAR FBA3
ENCODING 64419
SWIDTH 252 0
DWIDTH 7 0
BBX 9 20 -1 4
BITMAP
2000
3000
2000
1000
1000
1000
1780
1880
FF80
0000
0000
0200
0600
0700
0300
0100
0100
0100
FF00
FF00
ENDCHAR
STARTCHAR FBA4
ENCODING 64420
SWIDTH 288 0
DWIDTH 8 0
BBX 6 14 1 4
BITMAP
30
40
38
40
00
00
40
70
78
8C
84
8C
F8
70
ENDCHAR
STARTCHAR FBA5
ENCODING 64421
SWIDTH 396 0
DWIDTH 11 0
BBX 11 17 0 4
BITMAP
0C00
1000
0E00
1000
0000
0200
0600
0600
0E00
1E00
3300
6300
FF00
F900
0180
01E0
00E0
ENDCHAR
STARTCHAR FBA6
ENCODING 64422
SWIDTH 288 0
DWIDTH 8 0
BBX 6 8 1 4
BITMAP
40
70
78
8C
84
8C
F8
70
ENDCHAR
STARTCHAR FBA7
ENCODING 64423
SWIDTH 396 0
DWIDTH 11 0
BBX 11 7 0 2
BITMAP
0E00
1F00
3380
21E0
40E0
C000
8000
ENDCHAR
STARTCHAR FBA8
ENCODING 64424
SWIDTH 252 0
DWIDTH 7 0
BBX 8 17 -1 -4
BITMAP
02
06
07
03
01
01
01
FF
FF
00
00
08
10
10
18
1C
0C
ENDCHAR
STARTCHAR FBA9
ENCODING 64425
SWIDTH 324 0
DWIDTH 9 0
BBX 10 16 -1 -6
BITMAP
0400
0C00
0800
1800
F9C0
EBC0
0E00
0C00
0400
0000
0400
0800
0800
0C00
0E00
0600
ENDCHAR
STARTCHAR FBAA
ENCODING 64426
SWIDTH 468 0
DWIDTH 13 0
BBX 12 11 -1 4
BITMAP
0200
0300
0780
0380
07C0
04E0
08E0
0DB0
0710
FFF0
F8E0
ENDCHAR
STARTCHAR FBAB
ENCODING 64427
SWIDTH 396 0
DWIDTH 11 0
BBX 11 12 0 4
BITMAP
0200
0600
0600
0E00
1E00
3300
6300
FF00
F900
0180
01E0
00E0
ENDCHAR
STARTCHAR FBAC
ENCODING 64428
SWIDTH 468 0
DWIDTH 13 0
BBX 12 11 -1 4
BITMAP
0200
0300
0780
0380
07C0
04E0
08E0
0DB0
0710
FFF0
F8E0
ENDCHAR
STARTCHAR FBAD
ENCODING 64429
SWIDTH 396 0
DWIDTH 11 0
BBX 12 14 -1 -2
BITMAP
0100
0780
0480
0880
0900
1600
FFF0
FFF0
1300
1100
1880
0C80
0F80
0300
ENDCHAR
STARTCHAR FBAE
ENCODING 64430
SWIDTH 828 0
DWIDTH 23 0
BBX 21 11 1 -1
BITMAP
006000
00F000
019000
031000
0E0000
3C0000
700000
400000
800000
FFFFF8
FFFFE0
ENDCHAR
STARTCHAR FBAF
ENCODING 64431
SWIDTH 828 0
DWIDTH 23 0
BBX 22 12 1 -6
BITMAP
0007FC
007FFC
01F800
078000
0E0000
180000
300000
400000
400000
800000
FFFFF8
FFFFE0
ENDCHAR
STARTCHAR FBB0
ENCODING 64432
SWIDTH 828 0
DWIDTH 23 0
BBX 21 15 1 -1
BITMAP
030000
040000
038000
040000
006000
00F000
019000
031000
0E0000
3C0000
700000
400000
800000
FFFFF8
FFFFE0
ENDCHAR
STARTCHAR FBB1
ENCODING 64433
SWIDTH 828 0
DWIDTH 23 0
BBX 22 19 1 -6
BITMAP
000300
000400
000380
000400
000000
000000
000000
0007FC
007FFC
01F800
078000
0E0000
180000
300000
400000
400000
800000
FFFFF8
FFFFE0
ENDCHAR
STARTCHAR FBD3
ENCODING 64467
SWIDTH 612 0
DWIDTH 17 0
BBX 16 20 1 4
BITMAP
0400
0E08
048C
01CE
0486
0E04
0444
00C4
0082
0102
01E2
01E2
4022
8022
8043
8F81
8001
E001
7FFF
3FFF
ENDCHAR
STARTCHAR FBD4
ENCODING 64468
SWIDTH 612 0
DWIDTH 17 0
BBX 16 20 1 4
BITMAP
0400
0E08
048C
01CE
0486
0E04
0444
00C4
0082
0102
01E2
01E2
4022
8022
8043
8F81
8001
E001
7FFF
3FFF
ENDCHAR
STARTCHAR FBD5
ENCODING 64469
SWIDTH 396 0
DWIDTH 11 0
BBX 12 20 -1 4
BITMAP
1800
1E00
3600
3020
01E0
07C0
1E00
1800
3000
3800
3C00
1E00
0F00
0380
00C0
0060
0060
0030
FFF0
FFF0
ENDCHAR
STARTCHAR FBD6
ENCODING 64470
SWIDTH 396 0
DWIDTH 11 0
BBX 12 20 -1 4
BITMAP
1800
1E00
3600
3020
01E0
07C0
1E00
1800
3000
3800
3C00
1E00
0F00
0380
00C0
0060
0060
0030
FFF0
FFF0
ENDCHAR
STARTCHAR FBD7
ENCODING 64471
SWIDTH 432 0
DWIDTH 12 0
BBX 11 21 1 -3
BITMAP
0060
00A0
00E0
0060
0180
0000
0000
0000
00C0
01E0
0160
0120
01E0
00E0
0020
0060
00C0
01C0
8780
7F80
1E00
ENDCHAR
STARTCHAR FBD8
ENCODING 64472
SWIDTH 432 0
DWIDTH 12 0
BBX 11 21 1 -3
BITMAP
0060
00A0
00E0
0060
0180
0000
0000
0000
00C0
01E0
0160
0120
01E0
00E0
0020
0060
00C0
01C0
8780
7F80
1E00
ENDCHAR
STARTCHAR FBD9
ENCODING 64473
SWIDTH 432 0
DWIDTH 12 0
BBX 11 19 1 -3
BITMAP
0360
0140
0080
0000
0000
0000
00C0
01E0
0160
0120
01E0
00E0
0020
0060
00C0
01C0
8780
7F80
1E00
ENDCHAR
STARTCHAR FBDA
ENCODING 64474
SWIDTH 432 0
DWIDTH 12 0
BBX 11 19 1 -3
BITMAP
0360
0140
0080
0000
0000
0000
00C0
01E0
0160
0120
01E0
00E0
0020
0060
00C0
01C0
8780
7F80
1E00
ENDCHAR
STARTCHAR FBDB
ENCODING 64475
SWIDTH 432 0
DWIDTH 12 0
BBX 11 24 1 -3
BITMAP
0100
0100
0180
0180
0080
0080
0080
0080
0000
0000
0000
00C0
01E0
0160
0120
01E0
00E0
0020
0060
00C0
01C0
8780
7F80
1E00
ENDCHAR
STARTCHAR FBDC
ENCODING 64476
SWIDTH 432 0
DWIDTH 12 0
BBX 11 24 1 -3
BITMAP
0100
0100
0180
0180
0080
0080
0080
0080
0000
0000
0000
00C0
01E0
0160
0120
01E0
00E0
0020
0060
00C0
01C0
8780
7F80
1E00
ENDCHAR
STARTCHAR FBDD
ENCODING 64477
SWIDTH 432 0
DWIDTH 12 0
BBX 13 19 1 -3
BITMAP
0330
0540
0738
0340
0C00
0000
00C0
01E0
0160
0120
01E0
00E0
0020
0060
00C0
01C0
8780
7F80
1E00
ENDCHAR
STARTCHAR FBDE
ENCODING 64478
SWIDTH 432 0
DWIDTH 12 0
BBX 11 22 1 -3
BITMAP
0200
0700
0240
00E0
0240
0700
0200
0000
0000
00C0
01E0
0160
0120
01E0
00E0
0020
0060
00C0
01C0
8780
7F80
1E00
ENDCHAR
STARTCHAR FBDF
ENCODING 64479
SWIDTH 432 0
DWIDTH 12 0
BBX 11 22 1 -3
BITMAP
0200
0700
0240
00E0
0240
0700
0200
0000
0000
00C0
01E0
0160
0120
01E0
00E0
0020
0060
00C0
01C0
8780
7F80
1E00
ENDCHAR
STARTCHAR FBE0
ENCODING 64480
SWIDTH 432 0
DWIDTH 12 0
BBX 11 13 1 -3
BITMAP
00C0
01E0
0120
0120
01E0
00E0
0E20
03E0
00C0
01C0
8380
7F80
1E00
ENDCHAR
STARTCHAR FBE1
ENCODING 64481
SWIDTH 432 0
DWIDTH 12 0
BBX 11 13 1 -3
BITMAP
00C0
01E0
0120
0120
01E0
00E0
0E20
03E0
00C0
01C0
8380
7F80
1E00
ENDCHAR
STARTCHAR FBE2
ENCODING 64482
SWIDTH 432 0
DWIDTH 12 0
BBX 11 19 1 -3
BITMAP
0080
0140
0360
0000
0000
0000
00C0
01E0
0160
0120
01E0
00E0
0020
0060
00C0
01C0
8780
7F80
1E00
ENDCHAR
STARTCHAR FBE3
ENCODING 64483
SWIDTH 432 0
DWIDTH 12 0
BBX 11 19 1 -3
BITMAP
0080
0140
0360
0000
0000
0000
00C0
01E0
0160
0120
01E0
00E0
0020
0060
00C0
01C0
8780
7F80
1E00
ENDCHAR
STARTCHAR FBE4
ENCODING 64484
SWIDTH 648 0
DWIDTH 18 0
BBX 16 18 1 -5
BITMAP
0006
000F
0011
0020
2020
4040
4040
807E
807E
8002
800C
E07C
7FF0
3FC0
0000
0300
0000
0300
ENDCHAR
STARTCHAR FBE5
ENCODING 64485
SWIDTH 576 0
DWIDTH 16 0
BBX 15 13 1 -6
BITMAP
2000
403E
407E
8080
80F8
80F8
C008
E018
7FF0
1FC0
0300
0000
0300
ENDCHAR
STARTCHAR FBE6
ENCODING 64486
SWIDTH 252 0
DWIDTH 7 0
BBX 8 17 -1 -4
BITMAP
02
06
07
03
01
01
01
FF
FF
00
00
08
1C
08
04
0E
04
ENDCHAR
STARTCHAR FBE7
ENCODING 64487
SWIDTH 252 0
DWIDTH 7 0
BBX 8 17 -1 -4
BITMAP
02
06
07
03
01
01
01
FF
FF
00
00
08
1C
08
04
0E
04
ENDCHAR
STARTCHAR FBFC
ENCODING 64508
SWIDTH 648 0
DWIDTH 18 0
BBX 16 14 1 -1
BITMAP
0006
000F
0011
0020
2020
4040
4040
807E
807E
8002
800C
E07C
7FF0
3FC0
ENDCHAR
STARTCHAR FBFD
ENCODING 64509
SWIDTH 576 0
DWIDTH 16 0
BBX 15 10 1 -3
BITMAP
2000
403E
407E
8080
80F8
80F8
C008
E018
7FF0
1FC0
ENDCHAR
STARTCHAR FBFE
ENCODING 64510
SWIDTH 252 0
DWIDTH 7 0
BBX 8 15 -1 -2
BITMAP
02
06
07
03
01
01
01
FF
FF
00
00
02
17
3A
10
ENDCHAR
STARTCHAR FBFF
ENCODING 64511
SWIDTH 252 0
DWIDTH 7 0
BBX 8 15 -1 -2
BITMAP
02
06
07
03
01
01
01
FF
FF
00
00
02
17
3A
10
ENDCHAR
STARTCHAR FC5E
ENCODING 64606
SWIDTH 216 0
DWIDTH 6 0
BBX 7 9 0 17
BITMAP
0C
14
DC
54
60
12
92
BC
E0
ENDCHAR
STARTCHAR FC5F
ENCODING 64607
SWIDTH 216 0
DWIDTH 6 0
BBX 7 8 0 17
BITMAP
12
92
BC
E4
18
64
18
60
ENDCHAR
STARTCHAR FC60
ENCODING 64608
SWIDTH 216 0
DWIDTH 6 0
BBX 7 8 0 17
BITMAP
04
18
60
00
12
92
BC
E0
ENDCHAR
STARTCHAR FC61
ENCODING 64609
SWIDTH 216 0
DWIDTH 6 0
BBX 7 9 0 17
BITMAP
0C
14
1C
1C
60
12
92
BC
E0
ENDCHAR
STARTCHAR FC62
ENCODING 64610
SWIDTH 216 0
DWIDTH 6 0
BBX 7 7 0 17
BITMAP
12
92
BC
E0
04
18
60
ENDCHAR
STARTCHAR FD3E
ENCODING 64830
SWIDTH 324 0
DWIDTH 9 0
BBX 6 28 2 -6
BITMAP
04
0C
18
18
38
30
70
70
60
E0
E0
E0
E0
E0
E0
E0
E0
E0
E0
60
70
70
30
30
18
18
0C
04
ENDCHAR
STARTCHAR FD3F
ENCODING 64831
SWIDTH 324 0
DWIDTH 9 0
BBX 6 28 1 -6
BITMAP
80
C0
60
60
70
30
38
38
38
1C
1C
1C
1C
1C
1C
1C
1C
1C
1C
18
38
38
30
30
60
60
C0
80
ENDCHAR
STARTCHAR FDF2
ENCODING 65010
SWIDTH 612 0
DWIDTH 17 0
BBX 17 17 0 4
BITMAP
018000
00C000
004000
000400
002400
017800
01C000
001100
001100
011100
011100
011900
030880
1D0880
611C80
FEFF80
FC7380
ENDCHAR
STARTCHAR FE80
ENCODING 65152
SWIDTH 432 0
DWIDTH 12 0
BBX 9 9 2 2
BITMAP
1C00
3E00
6400
4000
F180
FF00
3C00
3000
2000
ENDCHAR
STARTCHAR FE81
ENCODING 65153
SWIDTH 216 0
DWIDTH 6 0
BBX 6 20 1 4
BITMAP
C4
B8
00
20
20
20
20
20
20
20
20
20
20
20
20
20
20
20
20
20
ENDCHAR
STARTCHAR FE82
ENCODING 65154
SWIDTH 216 0
DWIDTH 6 0
BBX 7 20 -1 4
BITMAP
C4
B8
00
10
30
70
30
30
10
10
10
10
10
10
10
10
10
18
0E
0E
ENDCHAR
STARTCHAR FE83
ENCODING 65155
SWIDTH 216 0
DWIDTH 6 0
BBX 4 21 2 4
BITMAP
60
80
70
80
00
40
40
40
40
40
40
40
40
40
40
40
40
40
40
40
40
ENDCHAR
STARTCHAR FE84
ENCODING 65156
SWIDTH 216 0
DWIDTH 6 0
BBX 6 21 0 4
BITMAP
30
40
38
40
00
20
60
E0
60
60
20
20
20
20
20
20
20
20
30
1C
1C
ENDCHAR
STARTCHAR FE85
ENCODING 65157
SWIDTH 432 0
DWIDTH 12 0
BBX 11 19 1 -3
BITMAP
0300
0400
0380
0400
0000
0000
00C0
01E0
0160
0120
01E0
00E0
0020
0060
00C0
01C0
8780
7F80
1E00
ENDCHAR
STARTCHAR FE86
ENCODING 65158
SWIDTH 432 0
DWIDTH 12 0
BBX 11 19 1 -3
BITMAP
0300
0400
0380
0400
0000
0000
00C0
01E0
0160
0120
01E0
00E0
0020
0060
00C0
01C0
8780
7F80
1E00
ENDCHAR
STARTCHAR FE87
ENCODING 65159
SWIDTH 216 0
DWIDTH 6 0
BBX 4 23 1 -2
BITMAP
20
20
20
20
20
20
20
20
20
20
20
20
20
20
20
20
20
00
00
60
80
70
80
ENDCHAR
STARTCHAR FE88
ENCODING 65160
SWIDTH 216 0
DWIDTH 6 0
BBX 6 24 0 -3
BITMAP
20
60
E0
60
60
20
20
20
20
20
20
20
20
20
30
1C
1C
00
00
00
30
40
38
40
ENDCHAR
STARTCHAR FE89
ENCODING 65161
SWIDTH 648 0
DWIDTH 18 0
BBX 16 16 1 -1
BITMAP
6000
8000
7006
800F
0011
0020
2020
4040
4040
807E
807E
8002
800C
E07C
7FF0
3FC0
ENDCHAR
STARTCHAR FE8A
ENCODING 65162
SWIDTH 576 0
DWIDTH 16 0
BBX 15 17 1 -3
BITMAP
6000
8000
7000
8000
0000
0000
0000
2000
403E
407E
8080
80F8
80F8
C008
E018
7FF0
1FC0
ENDCHAR
STARTCHAR FE8B
ENCODING 65163
SWIDTH 252 0
DWIDTH 7 0
BBX 8 15 -1 4
BITMAP
0C
10
0E
10
00
00
02
06
07
03
01
01
01
FF
FF
ENDCHAR
STARTCHAR FE8C
ENCODING 65164
SWIDTH 252 0
DWIDTH 7 0
BBX 8 15 -1 4
BITMAP
0C
10
0E
10
00
00
02
06
07
03
01
01
01
FF
FF
ENDCHAR
STARTCHAR FE8D
ENCODING 65165
SWIDTH 216 0
DWIDTH 6 0
BBX 1 17 3 4
BITMAP
80
80
80
80
80
80
80
80
80
80
80
80
80
80
80
80
80
ENDCHAR
STARTCHAR FE8E
ENCODING 65166
SWIDTH 216 0
DWIDTH 6 0
BBX 6 17 0 4
BITMAP
20
60
E0
60
60
20
20
20
20
20
20
20
20
20
30
1C
1C
ENDCHAR
STARTCHAR FE8F
ENCODING 65167
SWIDTH 720 0
DWIDTH 20 0
BBX 19 14 1 -1
BITMAP
400040
8000C0
800060
800060
800020
C00020
E00020
7FFFE0
1FFFE0
000000
000000
004000
00E000
004000
ENDCHAR
STARTCHAR FE90
ENCODING 65168
SWIDTH 720 0
DWIDTH 20 0
BBX 19 14 1 -1
BITMAP
400040
8000C0
800060
800060
800020
C00020
E00020
7FFFE0
1FFFE0
000000
000000
004000
00E000
004000
ENDCHAR
STARTCHAR FE91
ENCODING 65169
SWIDTH 252 0
DWIDTH 7 0
BBX 8 14 -1 -1
BITMAP
02
06
07
03
01
01
01
FF
FF
00
00
08
1C
08
ENDCHAR
STARTCHAR FE92
ENCODING 65170
SWIDTH 252 0
DWIDTH 7 0
BBX 8 14 -1 -1
BITMAP
02
06
07
03
01
01
01
FF
FF
00
00
08
1C
08
ENDCHAR
STARTCHAR FE93
ENCODING 65171
SWIDTH 288 0
DWIDTH 8 0
BBX 8 14 0 4
BITMAP
08
5C
E8
40
00
00
30
3C
3E
47
41
43
7E
3C
ENDCHAR
STARTCHAR FE94
ENCODING 65172
SWIDTH 396 0
DWIDTH 11 0
BBX 11 17 0 4
BITMAP
0400
2E00
7400
2000
0000
0200
0600
0600
0E00
1E00
3300
6300
FF00
F900
0180
01E0
00E0
ENDCHAR
STARTCHAR FE95
ENCODING 65173
SWIDTH 720 0
DWIDTH 20 0
BBX 19 13 1 4
BITMAP
001000
00B800
01D000
008000
400040
8000C0
800060
800060
800020
C00020
E00020
7FFFE0
1FFFE0
ENDCHAR
STARTCHAR FE96
ENCODING 65174
SWIDTH 720 0
DWIDTH 20 0
BBX 19 13 1 4
BITMAP
001000
00B800
01D000
008000
400040
8000C0
800060
800060
800020
C00020
E00020
7FFFE0
1FFFE0
ENDCHAR
STARTCHAR FE97
ENCODING 65175
SWIDTH 252 0
DWIDTH 7 0
BBX 8 15 -1 4
BITMAP
02
17
3A
10
00
00
02
06
07
03
01
01
01
FF
FF
ENDCHAR
STARTCHAR FE98
ENCODING 65176
SWIDTH 252 0
DWIDTH 7 0
BBX 8 15 -1 4
BITMAP
02
17
3A
10
00
00
02
06
07
03
01
01
01
FF
FF
ENDCHAR
STARTCHAR FE99
ENCODING 65177
SWIDTH 720 0
DWIDTH 20 0
BBX 19 16 1 4
BITMAP
008000
01C000
008000
001000
00B800
01D000
008000
400040
8000C0
800060
800060
800020
C00020
E00020
7FFFE0
1FFFE0
ENDCHAR
STARTCHAR FE9A
ENCODING 65178
SWIDTH 720 0
DWIDTH 20 0
BBX 19 16 1 4
BITMAP
008000
01C000
008000
001000
00B800
01D000
008000
400040
8000C0
800060
800060
800020
C00020
E00020
7FFFE0
1FFFE0
ENDCHAR
STARTCHAR FE9B
ENCODING 65179
SWIDTH 252 0
DWIDTH 7 0
BBX 8 18 -1 4
BITMAP
10
38
10
02
17
3A
10
00
00
02
06
07
03
01
01
01
FF
FF
ENDCHAR
STARTCHAR FE9C
ENCODING 65180
SWIDTH 252 0
DWIDTH 7 0
BBX 8 18 -1 4
BITMAP
10
38
10
02
17
3A
10
00
00
02
06
07
03
01
01
01
FF
FF
ENDCHAR
STARTCHAR FE9D
ENCODING 65181
SWIDTH 576 0
DWIDTH 16 0
BBX 13 17 1 -6
BITMAP
3FF8
FFF8
07C0
0E00
3000
2000
4000
8080
81C0
8080
8000
C000
C000
7000
7C00
1FF8
07F0
ENDCHAR
STARTCHAR FE9E
ENCODING 65182
SWIDTH 540 0
DWIDTH 15 0
BBX 14 17 1 -6
BITMAP
3FF8
7FF8
83C0
0E40
1040
207C
403C
8100
8380
8100
8000
C000
C000
7000
3C00
1FF8
07F0
ENDCHAR
STARTCHAR FE9F
ENCODING 65183
SWIDTH 540 0
DWIDTH 15 0
BBX 16 12 -1 -1
BITMAP
0F00
1FC0
01E0
0078
003C
FFFF
FFFF
0000
0000
0100
0380
0100
ENDCHAR
STARTCHAR FEA0
ENCODING 65184
SWIDTH 540 0
DWIDTH 15 0
BBX 16 12 -1 -1
BITMAP
0F00
1FC0
01E0
0078
003C
FFFF
FFFF
0000
0000
0100
0380
0100
ENDCHAR
STARTCHAR FEA1
ENCODING 65185
SWIDTH 576 0
DWIDTH 16 0
BBX 13 17 1 -6
BITMAP
3FF8
FFF8
07C0
0E00
3000
2000
4000
8000
8000
8000
8000
C000
C000
7000
7C00
1FF8
07F0
ENDCHAR
STARTCHAR FEA2
ENCODING 65186
SWIDTH 540 0
DWIDTH 15 0
BBX 14 17 1 -6
BITMAP
3FF8
7FF8
83C0
0E40
1040
207C
403C
8000
8000
8000
8000
C000
C000
7000
3C00
1FF8
07F0
ENDCHAR
STARTCHAR FEA3
ENCODING 65187
SWIDTH 540 0
DWIDTH 15 0
BBX 16 7 -1 4
BITMAP
0F00
1FC0
01E0
0078
003C
FFFF
FFFF
ENDCHAR
STARTCHAR FEA4
ENCODING 65188
SWIDTH 540 0
DWIDTH 15 0
BBX 16 7 -1 4
BITMAP
0F00
1FC0
01E0
0078
003C
FFFF
FFFF
ENDCHAR
STARTCHAR FEA5
ENCODING 65189
SWIDTH 576 0
DWIDTH 16 0
BBX 13 23 1 -6
BITMAP
0200
0700
0200
0000
0000
0000
3FF8
FFF8
07C0
0E00
3000
2000
4000
8000
8000
8000
8000
C000
C000
7000
7C00
1FF8
07F0
ENDCHAR
STARTCHAR FEA6
ENCODING 65190
SWIDTH 540 0
DWIDTH 15 0
BBX 14 23 1 -6
BITMAP
0100
0380
0100
0000
0000
0000
3FF8
7FF8
83C0
0E40
1040
207C
403C
8000
8000
8000
8000
C000
C000
7000
3C00
1FF8
07F0
ENDCHAR
STARTCHAR FEA7
ENCODING 65191
SWIDTH 540 0
DWIDTH 15 0
BBX 16 13 -1 4
BITMAP
0100
0380
0100
0000
0000
0000
0F00
1FC0
01E0
0078
003C
FFFF
FFFF
ENDCHAR
STARTCHAR FEA8
ENCODING 65192
SWIDTH 540 0
DWIDTH 15 0
BBX 16 13 -1 4
BITMAP
0100
0380
0100
0000
0000
0000
0F00
1FC0
01E0
0078
003C
FFFF
FFFF
ENDCHAR
STARTCHAR FEA9
ENCODING 65193
SWIDTH 324 0
DWIDTH 9 0
BBX 7 10 2 4
BITMAP
10
18
0C
04
06
02
02
82
FE
FE
ENDCHAR
STARTCHAR FEAA
ENCODING 65194
SWIDTH 324 0
DWIDTH 9 0
BBX 7 10 2 4
BITMAP
10
18
0C
04
06
02
02
82
FE
FE
ENDCHAR
STARTCHAR FEAB
ENCODING 65195
SWIDTH 324 0
DWIDTH 9 0
BBX 7 16 2 4
BITMAP
20
70
20
00
00
00
10
18
0C
04
06
02
02
82
FE
FE
ENDCHAR
STARTCHAR FEAC
ENCODING 65196
SWIDTH 324 0
DWIDTH 9 0
BBX 7 16 2 4
BITMAP
20
70
20
00
00
00
10
18
0C
04
06
02
02
82
FE
FE
ENDCHAR
STARTCHAR FEAD
ENCODING 65197
SWIDTH 504 0
DWIDTH 14 0
BBX 13 15 1 -3
BITMAP
0020
0030
0030
0018
0008
0008
0008
0008
0018
0018
0030
00F0
C3E0
3FC0
0F00
ENDCHAR
STARTCHAR FEAE
ENCODING 65198
SWIDTH 504 0
DWIDTH 14 0
BBX 13 15 1 -3
BITMAP
0020
0030
0030
0018
0008
0008
0008
0008
0018
0018
0030
00F0
C3E0
3FC0
0F00
ENDCHAR
STARTCHAR FEAF
ENCODING 65199
SWIDTH 504 0
DWIDTH 14 0
BBX 13 21 1 -3
BITMAP
0040
00E0
0040
0000
0000
0000
0020
0030
0030
0018
0008
0008
0008
0008
0018
0018
0030
00F0
C3E0
3FC0
0F00
ENDCHAR
STARTCHAR FEB0
ENCODING 65200
SWIDTH 504 0
DWIDTH 14 0
BBX 13 21 1 -3
BITMAP
0040
00E0
0040
0000
0000
0000
0020
0030
0030
0018
0008
0008
0008
0008
0018
0018
0030
00F0
C3E0
3FC0
0F00
ENDCHAR
STARTCHAR FEB1
ENCODING 65201
SWIDTH 828 0
DWIDTH 23 0
BBX 22 14 1 -2
BITMAP
000808
00182C
001C2C
200C24
400C24
400424
8007FC
8007DC
800400
800C00
C01800
E07800
7FF000
1F8000
ENDCHAR
STARTCHAR FEB2
ENCODING 65202
SWIDTH 828 0
DWIDTH 23 0
BBX 22 14 1 -2
BITMAP
000808
00182C
001C2C
200C24
400C24
400424
8007FC
8007DC
800400
800C00
C01800
E07800
7FF000
1F8000
ENDCHAR
STARTCHAR FEB3
ENCODING 65203
SWIDTH 540 0
DWIDTH 15 0
BBX 16 8 -1 4
BITMAP
0002
0413
0413
0411
0611
0619
FFFF
FBEF
ENDCHAR
STARTCHAR FEB4
ENCODING 65204
SWIDTH 540 0
DWIDTH 15 0
BBX 16 8 -1 4
BITMAP
0002
0413
0413
0411
0611
0619
FFFF
FBEF
ENDCHAR
STARTCHAR FEB5
ENCODING 65205
SWIDTH 828 0
DWIDTH 23 0
BBX 22 23 1 -2
BITMAP
000080
0001C0
000080
000010
0000B8
0001D0
000080
000000
000000
000808
00182C
001C2C
200C24
400C24
400424
8007FC
8007DC
800400
800C00
C01800
E07800
7FF000
1F8000
ENDCHAR
STARTCHAR FEB6
ENCODING 65206
SWIDTH 828 0
DWIDTH 23 0
BBX 22 23 1 -2
BITMAP
000080
0001C0
000080
000010
0000B8
0001D0
000080
000000
000000
000808
00182C
001C2C
200C24
400C24
400424
8007FC
8007DC
800400
800C00
C01800
E07800
7FF000
1F8000
ENDCHAR
STARTCHAR FEB7
ENCODING 65207
SWIDTH 540 0
DWIDTH 15 0
BBX 16 17 -1 4
BITMAP
0040
00E0
0040
0008
005C
00E8
0040
0000
0000
0002
0413
0413
0411
0611
0619
FFFF
FBEF
ENDCHAR
STARTCHAR FEB8
ENCODING 65208
SWIDTH 540 0
DWIDTH 15 0
BBX 16 17 -1 4
BITMAP
0040
00E0
0040
0008
005C
00E8
0040
0000
0000
0002
0413
0413
0411
0611
0619
FFFF
FBEF
ENDCHAR
STARTCHAR FEB9
ENCODING 65209
SWIDTH 1116 0
DWIDTH 31 0
BBX 30 14 1 -2
BITMAP
000800F0
001803F8
001C061C
200C0C0C
400C180C
4004601C
8007FFFC
8007FFFC
80040000
800C0000
C0180000
E0780000
7FF00000
1FC00000
ENDCHAR
STARTCHAR FEBA
ENCODING 65210
SWIDTH 1116 0
DWIDTH 31 0
BBX 30 14 1 -2
BITMAP
000800F0
001803F8
001C061C
200C0C0C
400C180C
4004601C
8007FFFC
8007FFFC
80040000
800C0000
C0180000
E0780000
7FF00000
1FC00000
ENDCHAR
STARTCHAR FEBB
ENCODING 65211
SWIDTH 864 0
DWIDTH 24 0
BBX 25 6 -1 4
BITMAP
00003F00
0400FF80
04038380
060E0180
FFFFFF80
FBFFFF80
ENDCHAR
STARTCHAR FEBC
ENCODING 65212
SWIDTH 864 0
DWIDTH 24 0
BBX 25 6 -1 4
BITMAP
00003F00
0400FF80
04038380
060E0180
FFFFFF80
FBFFFF80
ENDCHAR
STARTCHAR FEBD
ENCODING 65213
SWIDTH 1116 0
DWIDTH 31 0
BBX 30 19 1 -2
BITMAP
00001000
00003800
00001000
00000000
00000000
000800F0
001803F8
001C061C
200C0C0C
400C180C
4004601C
8007FFFC
8007FFFC
80040000
800C0000
C0180000
E0780000
7FF00000
1FC00000
ENDCHAR
STARTCHAR FEBE
ENCODING 65214
SWIDTH 1116 0
DWIDTH 31 0
BBX 30 19 1 -2
BITMAP
00001000
00003800
00001000
00000000
00000000
000800F0
001803F8
001C061C
200C0C0C
400C180C
4004601C
8007FFFC
8007FFFC
80040000
800C0000
C0180000
E0780000
7FF00000
1FC00000
ENDCHAR
STARTCHAR FEBF
ENCODING 65215
SWIDTH 864 0
DWIDTH 24 0
BBX 25 11 -1 4
BITMAP
00020000
00070000
00020000
00000000
00000000
00003F00
0400FF80
04038380
060E0180
FFFFFF80
FBFFFF80
ENDCHAR
STARTCHAR FEC0
ENCODING 65216
SWIDTH 864 0
DWIDTH 24 0
BBX 25 11 -1 4
BITMAP
00020000
00070000
00020000
00000000
00000000
00003F00
0400FF80
04038380
060E0180
FFFFFF80
FBFFFF80
ENDCHAR
STARTCHAR FEC1
ENCODING 65217
SWIDTH 576 0
DWIDTH 16 0
BBX 17 18 -1 4
BITMAP
080000
0E0000
060000
040000
040000
040000
020000
020000
020000
020000
020000
020000
021F00
02FF80
038180
0E0180
FFFF80
FFFF80
ENDCHAR
STARTCHAR FEC2
ENCODING 65218
SWIDTH 576 0
DWIDTH 16 0
BBX 17 18 -1 4
BITMAP
080000
0E0000
060000
040000
040000
040000
020000
020000
020000
020000
020000
020000
021F00
02FF80
038180
0E0180
FFFF80
FFFF80
ENDCHAR
STARTCHAR FEC3
ENCODING 65219
SWIDTH 576 0
DWIDTH 16 0
BBX 17 18 -1 4
BITMAP
080000
0E0000
060000
040000
040000
040000
020000
020000
020000
020000
020000
020000
021F00
02FF80
038180
0E0180
FFFF80
FFFF80
ENDCHAR
STARTCHAR FEC4
ENCODING 65220
SWIDTH 576 0
DWIDTH 16 0
BBX 17 18 -1 4
BITMAP
080000
0E0000
060000
040000
040000
040000
020000
020000
020000
020000
020000
020000
021F00
02FF80
038180
0E0180
FFFF80
FFFF80
ENDCHAR
STARTCHAR FEC5
ENCODING 65221
SWIDTH 576 0
DWIDTH 16 0
BBX 17 18 -1 4
BITMAP
080000
0E0000
060000
040000
040000
040000
021000
023800
021000
020000
020000
020000
021F00
02FF80
038180
0E0180
FFFF80
FFFF80
ENDCHAR
STARTCHAR FEC6
ENCODING 65222
SWIDTH 576 0
DWIDTH 16 0
BBX 17 18 -1 4
BITMAP
080000
0E0000
060000
040000
040000
040000
021000
023800
021000
020000
020000
020000
021F00
02FF80
038180
0E0180
FFFF80
FFFF80
ENDCHAR
STARTCHAR FEC7
ENCODING 65223
SWIDTH 576 0
DWIDTH 16 0
BBX 17 18 -1 4
BITMAP
080000
0E0000
060000
040000
040000
040000
021000
023800
021000
020000
020000
020000
021F00
02FF80
038180
0E0180
FFFF80
FFFF80
ENDCHAR
STARTCHAR FEC8
ENCODING 65224
SWIDTH 576 0
DWIDTH 16 0
BBX 17 18 -1 4
BITMAP
080000
0E0000
060000
040000
040000
040000
021000
023800
021000
020000
020000
020000
021F00
02FF80
038180
0E0180
FFFF80
FFFF80
ENDCHAR
STARTCHAR FEC9
ENCODING 65225
SWIDTH 540 0
DWIDTH 15 0
BBX 12 21 1 -6
BITMAP
3C00
7E00
E000
8000
8060
E1E0
7F80
3E00
3800
3000
6000
C000
8000
8000
8000
8000
C000
6000
7800
3FF0
0FE0
ENDCHAR
STARTCHAR FECA
ENCODING 65226
SWIDTH 468 0
DWIDTH 13 0
BBX 12 18 1 -6
BITMAP
0F00
1F80
1F80
0700
0F00
1F80
39F0
60F0
4000
8000
8000
8000
8000
C000
6000
7C00
3FF0
07E0
ENDCHAR
STARTCHAR FECB
ENCODING 65227
SWIDTH 540 0
DWIDTH 15 0
BBX 14 9 -1 4
BITMAP
0F80
1FC0
3020
2000
2000
300C
38F8
FFF0
FF00
ENDCHAR
STARTCHAR FECC
ENCODING 65228
SWIDTH 396 0
DWIDTH 11 0
BBX 12 7 -1 4
BITMAP
0F80
1FC0
1FC0
0380
0F00
FFF0
F8F0
ENDCHAR
STARTCHAR FECD
ENCODING 65229
SWIDTH 540 0
DWIDTH 15 0
BBX 12 27 1 -6
BITMAP
0800
1C00
0800
0000
0000
0000
3C00
7E00
E000
8000
8060
E1E0
7F80
3E00
3800
3000
6000
C000
8000
8000
8000
8000
C000
6000
7800
3FF0
0FE0
ENDCHAR
STARTCHAR FECE
ENCODING 65230
SWIDTH 468 0
DWIDTH 13 0
BBX 12 24 1 -6
BITMAP
0200
0700
0200
0000
0000
0000
0F00
1F80
1F80
0700
0F00
1F80
39F0
60F0
4000
8000
8000
8000
8000
C000
6000
7C00
3FF0
07E0
ENDCHAR
STARTCHAR FECF
ENCODING 65231
SWIDTH 540 0
DWIDTH 15 0
BBX 14 14 -1 4
BITMAP
0200
0700
0200
0000
0000
0F80
1FC0
3020
2000
2000
300C
38F8
FFF0
FF00
ENDCHAR
STARTCHAR FED0
ENCODING 65232
SWIDTH 396 0
DWIDTH 11 0
BBX 12 13 -1 4
BITMAP
0200
0700
0200
0000
0000
0000
0F80
1FC0
1FC0
0380
0F00
FFF0
F8F0
ENDCHAR
STARTCHAR FED1
ENCODING 65233
SWIDTH 792 0
DWIDTH 22 0
BBX 21 15 1 4
BITMAP
000040
0000E0
000040
000000
000000
000000
400030
800078
8000C8
8000C8
8000E8
C000F8
F00038
7FFFF8
0FFFF8
ENDCHAR
STARTCHAR FED2
ENCODING 65234
SWIDTH 792 0
DWIDTH 22 0
BBX 21 15 1 4
BITMAP
000040
0000E0
000040
000000
000000
000000
400030
800078
8000C8
8000C8
8000E8
C000F8
F00038
7FFFF8
0FFFF8
ENDCHAR
STARTCHAR FED3
ENCODING 65235
SWIDTH 288 0
DWIDTH 8 0
BBX 9 15 -1 4
BITMAP
0400
0E00
0400
0000
0000
0E00
0F00
1300
1180
1F80
0F80
0080
0080
FF80
FF80
ENDCHAR
STARTCHAR FED4
ENCODING 65236
SWIDTH 252 0
DWIDTH 7 0
BBX 8 15 -1 4
BITMAP
04
0E
04
00
00
00
0E
0E
13
11
19
0F
03
FF
FF
ENDCHAR
STARTCHAR FED5
ENCODING 65237
SWIDTH 576 0
DWIDTH 16 0
BBX 15 20 1 -2
BITMAP
0010
00B8
01D0
0080
0000
0000
0038
003C
004C
4046
407E
803E
8002
8002
8002
8006
C00E
E03C
7FF8
1FE0
ENDCHAR
STARTCHAR FED6
ENCODING 65238
SWIDTH 576 0
DWIDTH 16 0
BBX 15 20 1 -2
BITMAP
0010
00B8
01D0
0080
0000
0000
0038
003C
004C
4046
407E
803E
8002
8002
8002
8006
C00E
E03C
7FF8
1FE0
ENDCHAR
STARTCHAR FED7
ENCODING 65239
SWIDTH 288 0
DWIDTH 8 0
BBX 9 15 -1 4
BITMAP
0200
1700
3A00
1000
0000
0E00
0F00
1300
1180
1F80
0F80
0080
0080
FF80
FF80
ENDCHAR
STARTCHAR FED8
ENCODING 65240
SWIDTH 252 0
DWIDTH 7 0
BBX 8 16 -1 4
BITMAP
04
2E
74
20
00
00
00
0E
0E
13
11
19
0F
03
FF
FF
ENDCHAR
STARTCHAR FED9
ENCODING 65241
SWIDTH 612 0
DWIDTH 17 0
BBX 16 19 1 4
BITMAP
0008
000C
000E
0006
0044
00C4
0084
0102
01E2
01E2
0022
4022
8042
8F83
8001
8001
E001
7FFF
3FFF
ENDCHAR
STARTCHAR FEDA
ENCODING 65242
SWIDTH 612 0
DWIDTH 17 0
BBX 16 19 1 4
BITMAP
0008
000C
000E
0006
0044
00C4
0084
0102
01E2
01E2
0022
4022
8042
8F83
8001
8001
E001
7FFF
3FFF
ENDCHAR
STARTCHAR FEDB
ENCODING 65243
SWIDTH 396 0
DWIDTH 11 0
BBX 12 17 -1 4
BITMAP
0020
01E0
07C0
1E00
1800
3000
3800
3C00
1E00
0F00
0380
00C0
0060
0060
0030
FFF0
FFF0
ENDCHAR
STARTCHAR FEDC
ENCODING 65244
SWIDTH 396 0
DWIDTH 11 0
BBX 12 17 -1 4
BITMAP
0020
01E0
07C0
1E00
1800
3000
3800
3C00
1E00
0F00
0380
00C0
0060
0060
0030
FFF0
FFF0
ENDCHAR
STARTCHAR FEDD
ENCODING 65245
SWIDTH 504 0
DWIDTH 14 0
BBX 13 23 1 0
BITMAP
0020
0030
0038
0018
0010
0010
0010
0010
0010
0010
0008
2008
4008
4008
4008
8008
8008
8008
8008
C018
E070
7FE0
1F80
ENDCHAR
STARTCHAR FEDE
ENCODING 65246
SWIDTH 504 0
DWIDTH 14 0
BBX 13 23 1 0
BITMAP
0020
0030
0038
0018
0010
0010
0010
0010
0010
0010
0008
2008
4008
4008
4008
8008
8008
8008
8008
C018
E070
7FE0
1F80
ENDCHAR
STARTCHAR FEDF
ENCODING 65247
SWIDTH 216 0
DWIDTH 6 0
BBX 7 19 -1 4
BITMAP
10
18
1C
0C
08
08
08
04
04
04
04
04
04
04
02
02
02
FE
FE
ENDCHAR
STARTCHAR FEE0
ENCODING 65248
SWIDTH 216 0
DWIDTH 6 0
BBX 7 19 -1 4
BITMAP
10
18
1C
0C
08
08
08
04
04
04
04
04
04
04
02
02
02
FE
FE
ENDCHAR
STARTCHAR FEE1
ENCODING 65249
SWIDTH 324 0
DWIDTH 9 0
BBX 9 16 0 -6
BITMAP
1C00
1E00
2300
0180
0F80
7F80
E000
8000
8000
8000
4000
4000
4000
2000
2000
2000
ENDCHAR
STARTCHAR FEE2
ENCODING 65250
SWIDTH 324 0
DWIDTH 9 0
BBX 9 16 0 -6
BITMAP
1C00
1E00
2300
0180
0F80
7F80
E000
8000
8000
8000
4000
4000
4000
2000
2000
2000
ENDCHAR
STARTCHAR FEE3
ENCODING 65251
SWIDTH 396 0
DWIDTH 11 0
BBX 12 7 -1 4
BITMAP
0060
00E0
01B0
0310
0F90
FFF0
FCF0
ENDCHAR
STARTCHAR FEE4
ENCODING 65252
SWIDTH 396 0
DWIDTH 11 0
BBX 12 7 -1 4
BITMAP
0060
00E0
01B0
0310
0F90
FFF0
FCF0
ENDCHAR
STARTCHAR FEE5
ENCODING 65253
SWIDTH 540 0
DWIDTH 15 0
BBX 14 18 1 -2
BITMAP
0100
0380
0100
0000
0008
0008
000C
2004
4004
4004
8004
8004
8004
800C
C01C
E078
7FF0
1FC0
ENDCHAR
STARTCHAR FEE6
ENCODING 65254
SWIDTH 540 0
DWIDTH 15 0
BBX 14 18 1 -2
BITMAP
0100
0380
0100
0000
0008
0008
000C
2004
4004
4004
8004
8004
8004
800C
C01C
E078
7FF0
1FC0
ENDCHAR
STARTCHAR FEE7
ENCODING 65255
SWIDTH 252 0
DWIDTH 7 0
BBX 8 14 -1 4
BITMAP
04
0E
04
00
00
02
06
07
03
01
01
01
FF
FF
ENDCHAR
STARTCHAR FEE8
ENCODING 65256
SWIDTH 252 0
DWIDTH 7 0
BBX 8 14 -1 4
BITMAP
04
0E
04
00
00
02
06
07
03
01
01
01
FF
FF
ENDCHAR
STARTCHAR FEE9
ENCODING 65257
SWIDTH 288 0
DWIDTH 8 0
BBX 6 8 1 4
BITMAP
40
70
78
8C
84
8C
F8
70
ENDCHAR
STARTCHAR FEEA
ENCODING 65258
SWIDTH 396 0
DWIDTH 11 0
BBX 11 12 0 4
BITMAP
0200
0600
0600
0E00
1E00
3300
6300
FF00
F900
0180
01E0
00E0
ENDCHAR
STARTCHAR FEEB
ENCODING 65259
SWIDTH 468 0
DWIDTH 13 0
BBX 12 11 -1 4
BITMAP
0200
0300
0780
0380
07C0
04E0
08E0
0DB0
0710
FFF0
F8E0
ENDCHAR
STARTCHAR FEEC
ENCODING 65260
SWIDTH 396 0
DWIDTH 11 0
BBX 12 14 -1 -2
BITMAP
0100
0780
0480
0880
0900
1600
FFF0
FFF0
1300
1100
1880
0C80
0F80
0300
ENDCHAR
STARTCHAR FEED
ENCODING 65261
SWIDTH 432 0
DWIDTH 12 0
BBX 11 13 1 -3
BITMAP
00C0
01E0
0160
0120
01E0
00E0
0020
0060
00C0
01C0
8780
7F80
1E00
ENDCHAR
STARTCHAR FEEE
ENCODING 65262
SWIDTH 432 0
DWIDTH 12 0
BBX 11 13 1 -3
BITMAP
00C0
01E0
0160
0120
01E0
00E0
0020
0060
00C0
01C0
8780
7F80
1E00
ENDCHAR
STARTCHAR FEEF
ENCODING 65263
SWIDTH 648 0
DWIDTH 18 0
BBX 16 14 1 -1
BITMAP
0006
000F
0011
0020
2020
4040
4040
807E
807E
8002
800C
E07C
7FF0
3FC0
ENDCHAR
STARTCHAR FEF0
ENCODING 65264
SWIDTH 576 0
DWIDTH 16 0
BBX 15 10 1 -3
BITMAP
2000
403E
407E
8080
80F8
80F8
C008
E018
7FF0
1FC0
ENDCHAR
STARTCHAR FEF1
ENCODING 65265
SWIDTH 648 0
DWIDTH 18 0
BBX 16 19 1 -6
BITMAP
0006
000F
0011
0020
2020
4040
4040
807E
807E
8002
800C
E07C
7FF0
3FC0
0000
0040
02E0
0740
0200
ENDCHAR
STARTCHAR FEF2
ENCODING 65266
SWIDTH 576 0
DWIDTH 16 0
BBX 15 13 1 -6
BITMAP
2000
403E
407E
8080
80F8
80F8
C008
E018
7FF0
1FC0
0000
0480
0FC0
ENDCHAR
STARTCHAR FEF3
ENCODING 65267
SWIDTH 252 0
DWIDTH 7 0
BBX 8 15 -1 -2
BITMAP
02
06
07
03
01
01
01
FF
FF
00
00
02
17
3A
10
ENDCHAR
STARTCHAR FEF4
ENCODING 65268
SWIDTH 252 0
DWIDTH 7 0
BBX 8 15 -1 -2
BITMAP
02
06
07
03
01
01
01
FF
FF
00
00
02
17
3A
10
ENDCHAR
STARTCHAR FEF5
ENCODING 65269
SWIDTH 540 0
DWIDTH 15 0
BBX 13 22 1 2
BITMAP
C400
B800
0000
0000
C020
E030
F038
F818
7810
3C10
0610
0210
0110
01A0
00A0
00E0
0040
00E0
0120
0620
0FE0
0FC0
ENDCHAR
STARTCHAR FEF6
ENCODING 65270
SWIDTH 612 0
DWIDTH 17 0
BBX 16 21 1 3
BITMAP
C400
B800
0000
0000
6010
7810
7C10
3E10
1B10
0188
0088
0088
0048
0058
0018
002C
0064
01C4
07C7
3F83
FE00
ENDCHAR
STARTCHAR FEF7
ENCODING 65271
SWIDTH 540 0
DWIDTH 15 0
BBX 13 23 1 2
BITMAP
6000
8000
7000
8000
0000
C020
E030
F038
F818
7810
3C10
0610
0210
0110
01A0
00A0
00E0
0040
00E0
0120
0620
0FE0
0FC0
ENDCHAR
STARTCHAR FEF8
ENCODING 65272
SWIDTH 612 0
DWIDTH 17 0
BBX 16 22 1 3
BITMAP
6000
8000
7000
8000
0000
6010
7810
7C10
3E10
1B10
0188
0088
0088
0048
0058
0018
002C
0064
01C4
07C7
3F83
FE00
ENDCHAR
STARTCHAR FEF9
ENCODING 65273
SWIDTH 540 0
DWIDTH 15 0
BBX 13 23 1 -3
BITMAP
C020
E030
F038
F818
7810
3C10
0610
0210
0110
01A0
00A0
00E0
0040
00E0
0120
0620
0FE0
0FC0
0000
0600
0800
0700
0800
ENDCHAR
STARTCHAR FEFA
ENCODING 65274
SWIDTH 612 0
DWIDTH 17 0
BBX 16 23 1 -3
BITMAP
6010
7810
7C10
3E10
1B10
0188
0088
0088
0048
0058
0018
002C
0064
01C4
07C7
3F83
FE00
0000
0000
1800
2000
1C00
2000
ENDCHAR
STARTCHAR FEFB
ENCODING 65275
SWIDTH 540 0
DWIDTH 15 0
BBX 13 18 1 2
BITMAP
C020
E030
F038
F818
7810
3C10
0610
0210
0110
01A0
00A0
00E0
0040
00E0
0120
0620
0FE0
0FC0
ENDCHAR
STARTCHAR FEFC
ENCODING 65276
SWIDTH 612 0
DWIDTH 17 0
BBX 16 17 1 3
BITMAP
6010
7810
7C10
3E10
1B10
0188
0088
0088
0048
0058
0018
002C
0064
01C4
07C7
3F83
FE00
ENDCHAR
STARTCHAR FFFC
ENCODING 65532
SWIDTH 1008 0
DWIDTH 28 0
BBX 28 20 0 0
BITMAP
F0F0F0F0
80000010
80000010
80000010
00000000
07C7E180
0C663180
98363190
98363190
9837E190
98363190
98363190
98363190
0C663180
07C7EF00
00000000
80000010
80000010
80000010
F0F0F0F0
ENDCHAR
ENDFONT
