STARTFONT 2.1
FONT -FontForge-Arial-Book-R-Normal--36-350-75-75-P-192-ISO10646-1
SIZE 35 75 75
FONTBOUNDINGBOX 97 47 -25 -12
COMMENT "Generated by fontforge, http://fontforge.sourceforge.net"
COMMENT "Typeface (c) The Monotype Corporation plc. Data (c) The Monotype Corporation plc/Type Solutions Inc. 1990-1992. All Rights Reserved"
STARTPROPERTIES 40
FOUNDRY "FontForge"
FAMILY_NAME "Arial"
WEIGHT_NAME "Book"
SLANT "R"
SETWIDTH_NAME "Normal"
ADD_STYLE_NAME ""
PIXEL_SIZE 36
POINT_SIZE 350
RESOLUTION_X 75
RESOLUTION_Y 75
SPACING "P"
AVERAGE_WIDTH 192
CHARSET_REGISTRY "ISO10646"
CHARSET_ENCODING "1"
FONTNAME_REGISTRY ""
CHARSET_COLLECTIONS "ASCII ISOLatin1Encoding ISO8859-2 ISO8859-5 ISO8859-7 ISO8859-9 ISO8859-8 ISO8859-6 ISO8859-4 Symbol ISO10646-1"
FONT_NAME "ArialMT"
FACE_NAME "Arial"
COPYRIGHT "Typeface (c) The Monotype Corporation plc. Data (c) The Monotype Corporation plc/Type Solutions Inc. 1990-1992. All Rights Reserved"
FONT_VERSION "3.00"
FONT_ASCENT 29
FONT_DESCENT 7
UNDERLINE_POSITION -5
UNDERLINE_THICKNESS 3
X_HEIGHT 18
CAP_HEIGHT 25
RAW_ASCENT 799
RAW_DESCENT 200
NORM_SPACE 10
RELATIVE_WEIGHT 40
RELATIVE_SETWIDTH 50
SUPERSCRIPT_X 0
SUPERSCRIPT_Y 17
SUPERSCRIPT_SIZE 23
SUBSCRIPT_X 0
SUBSCRIPT_Y 4
SUBSCRIPT_SIZE 23
FIGURE_WIDTH 20
AVG_LOWERCASE_WIDTH 185
AVG_UPPERCASE_WIDTH 245
ENDPROPERTIES
CHARS 1777
STARTCHAR space
ENCODING 32
SWIDTH 277 0
DWIDTH 10 0
BBX 1 1 0 0
BITMAP
00
ENDCHAR
STARTCHAR exclam
ENCODING 33
SWIDTH 277 0
DWIDTH 11 0
BBX 3 26 4 0
BITMAP
E0
E0
E0
E0
E0
E0
E0
E0
E0
E0
E0
E0
E0
40
40
40
40
40
40
40
00
00
00
E0
E0
E0
ENDCHAR
STARTCHAR quotedbl
ENCODING 34
SWIDTH 354 0
DWIDTH 13 0
BBX 10 9 1 17
BITMAP
E1C0
E1C0
E1C0
E1C0
E1C0
E1C0
E1C0
E1C0
4080
ENDCHAR
STARTCHAR numbersign
ENCODING 35
SWIDTH 556 0
DWIDTH 20 0
BBX 20 26 0 0
BITMAP
01C1C0
01C1C0
01C3C0
038380
038380
038380
038380
FFFFF0
FFFFF0
FFFFF0
070700
070700
070700
0E0E00
0E0E00
0E0E00
FFFFF0
FFFFF0
FFFFF0
1C1C00
1C1C00
1C1C00
1C1C00
3C3800
383800
383800
ENDCHAR
STARTCHAR dollar
ENCODING 36
SWIDTH 556 0
DWIDTH 20 0
BBX 17 30 1 -3
BITMAP
00C000
07F000
1FFC00
3FFE00
3CCE00
78C700
70C700
70C000
70C000
70C000
38C000
3FC000
1FF000
07FC00
01FE00
00DF00
00C700
00C380
00C380
E0C380
E0C380
F0C780
78C700
7CCF00
3FFE00
1FFC00
03F800
00C000
00C000
00C000
ENDCHAR
STARTCHAR percent
ENCODING 37
SWIDTH 889 0
DWIDTH 32 0
BBX 28 26 2 0
BITMAP
1F000E00
3F801E00
71C01C00
71C03C00
E0E03800
E0E07000
E0E0F000
E0E0E000
E0E1E000
E0E1C000
61C3C000
71C38000
3F870F80
1F071FC0
000E38E0
001E38E0
001C7070
003C7070
00387070
00787070
00707070
00E07070
01E030E0
01C038E0
03C01FC0
03800F80
ENDCHAR
STARTCHAR ampersand
ENCODING 38
SWIDTH 666 0
DWIDTH 24 0
BBX 21 26 2 0
BITMAP
01F000
07F800
0FFC00
1E1E00
1C0E00
1C0E00
1C0E00
1E0E00
0E1C00
0F7800
07F000
07E000
0FC000
3EE000
78F080
7078E0
F03DE0
E01DC0
E00FC0
E00F80
F00780
700FC0
7C3FE0
3FFEF8
1FF870
07E020
ENDCHAR
STARTCHAR quotesingle
ENCODING 39
SWIDTH 190 0
DWIDTH 7 0
BBX 3 9 2 17
BITMAP
E0
E0
E0
E0
E0
E0
E0
E0
40
ENDCHAR
STARTCHAR parenleft
ENCODING 40
SWIDTH 333 0
DWIDTH 12 0
BBX 8 33 2 -7
BITMAP
03
06
0E
0C
1C
18
38
30
70
70
70
E0
E0
E0
E0
E0
E0
E0
E0
E0
E0
60
70
70
70
30
38
18
1C
0C
0E
06
03
ENDCHAR
STARTCHAR parenright
ENCODING 41
SWIDTH 333 0
DWIDTH 12 0
BBX 8 33 2 -7
BITMAP
C0
60
70
30
38
18
1C
0C
0E
0E
0E
06
07
07
07
07
07
07
07
07
07
06
0E
0E
0E
1C
1C
18
38
30
70
60
C0
ENDCHAR
STARTCHAR asterisk
ENCODING 42
SWIDTH 389 0
DWIDTH 14 0
BBX 13 11 1 15
BITMAP
0700
0700
0700
7770
FFF8
3FE0
0F80
1DC0
3DE0
38E0
1040
ENDCHAR
STARTCHAR plus
ENCODING 43
SWIDTH 583 0
DWIDTH 21 0
BBX 17 17 2 4
BITMAP
01C000
01C000
01C000
01C000
01C000
01C000
01C000
FFFF80
FFFF80
FFFF80
01C000
01C000
01C000
01C000
01C000
01C000
01C000
ENDCHAR
STARTCHAR comma
ENCODING 44
SWIDTH 277 0
DWIDTH 10 0
BBX 3 9 3 -6
BITMAP
E0
E0
E0
60
60
60
60
C0
C0
ENDCHAR
STARTCHAR hyphen
ENCODING 45
SWIDTH 333 0
DWIDTH 12 0
BBX 10 3 1 8
BITMAP
FFC0
FFC0
FFC0
ENDCHAR
STARTCHAR period
ENCODING 46
SWIDTH 277 0
DWIDTH 10 0
BBX 3 3 3 0
BITMAP
E0
E0
E0
ENDCHAR
STARTCHAR slash
ENCODING 47
SWIDTH 277 0
DWIDTH 10 0
BBX 10 26 0 0
BITMAP
01C0
01C0
0380
0380
0380
0380
0700
0700
0700
0E00
0E00
0E00
0E00
1C00
1C00
1C00
1C00
3800
3800
3800
7800
7000
7000
7000
E000
E000
ENDCHAR
STARTCHAR zero
ENCODING 48
SWIDTH 556 0
DWIDTH 20 0
BBX 16 26 2 0
BITMAP
07E0
1FF8
3FFC
3C3C
781E
700E
700E
E007
E007
E007
E007
E007
E007
E007
E007
E007
E007
E007
E007
700E
700E
781E
3C3C
3FFC
1FF8
07E0
ENDCHAR
STARTCHAR one
ENCODING 49
SWIDTH 556 0
DWIDTH 20 0
BBX 9 26 4 0
BITMAP
0180
0380
0780
0F80
1F80
3F80
FB80
F380
C380
0380
0380
0380
0380
0380
0380
0380
0380
0380
0380
0380
0380
0380
0380
0380
0380
0380
ENDCHAR
STARTCHAR two
ENCODING 50
SWIDTH 556 0
DWIDTH 20 0
BBX 17 26 1 0
BITMAP
07F000
1FFC00
3FFE00
7C1F00
700700
E00780
E00380
000380
000380
000380
000700
000F00
000E00
001C00
003800
007000
01E000
03C000
078000
0F0000
1E0000
380000
700000
7FFF80
FFFF80
FFFF80
ENDCHAR
STARTCHAR three
ENCODING 51
SWIDTH 556 0
DWIDTH 20 0
BBX 16 26 2 0
BITMAP
07E0
1FF8
3FFC
783C
701E
E00E
E00E
000E
001C
003C
03F8
03F8
03FC
001E
000E
0007
0007
0007
0007
E007
F00F
700E
783E
3FFC
1FF8
07E0
ENDCHAR
STARTCHAR four
ENCODING 52
SWIDTH 556 0
DWIDTH 20 0
BBX 17 26 1 0
BITMAP
001C00
003C00
007C00
007C00
00FC00
01FC00
01DC00
03DC00
079C00
071C00
0F1C00
0E1C00
1C1C00
3C1C00
381C00
701C00
F01C00
FFFF80
FFFF80
FFFF80
001C00
001C00
001C00
001C00
001C00
001C00
ENDCHAR
STARTCHAR five
ENCODING 53
SWIDTH 556 0
DWIDTH 20 0
BBX 16 26 2 0
BITMAP
1FFE
1FFE
3FFE
3800
3800
3800
7800
7000
73E0
7FF8
7FFC
F83E
E00E
000F
0007
0007
0007
0007
0007
E007
E00E
700E
783C
3FFC
1FF0
07E0
ENDCHAR
STARTCHAR six
ENCODING 54
SWIDTH 556 0
DWIDTH 20 0
BBX 17 26 1 0
BITMAP
03F000
0FFC00
1FFE00
3E1F00
380700
780780
700380
700000
E00000
E1F000
E7FC00
EFFE00
FC1F00
F80700
F00780
E00380
E00380
E00380
E00380
600380
700700
780700
3C1F00
1FFE00
0FFC00
03F000
ENDCHAR
STARTCHAR seven
ENCODING 55
SWIDTH 556 0
DWIDTH 20 0
BBX 17 26 1 0
BITMAP
FFFF80
FFFF80
FFFF80
000300
000600
000E00
001C00
003800
003800
007000
007000
00E000
00E000
01C000
01C000
038000
038000
038000
070000
070000
070000
070000
0E0000
0E0000
0E0000
0E0000
ENDCHAR
STARTCHAR eight
ENCODING 56
SWIDTH 556 0
DWIDTH 20 0
BBX 16 26 2 0
BITMAP
07E0
1FF8
3FFC
3C3C
781E
700E
700E
700E
781E
3C3C
1FF8
0FF0
3FFC
781E
700E
E00F
E007
E007
E007
E007
E00F
700E
7C1E
3FFC
1FF8
07E0
ENDCHAR
STARTCHAR nine
ENCODING 57
SWIDTH 556 0
DWIDTH 20 0
BBX 16 26 2 0
BITMAP
07C0
1FF0
3FF8
7C1C
700E
F00E
E006
E007
E007
E007
E007
F00F
700F
783F
3FF7
1FE7
07C7
0007
000E
E00E
E00E
701C
783C
3FF8
1FF0
0FC0
ENDCHAR
STARTCHAR colon
ENCODING 58
SWIDTH 277 0
DWIDTH 10 0
BBX 3 19 3 0
BITMAP
E0
E0
E0
00
00
00
00
00
00
00
00
00
00
00
00
00
E0
E0
E0
ENDCHAR
STARTCHAR semicolon
ENCODING 59
SWIDTH 277 0
DWIDTH 10 0
BBX 3 25 3 -6
BITMAP
E0
E0
E0
00
00
00
00
00
00
00
00
00
00
00
00
00
E0
E0
E0
60
60
60
60
C0
80
ENDCHAR
STARTCHAR less
ENCODING 60
SWIDTH 583 0
DWIDTH 21 0
BBX 17 17 2 4
BITMAP
000080
000780
001F80
00FF00
03F800
0FE000
7F0000
FC0000
E00000
FC0000
7F0000
0FE000
03F800
00FF00
001F80
000780
000080
ENDCHAR
STARTCHAR equal
ENCODING 61
SWIDTH 583 0
DWIDTH 21 0
BBX 17 11 2 7
BITMAP
FFFF80
FFFF80
FFFF80
000000
000000
000000
000000
000000
FFFF80
FFFF80
FFFF80
ENDCHAR
STARTCHAR greater
ENCODING 62
SWIDTH 583 0
DWIDTH 21 0
BBX 17 17 2 4
BITMAP
800000
F00000
FC0000
7F8000
0FE000
03F800
007F00
001F80
000380
001F80
007F00
03F800
0FE000
7F8000
FC0000
F00000
800000
ENDCHAR
STARTCHAR question
ENCODING 63
SWIDTH 556 0
DWIDTH 20 0
BBX 16 26 2 0
BITMAP
07E0
1FF8
3FFC
7C3E
700F
E007
E007
0007
0007
000E
001E
003C
0078
00F0
01E0
01C0
0380
0380
0380
0380
0000
0000
0000
0380
0380
0380
ENDCHAR
STARTCHAR at
ENCODING 64
SWIDTH 1015 0
DWIDTH 37 0
BBX 33 34 2 -8
BITMAP
0007FC0000
003FFF0000
00FFFFC000
03F807E000
07E001F000
0F80007800
0F00003C00
1E03E39E00
3C0FF38E00
381FFB0E00
783C1F0F00
70780F0700
7070070700
F0E0070700
E0E0060700
E1C0060700
E1C0060700
E1C0060E00
E1C00E0E00
E1C00C1E00
E1C01C1C00
E0E03C3800
70F0FCF800
707FFFF000
783F9FE000
381F0F8000
3C00000380
1E00000700
1F00001E00
0FC0003C00
03F801F800
01FFFFF000
007FFFC000
0007FE0000
ENDCHAR
STARTCHAR A
ENCODING 65
SWIDTH 666 0
DWIDTH 23 0
BBX 23 26 0 0
BITMAP
007C00
007C00
007C00
00EE00
00EE00
01EF00
01C700
01C700
038380
038380
038380
0701C0
0701C0
0F01E0
0E00E0
0FFFE0
1FFFF0
1FFFF0
1C0070
380038
380038
78003C
70001C
70001C
F0001E
E0000E
ENDCHAR
STARTCHAR B
ENCODING 66
SWIDTH 666 0
DWIDTH 24 0
BBX 19 26 3 0
BITMAP
FFF800
FFFE00
FFFF80
E00780
E003C0
E001C0
E001C0
E001C0
E001C0
E00380
E00780
FFFF00
FFFF00
FFFF80
E007C0
E001C0
E000E0
E000E0
E000E0
E000E0
E000E0
E001C0
E007C0
FFFF80
FFFF00
FFFC00
ENDCHAR
STARTCHAR C
ENCODING 67
SWIDTH 722 0
DWIDTH 26 0
BBX 22 26 2 0
BITMAP
00FE00
03FF80
0FFFC0
1F03E0
3C00F0
380070
700078
700038
F00000
E00000
E00000
E00000
E00000
E00000
E00000
E00000
E00000
70001C
70003C
780038
380078
3C00F0
1F03F0
0FFFE0
07FF80
00FE00
ENDCHAR
STARTCHAR D
ENCODING 68
SWIDTH 722 0
DWIDTH 26 0
BBX 21 26 3 0
BITMAP
FFFC00
FFFF00
FFFF80
E007C0
E001E0
E000E0
E00070
E00070
E00078
E00038
E00038
E00038
E00038
E00038
E00038
E00038
E00038
E00070
E00070
E00070
E000E0
E001E0
E007C0
FFFF80
FFFF00
FFF800
ENDCHAR
STARTCHAR E
ENCODING 69
SWIDTH 666 0
DWIDTH 24 0
BBX 19 26 3 0
BITMAP
FFFFC0
FFFFC0
FFFFC0
E00000
E00000
E00000
E00000
E00000
E00000
E00000
E00000
FFFF80
FFFF80
FFFF80
E00000
E00000
E00000
E00000
E00000
E00000
E00000
E00000
E00000
FFFFE0
FFFFE0
FFFFE0
ENDCHAR
STARTCHAR F
ENCODING 70
SWIDTH 610 0
DWIDTH 22 0
BBX 17 26 3 0
BITMAP
FFFF80
FFFF80
FFFF80
E00000
E00000
E00000
E00000
E00000
E00000
E00000
E00000
FFFE00
FFFE00
FFFE00
E00000
E00000
E00000
E00000
E00000
E00000
E00000
E00000
E00000
E00000
E00000
E00000
ENDCHAR
STARTCHAR G
ENCODING 71
SWIDTH 777 0
DWIDTH 28 0
BBX 24 26 2 0
BITMAP
007F80
03FFE0
07FFF8
0F80FC
1E003C
3C001E
78000E
700007
700000
F00000
E00000
E00000
E00000
E007FF
E007FF
E007FF
E00007
700007
700007
780007
3C0007
1E001F
0FC07F
07FFFC
03FFF0
007F80
ENDCHAR
STARTCHAR H
ENCODING 72
SWIDTH 722 0
DWIDTH 26 0
BBX 20 26 3 0
BITMAP
E00070
E00070
E00070
E00070
E00070
E00070
E00070
E00070
E00070
E00070
E00070
FFFFF0
FFFFF0
FFFFF0
E00070
E00070
E00070
E00070
E00070
E00070
E00070
E00070
E00070
E00070
E00070
E00070
ENDCHAR
STARTCHAR I
ENCODING 73
SWIDTH 277 0
DWIDTH 9 0
BBX 3 26 3 0
BITMAP
E0
E0
E0
E0
E0
E0
E0
E0
E0
E0
E0
E0
E0
E0
E0
E0
E0
E0
E0
E0
E0
E0
E0
E0
E0
E0
ENDCHAR
STARTCHAR J
ENCODING 74
SWIDTH 500 0
DWIDTH 18 0
BBX 14 26 1 0
BITMAP
001C
001C
001C
001C
001C
001C
001C
001C
001C
001C
001C
001C
001C
001C
001C
001C
001C
001C
E01C
E01C
E01C
F03C
7878
7FF8
3FF0
0FC0
ENDCHAR
STARTCHAR K
ENCODING 75
SWIDTH 666 0
DWIDTH 24 0
BBX 21 26 3 0
BITMAP
E000F0
E001E0
E003C0
E00780
E00F00
E01E00
E03C00
E07800
E0F000
E1E000
E3C000
E7C000
EFE000
FEF000
FC7800
F83800
F03C00
E01E00
E00E00
E00700
E00780
E003C0
E001C0
E000E0
E000F0
E00078
ENDCHAR
STARTCHAR L
ENCODING 76
SWIDTH 556 0
DWIDTH 20 0
BBX 16 26 3 0
BITMAP
E000
E000
E000
E000
E000
E000
E000
E000
E000
E000
E000
E000
E000
E000
E000
E000
E000
E000
E000
E000
E000
E000
E000
FFFF
FFFF
FFFF
ENDCHAR
STARTCHAR M
ENCODING 77
SWIDTH 833 0
DWIDTH 29 0
BBX 23 26 3 0
BITMAP
F8003E
FC007E
FC007E
FC007E
FE007E
EE00EE
EE00EE
EE00EE
E701CE
E701CE
E701CE
E781CE
E3838E
E3838E
E3838E
E1C70E
E1C70E
E1C70E
E1EE0E
E0EE0E
E0EE0E
E0EE0E
E07C0E
E07C0E
E07C0E
E0780E
ENDCHAR
STARTCHAR N
ENCODING 78
SWIDTH 722 0
DWIDTH 26 0
BBX 20 26 3 0
BITMAP
F00070
F00070
F80070
FC0070
FC0070
FE0070
EE0070
E70070
E78070
E38070
E1C070
E1E070
E0E070
E07070
E07870
E03870
E01C70
E01E70
E00E70
E00770
E007F0
E003F0
E003F0
E001F0
E000F0
E000F0
ENDCHAR
STARTCHAR O
ENCODING 79
SWIDTH 777 0
DWIDTH 28 0
BBX 24 26 2 0
BITMAP
00FF00
03FFC0
0FFFE0
1F81F8
1E0078
3C003C
78001E
70000E
70000E
E00007
E00007
E00007
E00007
E00007
E00007
E00007
E00007
70000E
70000E
78001E
3C003C
1E0078
1F81F8
07FFF0
03FFC0
00FF00
ENDCHAR
STARTCHAR P
ENCODING 80
SWIDTH 666 0
DWIDTH 24 0
BBX 19 26 3 0
BITMAP
FFFC00
FFFF00
FFFF80
E003C0
E001C0
E000E0
E000E0
E000E0
E000E0
E000E0
E001C0
E007C0
FFFF80
FFFF00
FFFC00
E00000
E00000
E00000
E00000
E00000
E00000
E00000
E00000
E00000
E00000
E00000
ENDCHAR
STARTCHAR Q
ENCODING 81
SWIDTH 777 0
DWIDTH 28 0
BBX 24 28 2 -2
BITMAP
00FE00
03FF80
0FFFE0
1F83F0
3E00F8
380078
78003C
70001C
70001C
E0000E
E0000E
E0000E
E0000E
E0000E
E0000E
E0000E
E0000E
70001C
70081C
780E3C
380FF8
3E07F8
1F83F0
0FFFF8
03FFFE
00FF3F
00000E
000002
ENDCHAR
STARTCHAR R
ENCODING 82
SWIDTH 722 0
DWIDTH 26 0
BBX 21 26 3 0
BITMAP
FFFE00
FFFF80
FFFFC0
E003E0
E000F0
E00070
E00070
E00070
E00070
E000F0
E003E0
FFFFC0
FFFF80
FFFE00
E07800
E03E00
E01E00
E00F00
E00780
E00780
E003C0
E001E0
E001E0
E000F0
E000F0
E00078
ENDCHAR
STARTCHAR S
ENCODING 83
SWIDTH 666 0
DWIDTH 24 0
BBX 20 26 2 0
BITMAP
03F800
0FFF00
1FFF80
3E07C0
7803C0
7001E0
7000E0
7000E0
780000
3C0000
3F8000
1FF800
07FF00
01FFC0
001FE0
0003E0
0000F0
E00070
E00070
F00070
7000F0
7800E0
3E03E0
1FFFC0
0FFF80
01FC00
ENDCHAR
STARTCHAR T
ENCODING 84
SWIDTH 610 0
DWIDTH 21 0
BBX 19 26 1 0
BITMAP
FFFFE0
FFFFE0
FFFFE0
00E000
00E000
00E000
00E000
00E000
00E000
00E000
00E000
00E000
00E000
00E000
00E000
00E000
00E000
00E000
00E000
00E000
00E000
00E000
00E000
00E000
00E000
00E000
ENDCHAR
STARTCHAR U
ENCODING 85
SWIDTH 722 0
DWIDTH 26 0
BBX 20 26 3 0
BITMAP
E00070
E00070
E00070
E00070
E00070
E00070
E00070
E00070
E00070
E00070
E00070
E00070
E00070
E00070
E00070
E00070
E00070
E00070
E00070
F000F0
7000E0
7801E0
3E07C0
3FFF80
0FFF00
03FC00
ENDCHAR
STARTCHAR V
ENCODING 86
SWIDTH 666 0
DWIDTH 24 0
BBX 23 26 1 0
BITMAP
E0000E
F0001E
70001C
70001C
78003C
380038
3C0078
1C0070
1C0070
1E00F0
0E00E0
0E00E0
0701C0
0701C0
0783C0
038380
038380
03C780
01C700
01CF00
00EE00
00EE00
00FE00
007C00
007C00
007C00
ENDCHAR
STARTCHAR W
ENCODING 87
SWIDTH 943 0
DWIDTH 36 0
BBX 35 26 0 0
BITMAP
E001F000E0
E001F000E0
7001F001C0
7003B801C0
7003B801C0
7003B801C0
38071C0380
38071C0380
38071C0380
380F1E0380
1C0E0E0700
1C0E0E0700
1C1E0E0700
1C1C070700
0E1C070E00
0E1C070E00
0E38038E00
0E38038E00
0F38039E00
077801DC00
077001DC00
077001DC00
07F001FC00
03E000F800
03E000F800
03E000F800
ENDCHAR
STARTCHAR X
ENCODING 88
SWIDTH 666 0
DWIDTH 23 0
BBX 23 26 0 0
BITMAP
78003C
3C0078
1C0070
1E00F0
0F01E0
0701C0
038380
03C780
01EF00
00EE00
00FE00
007C00
003800
007C00
00FE00
01EF00
01C700
03C780
0783C0
0701C0
0E00E0
1E00F0
3C0078
380038
78003C
F0001E
ENDCHAR
STARTCHAR Y
ENCODING 89
SWIDTH 666 0
DWIDTH 23 0
BBX 23 26 0 0
BITMAP
F0001E
70001C
380038
3C0078
1C0070
0E00E0
0F01E0
0701C0
038380
03C780
01C700
00EE00
00FE00
007C00
003800
003800
003800
003800
003800
003800
003800
003800
003800
003800
003800
003800
ENDCHAR
STARTCHAR Z
ENCODING 90
SWIDTH 610 0
DWIDTH 22 0
BBX 20 26 1 0
BITMAP
3FFFE0
3FFFE0
3FFFE0
0001E0
0003C0
000780
000700
000F00
001E00
003C00
003800
007000
00F000
01E000
03C000
038000
078000
0F0000
1E0000
1C0000
380000
780000
F00000
FFFFF0
FFFFF0
FFFFF0
ENDCHAR
STARTCHAR bracketleft
ENCODING 91
SWIDTH 277 0
DWIDTH 10 0
BBX 7 33 2 -7
BITMAP
FE
FE
FE
E0
E0
E0
E0
E0
E0
E0
E0
E0
E0
E0
E0
E0
E0
E0
E0
E0
E0
E0
E0
E0
E0
E0
E0
E0
E0
E0
FE
FE
FE
ENDCHAR
STARTCHAR backslash
ENCODING 92
SWIDTH 277 0
DWIDTH 10 0
BBX 10 26 0 0
BITMAP
E000
E000
7000
7000
7000
7000
3800
3800
3800
1C00
1C00
1C00
1C00
0E00
0E00
0E00
0E00
0700
0700
0700
0780
0380
0380
0380
01C0
01C0
ENDCHAR
STARTCHAR bracketright
ENCODING 93
SWIDTH 277 0
DWIDTH 10 0
BBX 7 33 1 -7
BITMAP
FE
FE
FE
0E
0E
0E
0E
0E
0E
0E
0E
0E
0E
0E
0E
0E
0E
0E
0E
0E
0E
0E
0E
0E
0E
0E
0E
0E
0E
0E
FE
FE
FE
ENDCHAR
STARTCHAR asciicircum
ENCODING 94
SWIDTH 469 0
DWIDTH 17 0
BBX 15 14 1 12
BITMAP
0380
07C0
07C0
0EE0
0EE0
0C60
1C70
1C70
3838
3838
701C
701C
701C
E00E
ENDCHAR
STARTCHAR underscore
ENCODING 95
SWIDTH 556 0
DWIDTH 20 0
BBX 21 3 -1 -7
BITMAP
FFFFF8
FFFFF8
FFFFF8
ENDCHAR
STARTCHAR grave
ENCODING 96
SWIDTH 333 0
DWIDTH 12 0
BBX 6 5 1 21
BITMAP
F0
78
38
18
0C
ENDCHAR
STARTCHAR a
ENCODING 97
SWIDTH 556 0
DWIDTH 20 0
BBX 17 19 2 0
BITMAP
07F000
1FFC00
3FFE00
781F00
F00700
E00700
000700
001F00
07FF00
3FFF00
7FE700
780700
E00700
E00F00
E01F00
F03F00
7FFF00
3FF700
1FC380
ENDCHAR
STARTCHAR b
ENCODING 98
SWIDTH 556 0
DWIDTH 20 0
BBX 16 26 2 0
BITMAP
E000
E000
E000
E000
E000
E000
E000
E3E0
EFF8
FFFC
FC3E
F81E
F00E
E007
E007
E007
E007
E007
E007
E007
F00E
F01E
FC3C
FFFC
EFF8
E3E0
ENDCHAR
STARTCHAR c
ENCODING 99
SWIDTH 500 0
DWIDTH 18 0
BBX 16 19 1 0
BITMAP
03E0
0FF8
1FFC
3C1E
780F
7007
E000
E000
E000
E000
E000
E000
E007
7007
780E
7C1E
3FFC
1FF8
07E0
ENDCHAR
STARTCHAR d
ENCODING 100
SWIDTH 556 0
DWIDTH 20 0
BBX 16 26 2 0
BITMAP
0007
0007
0007
0007
0007
0007
0007
07C7
1FF7
3FFF
7C3F
701F
700F
E007
E007
E007
E007
E007
E007
E007
700F
781F
3C3F
3FFF
1FF7
07C7
ENDCHAR
STARTCHAR e
ENCODING 101
SWIDTH 556 0
DWIDTH 20 0
BBX 16 19 2 0
BITMAP
07E0
1FF8
3FFC
3C3E
700E
6006
E007
FFFF
FFFF
FFFF
E000
E000
E000
7007
780E
7C1E
3FFC
1FF8
07E0
ENDCHAR
STARTCHAR f
ENCODING 102
SWIDTH 277 0
DWIDTH 10 0
BBX 11 26 0 0
BITMAP
07E0
0FE0
1FE0
1E00
1C00
1C00
1C00
FFC0
FFC0
FFC0
1C00
1C00
1C00
1C00
1C00
1C00
1C00
1C00
1C00
1C00
1C00
1C00
1C00
1C00
1C00
1C00
ENDCHAR
STARTCHAR g
ENCODING 103
SWIDTH 556 0
DWIDTH 20 0
BBX 16 26 2 -7
BITMAP
07C7
1FF7
3FFF
3C3F
781F
700F
E007
E007
E007
E007
E007
E007
E007
700F
781F
3C3F
3FFF
1FF7
07E7
0007
E007
F00E
F81E
7FFC
3FF8
0FE0
ENDCHAR
STARTCHAR h
ENCODING 104
SWIDTH 556 0
DWIDTH 19 0
BBX 15 26 2 0
BITMAP
E000
E000
E000
E000
E000
E000
E000
E3E0
EFF8
FFFC
FC3E
F01E
F00E
E00E
E00E
E00E
E00E
E00E
E00E
E00E
E00E
E00E
E00E
E00E
E00E
E00E
ENDCHAR
STARTCHAR i
ENCODING 105
SWIDTH 222 0
DWIDTH 7 0
BBX 3 26 2 0
BITMAP
E0
E0
E0
00
00
00
00
E0
E0
E0
E0
E0
E0
E0
E0
E0
E0
E0
E0
E0
E0
E0
E0
E0
E0
E0
ENDCHAR
STARTCHAR j
ENCODING 106
SWIDTH 222 0
DWIDTH 9 0
BBX 8 33 -2 -7
BITMAP
07
07
07
00
00
00
00
07
07
07
07
07
07
07
07
07
07
07
07
07
07
07
07
07
07
07
07
07
07
0F
7E
7E
FC
ENDCHAR
STARTCHAR k
ENCODING 107
SWIDTH 500 0
DWIDTH 19 0
BBX 16 26 3 0
BITMAP
E000
E000
E000
E000
E000
E000
E000
E01E
E03C
E078
E0F0
E3E0
E7C0
EF00
FE00
FF00
FF80
F3C0
E3C0
E1E0
E0F0
E078
E078
E03C
E01E
E00F
ENDCHAR
STARTCHAR l
ENCODING 108
SWIDTH 222 0
DWIDTH 7 0
BBX 3 26 2 0
BITMAP
E0
E0
E0
E0
E0
E0
E0
E0
E0
E0
E0
E0
E0
E0
E0
E0
E0
E0
E0
E0
E0
E0
E0
E0
E0
E0
ENDCHAR
STARTCHAR m
ENCODING 109
SWIDTH 833 0
DWIDTH 31 0
BBX 25 19 3 0
BITMAP
E3E07C00
EFF1FE00
EFFBFF00
FC3F0780
F03E0780
F01C0380
E01C0380
E01C0380
E01C0380
E01C0380
E01C0380
E01C0380
E01C0380
E01C0380
E01C0380
E01C0380
E01C0380
E01C0380
E01C0380
ENDCHAR
STARTCHAR n
ENCODING 110
SWIDTH 556 0
DWIDTH 19 0
BBX 15 19 2 0
BITMAP
E3F0
EFF8
FFFC
FC3E
F01E
F00E
E00E
E00E
E00E
E00E
E00E
E00E
E00E
E00E
E00E
E00E
E00E
E00E
E00E
ENDCHAR
STARTCHAR o
ENCODING 111
SWIDTH 556 0
DWIDTH 20 0
BBX 16 19 2 0
BITMAP
07E0
1FF8
3FFC
7C3E
781E
700E
E007
E007
E007
E007
E007
E007
E007
700E
781E
7C3E
3FFC
1FF8
07E0
ENDCHAR
STARTCHAR p
ENCODING 112
SWIDTH 556 0
DWIDTH 20 0
BBX 16 26 2 -7
BITMAP
E3E0
EFF8
EFFC
FC3E
F81E
F00E
E007
E007
E007
E007
E007
E007
E007
F00E
F01E
FC3C
FFFC
EFF0
E3E0
E000
E000
E000
E000
E000
E000
E000
ENDCHAR
STARTCHAR q
ENCODING 113
SWIDTH 556 0
DWIDTH 20 0
BBX 16 26 2 -7
BITMAP
07C7
1FF7
3FF7
7C3F
781F
700F
E00F
E007
E007
E007
E007
E007
E007
700F
781F
3C3F
3FFF
0FF7
07C7
0007
0007
0007
0007
0007
0007
0007
ENDCHAR
STARTCHAR r
ENCODING 114
SWIDTH 333 0
DWIDTH 12 0
BBX 10 19 2 0
BITMAP
E7C0
EFC0
FF80
F800
F000
F000
E000
E000
E000
E000
E000
E000
E000
E000
E000
E000
E000
E000
E000
ENDCHAR
STARTCHAR s
ENCODING 115
SWIDTH 500 0
DWIDTH 18 0
BBX 16 19 1 0
BITMAP
0FE0
3FF8
7FFC
F01E
E00E
E000
F000
7E00
7FE0
1FFC
03FE
003F
000F
E007
F007
781E
7FFE
1FFC
07F0
ENDCHAR
STARTCHAR t
ENCODING 116
SWIDTH 277 0
DWIDTH 10 0
BBX 10 25 0 0
BITMAP
0C00
1C00
1C00
1C00
1C00
1C00
FFC0
FFC0
FFC0
1C00
1C00
1C00
1C00
1C00
1C00
1C00
1C00
1C00
1C00
1C00
1C00
1C00
1FC0
0FC0
07C0
ENDCHAR
STARTCHAR u
ENCODING 117
SWIDTH 556 0
DWIDTH 19 0
BBX 15 19 2 0
BITMAP
E00E
E00E
E00E
E00E
E00E
E00E
E00E
E00E
E00E
E00E
E00E
E00E
E00E
E01E
F01E
F87E
7FEE
3FCE
0F8E
ENDCHAR
STARTCHAR v
ENCODING 118
SWIDTH 500 0
DWIDTH 17 0
BBX 17 19 0 0
BITMAP
E00380
700700
700700
700700
380E00
380E00
3C1E00
1C1C00
1C1C00
0E3800
0E3800
0E3800
077000
077000
077000
03E000
03E000
01C000
01C000
ENDCHAR
STARTCHAR w
ENCODING 119
SWIDTH 722 0
DWIDTH 25 0
BBX 25 19 0 0
BITMAP
E01C0380
E01C0380
E03E0380
703E0700
70360700
70360F00
38770E00
38730E00
1C631C00
1C631C00
1C631C00
0EE3B800
0EC1B800
0EC1B800
06C1B000
07C1F000
0780E000
0380E000
0380E000
ENDCHAR
STARTCHAR x
ENCODING 120
SWIDTH 500 0
DWIDTH 16 0
BBX 16 19 0 0
BITMAP
F007
700E
381E
3C1C
1C38
0E78
0F70
07E0
03E0
03C0
03C0
07E0
0FF0
0E70
1E38
3C3C
381C
700E
F00F
ENDCHAR
STARTCHAR y
ENCODING 121
SWIDTH 500 0
DWIDTH 17 0
BBX 17 26 0 -7
BITMAP
E00380
700780
700700
780700
380F00
380E00
3C0E00
1C1C00
1C1C00
0E3C00
0E3800
0F3800
077800
077000
07F000
03E000
03E000
01E000
01C000
01C000
03C000
038000
078000
3F0000
3E0000
3C0000
ENDCHAR
STARTCHAR z
ENCODING 122
SWIDTH 500 0
DWIDTH 17 0
BBX 16 19 0 0
BITMAP
7FFF
7FFF
7FFF
001E
003C
0078
0070
00F0
01E0
03C0
0780
0F00
1E00
3C00
7800
7000
FFFF
FFFF
FFFF
ENDCHAR
STARTCHAR braceleft
ENCODING 123
SWIDTH 333 0
DWIDTH 12 0
BBX 11 33 1 -7
BITMAP
01E0
07E0
07E0
0F00
0E00
0E00
0E00
0E00
0E00
0E00
0E00
0E00
0E00
1C00
3C00
F800
E000
F800
3C00
1C00
0E00
0E00
0E00
0E00
0E00
0E00
0E00
0E00
0E00
0F00
07E0
07E0
01E0
ENDCHAR
STARTCHAR bar
ENCODING 124
SWIDTH 259 0
DWIDTH 9 0
BBX 3 34 3 -8
BITMAP
E0
E0
E0
E0
E0
E0
E0
E0
E0
E0
E0
E0
E0
E0
E0
E0
E0
E0
E0
E0
E0
E0
E0
E0
E0
E0
E0
E0
E0
E0
E0
E0
E0
E0
ENDCHAR
STARTCHAR braceright
ENCODING 125
SWIDTH 333 0
DWIDTH 12 0
BBX 11 33 0 -7
BITMAP
F000
FC00
FC00
1E00
0E00
0E00
0E00
0E00
0E00
0E00
0E00
0E00
0E00
0700
0780
03E0
00E0
03E0
0780
0F00
0E00
0E00
0E00
0E00
0E00
0E00
0E00
0E00
0E00
1E00
FC00
FC00
F000
ENDCHAR
STARTCHAR asciitilde
ENCODING 126
SWIDTH 583 0
DWIDTH 21 0
BBX 18 6 2 10
BITMAP
1E0000
7FC040
FFF1C0
E1FFC0
807F80
001E00
ENDCHAR
STARTCHAR space.dup1
ENCODING 160
SWIDTH 277 0
DWIDTH 10 0
BBX 1 1 0 0
BITMAP
00
ENDCHAR
STARTCHAR exclamdown
ENCODING 161
SWIDTH 333 0
DWIDTH 11 0
BBX 3 26 4 -7
BITMAP
E0
E0
E0
00
00
00
40
40
40
40
40
40
40
E0
E0
E0
E0
E0
E0
E0
E0
E0
E0
E0
E0
E0
ENDCHAR
STARTCHAR cent
ENCODING 162
SWIDTH 556 0
DWIDTH 20 0
BBX 16 33 2 -7
BITMAP
0008
001C
0018
0018
0018
0030
0030
07F0
1FF8
3FFC
7C7E
786E
70CF
E0C0
E0C0
E180
E180
E180
E380
E307
7307
7B0E
7E1E
3FFC
1FF8
0FE0
0C00
0C00
0C00
1800
1800
1800
3000
ENDCHAR
STARTCHAR sterling
ENCODING 163
SWIDTH 556 0
DWIDTH 20 0
BBX 18 26 0 0
BITMAP
01F000
07FC00
0FFE00
1E0F00
3C0700
380380
380380
380000
380000
380000
3C0000
1C0000
FFF000
FFF000
FFF000
0E0000
0E0000
0E0000
0C0000
1C0000
180000
3F8000
7FF080
FFFFC0
707FC0
401F80
ENDCHAR
STARTCHAR currency
ENCODING 164
SWIDTH 556 0
DWIDTH 20 0
BBX 19 17 1 3
BITMAP
100100
71F3C0
FBFBE0
3FFF80
0E0E00
1C0700
180300
380380
380380
380380
180300
1C0700
0E0E00
3FFF80
FBFBE0
71F1C0
100100
ENDCHAR
STARTCHAR yen
ENCODING 165
SWIDTH 556 0
DWIDTH 20 0
BBX 19 26 0 0
BITMAP
E000E0
7001C0
7001C0
380380
380380
1C0700
1E0F00
0E0E00
0F1E00
071C00
07BC00
03B800
03F800
7FFFC0
7FFFC0
7FFFC0
00E000
00E000
00E000
7FFFC0
7FFFC0
7FFFC0
00E000
00E000
00E000
00E000
ENDCHAR
STARTCHAR brokenbar
ENCODING 166
SWIDTH 259 0
DWIDTH 9 0
BBX 3 34 3 -8
BITMAP
E0
E0
E0
E0
E0
E0
E0
E0
E0
E0
E0
E0
E0
E0
00
00
00
00
00
00
E0
E0
E0
E0
E0
E0
E0
E0
E0
E0
E0
E0
E0
E0
ENDCHAR
STARTCHAR section
ENCODING 167
SWIDTH 556 0
DWIDTH 20 0
BBX 17 33 1 -7
BITMAP
07E000
0FF800
1FFC00
3C3C00
381E00
380E00
380000
1C0000
1F0000
0F8000
3FE000
71F800
E0FC00
E03E00
E01F00
F00F80
700780
7C0380
3E0380
1F8700
07CF00
03FC00
00F800
007C00
003C00
001E00
700E00
700E00
380E00
3C3E00
1FFC00
0FF800
07E000
ENDCHAR
STARTCHAR dieresis
ENCODING 168
SWIDTH 333 0
DWIDTH 12 0
BBX 9 3 1 23
BITMAP
E380
E380
E380
ENDCHAR
STARTCHAR copyright
ENCODING 169
SWIDTH 736 0
DWIDTH 27 0
BBX 27 26 0 0
BITMAP
003F8000
01FFF000
07C07C00
0F001E00
1C000700
381F8380
307FC180
70E0E1C0
61C070C0
E18020C0
C3000060
C3000060
C3000060
C3000060
C3000060
C3002060
E18070E0
618060C0
70E1E1C0
307FC180
383F0380
1C000700
0F001E00
07C07C00
01FFF000
003F8000
ENDCHAR
STARTCHAR ordfeminine
ENCODING 170
SWIDTH 370 0
DWIDTH 13 0
BBX 11 13 1 13
BITMAP
3F00
7F80
F3C0
E1C0
01C0
0FC0
7FC0
F1C0
E1C0
E1C0
E3C0
7FC0
3CE0
ENDCHAR
STARTCHAR guillemotleft
ENCODING 171
SWIDTH 556 0
DWIDTH 20 0
BBX 16 16 2 1
BITMAP
0387
070E
0E1C
1E3C
1C38
3C78
78F0
F1E0
F1E0
78F0
3C78
1C38
1E3C
0E1C
070E
0387
ENDCHAR
STARTCHAR logicalnot
ENCODING 172
SWIDTH 583 0
DWIDTH 21 0
BBX 17 10 2 7
BITMAP
FFFF80
FFFF80
FFFF80
000380
000380
000380
000380
000380
000380
000380
ENDCHAR
STARTCHAR hyphen.dup2
ENCODING 173
SWIDTH 333 0
DWIDTH 12 0
BBX 10 3 1 8
BITMAP
FFC0
FFC0
FFC0
ENDCHAR
STARTCHAR registered
ENCODING 174
SWIDTH 736 0
DWIDTH 27 0
BBX 27 26 0 0
BITMAP
003F8000
01FFF000
07C07C00
0F001E00
1C000700
39FF0380
31FFC180
7180E1C0
618060C0
E18060C0
C1806060
C180C060
C1FFC060
C1FF0060
C18E0060
C1838060
E181C0E0
6181C0C0
7180E1C0
31806180
39807380
1C000700
0F001E00
07C07C00
01FFF000
003F8000
ENDCHAR
STARTCHAR overscore
ENCODING 175
SWIDTH 552 0
DWIDTH 20 0
BBX 21 3 -1 28
BITMAP
FFFFF8
FFFFF8
FFFFF8
ENDCHAR
STARTCHAR degree
ENCODING 176
SWIDTH 399 0
DWIDTH 14 0
BBX 10 10 2 16
BITMAP
1E00
7F80
6180
C0C0
C0C0
C0C0
C0C0
6180
7F80
1E00
ENDCHAR
STARTCHAR plusminus
ENCODING 177
SWIDTH 548 0
DWIDTH 20 0
BBX 17 22 1 0
BITMAP
01C000
01C000
01C000
01C000
01C000
01C000
01C000
FFFF80
FFFF80
FFFF80
01C000
01C000
01C000
01C000
01C000
01C000
01C000
000000
000000
FFFF80
FFFF80
FFFF80
ENDCHAR
STARTCHAR twosuperior
ENCODING 178
SWIDTH 333 0
DWIDTH 12 0
BBX 11 13 0 13
BITMAP
1F80
7FC0
71E0
E0E0
00E0
01C0
03C0
0780
1E00
3C00
7800
FFE0
FFE0
ENDCHAR
STARTCHAR threesuperior
ENCODING 179
SWIDTH 333 0
DWIDTH 12 0
BBX 11 13 0 13
BITMAP
1F80
7FC0
71E0
E0E0
01C0
0780
07C0
00E0
00E0
E0E0
F1E0
7FC0
1F00
ENDCHAR
STARTCHAR acute
ENCODING 180
SWIDTH 333 0
DWIDTH 12 0
BBX 6 5 4 21
BITMAP
3C
78
70
60
C0
ENDCHAR
STARTCHAR mu1
ENCODING 181
SWIDTH 576 0
DWIDTH 21 0
BBX 15 26 3 -7
BITMAP
E00E
E00E
E00E
E00E
E00E
E00E
E00E
E00E
E00E
E00E
E00E
E00E
E00E
F01E
F01E
F87E
FFFE
EFEE
E7CE
E000
E000
E000
E000
E000
E000
E000
ENDCHAR
STARTCHAR paragraph
ENCODING 182
SWIDTH 537 0
DWIDTH 19 0
BBX 19 33 0 -7
BITMAP
07FFE0
1FFFE0
3FFFE0
7FC380
7FC380
FFC380
FFC380
FFC380
FFC380
FFC380
FFC380
7FC380
3FC380
1FC380
07C380
01C380
01C380
01C380
01C380
01C380
01C380
01C380
01C380
01C380
01C380
01C380
01C380
01C380
01C380
01C380
01C380
01C380
01C380
ENDCHAR
STARTCHAR periodcentered
ENCODING 183
SWIDTH 277 0
DWIDTH 10 0
BBX 3 3 3 11
BITMAP
E0
E0
E0
ENDCHAR
STARTCHAR cedilla
ENCODING 184
SWIDTH 333 0
DWIDTH 12 0
BBX 8 7 2 -7
BITMAP
18
18
3E
07
07
FE
FC
ENDCHAR
STARTCHAR onesuperior
ENCODING 185
SWIDTH 333 0
DWIDTH 12 0
BBX 7 13 2 13
BITMAP
0E
1E
7E
FE
EE
8E
0E
0E
0E
0E
0E
0E
0E
ENDCHAR
STARTCHAR ordmasculine
ENCODING 186
SWIDTH 365 0
DWIDTH 13 0
BBX 11 13 1 13
BITMAP
1F00
3F80
71C0
E0E0
E0E0
E0E0
E0E0
E0E0
E0E0
E1E0
71C0
3F80
1F00
ENDCHAR
STARTCHAR guillemotright
ENCODING 187
SWIDTH 556 0
DWIDTH 20 0
BBX 16 16 2 1
BITMAP
E1C0
70E0
3870
3C78
1C38
1E3C
0F1E
078F
078F
0F1E
1E3C
1C38
3C78
3870
70E0
E1C0
ENDCHAR
STARTCHAR onequarter
ENCODING 188
SWIDTH 833 0
DWIDTH 30 0
BBX 28 26 2 0
BITMAP
0E000700
1E000E00
7E001E00
FE003C00
EE003800
8E007000
0E00F000
0E01E000
0E01C000
0E038000
0E078000
0E0F0000
0E0E0000
001C01C0
003C03C0
007807C0
007007C0
00F00DC0
01E01DC0
03C039C0
038071C0
07807FF0
0F007FF0
0E0001C0
1C0001C0
3C0001C0
ENDCHAR
STARTCHAR onehalf
ENCODING 189
SWIDTH 833 0
DWIDTH 30 0
BBX 27 26 2 0
BITMAP
0E000780
1E000F00
7E001E00
FE001C00
EE003C00
8E007800
0E00F000
0E00E000
0E01E000
0E03C000
0E038000
0E070000
0E0F0000
001E1F80
001C3FC0
003879E0
007870E0
00F000E0
00E001E0
01C003C0
03C00780
07800F00
07001E00
0E003C00
1E003FE0
3C007FE0
ENDCHAR
STARTCHAR threequarters
ENCODING 190
SWIDTH 833 0
DWIDTH 30 0
BBX 29 27 1 -1
BITMAP
1F8003C0
7FC00380
71E00700
E0E00F00
01C00E00
07801C00
07C03C00
00E07800
00E07000
E0E0E000
F1E1E000
7FC1C000
1F038000
000780E0
000F01E0
000E03E0
001C03E0
003C06E0
00780EE0
00701CE0
00F038E0
01E03FF8
01C03FF8
038000E0
078000E0
0F0000E0
0E000000
ENDCHAR
STARTCHAR questiondown
ENCODING 191
SWIDTH 610 0
DWIDTH 22 0
BBX 16 26 3 -7
BITMAP
01C0
01C0
01C0
0000
0000
0000
01C0
01C0
01C0
01C0
0380
0780
0F00
1E00
3C00
7800
7000
E000
E000
E007
E00F
F00E
7C3E
3FFC
1FF8
07E0
ENDCHAR
STARTCHAR Agrave
ENCODING 192
SWIDTH 666 0
DWIDTH 23 0
BBX 23 33 0 0
BITMAP
00F000
007800
003800
001800
000C00
000000
000000
007C00
007C00
007C00
00EE00
00EE00
01EF00
01C700
01C700
038380
038380
038380
0701C0
0701C0
0F01E0
0E00E0
0FFFE0
1FFFF0
1FFFF0
1C0070
380038
380038
78003C
70001C
70001C
F0001E
E0000E
ENDCHAR
STARTCHAR Aacute
ENCODING 193
SWIDTH 666 0
DWIDTH 23 0
BBX 23 33 0 0
BITMAP
000F00
001E00
001C00
001800
003000
000000
000000
007C00
007C00
007C00
00EE00
00EE00
01EF00
01C700
01C700
038380
038380
038380
0701C0
0701C0
0F01E0
0E00E0
0FFFE0
1FFFF0
1FFFF0
1C0070
380038
380038
78003C
70001C
70001C
F0001E
E0000E
ENDCHAR
STARTCHAR Acircumflex
ENCODING 194
SWIDTH 666 0
DWIDTH 23 0
BBX 23 33 0 0
BITMAP
007C00
007E00
00EE00
01C700
03C380
000000
000000
007C00
007C00
007C00
00EE00
00EE00
01EF00
01C700
01C700
038380
038380
038380
0701C0
0701C0
0F01E0
0E00E0
0FFFE0
1FFFF0
1FFFF0
1C0070
380038
380038
78003C
70001C
70001C
F0001E
E0000E
ENDCHAR
STARTCHAR Atilde
ENCODING 195
SWIDTH 666 0
DWIDTH 23 0
BBX 23 33 0 0
BITMAP
00E380
01F380
03FF80
039F00
038E00
000000
000000
007C00
007C00
007C00
00EE00
00EE00
01EF00
01C700
01C700
038380
038380
038380
0701C0
0701C0
0F01E0
0E00E0
0FFFE0
1FFFF0
1FFFF0
1C0070
380038
380038
78003C
70001C
70001C
F0001E
E0000E
ENDCHAR
STARTCHAR Adieresis
ENCODING 196
SWIDTH 666 0
DWIDTH 23 0
BBX 23 31 0 0
BITMAP
01C700
01C700
01C700
000000
000000
007C00
007C00
007C00
00EE00
00EE00
01EF00
01C700
01C700
038380
038380
038380
0701C0
0701C0
0F01E0
0E00E0
0FFFE0
1FFFF0
1FFFF0
1C0070
380038
380038
78003C
70001C
70001C
F0001E
E0000E
ENDCHAR
STARTCHAR Aring
ENCODING 197
SWIDTH 666 0
DWIDTH 23 0
BBX 23 30 0 0
BITMAP
003800
004400
004400
004400
007C00
007C00
007C00
00EE00
00EE00
01EF00
01C700
01C700
038380
038380
038380
0701C0
0701C0
0F01E0
0E00E0
0FFFE0
1FFFF0
1FFFF0
1C0070
380038
380038
78003C
70001C
70001C
F0001E
E0000E
ENDCHAR
STARTCHAR AE
ENCODING 198
SWIDTH 1000 0
DWIDTH 36 0
BBX 34 26 0 0
BITMAP
000FFFFF80
001FFFFF80
001FFFFF80
003C700000
0038700000
0078700000
0070700000
00F0700000
00E0700000
00E0700000
01C0700000
01C07FFF00
03807FFF00
03807FFF00
0700700000
07FFF00000
0FFFF00000
0FFFF00000
1C00700000
1C00700000
3800700000
3800700000
7000700000
70007FFFC0
E0007FFFC0
E0007FFFC0
ENDCHAR
STARTCHAR Ccedilla
ENCODING 199
SWIDTH 722 0
DWIDTH 26 0
BBX 22 33 2 -7
BITMAP
00FE00
03FF80
0FFFC0
1F03E0
3C00F0
380070
700078
700038
F00000
E00000
E00000
E00000
E00000
E00000
E00000
E00000
E00000
70001C
70003C
780038
380078
3C00F0
1F03F0
0FFFE0
07FF80
00FE00
003000
003000
007C00
000E00
000E00
01FC00
01F800
ENDCHAR
STARTCHAR Egrave
ENCODING 200
SWIDTH 666 0
DWIDTH 24 0
BBX 19 33 3 0
BITMAP
078000
03C000
01C000
00C000
006000
000000
000000
FFFFC0
FFFFC0
FFFFC0
E00000
E00000
E00000
E00000
E00000
E00000
E00000
E00000
FFFF80
FFFF80
FFFF80
E00000
E00000
E00000
E00000
E00000
E00000
E00000
E00000
E00000
FFFFE0
FFFFE0
FFFFE0
ENDCHAR
STARTCHAR Eacute
ENCODING 201
SWIDTH 666 0
DWIDTH 24 0
BBX 19 33 3 0
BITMAP
007800
00F000
00E000
00C000
018000
000000
000000
FFFFC0
FFFFC0
FFFFC0
E00000
E00000
E00000
E00000
E00000
E00000
E00000
E00000
FFFF80
FFFF80
FFFF80
E00000
E00000
E00000
E00000
E00000
E00000
E00000
E00000
E00000
FFFFE0
FFFFE0
FFFFE0
ENDCHAR
STARTCHAR Ecircumflex
ENCODING 202
SWIDTH 666 0
DWIDTH 24 0
BBX 19 33 3 0
BITMAP
01E000
03F000
07F800
073800
0E1C00
000000
000000
FFFFC0
FFFFC0
FFFFC0
E00000
E00000
E00000
E00000
E00000
E00000
E00000
E00000
FFFF80
FFFF80
FFFF80
E00000
E00000
E00000
E00000
E00000
E00000
E00000
E00000
E00000
FFFFE0
FFFFE0
FFFFE0
ENDCHAR
STARTCHAR Edieresis
ENCODING 203
SWIDTH 666 0
DWIDTH 24 0
BBX 19 31 3 0
BITMAP
071C00
071C00
071C00
000000
000000
FFFFC0
FFFFC0
FFFFC0
E00000
E00000
E00000
E00000
E00000
E00000
E00000
E00000
FFFF80
FFFF80
FFFF80
E00000
E00000
E00000
E00000
E00000
E00000
E00000
E00000
E00000
FFFFE0
FFFFE0
FFFFE0
ENDCHAR
STARTCHAR Igrave
ENCODING 204
SWIDTH 277 0
DWIDTH 9 0
BBX 6 33 1 0
BITMAP
F0
78
38
18
0C
00
00
38
38
38
38
38
38
38
38
38
38
38
38
38
38
38
38
38
38
38
38
38
38
38
38
38
38
ENDCHAR
STARTCHAR Iacute
ENCODING 205
SWIDTH 277 0
DWIDTH 9 0
BBX 6 33 2 0
BITMAP
3C
78
70
60
C0
00
00
70
70
70
70
70
70
70
70
70
70
70
70
70
70
70
70
70
70
70
70
70
70
70
70
70
70
ENDCHAR
STARTCHAR Icircumflex
ENCODING 206
SWIDTH 277 0
DWIDTH 9 0
BBX 10 33 0 0
BITMAP
1E00
3F00
7F80
7380
E1C0
0000
0000
1C00
1C00
1C00
1C00
1C00
1C00
1C00
1C00
1C00
1C00
1C00
1C00
1C00
1C00
1C00
1C00
1C00
1C00
1C00
1C00
1C00
1C00
1C00
1C00
1C00
1C00
ENDCHAR
STARTCHAR Idieresis
ENCODING 207
SWIDTH 277 0
DWIDTH 9 0
BBX 9 31 0 0
BITMAP
E380
E380
E380
0000
0000
1C00
1C00
1C00
1C00
1C00
1C00
1C00
1C00
1C00
1C00
1C00
1C00
1C00
1C00
1C00
1C00
1C00
1C00
1C00
1C00
1C00
1C00
1C00
1C00
1C00
1C00
ENDCHAR
STARTCHAR Eth
ENCODING 208
SWIDTH 722 0
DWIDTH 26 0
BBX 24 26 0 0
BITMAP
1FFF80
1FFFE0
1FFFF0
1C00F8
1C003C
1C001C
1C000E
1C000E
1C000F
1C0007
1C0007
FFF807
FFF807
FFF807
1C0007
1C0007
1C0007
1C000E
1C000E
1C000E
1C001C
1C003C
1C00F8
1FFFF0
1FFFE0
1FFF80
ENDCHAR
STARTCHAR Ntilde
ENCODING 209
SWIDTH 722 0
DWIDTH 26 0
BBX 20 33 3 0
BITMAP
01C700
03E700
07FF00
073E00
071C00
000000
000000
F00070
F00070
F80070
FC0070
FC0070
FE0070
EE0070
E70070
E78070
E38070
E1C070
E1E070
E0E070
E07070
E07870
E03870
E01C70
E01E70
E00E70
E00770
E007F0
E003F0
E003F0
E001F0
E000F0
E000F0
ENDCHAR
STARTCHAR Ograve
ENCODING 210
SWIDTH 777 0
DWIDTH 28 0
BBX 24 33 2 0
BITMAP
00F000
007800
003800
001800
000C00
000000
000000
00FF00
03FFC0
0FFFE0
1F81F8
1E0078
3C003C
78001E
70000E
70000E
E00007
E00007
E00007
E00007
E00007
E00007
E00007
E00007
70000E
70000E
78001E
3C003C
1E0078
1F81F8
07FFF0
03FFC0
00FF00
ENDCHAR
STARTCHAR Oacute
ENCODING 211
SWIDTH 777 0
DWIDTH 28 0
BBX 24 33 2 0
BITMAP
000F00
001E00
001C00
001800
003000
000000
000000
00FF00
03FFC0
0FFFE0
1F81F8
1E0078
3C003C
78001E
70000E
70000E
E00007
E00007
E00007
E00007
E00007
E00007
E00007
E00007
70000E
70000E
78001E
3C003C
1E0078
1F81F8
07FFF0
03FFC0
00FF00
ENDCHAR
STARTCHAR Ocircumflex
ENCODING 212
SWIDTH 777 0
DWIDTH 28 0
BBX 24 33 2 0
BITMAP
003C00
007E00
00FF00
00E700
01C380
000000
000000
00FF00
03FFC0
0FFFE0
1F81F8
1E0078
3C003C
78001E
70000E
70000E
E00007
E00007
E00007
E00007
E00007
E00007
E00007
E00007
70000E
70000E
78001E
3C003C
1E0078
1F81F8
07FFF0
03FFC0
00FF00
ENDCHAR
STARTCHAR Otilde
ENCODING 213
SWIDTH 777 0
DWIDTH 28 0
BBX 24 33 2 0
BITMAP
00E380
01F380
03FF80
039F00
038E00
000000
000000
00FF00
03FFC0
0FFFE0
1F81F8
1E0078
3C003C
78001E
70000E
70000E
E00007
E00007
E00007
E00007
E00007
E00007
E00007
E00007
70000E
70000E
78001E
3C003C
1E0078
1F81F8
07FFF0
03FFC0
00FF00
ENDCHAR
STARTCHAR Odieresis
ENCODING 214
SWIDTH 777 0
DWIDTH 28 0
BBX 24 31 2 0
BITMAP
00E380
00E380
00E380
000000
000000
00FF00
03FFC0
0FFFE0
1F81F8
1E0078
3C003C
78001E
70000E
70000E
E00007
E00007
E00007
E00007
E00007
E00007
E00007
E00007
70000E
70000E
78001E
3C003C
1E0078
1F81F8
07FFF0
03FFC0
00FF00
ENDCHAR
STARTCHAR multiply
ENCODING 215
SWIDTH 583 0
DWIDTH 21 0
BBX 14 15 4 5
BITMAP
4008
E01C
F03C
7878
3CF0
1FE0
0FC0
0780
0FC0
1FE0
3CF0
7878
F03C
E01C
4008
ENDCHAR
STARTCHAR Oslash
ENCODING 216
SWIDTH 777 0
DWIDTH 28 0
BBX 25 27 1 -1
BITMAP
007F8380
01FFE780
07FFFF00
0FC0FE00
0F003E00
1E003E00
3C007F00
3800F700
3801E700
7003C780
70078380
700F0380
701E0380
701C0380
70380380
70780380
70F00380
79E00700
3BC00700
3F800F00
1F001E00
1F003C00
1FC0FC00
3FFFF000
7BFFE000
F07F8000
60000000
ENDCHAR
STARTCHAR Ugrave
ENCODING 217
SWIDTH 722 0
DWIDTH 26 0
BBX 20 33 3 0
BITMAP
03C000
01E000
00E000
006000
003000
000000
000000
E00070
E00070
E00070
E00070
E00070
E00070
E00070
E00070
E00070
E00070
E00070
E00070
E00070
E00070
E00070
E00070
E00070
E00070
E00070
F000F0
7000E0
7801E0
3E07C0
3FFF80
0FFF00
03FC00
ENDCHAR
STARTCHAR Uacute
ENCODING 218
SWIDTH 722 0
DWIDTH 26 0
BBX 20 33 3 0
BITMAP
003C00
007800
007000
006000
00C000
000000
000000
E00070
E00070
E00070
E00070
E00070
E00070
E00070
E00070
E00070
E00070
E00070
E00070
E00070
E00070
E00070
E00070
E00070
E00070
E00070
F000F0
7000E0
7801E0
3E07C0
3FFF80
0FFF00
03FC00
ENDCHAR
STARTCHAR Ucircumflex
ENCODING 219
SWIDTH 722 0
DWIDTH 26 0
BBX 20 33 3 0
BITMAP
00F000
01F800
03FC00
039C00
070E00
000000
000000
E00070
E00070
E00070
E00070
E00070
E00070
E00070
E00070
E00070
E00070
E00070
E00070
E00070
E00070
E00070
E00070
E00070
E00070
E00070
F000F0
7000E0
7801E0
3E07C0
3FFF80
0FFF00
03FC00
ENDCHAR
STARTCHAR Udieresis
ENCODING 220
SWIDTH 722 0
DWIDTH 26 0
BBX 20 31 3 0
BITMAP
038E00
038E00
038E00
000000
000000
E00070
E00070
E00070
E00070
E00070
E00070
E00070
E00070
E00070
E00070
E00070
E00070
E00070
E00070
E00070
E00070
E00070
E00070
E00070
F000F0
7000E0
7801E0
3E07C0
3FFF80
0FFF00
03FC00
ENDCHAR
STARTCHAR Yacute
ENCODING 221
SWIDTH 666 0
DWIDTH 23 0
BBX 23 33 0 0
BITMAP
000F00
001E00
001C00
001800
003000
000000
000000
F0001E
70001C
380038
3C0078
1C0070
0E00E0
0F01E0
0701C0
038380
03C780
01C700
00EE00
00FE00
007C00
003800
003800
003800
003800
003800
003800
003800
003800
003800
003800
003800
003800
ENDCHAR
STARTCHAR Thorn
ENCODING 222
SWIDTH 666 0
DWIDTH 24 0
BBX 19 26 3 0
BITMAP
E00000
E00000
E00000
E00000
E00000
FFFC00
FFFF00
FFFF80
E003C0
E001C0
E001E0
E000E0
E000E0
E000E0
E000E0
E001E0
E001C0
E007C0
FFFF80
FFFF00
FFFC00
E00000
E00000
E00000
E00000
E00000
ENDCHAR
STARTCHAR germandbls
ENCODING 223
SWIDTH 610 0
DWIDTH 22 0
BBX 18 26 3 0
BITMAP
07E000
1FF000
3FF800
783C00
F01C00
E01C00
E01C00
E03800
E03800
E07000
E07000
E0E000
E0E000
E0F000
E07C00
E03E00
E01F00
E00780
E003C0
E001C0
E101C0
E781C0
E3C7C0
E3FF80
E1FF00
E07E00
ENDCHAR
STARTCHAR agrave
ENCODING 224
SWIDTH 556 0
DWIDTH 20 0
BBX 17 26 2 0
BITMAP
078000
03C000
01C000
00C000
006000
000000
000000
07F000
1FFC00
3FFE00
781F00
F00700
E00700
000700
001F00
07FF00
3FFF00
7FE700
780700
E00700
E00F00
E01F00
F03F00
7FFF00
3FF700
1FC380
ENDCHAR
STARTCHAR aacute
ENCODING 225
SWIDTH 556 0
DWIDTH 20 0
BBX 17 26 2 0
BITMAP
007800
00F000
00E000
00C000
018000
000000
000000
07F000
1FFC00
3FFE00
781F00
F00700
E00700
000700
001F00
07FF00
3FFF00
7FE700
780700
E00700
E00F00
E01F00
F03F00
7FFF00
3FF700
1FC380
ENDCHAR
STARTCHAR acircumflex
ENCODING 226
SWIDTH 556 0
DWIDTH 20 0
BBX 17 26 2 0
BITMAP
01E000
03F000
077800
0F3800
0E1C00
000000
000000
07F000
1FFC00
3FFE00
781F00
F00700
E00700
000700
001F00
07FF00
3FFF00
7FE700
780700
E00700
E00F00
E01F00
F03F00
7FFF00
3FF700
1FC380
ENDCHAR
STARTCHAR atilde
ENCODING 227
SWIDTH 556 0
DWIDTH 20 0
BBX 17 26 2 0
BITMAP
071C00
0F9C00
1FFC00
1CF800
1C7000
000000
000000
07F000
1FFC00
3FFE00
781F00
F00700
E00700
000700
001F00
07FF00
3FFF00
7FE700
780700
E00700
E00F00
E01F00
F03F00
7FFF00
3FF700
1FC380
ENDCHAR
STARTCHAR adieresis
ENCODING 228
SWIDTH 556 0
DWIDTH 20 0
BBX 17 24 2 0
BITMAP
0E3800
0E3800
0E3800
000000
000000
07F000
1FFC00
3FFE00
781F00
F00700
E00700
000700
001F00
07FF00
3FFF00
7FE700
780700
E00700
E00F00
E01F00
F03F00
7FFF00
3FF700
1FC380
ENDCHAR
STARTCHAR aring
ENCODING 229
SWIDTH 556 0
DWIDTH 20 0
BBX 17 26 2 0
BITMAP
01C000
022000
022000
022000
01C000
000000
000000
07F000
1FFC00
3FFE00
781F00
F00700
E00700
000700
001F00
07FF00
3FFF00
7FE700
780700
E00700
E00F00
E01F00
F03F00
7FFF00
3FF700
1FC380
ENDCHAR
STARTCHAR ae
ENCODING 230
SWIDTH 889 0
DWIDTH 32 0
BBX 29 19 1 0
BITMAP
07F03F00
1FFCFFC0
3FFFFFE0
781FC1E0
F00F0070
E00E0030
003E0038
07FFFFF8
3FFFFFF8
7FEFFFF8
780E0000
F00E0000
E00E0000
E01F0038
E01F8070
F07FC1F0
7FF9FFE0
3FF0FFC0
1F803F00
ENDCHAR
STARTCHAR ccedilla
ENCODING 231
SWIDTH 500 0
DWIDTH 18 0
BBX 16 26 1 -7
BITMAP
03E0
0FF8
1FFC
3C1E
780F
7007
E000
E000
E000
E000
E000
E000
E007
7007
780E
7C1E
3FFC
1FF8
07E0
0180
0180
03E0
0070
0070
0FE0
0FC0
ENDCHAR
STARTCHAR egrave
ENCODING 232
SWIDTH 556 0
DWIDTH 20 0
BBX 16 26 2 0
BITMAP
0F00
0780
0380
0180
00C0
0000
0000
07E0
1FF8
3FFC
3C3E
700E
6006
E007
FFFF
FFFF
FFFF
E000
E000
E000
7007
780E
7C1E
3FFC
1FF8
07E0
ENDCHAR
STARTCHAR eacute
ENCODING 233
SWIDTH 556 0
DWIDTH 20 0
BBX 16 26 2 0
BITMAP
00F0
01E0
01C0
0180
0300
0000
0000
07E0
1FF8
3FFC
3C3E
700E
6006
E007
FFFF
FFFF
FFFF
E000
E000
E000
7007
780E
7C1E
3FFC
1FF8
07E0
ENDCHAR
STARTCHAR ecircumflex
ENCODING 234
SWIDTH 556 0
DWIDTH 20 0
BBX 16 26 2 0
BITMAP
03C0
07E0
0FF0
1E70
1C38
0000
0000
07E0
1FF8
3FFC
3C3E
700E
6006
E007
FFFF
FFFF
FFFF
E000
E000
E000
7007
780E
7C1E
3FFC
1FF8
07E0
ENDCHAR
STARTCHAR edieresis
ENCODING 235
SWIDTH 556 0
DWIDTH 20 0
BBX 16 24 2 0
BITMAP
0E38
0E38
0E38
0000
0000
07E0
1FF8
3FFC
3C3E
700E
6006
E007
FFFF
FFFF
FFFF
E000
E000
E000
7007
780E
7C1E
3FFC
1FF8
07E0
ENDCHAR
STARTCHAR igrave
ENCODING 236
SWIDTH 277 0
DWIDTH 9 0
BBX 6 26 1 0
BITMAP
F0
78
38
18
0C
00
00
38
38
38
38
38
38
38
38
38
38
38
38
38
38
38
38
38
38
38
ENDCHAR
STARTCHAR iacute
ENCODING 237
SWIDTH 277 0
DWIDTH 9 0
BBX 6 26 2 0
BITMAP
3C
78
70
60
C0
00
00
70
70
70
70
70
70
70
70
70
70
70
70
70
70
70
70
70
70
70
ENDCHAR
STARTCHAR icircumflex
ENCODING 238
SWIDTH 277 0
DWIDTH 9 0
BBX 10 26 -1 0
BITMAP
1F00
3F00
7B80
73C0
E1C0
0000
0000
0E00
0E00
0E00
0E00
0E00
0E00
0E00
0E00
0E00
0E00
0E00
0E00
0E00
0E00
0E00
0E00
0E00
0E00
0E00
ENDCHAR
STARTCHAR idieresis
ENCODING 239
SWIDTH 277 0
DWIDTH 9 0
BBX 9 24 0 0
BITMAP
E380
E380
E380
0000
0000
1C00
1C00
1C00
1C00
1C00
1C00
1C00
1C00
1C00
1C00
1C00
1C00
1C00
1C00
1C00
1C00
1C00
1C00
1C00
ENDCHAR
STARTCHAR eth
ENCODING 240
SWIDTH 556 0
DWIDTH 20 0
BBX 18 26 1 0
BITMAP
078200
03DE00
01FC00
01F000
07F800
0F3C00
081E00
000E00
07EF00
1FFF00
3FFF80
7C1F80
780780
F003C0
E001C0
E001C0
E001C0
E001C0
E001C0
E001C0
F00380
780780
7C0F00
3FFE00
0FFC00
03F000
ENDCHAR
STARTCHAR ntilde
ENCODING 241
SWIDTH 556 0
DWIDTH 19 0
BBX 15 26 2 0
BITMAP
0E38
1F38
3FF8
39F0
38E0
0000
0000
E3F0
EFF8
FFFC
FC3E
F01E
F00E
E00E
E00E
E00E
E00E
E00E
E00E
E00E
E00E
E00E
E00E
E00E
E00E
E00E
ENDCHAR
STARTCHAR ograve
ENCODING 242
SWIDTH 556 0
DWIDTH 20 0
BBX 16 26 2 0
BITMAP
0F00
0780
0380
0180
00C0
0000
0000
07E0
1FF8
3FFC
7C3E
781E
700E
E007
E007
E007
E007
E007
E007
E007
700E
781E
7C3E
3FFC
1FF8
07E0
ENDCHAR
STARTCHAR oacute
ENCODING 243
SWIDTH 556 0
DWIDTH 20 0
BBX 16 26 2 0
BITMAP
00F0
01E0
01C0
0180
0300
0000
0000
07E0
1FF8
3FFC
7C3E
781E
700E
E007
E007
E007
E007
E007
E007
E007
700E
781E
7C3E
3FFC
1FF8
07E0
ENDCHAR
STARTCHAR ocircumflex
ENCODING 244
SWIDTH 556 0
DWIDTH 20 0
BBX 16 26 2 0
BITMAP
03C0
07E0
0FF0
1E70
1C38
0000
0000
07E0
1FF8
3FFC
7C3E
781E
700E
E007
E007
E007
E007
E007
E007
E007
700E
781E
7C3E
3FFC
1FF8
07E0
ENDCHAR
STARTCHAR otilde
ENCODING 245
SWIDTH 556 0
DWIDTH 20 0
BBX 16 26 2 0
BITMAP
071C
0F9C
1FFC
1CF8
1C70
0000
0000
07E0
1FF8
3FFC
7C3E
781E
700E
E007
E007
E007
E007
E007
E007
E007
700E
781E
7C3E
3FFC
1FF8
07E0
ENDCHAR
STARTCHAR odieresis
ENCODING 246
SWIDTH 556 0
DWIDTH 20 0
BBX 16 24 2 0
BITMAP
0E38
0E38
0E38
0000
0000
07E0
1FF8
3FFC
7C3E
781E
700E
E007
E007
E007
E007
E007
E007
E007
700E
781E
7C3E
3FFC
1FF8
07E0
ENDCHAR
STARTCHAR divide
ENCODING 247
SWIDTH 548 0
DWIDTH 20 0
BBX 17 13 2 6
BITMAP
01C000
01C000
01C000
000000
000000
FFFF80
FFFF80
FFFF80
000000
000000
01C000
01C000
01C000
ENDCHAR
STARTCHAR oslash
ENCODING 248
SWIDTH 610 0
DWIDTH 22 0
BBX 17 21 2 -1
BITMAP
000300
07E780
1FFF00
3FFE00
7C1E00
783F00
F07F00
E0F380
E0E380
E1E380
E3C380
E78380
E70380
EE0780
FE0700
7C0F00
781E00
7FFE00
FFFC00
E7F000
400000
ENDCHAR
STARTCHAR ugrave
ENCODING 249
SWIDTH 556 0
DWIDTH 19 0
BBX 15 26 2 0
BITMAP
1E00
0F00
0700
0300
0180
0000
0000
E00E
E00E
E00E
E00E
E00E
E00E
E00E
E00E
E00E
E00E
E00E
E00E
E00E
E01E
F01E
F87E
7FEE
3FCE
0F8E
ENDCHAR
STARTCHAR uacute
ENCODING 250
SWIDTH 556 0
DWIDTH 19 0
BBX 15 26 2 0
BITMAP
00F0
01E0
01C0
0180
0300
0000
0000
E00E
E00E
E00E
E00E
E00E
E00E
E00E
E00E
E00E
E00E
E00E
E00E
E00E
E01E
F01E
F87E
7FEE
3FCE
0F8E
ENDCHAR
STARTCHAR ucircumflex
ENCODING 251
SWIDTH 556 0
DWIDTH 19 0
BBX 15 26 2 0
BITMAP
03C0
07E0
0FF0
0E70
1C38
0000
0000
E00E
E00E
E00E
E00E
E00E
E00E
E00E
E00E
E00E
E00E
E00E
E00E
E00E
E01E
F01E
F87E
7FEE
3FCE
0F8E
ENDCHAR
STARTCHAR udieresis
ENCODING 252
SWIDTH 556 0
DWIDTH 19 0
BBX 15 24 2 0
BITMAP
1C70
1C70
1C70
0000
0000
E00E
E00E
E00E
E00E
E00E
E00E
E00E
E00E
E00E
E00E
E00E
E00E
E00E
E01E
F01E
F87E
7FEE
3FCE
0F8E
ENDCHAR
STARTCHAR yacute
ENCODING 253
SWIDTH 500 0
DWIDTH 17 0
BBX 17 33 0 -7
BITMAP
007800
00F000
00E000
00C000
018000
000000
000000
E00380
700780
700700
780700
380F00
380E00
3C0E00
1C1C00
1C1C00
0E3C00
0E3800
0F3800
077800
077000
07F000
03E000
03E000
01E000
01C000
01C000
03C000
038000
078000
3F0000
3E0000
3C0000
ENDCHAR
STARTCHAR thorn
ENCODING 254
SWIDTH 556 0
DWIDTH 20 0
BBX 16 33 3 -7
BITMAP
E000
E000
E000
E000
E000
E000
E000
E3E0
EFF8
FFFC
FC3E
F81E
F00E
E007
E007
E007
E007
E007
E007
E007
F00E
F01E
FC3C
FFFC
EFF0
E3E0
E000
E000
E000
E000
E000
E000
E000
ENDCHAR
STARTCHAR ydieresis
ENCODING 255
SWIDTH 500 0
DWIDTH 17 0
BBX 17 31 0 -7
BITMAP
0E3800
0E3800
0E3800
000000
000000
E00380
700780
700700
780700
380F00
380E00
3C0E00
1C1C00
1C1C00
0E3C00
0E3800
0F3800
077800
077000
07F000
03E000
03E000
01E000
01C000
01C000
03C000
038000
078000
3F0000
3E0000
3C0000
ENDCHAR
STARTCHAR Amacron
ENCODING 256
SWIDTH 666 0
DWIDTH 23 0
BBX 23 31 0 0
BITMAP
03FF80
03FF80
03FF80
000000
000000
007C00
007C00
007C00
00EE00
00EE00
01EF00
01C700
01C700
038380
038380
038380
0701C0
0701C0
0F01E0
0E00E0
0FFFE0
1FFFF0
1FFFF0
1C0070
380038
380038
78003C
70001C
70001C
F0001E
E0000E
ENDCHAR
STARTCHAR amacron
ENCODING 257
SWIDTH 556 0
DWIDTH 20 0
BBX 17 25 2 0
BITMAP
1FFC00
1FFC00
1FFC00
000000
000000
000000
07F000
1FFC00
3FFE00
781F00
F00700
E00700
000700
001F00
07FF00
3FFF00
7FE700
780700
E00700
E00F00
E01F00
F03F00
7FFF00
3FF700
1FC380
ENDCHAR
STARTCHAR Abreve
ENCODING 258
SWIDTH 666 0
DWIDTH 23 0
BBX 23 33 0 0
BITMAP
030180
038380
018300
01FF00
007C00
000000
000000
007C00
007C00
007C00
00EE00
00EE00
01EF00
01C700
01C700
038380
038380
038380
0701C0
0701C0
0F01E0
0E00E0
0FFFE0
1FFFF0
1FFFF0
1C0070
380038
380038
78003C
70001C
70001C
F0001E
E0000E
ENDCHAR
STARTCHAR abreve
ENCODING 259
SWIDTH 556 0
DWIDTH 20 0
BBX 17 26 2 0
BITMAP
180C00
1C1C00
0C1800
0FF800
03E000
000000
000000
07F000
1FFC00
3FFE00
781F00
F00700
E00700
000700
001F00
07FF00
3FFF00
7FE700
780700
E00700
E00F00
E01F00
F03F00
7FFF00
3FF700
1FC380
ENDCHAR
STARTCHAR Aogonek
ENCODING 260
SWIDTH 666 0
DWIDTH 23 0
BBX 27 33 0 -7
BITMAP
007C0000
007C0000
007C0000
00EE0000
00EE0000
01EF0000
01C70000
01C70000
03838000
03838000
03838000
0701C000
0701C000
0F01E000
0E00E000
0FFFE000
1FFFF000
1FFFF000
1C007000
38003800
38003800
78003C00
70001C00
70001C00
F0001E00
E0000E00
00000C00
00001800
00001800
00001800
00001C20
00000FE0
000007C0
ENDCHAR
STARTCHAR aogonek
ENCODING 261
SWIDTH 556 0
DWIDTH 20 0
BBX 21 26 2 -7
BITMAP
07F000
1FFC00
3FFE00
781F00
F00700
E00700
000700
001F00
07FF00
3FFF00
7FE700
780700
E00700
E00F00
E01F00
F03F00
7FFF00
3FF700
1FC380
000300
000600
000600
000600
000708
0003F8
0001F0
ENDCHAR
STARTCHAR Cacute
ENCODING 262
SWIDTH 722 0
DWIDTH 26 0
BBX 22 33 2 0
BITMAP
001E00
003C00
003800
003000
006000
000000
000000
00FE00
03FF80
0FFFC0
1F03E0
3C00F0
380070
700078
700038
F00000
E00000
E00000
E00000
E00000
E00000
E00000
E00000
E00000
70001C
70003C
780038
380078
3C00F0
1F03F0
0FFFE0
07FF80
00FE00
ENDCHAR
STARTCHAR cacute
ENCODING 263
SWIDTH 500 0
DWIDTH 18 0
BBX 16 26 1 0
BITMAP
0078
00F0
00E0
00C0
0180
0000
0000
03E0
0FF8
1FFC
3C1E
780F
7007
E000
E000
E000
E000
E000
E000
E007
7007
780E
7C1E
3FFC
1FF8
07E0
ENDCHAR
STARTCHAR Ccircumflex
ENCODING 264
SWIDTH 722 0
DWIDTH 26 0
BBX 22 33 2 0
BITMAP
00F800
00FC00
01DC00
038E00
078700
000000
000000
00FE00
03FF80
0FFFC0
1F03E0
3C00F0
380070
700078
700038
F00000
E00000
E00000
E00000
E00000
E00000
E00000
E00000
E00000
70001C
70003C
780038
380078
3C00F0
1F03F0
0FFFE0
07FF80
00FE00
ENDCHAR
STARTCHAR ccircumflex
ENCODING 265
SWIDTH 500 0
DWIDTH 18 0
BBX 16 26 1 0
BITMAP
03E0
07E0
0770
0E38
1C3C
0000
0000
03E0
0FF8
1FFC
3C1E
780F
7007
E000
E000
E000
E000
E000
E000
E007
7007
780E
7C1E
3FFC
1FF8
07E0
ENDCHAR
STARTCHAR Cdot
ENCODING 266
SWIDTH 722 0
DWIDTH 26 0
BBX 22 31 2 0
BITMAP
003800
003800
003800
000000
000000
00FE00
03FF80
0FFFC0
1F03E0
3C00F0
380070
700078
700038
F00000
E00000
E00000
E00000
E00000
E00000
E00000
E00000
E00000
70001C
70003C
780038
380078
3C00F0
1F03F0
0FFFE0
07FF80
00FE00
ENDCHAR
STARTCHAR cdot
ENCODING 267
SWIDTH 500 0
DWIDTH 18 0
BBX 16 24 1 0
BITMAP
01C0
01C0
01C0
0000
0000
03E0
0FF8
1FFC
3C1E
780F
7007
E000
E000
E000
E000
E000
E000
E007
7007
780E
7C1E
3FFC
1FF8
07E0
ENDCHAR
STARTCHAR Ccaron
ENCODING 268
SWIDTH 722 0
DWIDTH 26 0
BBX 22 33 2 0
BITMAP
078700
038E00
01DC00
00FC00
00F800
000000
000000
00FE00
03FF80
0FFFC0
1F03E0
3C00F0
380070
700078
700038
F00000
E00000
E00000
E00000
E00000
E00000
E00000
E00000
E00000
70001C
70003C
780038
380078
3C00F0
1F03F0
0FFFE0
07FF80
00FE00
ENDCHAR
STARTCHAR ccaron
ENCODING 269
SWIDTH 500 0
DWIDTH 18 0
BBX 16 26 1 0
BITMAP
1C1C
0E38
0770
03F0
03E0
0000
0000
03E0
0FF8
1FFC
3C1E
780F
7007
E000
E000
E000
E000
E000
E000
E007
7007
780E
7C1E
3FFC
1FF8
07E0
ENDCHAR
STARTCHAR Dcaron
ENCODING 270
SWIDTH 722 0
DWIDTH 26 0
BBX 21 33 3 0
BITMAP
0E1C00
073800
07F800
03F000
01E000
000000
000000
FFFC00
FFFF00
FFFF80
E007C0
E001E0
E000E0
E00070
E00070
E00078
E00038
E00038
E00038
E00038
E00038
E00038
E00038
E00038
E00070
E00070
E00070
E000E0
E001E0
E007C0
FFFF80
FFFF00
FFF800
ENDCHAR
STARTCHAR dcaron
ENCODING 271
SWIDTH 614 0
DWIDTH 22 0
BBX 20 26 1 0
BITMAP
000770
000770
000770
000710
000710
000730
000760
07C740
1FF700
3FFF00
7C3F00
701F00
700F00
E00700
E00700
E00700
E00700
E00700
E00700
E00700
700F00
781F00
3C3F00
3FFF00
1FF700
07C700
ENDCHAR
STARTCHAR Dslash
ENCODING 272
SWIDTH 722 0
DWIDTH 26 0
BBX 24 26 0 0
BITMAP
1FFF80
1FFFE0
1FFFF0
1C00F8
1C003C
1C001C
1C000E
1C000E
1C000F
1C0007
1C0007
FFF807
FFF807
FFF807
1C0007
1C0007
1C0007
1C000E
1C000E
1C000E
1C001C
1C003C
1C00F8
1FFFF0
1FFFE0
1FFF80
ENDCHAR
STARTCHAR dmacron
ENCODING 273
SWIDTH 556 0
DWIDTH 20 0
BBX 19 26 1 0
BITMAP
000700
000700
01FFE0
01FFE0
000700
000700
000700
07C700
1FF700
3FFF00
7C3F00
701F00
700F00
E00700
E00700
E00700
E00700
E00700
E00700
E00700
700F00
781F00
3C3F00
3FFF00
1FF700
07C700
ENDCHAR
STARTCHAR Emacron
ENCODING 274
SWIDTH 666 0
DWIDTH 24 0
BBX 19 31 3 0
BITMAP
0FFE00
0FFE00
0FFE00
000000
000000
FFFFC0
FFFFC0
FFFFC0
E00000
E00000
E00000
E00000
E00000
E00000
E00000
E00000
FFFF80
FFFF80
FFFF80
E00000
E00000
E00000
E00000
E00000
E00000
E00000
E00000
E00000
FFFFE0
FFFFE0
FFFFE0
ENDCHAR
STARTCHAR emacron
ENCODING 275
SWIDTH 556 0
DWIDTH 20 0
BBX 16 25 2 0
BITMAP
1FFC
1FFC
1FFC
0000
0000
0000
07E0
1FF8
3FFC
3C3E
700E
6006
E007
FFFF
FFFF
FFFF
E000
E000
E000
7007
780E
7C1E
3FFC
1FF8
07E0
ENDCHAR
STARTCHAR Ebreve
ENCODING 276
SWIDTH 666 0
DWIDTH 24 0
BBX 19 33 3 0
BITMAP
0C0600
0E0E00
060C00
07FC00
01F000
000000
000000
FFFFC0
FFFFC0
FFFFC0
E00000
E00000
E00000
E00000
E00000
E00000
E00000
E00000
FFFF80
FFFF80
FFFF80
E00000
E00000
E00000
E00000
E00000
E00000
E00000
E00000
E00000
FFFFE0
FFFFE0
FFFFE0
ENDCHAR
STARTCHAR ebreve
ENCODING 277
SWIDTH 556 0
DWIDTH 20 0
BBX 16 26 2 0
BITMAP
180C
1C1C
0C18
0FF8
03E0
0000
0000
07E0
1FF8
3FFC
3C3E
700E
6006
E007
FFFF
FFFF
FFFF
E000
E000
E000
7007
780E
7C1E
3FFC
1FF8
07E0
ENDCHAR
STARTCHAR Edot
ENCODING 278
SWIDTH 666 0
DWIDTH 24 0
BBX 19 31 3 0
BITMAP
00E000
00E000
00E000
000000
000000
FFFFC0
FFFFC0
FFFFC0
E00000
E00000
E00000
E00000
E00000
E00000
E00000
E00000
FFFF80
FFFF80
FFFF80
E00000
E00000
E00000
E00000
E00000
E00000
E00000
E00000
E00000
FFFFE0
FFFFE0
FFFFE0
ENDCHAR
STARTCHAR edot
ENCODING 279
SWIDTH 556 0
DWIDTH 20 0
BBX 16 24 2 0
BITMAP
0380
0380
0380
0000
0000
07E0
1FF8
3FFC
3C3E
700E
6006
E007
FFFF
FFFF
FFFF
E000
E000
E000
7007
780E
7C1E
3FFC
1FF8
07E0
ENDCHAR
STARTCHAR Eogonek
ENCODING 280
SWIDTH 666 0
DWIDTH 24 0
BBX 19 33 3 -7
BITMAP
FFFFC0
FFFFC0
FFFFC0
E00000
E00000
E00000
E00000
E00000
E00000
E00000
E00000
FFFF80
FFFF80
FFFF80
E00000
E00000
E00000
E00000
E00000
E00000
E00000
E00000
E00000
FFFFE0
FFFFE0
FFFFE0
000C00
001800
001800
001800
001C20
000FE0
0007C0
ENDCHAR
STARTCHAR eogonek
ENCODING 281
SWIDTH 556 0
DWIDTH 20 0
BBX 16 26 2 -7
BITMAP
07E0
1FF8
3FFC
3C3E
700E
6006
E007
FFFF
FFFF
FFFF
E000
E000
E000
7007
780E
7C1E
3FFC
1FF8
07E0
0180
0300
0300
0300
0384
01FC
00F8
ENDCHAR
STARTCHAR Ecaron
ENCODING 282
SWIDTH 666 0
DWIDTH 24 0
BBX 19 33 3 0
BITMAP
0E1C00
073800
07F800
03F000
01E000
000000
000000
FFFFC0
FFFFC0
FFFFC0
E00000
E00000
E00000
E00000
E00000
E00000
E00000
E00000
FFFF80
FFFF80
FFFF80
E00000
E00000
E00000
E00000
E00000
E00000
E00000
E00000
E00000
FFFFE0
FFFFE0
FFFFE0
ENDCHAR
STARTCHAR ecaron
ENCODING 283
SWIDTH 556 0
DWIDTH 20 0
BBX 16 26 2 0
BITMAP
1C38
0E70
0FF0
07E0
03C0
0000
0000
07E0
1FF8
3FFC
3C3E
700E
6006
E007
FFFF
FFFF
FFFF
E000
E000
E000
7007
780E
7C1E
3FFC
1FF8
07E0
ENDCHAR
STARTCHAR Gcircumflex
ENCODING 284
SWIDTH 777 0
DWIDTH 28 0
BBX 24 33 2 0
BITMAP
001E00
003F00
007F80
007380
00E1C0
000000
000000
007F80
03FFE0
07FFF8
0F80FC
1E003C
3C001E
78000E
700007
700000
F00000
E00000
E00000
E00000
E007FF
E007FF
E007FF
E00007
700007
700007
780007
3C0007
1E001F
0FC07F
07FFFC
03FFF0
007F80
ENDCHAR
STARTCHAR gcircumflex
ENCODING 285
SWIDTH 556 0
DWIDTH 20 0
BBX 16 33 2 -7
BITMAP
03E0
07F0
0770
0E38
1C1C
0000
0000
07C7
1FF7
3FFF
3C3F
781F
700F
E007
E007
E007
E007
E007
E007
E007
700F
781F
3C3F
3FFF
1FF7
07E7
0007
E007
F00E
F81E
7FFC
3FF8
0FE0
ENDCHAR
STARTCHAR Gbreve
ENCODING 286
SWIDTH 777 0
DWIDTH 28 0
BBX 24 33 2 0
BITMAP
00C060
00E0E0
0060C0
007FC0
001F00
000000
000000
007F80
03FFE0
07FFF8
0F80FC
1E003C
3C001E
78000E
700007
700000
F00000
E00000
E00000
E00000
E007FF
E007FF
E007FF
E00007
700007
700007
780007
3C0007
1E001F
0FC07F
07FFFC
03FFF0
007F80
ENDCHAR
STARTCHAR gbreve
ENCODING 287
SWIDTH 556 0
DWIDTH 20 0
BBX 16 33 2 -7
BITMAP
180C
1C1C
0C18
0FF8
03E0
0000
0000
07C7
1FF7
3FFF
3C3F
781F
700F
E007
E007
E007
E007
E007
E007
E007
700F
781F
3C3F
3FFF
1FF7
07E7
0007
E007
F00E
F81E
7FFC
3FF8
0FE0
ENDCHAR
STARTCHAR Gdot
ENCODING 288
SWIDTH 777 0
DWIDTH 28 0
BBX 24 31 2 0
BITMAP
003800
003800
003800
000000
000000
007F80
03FFE0
07FFF8
0F80FC
1E003C
3C001E
78000E
700007
700000
F00000
E00000
E00000
E00000
E007FF
E007FF
E007FF
E00007
700007
700007
780007
3C0007
1E001F
0FC07F
07FFFC
03FFF0
007F80
ENDCHAR
STARTCHAR gdot
ENCODING 289
SWIDTH 556 0
DWIDTH 20 0
BBX 16 31 2 -7
BITMAP
01C0
01C0
01C0
0000
0000
07C7
1FF7
3FFF
3C3F
781F
700F
E007
E007
E007
E007
E007
E007
E007
700F
781F
3C3F
3FFF
1FF7
07E7
0007
E007
F00E
F81E
7FFC
3FF8
0FE0
ENDCHAR
STARTCHAR Gcedilla
ENCODING 290
SWIDTH 777 0
DWIDTH 28 0
BBX 24 33 2 -7
BITMAP
007F80
03FFE0
07FFF8
0F80FC
1E003C
3C001E
78000E
700007
700000
F00000
E00000
E00000
E00000
E007FF
E007FF
E007FF
E00007
700007
700007
780007
3C0007
1E001F
0FC07F
07FFFC
03FFF0
007F80
001800
001800
001E00
000700
000700
00FF00
00FC00
ENDCHAR
STARTCHAR gcedilla
ENCODING 291
SWIDTH 556 0
DWIDTH 20 0
BBX 16 34 2 -7
BITMAP
00C0
0180
0300
0300
0380
0380
0380
0000
07C7
1FF7
3FFF
7C3F
781F
700F
E007
E007
E007
E007
E007
E007
E007
700F
781F
3C3F
3FFF
1FF7
07E7
0007
E007
F00E
F81E
7FFC
3FF8
0FE0
ENDCHAR
STARTCHAR Hcircumflex
ENCODING 292
SWIDTH 722 0
DWIDTH 26 0
BBX 20 33 3 0
BITMAP
00F800
01FC00
01DC00
038E00
070700
000000
000000
E00070
E00070
E00070
E00070
E00070
E00070
E00070
E00070
E00070
E00070
E00070
FFFFF0
FFFFF0
FFFFF0
E00070
E00070
E00070
E00070
E00070
E00070
E00070
E00070
E00070
E00070
E00070
E00070
ENDCHAR
STARTCHAR hcircumflex
ENCODING 293
SWIDTH 556 0
DWIDTH 19 0
BBX 15 33 2 0
BITMAP
01E0
03F0
07F8
0738
0E1C
0000
0000
E000
E000
E000
E000
E000
E000
E000
E3E0
EFF8
FFFC
FC3E
F01E
F00E
E00E
E00E
E00E
E00E
E00E
E00E
E00E
E00E
E00E
E00E
E00E
E00E
E00E
ENDCHAR
STARTCHAR Hbar
ENCODING 294
SWIDTH 722 0
DWIDTH 26 0
BBX 24 26 1 0
BITMAP
38001C
38001C
38001C
38001C
FFFFFF
FFFFFF
FFFFFF
38001C
38001C
38001C
38001C
3FFFFC
3FFFFC
3FFFFC
38001C
38001C
38001C
38001C
38001C
38001C
38001C
38001C
38001C
38001C
38001C
38001C
ENDCHAR
STARTCHAR hbar
ENCODING 295
SWIDTH 556 0
DWIDTH 19 0
BBX 17 26 0 0
BITMAP
380000
380000
380000
FFF000
FFF000
380000
380000
38F800
3BFE00
3FFF00
3F0F80
3C0780
3C0380
380380
380380
380380
380380
380380
380380
380380
380380
380380
380380
380380
380380
380380
ENDCHAR
STARTCHAR Itilde
ENCODING 296
SWIDTH 277 0
DWIDTH 9 0
BBX 11 33 -1 0
BITMAP
38E0
7DE0
FFC0
EFC0
E380
0000
0000
0E00
0E00
0E00
0E00
0E00
0E00
0E00
0E00
0E00
0E00
0E00
0E00
0E00
0E00
0E00
0E00
0E00
0E00
0E00
0E00
0E00
0E00
0E00
0E00
0E00
0E00
ENDCHAR
STARTCHAR itilde
ENCODING 297
SWIDTH 277 0
DWIDTH 9 0
BBX 11 26 -1 0
BITMAP
38E0
7CE0
FFE0
E7C0
E380
0000
0000
0E00
0E00
0E00
0E00
0E00
0E00
0E00
0E00
0E00
0E00
0E00
0E00
0E00
0E00
0E00
0E00
0E00
0E00
0E00
ENDCHAR
STARTCHAR Imacron
ENCODING 298
SWIDTH 277 0
DWIDTH 9 0
BBX 11 31 -1 0
BITMAP
FFE0
FFE0
FFE0
0000
0000
0E00
0E00
0E00
0E00
0E00
0E00
0E00
0E00
0E00
0E00
0E00
0E00
0E00
0E00
0E00
0E00
0E00
0E00
0E00
0E00
0E00
0E00
0E00
0E00
0E00
0E00
ENDCHAR
STARTCHAR imacron
ENCODING 299
SWIDTH 277 0
DWIDTH 9 0
BBX 11 25 -1 0
BITMAP
FFE0
FFE0
FFE0
0000
0000
0000
0E00
0E00
0E00
0E00
0E00
0E00
0E00
0E00
0E00
0E00
0E00
0E00
0E00
0E00
0E00
0E00
0E00
0E00
0E00
ENDCHAR
STARTCHAR Ibreve
ENCODING 300
SWIDTH 277 0
DWIDTH 9 0
BBX 11 33 -1 0
BITMAP
C060
E060
70C0
3FC0
1F00
0000
0000
0E00
0E00
0E00
0E00
0E00
0E00
0E00
0E00
0E00
0E00
0E00
0E00
0E00
0E00
0E00
0E00
0E00
0E00
0E00
0E00
0E00
0E00
0E00
0E00
0E00
0E00
ENDCHAR
STARTCHAR ibreve
ENCODING 301
SWIDTH 277 0
DWIDTH 9 0
BBX 11 26 -1 0
BITMAP
C060
E060
70C0
3FC0
1F00
0000
0000
0E00
0E00
0E00
0E00
0E00
0E00
0E00
0E00
0E00
0E00
0E00
0E00
0E00
0E00
0E00
0E00
0E00
0E00
0E00
ENDCHAR
STARTCHAR Iogonek
ENCODING 302
SWIDTH 277 0
DWIDTH 9 0
BBX 8 33 3 -7
BITMAP
E0
E0
E0
E0
E0
E0
E0
E0
E0
E0
E0
E0
E0
E0
E0
E0
E0
E0
E0
E0
E0
E0
E0
E0
E0
E0
C0
C0
C0
C0
E1
7F
3E
ENDCHAR
STARTCHAR iogonek
ENCODING 303
SWIDTH 222 0
DWIDTH 7 0
BBX 8 33 2 -7
BITMAP
E0
E0
E0
00
00
00
00
E0
E0
E0
E0
E0
E0
E0
E0
E0
E0
E0
E0
E0
E0
E0
E0
E0
E0
E0
C0
C0
C0
C0
E1
7F
3E
ENDCHAR
STARTCHAR Idotaccent
ENCODING 304
SWIDTH 277 0
DWIDTH 9 0
BBX 3 31 3 0
BITMAP
E0
E0
E0
00
00
E0
E0
E0
E0
E0
E0
E0
E0
E0
E0
E0
E0
E0
E0
E0
E0
E0
E0
E0
E0
E0
E0
E0
E0
E0
E0
ENDCHAR
STARTCHAR dotlessi
ENCODING 305
SWIDTH 277 0
DWIDTH 9 0
BBX 3 19 3 0
BITMAP
E0
E0
E0
E0
E0
E0
E0
E0
E0
E0
E0
E0
E0
E0
E0
E0
E0
E0
E0
ENDCHAR
STARTCHAR IJ
ENCODING 306
SWIDTH 734 0
DWIDTH 26 0
BBX 20 26 3 0
BITMAP
E00070
E00070
E00070
E00070
E00070
E00070
E00070
E00070
E00070
E00070
E00070
E00070
E00070
E00070
E00070
E00070
E00070
E00070
E38070
E38070
E38070
E3C0F0
E1E1E0
E1FFE0
E0FFC0
E03F00
ENDCHAR
STARTCHAR ij
ENCODING 307
SWIDTH 443 0
DWIDTH 16 0
BBX 11 33 2 -7
BITMAP
E0E0
E0E0
E0E0
0000
0000
0000
0000
E0E0
E0E0
E0E0
E0E0
E0E0
E0E0
E0E0
E0E0
E0E0
E0E0
E0E0
E0E0
E0E0
E0E0
E0E0
E0E0
E0E0
E0E0
E0E0
00E0
00E0
00E0
01E0
0FC0
0FC0
1F80
ENDCHAR
STARTCHAR Jcircumflex
ENCODING 308
SWIDTH 500 0
DWIDTH 18 0
BBX 18 33 1 0
BITMAP
001E00
003F00
007780
00F380
00E1C0
000000
000000
001C00
001C00
001C00
001C00
001C00
001C00
001C00
001C00
001C00
001C00
001C00
001C00
001C00
001C00
001C00
001C00
001C00
001C00
E01C00
E01C00
E01C00
F03C00
787800
7FF800
3FF000
0FC000
ENDCHAR
STARTCHAR jcircumflex
ENCODING 309
SWIDTH 222 0
DWIDTH 9 0
BBX 11 33 -2 -7
BITMAP
0F00
1F80
3FC0
39C0
70E0
0000
0000
0700
0700
0700
0700
0700
0700
0700
0700
0700
0700
0700
0700
0700
0700
0700
0700
0700
0700
0700
0700
0700
0700
0F00
7E00
7E00
FC00
ENDCHAR
STARTCHAR Kcedilla
ENCODING 310
SWIDTH 666 0
DWIDTH 24 0
BBX 21 34 3 -8
BITMAP
E000F0
E001E0
E003C0
E00780
E00F00
E01E00
E03C00
E07800
E0F000
E1E000
E3C000
E7C000
EFE000
FEF000
FC7800
F83800
F03C00
E01E00
E00E00
E00700
E00780
E003C0
E001C0
E000E0
E000F0
E00078
000000
00F000
00F800
001C00
001C00
003C00
03F800
03F000
ENDCHAR
STARTCHAR kcedilla
ENCODING 311
SWIDTH 500 0
DWIDTH 19 0
BBX 16 34 3 -8
BITMAP
E000
E000
E000
E000
E000
E000
E000
E01E
E03C
E078
E0F0
E3E0
E7C0
EF00
FE00
FF00
FF80
F3C0
E3C0
E1E0
E0F0
E078
E078
E03C
E01E
E00F
0000
03C0
03E0
0070
0070
00F0
0FE0
0FC0
ENDCHAR
STARTCHAR kgreenlandic
ENCODING 312
SWIDTH 500 0
DWIDTH 18 0
BBX 15 19 2 0
BITMAP
E03C
E078
E0F0
E1E0
E3C0
E780
EF00
FF00
FF00
FB80
F1C0
E1E0
E0E0
E0F0
E078
E038
E03C
E01E
E00E
ENDCHAR
STARTCHAR Lacute
ENCODING 313
SWIDTH 556 0
DWIDTH 20 0
BBX 16 33 3 0
BITMAP
0780
0F00
0E00
0C00
1800
0000
0000
E000
E000
E000
E000
E000
E000
E000
E000
E000
E000
E000
E000
E000
E000
E000
E000
E000
E000
E000
E000
E000
E000
E000
FFFF
FFFF
FFFF
ENDCHAR
STARTCHAR lacute
ENCODING 314
SWIDTH 222 0
DWIDTH 7 0
BBX 6 33 1 0
BITMAP
3C
78
70
60
C0
00
00
70
70
70
70
70
70
70
70
70
70
70
70
70
70
70
70
70
70
70
70
70
70
70
70
70
70
ENDCHAR
STARTCHAR Lcedilla
ENCODING 315
SWIDTH 556 0
DWIDTH 20 0
BBX 16 34 3 -8
BITMAP
E000
E000
E000
E000
E000
E000
E000
E000
E000
E000
E000
E000
E000
E000
E000
E000
E000
E000
E000
E000
E000
E000
E000
FFFF
FFFF
FFFF
0000
03C0
03E0
0070
0070
00F0
0FE0
0FC0
ENDCHAR
STARTCHAR lcedilla
ENCODING 316
SWIDTH 222 0
DWIDTH 7 0
BBX 8 34 0 -8
BITMAP
38
38
38
38
38
38
38
38
38
38
38
38
38
38
38
38
38
38
38
38
38
38
38
38
38
38
00
3C
3E
07
07
0F
FE
FC
ENDCHAR
STARTCHAR Lcaron
ENCODING 317
SWIDTH 556 0
DWIDTH 20 0
BBX 15 26 3 0
BITMAP
E070
E070
E070
E010
E010
E010
E030
E060
E040
E000
E000
E000
E000
E000
E000
E000
E000
E000
E000
E000
E000
E000
E000
FFFE
FFFE
FFFE
ENDCHAR
STARTCHAR lcaron
ENCODING 318
SWIDTH 291 0
DWIDTH 11 0
BBX 9 26 2 0
BITMAP
E380
E380
E380
E180
E180
E180
E100
E300
E000
E000
E000
E000
E000
E000
E000
E000
E000
E000
E000
E000
E000
E000
E000
E000
E000
E000
ENDCHAR
STARTCHAR Ldot
ENCODING 319
SWIDTH 556 0
DWIDTH 20 0
BBX 16 26 3 0
BITMAP
E000
E000
E000
E000
E000
E000
E000
E000
E000
E000
E000
E000
E038
E038
E038
E000
E000
E000
E000
E000
E000
E000
E000
FFFF
FFFF
FFFF
ENDCHAR
STARTCHAR ldot
ENCODING 320
SWIDTH 333 0
DWIDTH 12 0
BBX 9 26 2 0
BITMAP
E000
E000
E000
E000
E000
E000
E000
E000
E000
E000
E000
E000
E380
E380
E380
E000
E000
E000
E000
E000
E000
E000
E000
E000
E000
E000
ENDCHAR
STARTCHAR Lslash
ENCODING 321
SWIDTH 556 0
DWIDTH 20 0
BBX 19 26 0 0
BITMAP
1C0000
1C0000
1C0000
1C0000
1C0000
1C0000
1C1000
1C3000
1CF000
1DE000
1FC000
1F0000
1E0000
3C0000
7C0000
FC0000
DC0000
9C0000
1C0000
1C0000
1C0000
1C0000
1C0000
1FFFE0
1FFFE0
1FFFE0
ENDCHAR
STARTCHAR lslash
ENCODING 322
SWIDTH 222 0
DWIDTH 8 0
BBX 7 26 0 0
BITMAP
38
38
38
38
38
38
38
38
38
3A
3E
3E
3C
78
F8
F8
B8
38
38
38
38
38
38
38
38
38
ENDCHAR
STARTCHAR Nacute
ENCODING 323
SWIDTH 722 0
DWIDTH 26 0
BBX 20 33 3 0
BITMAP
001E00
003C00
003800
003000
006000
000000
000000
F00070
F00070
F80070
FC0070
FC0070
FE0070
EE0070
E70070
E78070
E38070
E1C070
E1E070
E0E070
E07070
E07870
E03870
E01C70
E01E70
E00E70
E00770
E007F0
E003F0
E003F0
E001F0
E000F0
E000F0
ENDCHAR
STARTCHAR nacute
ENCODING 324
SWIDTH 556 0
DWIDTH 19 0
BBX 15 26 2 0
BITMAP
00F0
01E0
01C0
0180
0300
0000
0000
E3F0
EFF8
FFFC
FC3E
F01E
F00E
E00E
E00E
E00E
E00E
E00E
E00E
E00E
E00E
E00E
E00E
E00E
E00E
E00E
ENDCHAR
STARTCHAR Ncedilla
ENCODING 325
SWIDTH 722 0
DWIDTH 26 0
BBX 20 34 3 -8
BITMAP
F00070
F00070
F80070
FC0070
FC0070
FE0070
EE0070
E70070
E78070
E38070
E1C070
E1E070
E0E070
E07070
E07870
E03870
E01C70
E01E70
E00E70
E00770
E007F0
E003F0
E003F0
E001F0
E000F0
E000F0
000000
007800
007C00
001C00
000E00
001C00
01FC00
01F000
ENDCHAR
STARTCHAR ncedilla
ENCODING 326
SWIDTH 556 0
DWIDTH 19 0
BBX 15 27 2 -8
BITMAP
E3F0
EFF8
FFFC
FC3E
F01E
F00E
E00E
E00E
E00E
E00E
E00E
E00E
E00E
E00E
E00E
E00E
E00E
E00E
E00E
0000
0780
07E0
00E0
00E0
00E0
1FE0
1F80
ENDCHAR
STARTCHAR Ncaron
ENCODING 327
SWIDTH 722 0
DWIDTH 26 0
BBX 20 33 3 0
BITMAP
078700
038E00
01DC00
00FC00
00F800
000000
000000
F00070
F00070
F80070
FC0070
FC0070
FE0070
EE0070
E70070
E78070
E38070
E1C070
E1E070
E0E070
E07070
E07870
E03870
E01C70
E01E70
E00E70
E00770
E007F0
E003F0
E003F0
E001F0
E000F0
E000F0
ENDCHAR
STARTCHAR ncaron
ENCODING 328
SWIDTH 556 0
DWIDTH 19 0
BBX 15 26 2 0
BITMAP
1C38
0E70
0FF0
07E0
03C0
0000
0000
E3F0
EFF8
FFFC
FC3E
F01E
F00E
E00E
E00E
E00E
E00E
E00E
E00E
E00E
E00E
E00E
E00E
E00E
E00E
E00E
ENDCHAR
STARTCHAR napostrophe
ENCODING 329
SWIDTH 604 0
DWIDTH 22 0
BBX 19 26 0 0
BITMAP
E00000
E00000
E00000
600000
600000
600000
600000
CE3F00
8EFF80
0FFFC0
0FC3E0
0F01E0
0F00E0
0E00E0
0E00E0
0E00E0
0E00E0
0E00E0
0E00E0
0E00E0
0E00E0
0E00E0
0E00E0
0E00E0
0E00E0
0E00E0
ENDCHAR
STARTCHAR Eng
ENCODING 330
SWIDTH 723 0
DWIDTH 26 0
BBX 21 26 3 0
BITMAP
E1FE00
E7FF80
EFFFC0
FF07E0
FC01E0
F800F0
F00070
E00070
E00038
E00038
E00038
E00038
E00038
E00038
E00038
E00038
E00038
E00038
E00070
E00070
E000F0
E000E0
E063E0
E07FC0
E0FF80
E03E00
ENDCHAR
STARTCHAR eng
ENCODING 331
SWIDTH 556 0
DWIDTH 20 0
BBX 15 26 2 -7
BITMAP
E3F0
EFF8
FFFC
FC3E
F81E
F00E
F00E
E00E
E00E
E00E
E00E
E00E
E00E
E00E
E00E
E00E
E00E
E00E
E00E
000E
000E
000E
001E
00FC
00FC
00F8
ENDCHAR
STARTCHAR Omacron
ENCODING 332
SWIDTH 777 0
DWIDTH 28 0
BBX 24 31 2 0
BITMAP
03FF80
03FF80
03FF80
000000
000000
00FF00
03FFC0
0FFFE0
1F81F8
1E0078
3C003C
78001E
70000E
70000E
E00007
E00007
E00007
E00007
E00007
E00007
E00007
E00007
70000E
70000E
78001E
3C003C
1E0078
1F81F8
07FFF0
03FFC0
00FF00
ENDCHAR
STARTCHAR omacron
ENCODING 333
SWIDTH 556 0
DWIDTH 20 0
BBX 16 25 2 0
BITMAP
1FFC
1FFC
1FFC
0000
0000
0000
07E0
1FF8
3FFC
7C3E
781E
700E
E007
E007
E007
E007
E007
E007
E007
700E
781E
7C3E
3FFC
1FF8
07E0
ENDCHAR
STARTCHAR Obreve
ENCODING 334
SWIDTH 777 0
DWIDTH 28 0
BBX 24 33 2 0
BITMAP
0180C0
01C1C0
00C180
00FF80
003E00
000000
000000
00FF00
03FFC0
0FFFE0
1F81F8
1E0078
3C003C
78001E
70000E
70000E
E00007
E00007
E00007
E00007
E00007
E00007
E00007
E00007
70000E
70000E
78001E
3C003C
1E0078
1F81F8
07FFF0
03FFC0
00FF00
ENDCHAR
STARTCHAR obreve
ENCODING 335
SWIDTH 556 0
DWIDTH 20 0
BBX 16 26 2 0
BITMAP
180C
1C0C
0E18
07F8
03E0
0000
0000
07E0
1FF8
3FFC
7C3E
781E
700E
E007
E007
E007
E007
E007
E007
E007
700E
781E
7C3E
3FFC
1FF8
07E0
ENDCHAR
STARTCHAR Odblacute
ENCODING 336
SWIDTH 777 0
DWIDTH 28 0
BBX 24 33 2 0
BITMAP
0038E0
0071C0
0071C0
006180
00C300
000000
000000
00FF00
03FFC0
0FFFE0
1F81F8
1E0078
3C003C
78001E
70000E
70000E
E00007
E00007
E00007
E00007
E00007
E00007
E00007
E00007
70000E
70000E
78001E
3C003C
1E0078
1F81F8
07FFF0
03FFC0
00FF00
ENDCHAR
STARTCHAR odblacute
ENCODING 337
SWIDTH 556 0
DWIDTH 20 0
BBX 16 26 2 0
BITMAP
071C
0E38
0E38
0C30
1860
0000
0000
07E0
1FF8
3FFC
7C3E
781E
700E
E007
E007
E007
E007
E007
E007
E007
700E
781E
7C3E
3FFC
1FF8
07E0
ENDCHAR
STARTCHAR OE
ENCODING 338
SWIDTH 1000 0
DWIDTH 36 0
BBX 33 26 2 0
BITMAP
01FC3FFF00
07FF3FFF00
0FFFBFFF00
1F07F80000
3C01F80000
3800F80000
7000780000
7000780000
F000780000
E000380000
E000380000
E0003FFE00
E0003FFE00
E0003FFE00
E000380000
E000380000
E000380000
F000780000
7000780000
7000780000
3800F80000
3C01F80000
1F07F80000
0FFFBFFF80
07FF3FFF80
01FC3FFF80
ENDCHAR
STARTCHAR oe
ENCODING 339
SWIDTH 943 0
DWIDTH 34 0
BBX 31 19 1 0
BITMAP
03F01F80
1FF83FE0
3FFEFFF8
3C1EF078
780FC01C
7007800C
F003800E
E003FFFE
E003FFFE
E003FFFE
E0038000
E0038000
E0078000
7007C00E
780FE01C
7C1EF07C
3FFCFFF8
1FF83FF0
07E00FC0
ENDCHAR
STARTCHAR Racute
ENCODING 340
SWIDTH 722 0
DWIDTH 26 0
BBX 21 33 3 0
BITMAP
007800
00F000
00E000
00C000
018000
000000
000000
FFFE00
FFFF80
FFFFC0
E003E0
E000F0
E00070
E00070
E00070
E00070
E000F0
E003E0
FFFFC0
FFFF80
FFFE00
E07800
E03E00
E01E00
E00F00
E00780
E00780
E003C0
E001E0
E001E0
E000F0
E000F0
E00078
ENDCHAR
STARTCHAR racute
ENCODING 341
SWIDTH 333 0
DWIDTH 12 0
BBX 10 26 2 0
BITMAP
0780
0F00
0E00
0C00
1800
0000
0000
E7C0
EFC0
FF80
F800
F000
F000
E000
E000
E000
E000
E000
E000
E000
E000
E000
E000
E000
E000
E000
ENDCHAR
STARTCHAR Rcedilla
ENCODING 342
SWIDTH 722 0
DWIDTH 26 0
BBX 21 34 3 -8
BITMAP
FFFE00
FFFF80
FFFFC0
E003E0
E000F0
E00070
E00070
E00070
E00070
E000F0
E003E0
FFFFC0
FFFF80
FFFE00
E07800
E03E00
E01E00
E00F00
E00780
E00780
E003C0
E001E0
E001E0
E000F0
E000F0
E00078
000000
007800
007C00
001C00
000E00
001C00
01FC00
01F000
ENDCHAR
STARTCHAR rcedilla
ENCODING 343
SWIDTH 333 0
DWIDTH 12 0
BBX 10 27 2 -8
BITMAP
E7C0
EFC0
FF80
F800
F000
F000
E000
E000
E000
E000
E000
E000
E000
E000
E000
E000
E000
E000
E000
0000
1E00
1F00
0780
0380
0700
7F00
7C00
ENDCHAR
STARTCHAR Rcaron
ENCODING 344
SWIDTH 722 0
DWIDTH 26 0
BBX 21 33 3 0
BITMAP
1C3800
0E7000
0FF000
07E000
03C000
000000
000000
FFFE00
FFFF80
FFFFC0
E003E0
E000F0
E00070
E00070
E00070
E00070
E000F0
E003E0
FFFFC0
FFFF80
FFFE00
E07800
E03E00
E01E00
E00F00
E00780
E00780
E003C0
E001E0
E001E0
E000F0
E000F0
E00078
ENDCHAR
STARTCHAR rcaron
ENCODING 345
SWIDTH 333 0
DWIDTH 12 0
BBX 10 26 2 0
BITMAP
E1C0
7380
7F80
3F00
1E00
0000
0000
E7C0
EFC0
FF80
F800
F000
F000
E000
E000
E000
E000
E000
E000
E000
E000
E000
E000
E000
E000
E000
ENDCHAR
STARTCHAR Sacute
ENCODING 346
SWIDTH 666 0
DWIDTH 24 0
BBX 20 33 2 0
BITMAP
003C00
007800
007000
006000
00C000
000000
000000
03F800
0FFF00
1FFF80
3E07C0
7803C0
7001E0
7000E0
7000E0
780000
3C0000
3F8000
1FF800
07FF00
01FFC0
001FE0
0003E0
0000F0
E00070
E00070
F00070
7000F0
7800E0
3E03E0
1FFFC0
0FFF80
01FC00
ENDCHAR
STARTCHAR sacute
ENCODING 347
SWIDTH 500 0
DWIDTH 18 0
BBX 16 26 1 0
BITMAP
01E0
03C0
0380
0300
0600
0000
0000
0FE0
3FF8
7FFC
F01E
E00E
E000
F000
7E00
7FE0
1FFC
03FE
003F
000F
E007
F007
781E
7FFE
1FFC
07F0
ENDCHAR
STARTCHAR Scircumflex
ENCODING 348
SWIDTH 666 0
DWIDTH 24 0
BBX 20 33 2 0
BITMAP
01F000
01F800
03BC00
079C00
070E00
000000
000000
03F800
0FFF00
1FFF80
3E07C0
7803C0
7001E0
7000E0
7000E0
780000
3C0000
3F8000
1FF800
07FF00
01FFC0
001FE0
0003E0
0000F0
E00070
E00070
F00070
7000F0
7800E0
3E03E0
1FFFC0
0FFF80
01FC00
ENDCHAR
STARTCHAR scircumflex
ENCODING 349
SWIDTH 500 0
DWIDTH 18 0
BBX 16 26 1 0
BITMAP
07C0
0FC0
0EE0
1C70
3878
0000
0000
0FE0
3FF8
7FFC
F01E
E00E
E000
F000
7E00
7FE0
1FFC
03FE
003F
000F
E007
F007
781E
7FFE
1FFC
07F0
ENDCHAR
STARTCHAR Scedilla
ENCODING 350
SWIDTH 666 0
DWIDTH 24 0
BBX 20 33 2 -7
BITMAP
03F800
0FFF00
1FFF80
3E07C0
7803C0
7001E0
7000E0
7000E0
780000
3C0000
3F8000
1FF800
07FF00
01FFC0
001FE0
0003E0
0000F0
E00070
E00070
F00070
7000F0
7800E0
3E03E0
1FFFC0
0FFF80
01FC00
006000
006000
00F800
001C00
001C00
03F800
03F000
ENDCHAR
STARTCHAR scedilla
ENCODING 351
SWIDTH 500 0
DWIDTH 18 0
BBX 16 26 1 -7
BITMAP
0FE0
3FF8
7FFC
F01E
E00E
E000
F000
7E00
7FE0
1FFC
03FE
003F
000F
E007
F007
781E
7FFE
1FFC
07F0
0180
0180
03E0
0070
0070
0FE0
0FC0
ENDCHAR
STARTCHAR Scaron
ENCODING 352
SWIDTH 666 0
DWIDTH 24 0
BBX 20 33 2 0
BITMAP
070E00
039C00
03FC00
01F800
00F000
000000
000000
03F800
0FFF00
1FFF80
3E07C0
7803C0
7001E0
7000E0
7000E0
780000
3C0000
3F8000
1FF800
07FF00
01FFC0
001FE0
0003E0
0000F0
E00070
E00070
F00070
7000F0
7800E0
3E03E0
1FFFC0
0FFF80
01FC00
ENDCHAR
STARTCHAR scaron
ENCODING 353
SWIDTH 500 0
DWIDTH 18 0
BBX 16 26 1 0
BITMAP
1C38
0E70
0FF0
07E0
03C0
0000
0000
0FE0
3FF8
7FFC
F01E
E00E
E000
F000
7E00
7FE0
1FFC
03FE
003F
000F
E007
F007
781E
7FFE
1FFC
07F0
ENDCHAR
STARTCHAR Tcedilla
ENCODING 354
SWIDTH 610 0
DWIDTH 21 0
BBX 19 35 1 -9
BITMAP
FFFFE0
FFFFE0
FFFFE0
00E000
00E000
00E000
00E000
00E000
00E000
00E000
00E000
00E000
00E000
00E000
00E000
00E000
00E000
00E000
00E000
00E000
00E000
00E000
00E000
00E000
00E000
00E000
000000
000000
00E000
00E000
00E000
002000
002000
004000
00C000
ENDCHAR
STARTCHAR tcedilla
ENCODING 355
SWIDTH 277 0
DWIDTH 10 0
BBX 9 34 1 -9
BITMAP
1800
3800
3800
3800
3800
3800
FF80
FF80
FF80
3800
3800
3800
3800
3800
3800
3800
3800
3800
3800
3800
3800
3800
3F80
1F80
0F80
0000
0000
0E00
0E00
0E00
0200
0200
0C00
0C00
ENDCHAR
STARTCHAR Tcaron
ENCODING 356
SWIDTH 610 0
DWIDTH 21 0
BBX 19 33 1 0
BITMAP
070E00
039C00
03FC00
01F800
00F000
000000
000000
FFFFE0
FFFFE0
FFFFE0
00E000
00E000
00E000
00E000
00E000
00E000
00E000
00E000
00E000
00E000
00E000
00E000
00E000
00E000
00E000
00E000
00E000
00E000
00E000
00E000
00E000
00E000
00E000
ENDCHAR
STARTCHAR tcaron
ENCODING 357
SWIDTH 375 0
DWIDTH 14 0
BBX 13 26 1 0
BITMAP
0038
1838
3838
3808
3808
3808
3810
FF30
FF00
FF00
3800
3800
3800
3800
3800
3800
3800
3800
3800
3800
3800
3800
3800
3F00
1F00
0F00
ENDCHAR
STARTCHAR Tbar
ENCODING 358
SWIDTH 610 0
DWIDTH 22 0
BBX 19 26 1 0
BITMAP
FFFFE0
FFFFE0
FFFFE0
00E000
00E000
00E000
00E000
00E000
00E000
00E000
00E000
00E000
1FFF00
1FFF00
1FFF00
00E000
00E000
00E000
00E000
00E000
00E000
00E000
00E000
00E000
00E000
00E000
ENDCHAR
STARTCHAR tbar
ENCODING 359
SWIDTH 277 0
DWIDTH 10 0
BBX 10 25 0 0
BITMAP
0400
1C00
1C00
1C00
1C00
1C00
FFC0
FFC0
FFC0
1C00
1C00
1C00
1C00
FFC0
FFC0
FFC0
1C00
1C00
1C00
1C00
1C00
1C00
1FC0
0FC0
07C0
ENDCHAR
STARTCHAR Utilde
ENCODING 360
SWIDTH 722 0
DWIDTH 26 0
BBX 20 33 3 0
BITMAP
038E00
07EE00
07FE00
0F7E00
0E3C00
000000
000000
E00070
E00070
E00070
E00070
E00070
E00070
E00070
E00070
E00070
E00070
E00070
E00070
E00070
E00070
E00070
E00070
E00070
E00070
E00070
F000F0
7000E0
7801E0
3E07C0
3FFF80
0FFF00
03FC00
ENDCHAR
STARTCHAR utilde
ENCODING 361
SWIDTH 556 0
DWIDTH 19 0
BBX 15 26 2 0
BITMAP
0E38
1F38
1FF8
39F0
38E0
0000
0000
E00E
E00E
E00E
E00E
E00E
E00E
E00E
E00E
E00E
E00E
E00E
E00E
E00E
E01E
F01E
F87E
7FEE
3FCE
0F8E
ENDCHAR
STARTCHAR Umacron
ENCODING 362
SWIDTH 722 0
DWIDTH 26 0
BBX 20 31 3 0
BITMAP
0FFE00
0FFE00
0FFE00
000000
000000
E00070
E00070
E00070
E00070
E00070
E00070
E00070
E00070
E00070
E00070
E00070
E00070
E00070
E00070
E00070
E00070
E00070
E00070
E00070
F000F0
7000E0
7801E0
3E07C0
3FFF80
0FFF00
03FC00
ENDCHAR
STARTCHAR umacron
ENCODING 363
SWIDTH 556 0
DWIDTH 19 0
BBX 15 25 2 0
BITMAP
3FF8
3FF8
3FF8
0000
0000
0000
E00E
E00E
E00E
E00E
E00E
E00E
E00E
E00E
E00E
E00E
E00E
E00E
E00E
E01E
F01E
F87E
7FEE
3FCE
0F8E
ENDCHAR
STARTCHAR Ubreve
ENCODING 364
SWIDTH 722 0
DWIDTH 26 0
BBX 20 33 3 0
BITMAP
060300
070300
038600
01FE00
00F800
000000
000000
E00070
E00070
E00070
E00070
E00070
E00070
E00070
E00070
E00070
E00070
E00070
E00070
E00070
E00070
E00070
E00070
E00070
E00070
E00070
F000F0
7000E0
7801E0
3E07C0
3FFF80
0FFF00
03FC00
ENDCHAR
STARTCHAR ubreve
ENCODING 365
SWIDTH 556 0
DWIDTH 19 0
BBX 15 26 2 0
BITMAP
3018
3838
1830
1FF0
07C0
0000
0000
E00E
E00E
E00E
E00E
E00E
E00E
E00E
E00E
E00E
E00E
E00E
E00E
E00E
E01E
F01E
F87E
7FEE
3FCE
0F8E
ENDCHAR
STARTCHAR Uring
ENCODING 366
SWIDTH 722 0
DWIDTH 26 0
BBX 20 33 3 0
BITMAP
007000
008800
008800
008800
007000
000000
000000
E00070
E00070
E00070
E00070
E00070
E00070
E00070
E00070
E00070
E00070
E00070
E00070
E00070
E00070
E00070
E00070
E00070
E00070
E00070
F000F0
7000E0
7801E0
3E07C0
3FFF80
0FFF00
03FC00
ENDCHAR
STARTCHAR uring
ENCODING 367
SWIDTH 556 0
DWIDTH 19 0
BBX 15 26 2 0
BITMAP
0380
04C0
0440
04C0
0380
0000
0000
E00E
E00E
E00E
E00E
E00E
E00E
E00E
E00E
E00E
E00E
E00E
E00E
E00E
E01E
F01E
F87E
7FEE
3FCE
0F8E
ENDCHAR
STARTCHAR Udblacute
ENCODING 368
SWIDTH 722 0
DWIDTH 26 0
BBX 20 33 3 0
BITMAP
01C700
038E00
038E00
030C00
061800
000000
000000
E00070
E00070
E00070
E00070
E00070
E00070
E00070
E00070
E00070
E00070
E00070
E00070
E00070
E00070
E00070
E00070
E00070
E00070
E00070
F000F0
7000E0
7801E0
3E07C0
3FFF80
0FFF00
03FC00
ENDCHAR
STARTCHAR udblacute
ENCODING 369
SWIDTH 556 0
DWIDTH 19 0
BBX 15 26 2 0
BITMAP
071C
0E38
0E38
0C30
1860
0000
0000
E00E
E00E
E00E
E00E
E00E
E00E
E00E
E00E
E00E
E00E
E00E
E00E
E00E
E01E
F01E
F87E
7FEE
3FCE
0F8E
ENDCHAR
STARTCHAR Uogonek
ENCODING 370
SWIDTH 722 0
DWIDTH 26 0
BBX 20 33 3 -7
BITMAP
E00070
E00070
E00070
E00070
E00070
E00070
E00070
E00070
E00070
E00070
E00070
E00070
E00070
E00070
E00070
E00070
E00070
E00070
E00070
F000F0
7000E0
7801E0
3E07C0
3FFF80
0FFF00
03FC00
006000
006000
006000
006000
007100
003F00
001E00
ENDCHAR
STARTCHAR uogonek
ENCODING 371
SWIDTH 556 0
DWIDTH 19 0
BBX 20 26 2 -7
BITMAP
E00E00
E00E00
E00E00
E00E00
E00E00
E00E00
E00E00
E00E00
E00E00
E00E00
E00E00
E00E00
E00E00
E01E00
F01E00
F87E00
7FFE00
3FEE00
1F8E00
000C00
001800
001800
001800
001C10
000FF0
0007E0
ENDCHAR
STARTCHAR Wcircumflex
ENCODING 372
SWIDTH 943 0
DWIDTH 36 0
BBX 35 33 0 0
BITMAP
0000F00000
0001F80000
0003FC0000
00039C0000
00070E0000
0000000000
0000000000
E001F000E0
E001F000E0
7001F001C0
7003B801C0
7003B801C0
7003B801C0
38071C0380
38071C0380
38071C0380
380F1E0380
1C0E0E0700
1C0E0E0700
1C1E0E0700
1C1C070700
0E1C070E00
0E1C070E00
0E38038E00
0E38038E00
0F38039E00
077801DC00
077001DC00
077001DC00
07F001FC00
03E000F800
03E000F800
03E000F800
ENDCHAR
STARTCHAR wcircumflex
ENCODING 373
SWIDTH 722 0
DWIDTH 25 0
BBX 25 26 0 0
BITMAP
001E0000
003F0000
007F8000
00738000
00E1C000
00000000
00000000
E01C0380
E01C0380
E03E0380
703E0700
70360700
70360F00
38770E00
38730E00
1C631C00
1C631C00
1C631C00
0EE3B800
0EC1B800
0EC1B800
06C1B000
07C1F000
0780E000
0380E000
0380E000
ENDCHAR
STARTCHAR Ycircumflex
ENCODING 374
SWIDTH 666 0
DWIDTH 23 0
BBX 23 33 0 0
BITMAP
007C00
00FC00
00EE00
01C700
038780
000000
000000
F0001E
70001C
380038
3C0078
1C0070
0E00E0
0F01E0
0701C0
038380
03C780
01C700
00EE00
00FE00
007C00
003800
003800
003800
003800
003800
003800
003800
003800
003800
003800
003800
003800
ENDCHAR
STARTCHAR ycircumflex
ENCODING 375
SWIDTH 500 0
DWIDTH 17 0
BBX 17 33 0 -7
BITMAP
01E000
03F000
07F800
073800
0E1C00
000000
000000
E00380
700780
700700
780700
380F00
380E00
3C0E00
1C1C00
1C1C00
0E3C00
0E3800
0F3800
077800
077000
07F000
03E000
03E000
01E000
01C000
01C000
03C000
038000
078000
3F0000
3E0000
3C0000
ENDCHAR
STARTCHAR Ydieresis
ENCODING 376
SWIDTH 666 0
DWIDTH 23 0
BBX 23 31 0 0
BITMAP
01C700
01C700
01C700
000000
000000
F0001E
70001C
380038
3C0078
1C0070
0E00E0
0F01E0
0701C0
038380
03C780
01C700
00EE00
00FE00
007C00
003800
003800
003800
003800
003800
003800
003800
003800
003800
003800
003800
003800
ENDCHAR
STARTCHAR Zacute
ENCODING 377
SWIDTH 610 0
DWIDTH 22 0
BBX 20 33 1 0
BITMAP
003C00
007800
007000
006000
00C000
000000
000000
3FFFE0
3FFFE0
3FFFE0
0001E0
0003C0
000780
000700
000F00
001E00
003C00
003800
007000
00F000
01E000
03C000
038000
078000
0F0000
1E0000
1C0000
380000
780000
F00000
FFFFF0
FFFFF0
FFFFF0
ENDCHAR
STARTCHAR zacute
ENCODING 378
SWIDTH 500 0
DWIDTH 17 0
BBX 16 26 0 0
BITMAP
0078
00F0
00E0
00C0
0180
0000
0000
7FFF
7FFF
7FFF
001E
003C
0078
0070
00F0
01E0
03C0
0780
0F00
1E00
3C00
7800
7000
FFFF
FFFF
FFFF
ENDCHAR
STARTCHAR Zdot
ENCODING 379
SWIDTH 610 0
DWIDTH 22 0
BBX 20 31 1 0
BITMAP
007000
007000
007000
000000
000000
3FFFE0
3FFFE0
3FFFE0
0001E0
0003C0
000780
000700
000F00
001E00
003C00
003800
007000
00F000
01E000
03C000
038000
078000
0F0000
1E0000
1C0000
380000
780000
F00000
FFFFF0
FFFFF0
FFFFF0
ENDCHAR
STARTCHAR zdot
ENCODING 380
SWIDTH 500 0
DWIDTH 17 0
BBX 16 24 0 0
BITMAP
01C0
01C0
01C0
0000
0000
7FFF
7FFF
7FFF
001E
003C
0078
0070
00F0
01E0
03C0
0780
0F00
1E00
3C00
7800
7000
FFFF
FFFF
FFFF
ENDCHAR
STARTCHAR Zcaron
ENCODING 381
SWIDTH 610 0
DWIDTH 22 0
BBX 20 33 1 0
BITMAP
038700
03CE00
01DE00
00FC00
007800
000000
000000
3FFFE0
3FFFE0
3FFFE0
0001E0
0003C0
000780
000700
000F00
001E00
003C00
003800
007000
00F000
01E000
03C000
038000
078000
0F0000
1E0000
1C0000
380000
780000
F00000
FFFFF0
FFFFF0
FFFFF0
ENDCHAR
STARTCHAR zcaron
ENCODING 382
SWIDTH 500 0
DWIDTH 17 0
BBX 16 26 0 0
BITMAP
1C38
0E78
0F70
07E0
03E0
0000
0000
7FFF
7FFF
7FFF
001E
003C
0078
0070
00F0
01E0
03C0
0780
0F00
1E00
3C00
7800
7000
FFFF
FFFF
FFFF
ENDCHAR
STARTCHAR longs
ENCODING 383
SWIDTH 222 0
DWIDTH 7 0
BBX 8 26 2 0
BITMAP
1F
7F
FF
F0
E0
E0
E0
E0
E0
E0
E0
E0
E0
E0
E0
E0
E0
E0
E0
E0
E0
E0
E0
E0
E0
E0
ENDCHAR
STARTCHAR uni018F
ENCODING 399
SWIDTH 752 0
DWIDTH 27 0
BBX 23 26 2 0
BITMAP
00FE00
07FF80
0FFFE0
1F01F0
3C0078
380038
78001C
30001C
00000C
00000E
00000E
FFFFFE
FFFFFE
FFFFFE
E0000E
E0000E
E0000E
70001E
70001C
78003C
380038
3E00F8
1F01F0
0FFFE0
07FFC0
00FE00
ENDCHAR
STARTCHAR florin
ENCODING 402
SWIDTH 556 0
DWIDTH 20 0
BBX 18 33 1 -7
BITMAP
000F80
001FC0
003FC0
003800
003800
007000
007000
07FF00
07FF00
07FF00
00F000
00E000
00E000
00E000
00E000
00E000
01C000
01C000
01C000
01C000
01C000
03C000
038000
038000
038000
038000
038000
070000
070000
070000
FF0000
FE0000
FC0000
ENDCHAR
STARTCHAR Ohorn
ENCODING 416
SWIDTH 857 0
DWIDTH 31 0
BBX 27 26 2 0
BITMAP
00FF00E0
03FFC0E0
0FFFF0E0
1F81F860
1E007C60
3C003C60
78001EC0
70000F80
70000F00
E0000700
E0000700
E0000700
E0000700
E0000700
E0000700
E0000700
E0000700
70000E00
70000E00
78001E00
3C003C00
1E007800
1F81F800
07FFE000
03FFC000
00FF0000
ENDCHAR
STARTCHAR ohorn
ENCODING 417
SWIDTH 655 0
DWIDTH 24 0
BBX 21 19 1 0
BITMAP
03F038
0FFC38
3FFF38
3C0F18
780798
700398
E003F0
E001F0
E001E0
E001C0
E001C0
E001C0
E003C0
700380
780780
3C0F00
3FFF00
0FFC00
03F000
ENDCHAR
STARTCHAR Uhorn
ENCODING 431
SWIDTH 854 0
DWIDTH 31 0
BBX 26 26 3 0
BITMAP
E00071C0
E00071C0
E00071C0
E00070C0
E00070C0
E00070C0
E0007180
E0007700
E0007C00
E0007000
E0007000
E0007000
E0007000
E0007000
E0007000
E0007000
E0007000
E0007000
E0007000
F000E000
7000E000
7801E000
3E07C000
3FFF8000
0FFF0000
03FC0000
ENDCHAR
STARTCHAR uhorn
ENCODING 432
SWIDTH 669 0
DWIDTH 24 0
BBX 20 19 2 0
BITMAP
E00E70
E00E70
E00E70
E00E30
E00E30
E00E30
E00E60
E00EC0
E00F80
E00E00
E00E00
E00E00
E00E00
E01E00
F01E00
F87E00
7FEE00
3FCE00
0F8E00
ENDCHAR
STARTCHAR uni01CD
ENCODING 461
SWIDTH 666 0
DWIDTH 23 0
BBX 23 33 0 0
BITMAP
038380
01C700
00EE00
00FE00
007C00
000000
000000
007C00
007C00
007C00
00EE00
00EE00
01EF00
01C700
01C700
038380
038380
038380
0701C0
0701C0
0F01E0
0E00E0
0FFFE0
1FFFF0
1FFFF0
1C0070
380038
380038
78003C
70001C
70001C
F0001E
E0000E
ENDCHAR
STARTCHAR uni01CE
ENCODING 462
SWIDTH 556 0
DWIDTH 20 0
BBX 17 27 2 0
BITMAP
0E1C00
071C00
03B800
03F000
01F000
000000
000000
000000
07F000
1FFC00
3FFE00
781F00
F00700
E00700
000700
001F00
07FF00
3FFF00
7FE700
780700
E00700
E00F00
E01F00
F03F00
7FFF00
3FF700
1FC380
ENDCHAR
STARTCHAR uni01CF
ENCODING 463
SWIDTH 277 0
DWIDTH 9 0
BBX 10 33 0 0
BITMAP
E1C0
F380
7780
3F00
3E00
0000
0000
1C00
1C00
1C00
1C00
1C00
1C00
1C00
1C00
1C00
1C00
1C00
1C00
1C00
1C00
1C00
1C00
1C00
1C00
1C00
1C00
1C00
1C00
1C00
1C00
1C00
1C00
ENDCHAR
STARTCHAR uni01D0
ENCODING 464
SWIDTH 222 0
DWIDTH 7 0
BBX 10 27 -1 0
BITMAP
E1C0
F380
7780
3F00
1E00
0000
0000
0000
1C00
1C00
1C00
1C00
1C00
1C00
1C00
1C00
1C00
1C00
1C00
1C00
1C00
1C00
1C00
1C00
1C00
1C00
1C00
ENDCHAR
STARTCHAR uni01D1
ENCODING 465
SWIDTH 777 0
DWIDTH 28 0
BBX 24 33 2 0
BITMAP
01C380
01E700
00FF00
007E00
003C00
000000
000000
00FF00
03FFC0
0FFFE0
1F81F8
1E0078
3C003C
78001E
70000E
70000E
E00007
E00007
E00007
E00007
E00007
E00007
E00007
E00007
70000E
70000E
78001E
3C003C
1E0078
1F81F8
07FFF0
03FFC0
00FF00
ENDCHAR
STARTCHAR uni01D2
ENCODING 466
SWIDTH 556 0
DWIDTH 20 0
BBX 16 27 2 0
BITMAP
0E1C
0E38
0770
03F0
03E0
0000
0000
0000
07E0
1FF8
3FFC
7C3E
781E
700E
E007
E007
E007
E007
E007
E007
E007
700E
781E
7C3E
3FFC
1FF8
07E0
ENDCHAR
STARTCHAR uni01D3
ENCODING 467
SWIDTH 722 0
DWIDTH 26 0
BBX 20 33 3 0
BITMAP
070E00
039E00
03FC00
01F800
00F000
000000
000000
E00070
E00070
E00070
E00070
E00070
E00070
E00070
E00070
E00070
E00070
E00070
E00070
E00070
E00070
E00070
E00070
E00070
E00070
E00070
F000F0
7000E0
7801E0
3E07C0
3FFF80
0FFF00
03FC00
ENDCHAR
STARTCHAR uni01D4
ENCODING 468
SWIDTH 556 0
DWIDTH 19 0
BBX 15 27 2 0
BITMAP
1C38
1E70
0EF0
07E0
03C0
0000
0000
0000
E00E
E00E
E00E
E00E
E00E
E00E
E00E
E00E
E00E
E00E
E00E
E00E
E00E
E01E
F01E
F87E
7FEE
3FCE
0F8E
ENDCHAR
STARTCHAR uni01D5
ENCODING 469
SWIDTH 722 0
DWIDTH 26 0
BBX 20 33 3 0
BITMAP
03FC00
03FC00
000000
030C00
030C00
000000
000000
E00070
E00070
E00070
E00070
E00070
E00070
E00070
E00070
E00070
E00070
E00070
E00070
E00070
E00070
E00070
E00070
E00070
E00070
E00070
F000F0
7000E0
7801E0
3E07C0
3FFF80
0FFF00
03FC00
ENDCHAR
STARTCHAR uni01D6
ENCODING 470
SWIDTH 556 0
DWIDTH 19 0
BBX 15 32 2 0
BITMAP
3FF8
3FF8
3FF8
0000
0000
0000
0000
0000
1C70
1C70
1C70
0000
0000
E00E
E00E
E00E
E00E
E00E
E00E
E00E
E00E
E00E
E00E
E00E
E00E
E00E
E01E
F01E
F87E
7FEE
3FCE
0F8E
ENDCHAR
STARTCHAR uni01D7
ENCODING 471
SWIDTH 722 0
DWIDTH 26 0
BBX 20 33 3 0
BITMAP
003C00
007000
006000
030C00
030C00
000000
000000
E00070
E00070
E00070
E00070
E00070
E00070
E00070
E00070
E00070
E00070
E00070
E00070
E00070
E00070
E00070
E00070
E00070
E00070
E00070
F000F0
7000E0
7801E0
3E07C0
3FFF80
0FFF00
03FC00
ENDCHAR
STARTCHAR uni01D8
ENCODING 472
SWIDTH 556 0
DWIDTH 19 0
BBX 15 33 2 0
BITMAP
00F0
01E0
01C0
0180
0300
0000
0000
0000
0000
1C70
1C70
1C70
0000
0000
E00E
E00E
E00E
E00E
E00E
E00E
E00E
E00E
E00E
E00E
E00E
E00E
E00E
E01E
F01E
F87E
7FEE
3FCE
0F8E
ENDCHAR
STARTCHAR uni01D9
ENCODING 473
SWIDTH 722 0
DWIDTH 26 0
BBX 20 33 3 0
BITMAP
01DC00
00F800
00F000
030C00
030C00
000000
000000
E00070
E00070
E00070
E00070
E00070
E00070
E00070
E00070
E00070
E00070
E00070
E00070
E00070
E00070
E00070
E00070
E00070
E00070
E00070
F000F0
7000E0
7801E0
3E07C0
3FFF80
0FFF00
03FC00
ENDCHAR
STARTCHAR uni01DA
ENCODING 474
SWIDTH 556 0
DWIDTH 19 0
BBX 15 33 2 0
BITMAP
1C38
1E70
0EF0
07E0
03C0
0000
0000
0000
0000
1C70
1C70
1C70
0000
0000
E00E
E00E
E00E
E00E
E00E
E00E
E00E
E00E
E00E
E00E
E00E
E00E
E00E
E01E
F01E
F87E
7FEE
3FCE
0F8E
ENDCHAR
STARTCHAR uni01DB
ENCODING 475
SWIDTH 722 0
DWIDTH 26 0
BBX 20 33 3 0
BITMAP
01C000
00E000
007000
030C00
030C00
000000
000000
E00070
E00070
E00070
E00070
E00070
E00070
E00070
E00070
E00070
E00070
E00070
E00070
E00070
E00070
E00070
E00070
E00070
E00070
E00070
F000F0
7000E0
7801E0
3E07C0
3FFF80
0FFF00
03FC00
ENDCHAR
STARTCHAR uni01DC
ENCODING 476
SWIDTH 556 0
DWIDTH 19 0
BBX 15 33 2 0
BITMAP
0F00
0700
0380
0380
0180
0000
0000
0000
0000
1C70
1C70
1C70
0000
0000
E00E
E00E
E00E
E00E
E00E
E00E
E00E
E00E
E00E
E00E
E00E
E00E
E00E
E01E
F01E
F87E
7FEE
3FCE
0F8E
ENDCHAR
STARTCHAR Aringacute
ENCODING 506
SWIDTH 666 0
DWIDTH 23 0
BBX 23 35 0 0
BITMAP
000F00
001E00
001C00
001800
003000
003800
004400
004400
004400
007C00
007C00
007C00
00EE00
00EE00
01EF00
01C700
01C700
038380
038380
038380
0701C0
0701C0
0F01E0
0E00E0
0FFFE0
1FFFF0
1FFFF0
1C0070
380038
380038
78003C
70001C
70001C
F0001E
E0000E
ENDCHAR
STARTCHAR aringacute
ENCODING 507
SWIDTH 556 0
DWIDTH 20 0
BBX 17 32 2 0
BITMAP
007800
00F000
00E000
00C000
018000
000000
01C000
022000
022000
022000
01C000
000000
000000
07F000
1FFC00
3FFE00
781F00
F00700
E00700
000700
001F00
07FF00
3FFF00
7FE700
780700
E00700
E00F00
E01F00
F03F00
7FFF00
3FF700
1FC380
ENDCHAR
STARTCHAR AEacute
ENCODING 508
SWIDTH 1000 0
DWIDTH 36 0
BBX 34 33 0 0
BITMAP
0000F00000
0000E00000
0000E00000
0001C00000
0001800000
0000000000
0000000000
000FFFFF80
001FFFFF80
001FFFFF80
003C700000
0038700000
0078700000
0070700000
00F0700000
00E0700000
00E0700000
01C0700000
01C07FFF00
03807FFF00
03807FFF00
0700700000
07FFF00000
0FFFF00000
0FFFF00000
1C00700000
1C00700000
3800700000
3800700000
7000700000
70007FFFC0
E0007FFFC0
E0007FFFC0
ENDCHAR
STARTCHAR aeacute
ENCODING 509
SWIDTH 889 0
DWIDTH 32 0
BBX 29 26 1 0
BITMAP
0000F000
0001E000
0001C000
00018000
00030000
00000000
00000000
07F03F00
1FFCFFC0
3FFFFFE0
781FC1E0
F00F0070
E00E0030
003E0038
07FFFFF8
3FFFFFF8
7FEFFFF8
780E0000
F00E0000
E00E0000
E01F0038
E01F8070
F07FC1F0
7FF9FFE0
3FF0FFC0
1F803F00
ENDCHAR
STARTCHAR Oslashacute
ENCODING 510
SWIDTH 777 0
DWIDTH 28 0
BBX 25 34 1 -1
BITMAP
0003C000
00078000
00070000
00060000
000C0000
00000000
00000000
007F8380
01FFE780
07FFFF00
0FC0FE00
0F003E00
1E003E00
3C007F00
3800F700
3801E700
7003C780
70078380
700F0380
701E0380
701C0380
70380380
70780380
70F00380
79E00700
3BC00700
3F800F00
1F001E00
1F003C00
1FC0FC00
3FFFF000
7BFFE000
F07F8000
60000000
ENDCHAR
STARTCHAR oslashacute
ENCODING 511
SWIDTH 610 0
DWIDTH 22 0
BBX 17 27 2 -1
BITMAP
00F000
01E000
01C000
018000
030000
000000
000300
07E780
1FFF00
3FFE00
7C1E00
783F00
F07F00
E0F380
E0E380
E1E380
E3C380
E78380
E70380
EE0780
FE0700
7C0F00
781E00
7FFE00
FFFC00
E7F000
400000
ENDCHAR
STARTCHAR uni0259
ENCODING 601
SWIDTH 556 0
DWIDTH 20 0
BBX 18 19 1 0
BITMAP
07F000
1FFC00
3FFF00
7C1F00
F00780
E00380
0003C0
0001C0
0001C0
FFFFC0
FFFFC0
FFFFC0
E001C0
600380
700380
3C0F00
3FFE00
1FFC00
03F000
ENDCHAR
STARTCHAR circumflex
ENCODING 710
SWIDTH 333 0
DWIDTH 12 0
BBX 10 5 1 21
BITMAP
1E00
3F00
7F80
7380
E1C0
ENDCHAR
STARTCHAR caron
ENCODING 711
SWIDTH 333 0
DWIDTH 12 0
BBX 10 5 1 21
BITMAP
E1C0
7380
7F80
3F00
1E00
ENDCHAR
STARTCHAR macron
ENCODING 713
SWIDTH 333 0
DWIDTH 12 0
BBX 11 3 0 22
BITMAP
FFE0
FFE0
FFE0
ENDCHAR
STARTCHAR breve
ENCODING 728
SWIDTH 333 0
DWIDTH 12 0
BBX 11 5 0 21
BITMAP
C060
E0E0
60C0
7FC0
1F00
ENDCHAR
STARTCHAR dotaccent
ENCODING 729
SWIDTH 333 0
DWIDTH 12 0
BBX 3 3 4 22
BITMAP
E0
E0
E0
ENDCHAR
STARTCHAR ring
ENCODING 730
SWIDTH 333 0
DWIDTH 12 0
BBX 5 5 3 21
BITMAP
70
88
88
88
70
ENDCHAR
STARTCHAR ogonek
ENCODING 731
SWIDTH 333 0
DWIDTH 12 0
BBX 8 7 3 -7
BITMAP
60
C0
C0
C0
E1
7F
3E
ENDCHAR
STARTCHAR tilde
ENCODING 732
SWIDTH 333 0
DWIDTH 11 0
BBX 11 5 0 21
BITMAP
38E0
7CE0
FFE0
E7C0
E380
ENDCHAR
STARTCHAR hungarumlaut
ENCODING 733
SWIDTH 333 0
DWIDTH 12 0
BBX 11 5 1 21
BITMAP
38E0
71C0
71C0
6180
C300
ENDCHAR
STARTCHAR combininggraveaccent
ENCODING 768
SWIDTH 0 0
DWIDTH 0 0
BBX 6 5 -9 27
BITMAP
F0
78
38
18
0C
ENDCHAR
STARTCHAR combiningacuteaccent
ENCODING 769
SWIDTH 0 0
DWIDTH 0 0
BBX 6 5 -6 27
BITMAP
3C
78
70
60
C0
ENDCHAR
STARTCHAR combiningtildeaccent
ENCODING 771
SWIDTH 0 0
DWIDTH 0 0
BBX 13 4 -17 27
BITMAP
3C38
7E38
E3F0
E1E0
ENDCHAR
STARTCHAR combininghookabove
ENCODING 777
SWIDTH 0 0
DWIDTH 0 0
BBX 7 6 -8 27
BITMAP
F8
FE
0E
0E
3C
30
ENDCHAR
STARTCHAR combiningdotbelow
ENCODING 803
SWIDTH 0 0
DWIDTH 0 0
BBX 3 3 -13 -5
BITMAP
E0
E0
E0
ENDCHAR
STARTCHAR semicolon.dup3
ENCODING 894
SWIDTH 277 0
DWIDTH 10 0
BBX 3 25 3 -6
BITMAP
E0
E0
E0
00
00
00
00
00
00
00
00
00
00
00
00
00
E0
E0
E0
60
60
60
60
C0
80
ENDCHAR
STARTCHAR tonos
ENCODING 900
SWIDTH 333 0
DWIDTH 12 0
BBX 6 5 4 21
BITMAP
3C
78
70
60
C0
ENDCHAR
STARTCHAR dieresistonos
ENCODING 901
SWIDTH 333 0
DWIDTH 12 0
BBX 12 5 0 21
BITMAP
0380
0700
E770
E670
EC70
ENDCHAR
STARTCHAR Alphatonos
ENCODING 902
SWIDTH 667 0
DWIDTH 23 0
BBX 23 26 0 0
BITMAP
0E7C00
1C7C00
3C7C00
38EE00
70EE00
01EF00
01C700
01C700
038380
038380
038380
0701C0
0701C0
0F01E0
0E00E0
0FFFE0
1FFFF0
1FFFF0
1C0070
380038
380038
78003C
70001C
70001C
F0001E
E0000E
ENDCHAR
STARTCHAR anoteleia
ENCODING 903
SWIDTH 277 0
DWIDTH 9 0
BBX 3 3 3 16
BITMAP
E0
E0
E0
ENDCHAR
STARTCHAR Epsilontonos
ENCODING 904
SWIDTH 784 0
DWIDTH 28 0
BBX 28 26 -2 0
BITMAP
1C7FFFE0
387FFFE0
787FFFE0
70700000
E0700000
00700000
00700000
00700000
00700000
00700000
00700000
007FFFC0
007FFFC0
007FFFC0
00700000
00700000
00700000
00700000
00700000
00700000
00700000
00700000
00700000
007FFFF0
007FFFF0
007FFFF0
ENDCHAR
STARTCHAR Etatonos
ENCODING 905
SWIDTH 837 0
DWIDTH 30 0
BBX 29 26 -2 0
BITMAP
1CE00038
38E00038
78E00038
70E00038
E0E00038
00E00038
00E00038
00E00038
00E00038
00E00038
00E00038
00FFFFF8
00FFFFF8
00FFFFF8
00E00038
00E00038
00E00038
00E00038
00E00038
00E00038
00E00038
00E00038
00E00038
00E00038
00E00038
00E00038
ENDCHAR
STARTCHAR Iotatonos
ENCODING 906
SWIDTH 383 0
DWIDTH 14 0
BBX 11 26 -2 0
BITMAP
1CE0
38E0
78E0
70E0
E0E0
00E0
00E0
00E0
00E0
00E0
00E0
00E0
00E0
00E0
00E0
00E0
00E0
00E0
00E0
00E0
00E0
00E0
00E0
00E0
00E0
00E0
ENDCHAR
STARTCHAR Omicrontonos
ENCODING 908
SWIDTH 774 0
DWIDTH 28 0
BBX 28 26 -2 0
BITMAP
1C0FF000
383FFC00
78FFFE00
71F81F80
E1E00780
03C003C0
078001E0
070000E0
070000E0
0E000070
0E000070
0E000070
0E000070
0E000070
0E000070
0E000070
0E000070
070000E0
070000E0
078001E0
03C003C0
01E00780
01F81F80
00FFFF00
003FFC00
000FF000
ENDCHAR
STARTCHAR Upsilontonos
ENCODING 910
SWIDTH 855 0
DWIDTH 29 0
BBX 31 26 -2 0
BITMAP
1CF0001E
3870001C
78380038
703C0078
E01C0070
000E00E0
000F01E0
000701C0
00038380
0003C780
0001C700
0000EE00
0000FE00
00007C00
00003800
00003800
00003800
00003800
00003800
00003800
00003800
00003800
00003800
00003800
00003800
00003800
ENDCHAR
STARTCHAR Omegatonos
ENCODING 911
SWIDTH 752 0
DWIDTH 27 0
BBX 27 26 -2 0
BITMAP
1C0FE000
383FF800
787FFC00
70F83E00
E1E00F00
03C00780
03C00780
03800380
078003C0
070001C0
070001C0
070001C0
070001C0
070001C0
070001C0
070001C0
03800180
03800380
03800380
01C00700
01E00F00
00F01E00
00783C00
0FFC7FE0
0FFC7FE0
0FFC7FE0
ENDCHAR
STARTCHAR iotadieresistonos
ENCODING 912
SWIDTH 222 0
DWIDTH 7 0
BBX 12 27 -2 0
BITMAP
0380
0700
E770
E670
EC70
0000
0000
0000
0E00
0E00
0E00
0E00
0E00
0E00
0E00
0E00
0E00
0E00
0E00
0E00
0E00
0E00
0E00
0E00
0E00
0E00
0E00
ENDCHAR
STARTCHAR Alpha
ENCODING 913
SWIDTH 666 0
DWIDTH 23 0
BBX 23 26 0 0
BITMAP
007C00
007C00
007C00
00EE00
00EE00
01EF00
01C700
01C700
038380
038380
038380
0701C0
0701C0
0F01E0
0E00E0
0FFFE0
1FFFF0
1FFFF0
1C0070
380038
380038
78003C
70001C
70001C
F0001E
E0000E
ENDCHAR
STARTCHAR Beta
ENCODING 914
SWIDTH 666 0
DWIDTH 24 0
BBX 19 26 3 0
BITMAP
FFF800
FFFE00
FFFF80
E00780
E003C0
E001C0
E001C0
E001C0
E001C0
E00380
E00780
FFFF00
FFFF00
FFFF80
E007C0
E001C0
E000E0
E000E0
E000E0
E000E0
E000E0
E001C0
E007C0
FFFF80
FFFF00
FFFC00
ENDCHAR
STARTCHAR Gamma
ENCODING 915
SWIDTH 550 0
DWIDTH 20 0
BBX 18 26 3 0
BITMAP
FFFFC0
FFFFC0
FFFFC0
E00000
E00000
E00000
E00000
E00000
E00000
E00000
E00000
E00000
E00000
E00000
E00000
E00000
E00000
E00000
E00000
E00000
E00000
E00000
E00000
E00000
E00000
E00000
ENDCHAR
STARTCHAR Delta
ENCODING 916
SWIDTH 667 0
DWIDTH 24 0
BBX 23 26 0 0
BITMAP
007C00
007C00
007C00
00FE00
00EE00
00EE00
01C700
01C700
03C780
038380
038380
0701C0
0701C0
0F01E0
0E00E0
0E00E0
1C0070
1C0070
3C0078
380038
380038
70001C
70001C
FFFFFE
FFFFFE
FFFFFE
ENDCHAR
STARTCHAR Epsilon
ENCODING 917
SWIDTH 666 0
DWIDTH 24 0
BBX 19 26 3 0
BITMAP
FFFFC0
FFFFC0
FFFFC0
E00000
E00000
E00000
E00000
E00000
E00000
E00000
E00000
FFFF80
FFFF80
FFFF80
E00000
E00000
E00000
E00000
E00000
E00000
E00000
E00000
E00000
FFFFE0
FFFFE0
FFFFE0
ENDCHAR
STARTCHAR Zeta
ENCODING 918
SWIDTH 610 0
DWIDTH 22 0
BBX 20 26 1 0
BITMAP
3FFFE0
3FFFE0
3FFFE0
0001E0
0003C0
000780
000700
000F00
001E00
003C00
003800
007000
00F000
01E000
03C000
038000
078000
0F0000
1E0000
1C0000
380000
780000
F00000
FFFFF0
FFFFF0
FFFFF0
ENDCHAR
STARTCHAR Eta
ENCODING 919
SWIDTH 722 0
DWIDTH 26 0
BBX 20 26 3 0
BITMAP
E00070
E00070
E00070
E00070
E00070
E00070
E00070
E00070
E00070
E00070
E00070
FFFFF0
FFFFF0
FFFFF0
E00070
E00070
E00070
E00070
E00070
E00070
E00070
E00070
E00070
E00070
E00070
E00070
ENDCHAR
STARTCHAR Theta
ENCODING 920
SWIDTH 777 0
DWIDTH 28 0
BBX 24 26 2 0
BITMAP
00FF00
03FFC0
0FFFE0
1F81F8
1E0078
3C003C
78001E
70000E
70000E
E00007
E00007
E3FFC7
E3FFC7
E3FFC7
E00007
E00007
E00007
70000E
70000E
78001E
3C003C
1E0078
1F81F8
0FFFF0
03FFC0
00FF00
ENDCHAR
STARTCHAR Iota
ENCODING 921
SWIDTH 277 0
DWIDTH 9 0
BBX 3 26 3 0
BITMAP
E0
E0
E0
E0
E0
E0
E0
E0
E0
E0
E0
E0
E0
E0
E0
E0
E0
E0
E0
E0
E0
E0
E0
E0
E0
E0
ENDCHAR
STARTCHAR Kappa
ENCODING 922
SWIDTH 666 0
DWIDTH 24 0
BBX 21 26 3 0
BITMAP
E000F0
E001E0
E003C0
E00780
E00F00
E01E00
E03C00
E07800
E0F000
E1E000
E3C000
E7C000
EFE000
FEF000
FC7800
F83800
F03C00
E01E00
E00E00
E00700
E00780
E003C0
E001C0
E000E0
E000F0
E00078
ENDCHAR
STARTCHAR Lambda
ENCODING 923
SWIDTH 667 0
DWIDTH 24 0
BBX 23 26 0 0
BITMAP
003C00
007C00
007C00
00FE00
00EE00
00EE00
01C700
01C700
03C780
038380
038380
0701C0
0701C0
0F01E0
0E00E0
0E00E0
1C0070
1C0070
3C0078
380038
380038
70001C
70001C
F0001E
E0000E
E0000E
ENDCHAR
STARTCHAR Mu
ENCODING 924
SWIDTH 833 0
DWIDTH 29 0
BBX 23 26 3 0
BITMAP
F8003E
FC007E
FC007E
FC007E
FE007E
EE00EE
EE00EE
EE00EE
E701CE
E701CE
E701CE
E781CE
E3838E
E3838E
E3838E
E1C70E
E1C70E
E1C70E
E1EE0E
E0EE0E
E0EE0E
E0EE0E
E07C0E
E07C0E
E07C0E
E0780E
ENDCHAR
STARTCHAR Nu
ENCODING 925
SWIDTH 722 0
DWIDTH 26 0
BBX 20 26 3 0
BITMAP
F00070
F00070
F80070
FC0070
FC0070
FE0070
EE0070
E70070
E78070
E38070
E1C070
E1E070
E0E070
E07070
E07870
E03870
E01C70
E01E70
E00E70
E00770
E007F0
E003F0
E003F0
E001F0
E000F0
E000F0
ENDCHAR
STARTCHAR Xi
ENCODING 926
SWIDTH 649 0
DWIDTH 23 0
BBX 19 26 2 0
BITMAP
FFFFE0
FFFFE0
FFFFE0
000000
000000
000000
000000
000000
000000
000000
000000
000000
3FFF80
3FFF80
3FFF80
000000
000000
000000
000000
000000
000000
000000
000000
FFFFE0
FFFFE0
FFFFE0
ENDCHAR
STARTCHAR Omicron
ENCODING 927
SWIDTH 777 0
DWIDTH 28 0
BBX 24 26 2 0
BITMAP
00FF00
03FFC0
0FFFE0
1F81F8
1E0078
3C003C
78001E
70000E
70000E
E00007
E00007
E00007
E00007
E00007
E00007
E00007
E00007
70000E
70000E
78001E
3C003C
1E0078
1F81F8
07FFF0
03FFC0
00FF00
ENDCHAR
STARTCHAR Pi
ENCODING 928
SWIDTH 722 0
DWIDTH 26 0
BBX 20 26 3 0
BITMAP
FFFFF0
FFFFF0
FFFFF0
E00070
E00070
E00070
E00070
E00070
E00070
E00070
E00070
E00070
E00070
E00070
E00070
E00070
E00070
E00070
E00070
E00070
E00070
E00070
E00070
E00070
E00070
E00070
ENDCHAR
STARTCHAR Rho
ENCODING 929
SWIDTH 666 0
DWIDTH 24 0
BBX 19 26 3 0
BITMAP
FFFC00
FFFF00
FFFF80
E003C0
E001C0
E000E0
E000E0
E000E0
E000E0
E000E0
E001C0
E007C0
FFFF80
FFFF00
FFFC00
E00000
E00000
E00000
E00000
E00000
E00000
E00000
E00000
E00000
E00000
E00000
ENDCHAR
STARTCHAR Sigma
ENCODING 931
SWIDTH 618 0
DWIDTH 22 0
BBX 18 26 3 0
BITMAP
FFFF80
FFFF80
FFFF80
F00000
780000
3C0000
1E0000
0F0000
070000
038000
03C000
01E000
00F000
01E000
01C000
038000
078000
0F0000
1E0000
3C0000
380000
700000
F00000
FFFFC0
FFFFC0
FFFFC0
ENDCHAR
STARTCHAR Tau
ENCODING 932
SWIDTH 610 0
DWIDTH 21 0
BBX 19 26 1 0
BITMAP
FFFFE0
FFFFE0
FFFFE0
00E000
00E000
00E000
00E000
00E000
00E000
00E000
00E000
00E000
00E000
00E000
00E000
00E000
00E000
00E000
00E000
00E000
00E000
00E000
00E000
00E000
00E000
00E000
ENDCHAR
STARTCHAR Upsilon
ENCODING 933
SWIDTH 666 0
DWIDTH 23 0
BBX 23 26 0 0
BITMAP
F0001E
70001C
380038
3C0078
1C0070
0E00E0
0F01E0
0701C0
038380
03C780
01C700
00EE00
00FE00
007C00
003800
003800
003800
003800
003800
003800
003800
003800
003800
003800
003800
003800
ENDCHAR
STARTCHAR Phi
ENCODING 934
SWIDTH 797 0
DWIDTH 29 0
BBX 25 26 2 0
BITMAP
001C0000
001C0000
001C0000
01FF8000
07FFF000
1FFFFC00
3F1C3E00
781C0F00
701C0700
F01C0780
E01C0380
E01C0380
E01C0380
E01C0380
E01C0380
F01C0780
701C0700
7C1C1F00
3F1C7E00
1FFFFC00
07FFF000
01FFC000
001C0000
001C0000
001C0000
001C0000
ENDCHAR
STARTCHAR Chi
ENCODING 935
SWIDTH 666 0
DWIDTH 23 0
BBX 23 26 0 0
BITMAP
78003C
3C0078
1C0070
1E00F0
0F01E0
0701C0
038380
03C780
01EF00
00EE00
00FE00
007C00
003800
007C00
00FE00
01EF00
01C700
03C780
0783C0
0701C0
0E00E0
1E00F0
3C0078
380038
78003C
F0001E
ENDCHAR
STARTCHAR Psi
ENCODING 936
SWIDTH 835 0
DWIDTH 30 0
BBX 26 26 2 0
BITMAP
E01C01C0
E01C01C0
E01C01C0
E01C01C0
E01C01C0
E01C01C0
E01C01C0
E01C01C0
E01C01C0
E01C01C0
E01C03C0
701C0380
701C0780
7C1C0F80
3F1C7F00
1FFFFE00
0FFFF800
01FFE000
001C0000
001C0000
001C0000
001C0000
001C0000
001C0000
001C0000
001C0000
ENDCHAR
STARTCHAR Omega
ENCODING 937
SWIDTH 747 0
DWIDTH 27 0
BBX 23 26 2 0
BITMAP
00FE00
03FF80
07FFC0
0F83E0
1E00F0
3C0078
3C0078
380038
78003C
70001C
70001C
70001C
70001C
70001C
70001C
70001C
380018
380038
380038
1C0070
1E00F0
0F01E0
0783C0
FFC7FE
FFC7FE
FFC7FE
ENDCHAR
STARTCHAR Iotadieresis
ENCODING 938
SWIDTH 277 0
DWIDTH 9 0
BBX 9 31 0 0
BITMAP
E380
E380
E380
0000
0000
1C00
1C00
1C00
1C00
1C00
1C00
1C00
1C00
1C00
1C00
1C00
1C00
1C00
1C00
1C00
1C00
1C00
1C00
1C00
1C00
1C00
1C00
1C00
1C00
1C00
1C00
ENDCHAR
STARTCHAR Upsilondieresis
ENCODING 939
SWIDTH 666 0
DWIDTH 23 0
BBX 23 31 0 0
BITMAP
01C700
01C700
01C700
000000
000000
F0001E
70001C
380038
3C0078
1C0070
0E00E0
0F01E0
0701C0
038380
03C780
01C700
00EE00
00FE00
007C00
003800
003800
003800
003800
003800
003800
003800
003800
003800
003800
003800
003800
ENDCHAR
STARTCHAR alphatonos
ENCODING 940
SWIDTH 578 0
DWIDTH 21 0
BBX 19 26 1 0
BITMAP
003C00
007800
007000
006000
00C000
000000
000000
07F0E0
1FF8E0
3FFDC0
3C1FC0
780FC0
7007C0
E003C0
E00380
E00380
E00380
E00380
E00380
E00780
7007C0
780FC0
3C1FC0
3FFDC0
1FF9E0
07F0E0
ENDCHAR
STARTCHAR epsilontonos
ENCODING 941
SWIDTH 445 0
DWIDTH 16 0
BBX 14 26 1 0
BITMAP
03C0
0380
0380
0700
0600
0000
0000
0FC0
3FE0
3FF0
7878
7020
7000
7800
3F80
1F80
3F80
7800
F000
E000
E000
E010
F87C
7FF8
3FF0
0FC0
ENDCHAR
STARTCHAR etatonos
ENCODING 942
SWIDTH 556 0
DWIDTH 20 0
BBX 16 33 2 -7
BITMAP
0078
00F0
00E0
00C0
0180
0000
0000
E3F0
EFFC
FFFE
FC1F
F80F
F007
F007
E007
E007
E007
E007
E007
E007
E007
E007
E007
E007
E007
E007
0007
0007
0007
0007
0007
0007
0007
ENDCHAR
STARTCHAR iotatonos
ENCODING 943
SWIDTH 222 0
DWIDTH 7 0
BBX 6 26 1 0
BITMAP
3C
78
70
60
C0
00
00
70
70
70
70
70
70
70
70
70
70
70
70
70
70
70
70
70
70
70
ENDCHAR
STARTCHAR upsilondieresistonos
ENCODING 944
SWIDTH 546 0
DWIDTH 20 0
BBX 16 26 2 0
BITMAP
00E0
01C0
399C
3B9C
3B1C
0000
0000
E007
E007
E007
E007
E007
E007
E007
E007
E007
E007
E007
E007
E007
F00F
F00E
7C3E
3FFC
1FF8
07E0
ENDCHAR
STARTCHAR alpha
ENCODING 945
SWIDTH 578 0
DWIDTH 21 0
BBX 19 19 1 0
BITMAP
07F0E0
1FF8E0
3FFDC0
3C1FC0
780FC0
7007C0
E003C0
E00380
E00380
E00380
E00380
E00380
E00780
7007C0
780FC0
3C1FC0
3FFDC0
1FF9E0
07F0E0
ENDCHAR
STARTCHAR beta
ENCODING 946
SWIDTH 575 0
DWIDTH 21 0
BBX 17 33 2 -7
BITMAP
07F000
1FFC00
3FFE00
7C1E00
700F00
E00700
E00700
E00700
E00E00
E03E00
E3FC00
E3E000
E3FC00
E01E00
E00F00
E00700
E00380
E00380
E00380
E00380
F00780
F80700
FC1F00
EFFE00
E7FC00
E3F000
E00000
E00000
E00000
E00000
E00000
E00000
E00000
ENDCHAR
STARTCHAR gamma
ENCODING 947
SWIDTH 500 0
DWIDTH 18 0
BBX 15 26 1 -7
BITMAP
E00E
E00E
E00E
701C
701C
783C
3838
3838
3C78
1C70
1C70
1EF0
0EE0
0EE0
0FE0
07C0
07C0
07C0
0380
0380
0380
0380
0380
0380
0380
0380
ENDCHAR
STARTCHAR delta
ENCODING 948
SWIDTH 556 0
DWIDTH 20 0
BBX 17 26 1 0
BITMAP
3FFE00
3FFE00
3FFE00
1E0000
0F0000
078000
01E000
07F000
1FFC00
3FFE00
7C1E00
780F00
700700
F00780
E00380
E00380
E00380
E00380
E00380
F00380
700700
780F00
3C1E00
3FFE00
1FF800
07E000
ENDCHAR
STARTCHAR epsilon
ENCODING 949
SWIDTH 445 0
DWIDTH 16 0
BBX 14 19 1 0
BITMAP
0FC0
3FE0
3FF0
7878
7020
7000
7800
3F80
1F80
3F80
7800
F000
E000
E000
E010
F87C
7FF8
3FF0
0FC0
ENDCHAR
STARTCHAR zeta
ENCODING 950
SWIDTH 440 0
DWIDTH 16 0
BBX 15 33 1 -7
BITMAP
1FFE
1FFE
1FFE
003C
0070
01E0
03C0
0780
0700
0E00
1C00
3800
3800
7000
7000
F000
E000
E000
E000
E000
E000
F000
7800
7FF0
3FFC
0FFC
001E
000E
000E
001E
007C
00F8
00E0
ENDCHAR
STARTCHAR eta
ENCODING 951
SWIDTH 556 0
DWIDTH 20 0
BBX 16 26 2 -7
BITMAP
E3F0
EFFC
FFFE
FC1F
F80F
F007
F007
E007
E007
E007
E007
E007
E007
E007
E007
E007
E007
E007
E007
0007
0007
0007
0007
0007
0007
0007
ENDCHAR
STARTCHAR theta
ENCODING 952
SWIDTH 556 0
DWIDTH 20 0
BBX 16 26 2 0
BITMAP
07E0
0FF8
1FF8
3C3C
781E
700E
700E
E007
E007
E007
E007
FFFF
FFFF
FFFF
E007
E007
E007
E007
E00F
700E
700E
781E
3C3C
3FF8
1FF8
07E0
ENDCHAR
STARTCHAR iota
ENCODING 953
SWIDTH 222 0
DWIDTH 7 0
BBX 3 19 2 0
BITMAP
E0
E0
E0
E0
E0
E0
E0
E0
E0
E0
E0
E0
E0
E0
E0
E0
E0
E0
E0
ENDCHAR
STARTCHAR kappa
ENCODING 954
SWIDTH 500 0
DWIDTH 18 0
BBX 15 19 2 0
BITMAP
E03C
E078
E0F0
E1E0
E3C0
E780
EF00
FE00
FE00
FF00
E780
E380
E1C0
E1E0
E0F0
E078
E038
E01C
E01E
ENDCHAR
STARTCHAR lambda
ENCODING 955
SWIDTH 500 0
DWIDTH 18 0
BBX 17 26 0 0
BITMAP
0E0000
0F0000
070000
070000
038000
038000
03C000
01C000
01C000
03E000
03E000
07F000
077000
077000
0E3800
0E3800
1E3C00
1C1C00
1C1C00
380E00
380E00
780F00
700700
700700
E00380
E00380
ENDCHAR
STARTCHAR mu
ENCODING 956
SWIDTH 576 0
DWIDTH 21 0
BBX 15 26 3 -7
BITMAP
E00E
E00E
E00E
E00E
E00E
E00E
E00E
E00E
E00E
E00E
E00E
E00E
E00E
F01E
F01E
F87E
FFFE
EFEE
E7CE
E000
E000
E000
E000
E000
E000
E000
ENDCHAR
STARTCHAR nu
ENCODING 957
SWIDTH 500 0
DWIDTH 17 0
BBX 17 19 0 0
BITMAP
E00380
700700
700700
700700
380E00
380E00
3C1E00
1C1C00
1C1C00
0E3800
0E3800
0E3800
077000
077000
077000
03E000
03E000
01C000
01C000
ENDCHAR
STARTCHAR xi
ENCODING 958
SWIDTH 447 0
DWIDTH 16 0
BBX 15 33 1 -7
BITMAP
03F8
1FF8
3FF8
7C00
7000
7000
7000
3C00
3FF8
0FF8
07F8
1F80
3E00
3800
7000
F000
E000
E000
E000
E000
F000
7000
7C00
3FF0
1FFC
03FC
001E
000E
000E
003E
00FC
01F8
01E0
ENDCHAR
STARTCHAR omicron
ENCODING 959
SWIDTH 556 0
DWIDTH 20 0
BBX 16 19 2 0
BITMAP
07E0
1FF8
3FFC
7C3E
781E
700E
E007
E007
E007
E007
E007
E007
E007
700E
781E
7C3E
3FFC
1FF8
07E0
ENDCHAR
STARTCHAR pi
ENCODING 960
SWIDTH 689 0
DWIDTH 25 0
BBX 23 19 1 0
BITMAP
FFFFFE
FFFFFE
FFFFFE
0701C0
0701C0
0701C0
0701C0
0701C0
0701C0
0701C0
0701C0
0701C0
0701C0
0701C0
0701C0
0701C0
0701C0
0701C0
0701C0
ENDCHAR
STARTCHAR rho
ENCODING 961
SWIDTH 568 0
DWIDTH 20 0
BBX 16 26 2 -7
BITMAP
07E0
1FF8
3FFC
7C3C
701E
700E
E007
E007
E007
E007
E007
E007
E007
F00E
F01E
FC3C
FFFC
EFF8
E7E0
E000
E000
E000
E000
E000
E000
E000
ENDCHAR
STARTCHAR sigma1
ENCODING 962
SWIDTH 481 0
DWIDTH 17 0
BBX 14 26 2 -7
BITMAP
01F8
07FC
1FFC
3E00
3C00
7800
7000
E000
E000
E000
E000
E000
E000
F000
7800
7E00
3FC0
1FE0
07F0
0078
0038
0038
0078
03F0
07E0
07C0
ENDCHAR
STARTCHAR sigma
ENCODING 963
SWIDTH 617 0
DWIDTH 22 0
BBX 19 19 2 0
BITMAP
07FFE0
0FFFE0
3FFFE0
7C1E00
780F00
700700
E00380
E00380
E00380
E00380
E00380
E00380
E00380
700700
780F00
7C1F00
3FFE00
1FF800
07E000
ENDCHAR
STARTCHAR tau
ENCODING 964
SWIDTH 395 0
DWIDTH 14 0
BBX 9 19 2 0
BITMAP
FF80
FF80
FF80
1C00
1C00
1C00
1C00
1C00
1C00
1C00
1C00
1C00
1C00
1C00
1C00
1C00
1C00
1C00
1C00
ENDCHAR
STARTCHAR upsilon
ENCODING 965
SWIDTH 546 0
DWIDTH 20 0
BBX 16 19 2 0
BITMAP
E007
E007
E007
E007
E007
E007
E007
E007
E007
E007
E007
E007
E007
F00F
F00E
7C3E
3FFC
1FF8
07E0
ENDCHAR
STARTCHAR phi
ENCODING 966
SWIDTH 648 0
DWIDTH 23 0
BBX 21 26 1 -7
BITMAP
071F00
1F3FC0
3E7FE0
3C78F0
787070
707070
E07038
E07038
E07038
E07038
E07038
E07038
707070
7870F0
7C71E0
3E73C0
1FFF80
0FFF00
03FC00
007000
007000
007000
007000
007000
007000
007000
ENDCHAR
STARTCHAR chi
ENCODING 967
SWIDTH 524 0
DWIDTH 19 0
BBX 17 26 1 -7
BITMAP
700380
780780
380700
3C0E00
1C0E00
0E1C00
0E3C00
073800
077800
03F000
03E000
01E000
01C000
01E000
03E000
03F000
077000
0F3800
0E3800
1E1C00
1C1E00
380E00
380F00
700700
F00780
E00380
ENDCHAR
STARTCHAR psi
ENCODING 968
SWIDTH 712 0
DWIDTH 25 0
BBX 21 26 2 -7
BITMAP
E07038
E07038
E07038
E07038
E07038
E07038
E07038
E07038
E07038
E07038
E07038
E07038
E07038
F07078
7870F0
3C71F0
3FFFE0
1FFF80
03FE00
007000
007000
007000
007000
007000
007000
007000
ENDCHAR
STARTCHAR omega
ENCODING 969
SWIDTH 780 0
DWIDTH 28 0
BBX 24 19 2 0
BITMAP
1C0038
38001C
38001C
70000E
70000E
701C0E
E01C07
E01C07
E01C07
E01C07
E01C07
E01C07
E01C07
F01C0F
70360E
78771E
3FE7FC
1FE3F8
0F80F0
ENDCHAR
STARTCHAR iotadieresis
ENCODING 970
SWIDTH 222 0
DWIDTH 7 0
BBX 9 24 -1 0
BITMAP
E380
E380
E380
0000
0000
1C00
1C00
1C00
1C00
1C00
1C00
1C00
1C00
1C00
1C00
1C00
1C00
1C00
1C00
1C00
1C00
1C00
1C00
1C00
ENDCHAR
STARTCHAR upsilondieresis
ENCODING 971
SWIDTH 546 0
DWIDTH 20 0
BBX 16 24 2 0
BITMAP
0E38
0E38
0E38
0000
0000
E007
E007
E007
E007
E007
E007
E007
E007
E007
E007
E007
E007
E007
F00F
F00E
7C3E
3FFC
1FF8
07E0
ENDCHAR
STARTCHAR omicrontonos
ENCODING 972
SWIDTH 556 0
DWIDTH 20 0
BBX 16 26 2 0
BITMAP
00F0
01E0
01C0
0180
0300
0000
0000
07E0
1FF8
3FFC
7C3E
781E
700E
E007
E007
E007
E007
E007
E007
E007
700E
781E
7C3E
3FFC
1FF8
07E0
ENDCHAR
STARTCHAR upsilontonos
ENCODING 973
SWIDTH 546 0
DWIDTH 20 0
BBX 16 26 2 0
BITMAP
00E0
01E0
01C0
0380
0300
0000
0000
E007
E007
E007
E007
E007
E007
E007
E007
E007
E007
E007
E007
E007
F00F
F00E
7C3E
3FFC
1FF8
07E0
ENDCHAR
STARTCHAR omegatonos
ENCODING 974
SWIDTH 780 0
DWIDTH 28 0
BBX 24 26 2 0
BITMAP
001E00
001C00
003800
003800
003000
000000
000000
1C0038
38001C
38001C
70000E
70000E
701C0E
E01C07
E01C07
E01C07
E01C07
E01C07
E01C07
E01C07
F01C0F
70360E
78771E
3FE7FC
1FE3F8
0F80F0
ENDCHAR
STARTCHAR afii10023
ENCODING 1025
SWIDTH 667 0
DWIDTH 24 0
BBX 19 31 3 0
BITMAP
0E3800
0E3800
0E3800
000000
000000
FFFFC0
FFFFC0
FFFFC0
E00000
E00000
E00000
E00000
E00000
E00000
E00000
E00000
FFFF80
FFFF80
FFFF80
E00000
E00000
E00000
E00000
E00000
E00000
E00000
E00000
E00000
FFFFE0
FFFFE0
FFFFE0
ENDCHAR
STARTCHAR afii10051
ENCODING 1026
SWIDTH 864 0
DWIDTH 31 0
BBX 29 26 1 0
BITMAP
FFFFF800
FFFFF800
FFFFF800
00700000
00700000
00700000
00700000
00700000
00700000
0070FE00
0077FF80
007FFFC0
007F03E0
007000F0
00700070
00700038
00700038
00700038
00700038
00700038
00700078
00700070
007021F0
00707FE0
00707FC0
00703F00
ENDCHAR
STARTCHAR afii10052
ENCODING 1027
SWIDTH 541 0
DWIDTH 20 0
BBX 17 33 3 0
BITMAP
00F000
01E000
01C000
018000
030000
000000
000000
FFFF80
FFFF80
FFFF80
E00000
E00000
E00000
E00000
E00000
E00000
E00000
E00000
E00000
E00000
E00000
E00000
E00000
E00000
E00000
E00000
E00000
E00000
E00000
E00000
E00000
E00000
E00000
ENDCHAR
STARTCHAR afii10053
ENCODING 1028
SWIDTH 718 0
DWIDTH 26 0
BBX 22 26 2 0
BITMAP
00FF00
03FFC0
0FFFE0
1F01F0
3C0078
380038
70003C
700018
600000
E00000
E00000
FFF800
FFF800
FFF800
E00000
E00000
E00000
F00018
70003C
780038
380078
3C00F0
1F03E0
0FFFC0
07FF80
00FE00
ENDCHAR
STARTCHAR afii10054
ENCODING 1029
SWIDTH 666 0
DWIDTH 24 0
BBX 20 26 2 0
BITMAP
03F800
0FFF00
1FFF80
3E07C0
7803C0
7001E0
7000E0
7000E0
780000
3C0000
3F8000
1FF800
07FF00
01FFC0
001FE0
0003E0
0000F0
E00070
E00070
F00070
7000F0
7800E0
3E03E0
1FFFC0
0FFF80
01FC00
ENDCHAR
STARTCHAR afii10055
ENCODING 1030
SWIDTH 277 0
DWIDTH 9 0
BBX 3 26 3 0
BITMAP
E0
E0
E0
E0
E0
E0
E0
E0
E0
E0
E0
E0
E0
E0
E0
E0
E0
E0
E0
E0
E0
E0
E0
E0
E0
E0
ENDCHAR
STARTCHAR afii10056
ENCODING 1031
SWIDTH 277 0
DWIDTH 9 0
BBX 9 31 0 0
BITMAP
E380
E380
E380
0000
0000
1C00
1C00
1C00
1C00
1C00
1C00
1C00
1C00
1C00
1C00
1C00
1C00
1C00
1C00
1C00
1C00
1C00
1C00
1C00
1C00
1C00
1C00
1C00
1C00
1C00
1C00
ENDCHAR
STARTCHAR afii10057
ENCODING 1032
SWIDTH 500 0
DWIDTH 18 0
BBX 14 26 1 0
BITMAP
001C
001C
001C
001C
001C
001C
001C
001C
001C
001C
001C
001C
001C
001C
001C
001C
001C
001C
E01C
E01C
E01C
F03C
7878
7FF8
3FF0
0FC0
ENDCHAR
STARTCHAR afii10058
ENCODING 1033
SWIDTH 1057 0
DWIDTH 38 0
BBX 36 26 0 0
BITMAP
07FFF80000
07FFF80000
07FFF80000
0700380000
0700380000
0700380000
0700380000
0700380000
0700380000
0700380000
0700380000
07003FFE00
07003FFF80
07003FFFC0
07003803E0
07003800E0
0700380070
0700380070
0700380070
0700380070
0700380070
07003800E0
4E003801E0
FE003FFFC0
FC003FFF80
78003FFE00
ENDCHAR
STARTCHAR afii10059
ENCODING 1034
SWIDTH 1010 0
DWIDTH 36 0
BBX 31 26 3 0
BITMAP
E0070000
E0070000
E0070000
E0070000
E0070000
E0070000
E0070000
E0070000
E0070000
E0070000
E0070000
FFFFFFC0
FFFFFFF0
FFFFFFF8
E007007C
E007001E
E007000E
E007000E
E007000E
E007000E
E007000E
E007001C
E007003C
E007FFF8
E007FFF0
E007FFC0
ENDCHAR
STARTCHAR afii10060
ENCODING 1035
SWIDTH 854 0
DWIDTH 30 0
BBX 27 26 1 0
BITMAP
FFFFF800
FFFFF800
FFFFF800
00700000
00700000
00700000
00700000
00700000
00700000
0070FC00
0077FF00
007FFF80
007F07C0
007801C0
007001E0
007000E0
007000E0
007000E0
007000E0
007000E0
007000E0
007000E0
007000E0
007000E0
007000E0
007000E0
ENDCHAR
STARTCHAR afii10061
ENCODING 1036
SWIDTH 582 0
DWIDTH 21 0
BBX 18 33 3 0
BITMAP
00F000
00E000
01C000
01C000
018000
000000
000000
E003C0
E00FC0
E01FC0
E01E00
E03C00
E03800
E07800
E07000
E07000
E0E000
E1E000
E3C000
FF8000
FF0000
E3C000
E1E000
E0F000
E07800
E03800
E03C00
E01C00
E00E00
E00F00
E00700
E00380
E003C0
ENDCHAR
STARTCHAR afii10062
ENCODING 1038
SWIDTH 635 0
DWIDTH 23 0
BBX 21 33 2 0
BITMAP
060300
030300
038700
01FE00
00F800
000000
000000
E00038
F00078
700070
780070
3800E0
3C00E0
1C01C0
1E01C0
0E0380
0F0380
070700
078700
038E00
03CE00
01DC00
01FC00
00F800
00F800
007000
007000
006000
00E000
11C000
1FC000
1F8000
0F0000
ENDCHAR
STARTCHAR afii10145
ENCODING 1039
SWIDTH 718 0
DWIDTH 26 0
BBX 21 33 2 -7
BITMAP
E00038
E00038
E00038
E00038
E00038
E00038
E00038
E00038
E00038
E00038
E00038
E00038
E00038
E00038
E00038
E00038
E00038
E00038
E00038
E00038
E00038
E00038
E00038
FFFFF8
FFFFF8
FFFFF8
007000
007000
007000
007000
007000
007000
007000
ENDCHAR
STARTCHAR afii10017
ENCODING 1040
SWIDTH 666 0
DWIDTH 23 0
BBX 23 26 0 0
BITMAP
007C00
007C00
007C00
00EE00
00EE00
01EF00
01C700
01C700
038380
038380
038380
0701C0
0701C0
0F01E0
0E00E0
0FFFE0
1FFFF0
1FFFF0
1C0070
380038
380038
78003C
70001C
70001C
F0001E
E0000E
ENDCHAR
STARTCHAR afii10018
ENCODING 1041
SWIDTH 656 0
DWIDTH 24 0
BBX 19 26 3 0
BITMAP
FFFF00
FFFF00
FFFF00
E00000
E00000
E00000
E00000
E00000
E00000
E00000
E00000
FFFC00
FFFF00
FFFF80
E007C0
E001C0
E000E0
E000E0
E000E0
E000E0
E000E0
E001C0
E007C0
FFFF80
FFFF00
FFFC00
ENDCHAR
STARTCHAR afii10019
ENCODING 1042
SWIDTH 666 0
DWIDTH 24 0
BBX 19 26 3 0
BITMAP
FFF800
FFFE00
FFFF80
E00780
E003C0
E001C0
E001C0
E001C0
E001C0
E00380
E00780
FFFF00
FFFF00
FFFF80
E007C0
E001C0
E000E0
E000E0
E000E0
E000E0
E000E0
E001C0
E007C0
FFFF80
FFFF00
FFFC00
ENDCHAR
STARTCHAR afii10020
ENCODING 1043
SWIDTH 541 0
DWIDTH 20 0
BBX 17 26 3 0
BITMAP
FFFF80
FFFF80
FFFF80
E00000
E00000
E00000
E00000
E00000
E00000
E00000
E00000
E00000
E00000
E00000
E00000
E00000
E00000
E00000
E00000
E00000
E00000
E00000
E00000
E00000
E00000
E00000
ENDCHAR
STARTCHAR afii10021
ENCODING 1044
SWIDTH 677 0
DWIDTH 24 0
BBX 23 32 0 -6
BITMAP
07FFF8
07FFF8
07FFF8
070038
070038
070038
070038
070038
070038
070038
070038
070038
060038
060038
0E0038
0E0038
0E0038
0E0038
0E0038
1C0038
1C0038
1C0038
380038
FFFFFE
FFFFFE
FFFFFE
E0000E
E0000E
E0000E
E0000E
E0000E
E0000E
ENDCHAR
STARTCHAR afii10022
ENCODING 1045
SWIDTH 666 0
DWIDTH 24 0
BBX 19 26 3 0
BITMAP
FFFFC0
FFFFC0
FFFFC0
E00000
E00000
E00000
E00000
E00000
E00000
E00000
E00000
FFFF80
FFFF80
FFFF80
E00000
E00000
E00000
E00000
E00000
E00000
E00000
E00000
E00000
FFFFE0
FFFFE0
FFFFE0
ENDCHAR
STARTCHAR afii10024
ENCODING 1046
SWIDTH 923 0
DWIDTH 33 0
BBX 33 26 0 0
BITMAP
F001C00780
FC01C01F80
FE01C03F80
1E01C03C00
0F01C07800
0701C07000
0781C0F000
0381C0E000
03C1C1E000
01C1C1C000
01E1C3C000
00F1C78000
007FFF0000
007FFF0000
00F1C78000
01E1C3C000
03C1C1E000
0781C0F000
0701C07000
0F01C07800
1E01C03C00
1C01C01C00
3C01C01E00
3801C00E00
7001C00700
F001C00780
ENDCHAR
STARTCHAR afii10025
ENCODING 1047
SWIDTH 604 0
DWIDTH 22 0
BBX 19 26 1 0
BITMAP
03F800
0FFE00
3FFF00
3E0F80
7803C0
7001C0
F001C0
E001C0
6001C0
000380
000F80
01FF00
01FE00
01FF80
000FC0
0003C0
0001E0
6000E0
E000E0
F000E0
7801E0
7C01C0
3E07C0
1FFF80
0FFF00
03F800
ENDCHAR
STARTCHAR afii10026
ENCODING 1048
SWIDTH 718 0
DWIDTH 26 0
BBX 20 26 3 0
BITMAP
E00070
E000F0
E001F0
E001F0
E003F0
E007F0
E00770
E00F70
E01E70
E01C70
E03C70
E07870
E07070
E0E070
E1E070
E3C070
E38070
E78070
EF0070
EE0070
FE0070
FC0070
F80070
F80070
F00070
E00070
ENDCHAR
STARTCHAR afii10027
ENCODING 1049
SWIDTH 718 0
DWIDTH 26 0
BBX 20 33 3 0
BITMAP
060700
060600
070E00
03FC00
01F800
000000
000000
E00070
E000F0
E001F0
E001F0
E003F0
E007F0
E00770
E00F70
E01E70
E01C70
E03C70
E07870
E07070
E0E070
E1E070
E3C070
E38070
E78070
EF0070
EE0070
FE0070
FC0070
F80070
F80070
F00070
E00070
ENDCHAR
STARTCHAR afii10028
ENCODING 1050
SWIDTH 582 0
DWIDTH 21 0
BBX 18 26 3 0
BITMAP
E003C0
E00FC0
E01FC0
E01E00
E03C00
E03800
E07800
E07000
E07000
E0E000
E1E000
E3C000
FF8000
FF0000
E3C000
E1E000
E0F000
E07800
E03800
E03C00
E01C00
E00E00
E00F00
E00700
E00380
E003C0
ENDCHAR
STARTCHAR afii10029
ENCODING 1051
SWIDTH 656 0
DWIDTH 24 0
BBX 21 26 0 0
BITMAP
07FFF8
07FFF8
07FFF8
070038
070038
070038
070038
070038
070038
070038
070038
070038
070038
070038
070038
070038
070038
070038
070038
070038
070038
070038
4E0038
FE0038
FC0038
780038
ENDCHAR
STARTCHAR afii10030
ENCODING 1052
SWIDTH 833 0
DWIDTH 29 0
BBX 23 26 3 0
BITMAP
F8003E
FC007E
FC007E
FC007E
FE007E
EE00EE
EE00EE
EE00EE
E701CE
E701CE
E701CE
E781CE
E3838E
E3838E
E3838E
E1C70E
E1C70E
E1C70E
E1EE0E
E0EE0E
E0EE0E
E0EE0E
E07C0E
E07C0E
E07C0E
E0780E
ENDCHAR
STARTCHAR afii10031
ENCODING 1053
SWIDTH 722 0
DWIDTH 26 0
BBX 20 26 3 0
BITMAP
E00070
E00070
E00070
E00070
E00070
E00070
E00070
E00070
E00070
E00070
E00070
FFFFF0
FFFFF0
FFFFF0
E00070
E00070
E00070
E00070
E00070
E00070
E00070
E00070
E00070
E00070
E00070
E00070
ENDCHAR
STARTCHAR afii10032
ENCODING 1054
SWIDTH 777 0
DWIDTH 28 0
BBX 24 26 2 0
BITMAP
00FF00
03FFC0
0FFFE0
1F81F8
1E0078
3C003C
78001E
70000E
70000E
E00007
E00007
E00007
E00007
E00007
E00007
E00007
E00007
70000E
70000E
78001E
3C003C
1E0078
1F81F8
07FFF0
03FFC0
00FF00
ENDCHAR
STARTCHAR afii10033
ENCODING 1055
SWIDTH 718 0
DWIDTH 26 0
BBX 20 26 3 0
BITMAP
FFFFF0
FFFFF0
FFFFF0
E00070
E00070
E00070
E00070
E00070
E00070
E00070
E00070
E00070
E00070
E00070
E00070
E00070
E00070
E00070
E00070
E00070
E00070
E00070
E00070
E00070
E00070
E00070
ENDCHAR
STARTCHAR afii10034
ENCODING 1056
SWIDTH 666 0
DWIDTH 24 0
BBX 19 26 3 0
BITMAP
FFFC00
FFFF00
FFFF80
E003C0
E001C0
E000E0
E000E0
E000E0
E000E0
E000E0
E001C0
E007C0
FFFF80
FFFF00
FFFC00
E00000
E00000
E00000
E00000
E00000
E00000
E00000
E00000
E00000
E00000
E00000
ENDCHAR
STARTCHAR afii10035
ENCODING 1057
SWIDTH 722 0
DWIDTH 26 0
BBX 22 26 2 0
BITMAP
00FE00
03FF80
0FFFC0
1F03E0
3C00F0
380070
700078
700038
F00000
E00000
E00000
E00000
E00000
E00000
E00000
E00000
E00000
70001C
70003C
780038
380078
3C00F0
1F03F0
0FFFE0
07FF80
00FE00
ENDCHAR
STARTCHAR afii10036
ENCODING 1058
SWIDTH 610 0
DWIDTH 21 0
BBX 19 26 1 0
BITMAP
FFFFE0
FFFFE0
FFFFE0
00E000
00E000
00E000
00E000
00E000
00E000
00E000
00E000
00E000
00E000
00E000
00E000
00E000
00E000
00E000
00E000
00E000
00E000
00E000
00E000
00E000
00E000
00E000
ENDCHAR
STARTCHAR afii10037
ENCODING 1059
SWIDTH 635 0
DWIDTH 23 0
BBX 21 26 2 0
BITMAP
E00038
F00078
700070
780070
3800E0
3C00E0
1C01C0
1E01C0
0E0380
0F0380
070700
078700
038E00
03CE00
01DC00
01FC00
00F800
00F800
007000
007000
006000
00E000
11C000
1FC000
1F8000
0F0000
ENDCHAR
STARTCHAR afii10038
ENCODING 1060
SWIDTH 760 0
DWIDTH 27 0
BBX 25 26 1 0
BITMAP
001C0000
001C0000
001C0000
00FF8000
07FFF000
0FFFF800
3F1C7C00
3C1C1E00
781C0F00
701C0700
E01C0380
E01C0380
E01C0380
E01C0380
E01C0380
E01C0380
701C0700
781C0F00
3C1C1E00
3F1C7C00
0FFFF800
07FFF000
00FF8000
001C0000
001C0000
001C0000
ENDCHAR
STARTCHAR afii10039
ENCODING 1061
SWIDTH 666 0
DWIDTH 23 0
BBX 23 26 0 0
BITMAP
78003C
3C0078
1C0070
1E00F0
0F01E0
0701C0
038380
03C780
01EF00
00EE00
00FE00
007C00
003800
007C00
00FE00
01EF00
01C700
03C780
0783C0
0701C0
0E00E0
1E00F0
3C0078
380038
78003C
F0001E
ENDCHAR
STARTCHAR afii10040
ENCODING 1062
SWIDTH 739 0
DWIDTH 27 0
BBX 23 33 3 -7
BITMAP
E00038
E00038
E00038
E00038
E00038
E00038
E00038
E00038
E00038
E00038
E00038
E00038
E00038
E00038
E00038
E00038
E00038
E00038
E00038
E00038
E00038
E00038
E00038
FFFFFE
FFFFFE
FFFFFE
00000E
00000E
00000E
00000E
00000E
00000E
00000E
ENDCHAR
STARTCHAR afii10041
ENCODING 1063
SWIDTH 666 0
DWIDTH 24 0
BBX 18 26 3 0
BITMAP
E001C0
E001C0
E001C0
E001C0
E001C0
E001C0
E001C0
E001C0
E001C0
E001C0
E001C0
F001C0
7001C0
7C0FC0
3FFFC0
1FFDC0
07E1C0
0001C0
0001C0
0001C0
0001C0
0001C0
0001C0
0001C0
0001C0
0001C0
ENDCHAR
STARTCHAR afii10042
ENCODING 1064
SWIDTH 916 0
DWIDTH 33 0
BBX 29 26 2 0
BITMAP
E0070038
E0070038
E0070038
E0070038
E0070038
E0070038
E0070038
E0070038
E0070038
E0070038
E0070038
E0070038
E0070038
E0070038
E0070038
E0070038
E0070038
E0070038
E0070038
E0070038
E0070038
E0070038
E0070038
FFFFFFF8
FFFFFFF8
FFFFFFF8
ENDCHAR
STARTCHAR afii10043
ENCODING 1065
SWIDTH 937 0
DWIDTH 34 0
BBX 31 33 2 -7
BITMAP
E0070038
E0070038
E0070038
E0070038
E0070038
E0070038
E0070038
E0070038
E0070038
E0070038
E0070038
E0070038
E0070038
E0070038
E0070038
E0070038
E0070038
E0070038
E0070038
E0070038
E0070038
E0070038
E0070038
FFFFFFFE
FFFFFFFE
FFFFFFFE
0000000E
0000000E
0000000E
0000000E
0000000E
0000000E
0000000E
ENDCHAR
STARTCHAR afii10044
ENCODING 1066
SWIDTH 791 0
DWIDTH 29 0
BBX 27 26 0 0
BITMAP
FFE00000
FFE00000
FFE00000
00E00000
00E00000
00E00000
00E00000
00E00000
00E00000
00E00000
00E00000
00FFFC00
00FFFF00
00FFFF80
00E007C0
00E001C0
00E000E0
00E000E0
00E000E0
00E000E0
00E000E0
00E001C0
00E007C0
00FFFF80
00FFFF00
00FFFC00
ENDCHAR
STARTCHAR afii10045
ENCODING 1067
SWIDTH 885 0
DWIDTH 32 0
BBX 26 26 3 0
BITMAP
E00001C0
E00001C0
E00001C0
E00001C0
E00001C0
E00001C0
E00001C0
E00001C0
E00001C0
E00001C0
E00001C0
FFFE01C0
FFFF81C0
FFFFC1C0
E003E1C0
E000E1C0
E00071C0
E00071C0
E00071C0
E00071C0
E00071C0
E000E1C0
E003E1C0
FFFFC1C0
FFFF81C0
FFFE01C0
ENDCHAR
STARTCHAR afii10046
ENCODING 1068
SWIDTH 656 0
DWIDTH 24 0
BBX 19 26 3 0
BITMAP
E00000
E00000
E00000
E00000
E00000
E00000
E00000
E00000
E00000
E00000
E00000
FFFC00
FFFF00
FFFF80
E007C0
E001C0
E000E0
E000E0
E000E0
E000E0
E000E0
E001C0
E007C0
FFFF80
FFFF00
FFFC00
ENDCHAR
STARTCHAR afii10047
ENCODING 1069
SWIDTH 718 0
DWIDTH 26 0
BBX 22 26 2 0
BITMAP
03FC00
0FFF00
1FFFC0
3E03E0
7800E0
700070
F00038
600038
000018
00001C
00001C
007FFC
007FFC
007FFC
00001C
00001C
00001C
60003C
F00038
700078
780070
3C00F0
1F03E0
0FFFC0
07FF80
01FC00
ENDCHAR
STARTCHAR afii10048
ENCODING 1070
SWIDTH 1010 0
DWIDTH 36 0
BBX 31 26 3 0
BITMAP
E000FE00
E003FF80
E00FFFE0
E01F01F0
E03E00F8
E0380038
E078003C
E070001C
E070001C
E0E0000E
E0E0000E
E0E0000E
FFE0000E
FFE0000E
FFE0000E
E0E0000E
E0E0000E
E0F0001C
E070001C
E078003C
E0380038
E03E00F8
E01F83F0
E00FFFE0
E007FF80
E000FE00
ENDCHAR
STARTCHAR afii10049
ENCODING 1071
SWIDTH 722 0
DWIDTH 26 0
BBX 21 26 2 0
BITMAP
03FFF8
1FFFF8
3FFFF8
3E0038
780038
700038
700038
700038
700038
780038
3E0038
1FFFF8
0FFFF8
03FFF8
01F038
03E038
03C038
078038
0F0038
0F0038
1E0038
3C0038
3C0038
780038
780038
F00038
ENDCHAR
STARTCHAR afii10065
ENCODING 1072
SWIDTH 556 0
DWIDTH 20 0
BBX 17 19 2 0
BITMAP
07F000
1FFC00
3FFE00
781F00
F00700
E00700
000700
001F00
07FF00
3FFF00
7FE700
780700
E00700
E00F00
E01F00
F03F00
7FFF00
3FF700
1FC380
ENDCHAR
STARTCHAR afii10066
ENCODING 1073
SWIDTH 572 0
DWIDTH 21 0
BBX 17 27 2 0
BITMAP
000380
03FF80
0FFF00
3FFE00
3C0000
700000
600000
600000
E3F000
CFF800
DFFE00
DC1E00
F80F00
F00700
F00380
E00380
E00380
E00380
E00380
E00380
600780
700700
780F00
3C1E00
1FFE00
0FF800
03F000
ENDCHAR
STARTCHAR afii10067
ENCODING 1074
SWIDTH 531 0
DWIDTH 19 0
BBX 15 19 2 0
BITMAP
FFE0
FFF8
FFF8
E03C
E01C
E01C
E01C
E03C
FFF8
FFF8
FFFC
E01E
E00E
E00E
E00E
E01E
FFFC
FFF8
FFF0
ENDCHAR
STARTCHAR afii10068
ENCODING 1075
SWIDTH 364 0
DWIDTH 13 0
BBX 11 19 2 0
BITMAP
FFE0
FFE0
FFE0
E000
E000
E000
E000
E000
E000
E000
E000
E000
E000
E000
E000
E000
E000
E000
E000
ENDCHAR
STARTCHAR afii10069
ENCODING 1076
SWIDTH 583 0
DWIDTH 21 0
BBX 19 24 0 -5
BITMAP
07FF80
07FF80
07FF80
070380
070380
070380
070380
070380
0E0380
0E0380
0E0380
0E0380
0E0380
1C0380
1C0380
380380
FFFFE0
FFFFE0
FFFFE0
E000E0
E000E0
E000E0
E000E0
E000E0
ENDCHAR
STARTCHAR afii10070
ENCODING 1077
SWIDTH 556 0
DWIDTH 20 0
BBX 16 19 2 0
BITMAP
07E0
1FF8
3FFC
3C3E
700E
6006
E007
FFFF
FFFF
FFFF
E000
E000
E000
7007
780E
7C1E
3FFC
1FF8
07E0
ENDCHAR
STARTCHAR afii10072
ENCODING 1078
SWIDTH 668 0
DWIDTH 24 0
BBX 25 19 -1 0
BITMAP
781C0F00
7C1C1F00
7E1C3F00
0E1C3800
0E1C3800
071C7000
071C7000
039CE000
01FFC000
01FFC000
039CE000
071C7000
0E1C3800
1E1C3C00
1C1C1C00
381C0E00
781C0E00
701C0700
F01C0780
ENDCHAR
STARTCHAR afii10073
ENCODING 1079
SWIDTH 458 0
DWIDTH 17 0
BBX 14 19 1 0
BITMAP
0FC0
1FE0
3FF0
7878
3038
0038
0078
03F0
03F0
03F8
0038
001C
601C
E01C
F01C
787C
7FF8
3FF0
0FC0
ENDCHAR
STARTCHAR afii10074
ENCODING 1080
SWIDTH 558 0
DWIDTH 19 0
BBX 15 19 2 0
BITMAP
E01E
E01E
E03E
E07E
E07E
E0EE
E0EE
E1CE
E1CE
E38E
E78E
E70E
EE0E
EE0E
FC0E
FC0E
F80E
F00E
F00E
ENDCHAR
STARTCHAR afii10075
ENCODING 1081
SWIDTH 558 0
DWIDTH 19 0
BBX 15 26 2 0
BITMAP
3018
1818
1C38
0FF0
07C0
0000
0000
E01E
E01E
E03E
E07E
E07E
E0EE
E0EE
E1CE
E1CE
E38E
E78E
E70E
EE0E
EE0E
FC0E
FC0E
F80E
F00E
F00E
ENDCHAR
STARTCHAR afii10076
ENCODING 1082
SWIDTH 437 0
DWIDTH 16 0
BBX 14 19 2 0
BITMAP
E078
E0F8
E0F8
E1C0
E1C0
E380
E380
E700
FE00
FE00
E700
E380
E1C0
E1E0
E0E0
E070
E070
E038
E03C
ENDCHAR
STARTCHAR afii10077
ENCODING 1083
SWIDTH 583 0
DWIDTH 20 0
BBX 18 19 0 0
BITMAP
0FFFC0
0FFFC0
0FFFC0
0E01C0
0E01C0
0E01C0
0E01C0
0E01C0
0E01C0
0E01C0
0E01C0
0E01C0
0E01C0
0E01C0
0E01C0
0E01C0
FE01C0
FC01C0
F801C0
ENDCHAR
STARTCHAR afii10078
ENCODING 1084
SWIDTH 687 0
DWIDTH 25 0
BBX 21 19 2 0
BITMAP
F800F8
F800F8
FC01F8
FC01F8
EE01F8
EE03B8
EE03B8
E707B8
E70738
E70738
E38E38
E38E38
E39E38
E1DC38
E1DC38
E1F838
E0F838
E0F838
E0F038
ENDCHAR
STARTCHAR afii10079
ENCODING 1085
SWIDTH 552 0
DWIDTH 19 0
BBX 15 19 2 0
BITMAP
E00E
E00E
E00E
E00E
E00E
E00E
E00E
E00E
FFFE
FFFE
FFFE
E00E
E00E
E00E
E00E
E00E
E00E
E00E
E00E
ENDCHAR
STARTCHAR afii10080
ENCODING 1086
SWIDTH 556 0
DWIDTH 20 0
BBX 16 19 2 0
BITMAP
07E0
1FF8
3FFC
7C3E
781E
700E
E007
E007
E007
E007
E007
E007
E007
700E
781E
7C3E
3FFC
1FF8
07E0
ENDCHAR
STARTCHAR afii10081
ENCODING 1087
SWIDTH 541 0
DWIDTH 19 0
BBX 15 19 2 0
BITMAP
FFFE
FFFE
FFFE
E00E
E00E
E00E
E00E
E00E
E00E
E00E
E00E
E00E
E00E
E00E
E00E
E00E
E00E
E00E
E00E
ENDCHAR
STARTCHAR afii10082
ENCODING 1088
SWIDTH 556 0
DWIDTH 20 0
BBX 16 26 2 -7
BITMAP
E3E0
EFF8
EFFC
FC3E
F81E
F00E
E007
E007
E007
E007
E007
E007
E007
F00E
F01E
FC3C
FFFC
EFF0
E3E0
E000
E000
E000
E000
E000
E000
E000
ENDCHAR
STARTCHAR afii10083
ENCODING 1089
SWIDTH 500 0
DWIDTH 18 0
BBX 16 19 1 0
BITMAP
03E0
0FF8
1FFC
3C1E
780F
7007
E000
E000
E000
E000
E000
E000
E007
7007
780E
7C1E
3FFC
1FF8
07E0
ENDCHAR
STARTCHAR afii10084
ENCODING 1090
SWIDTH 458 0
DWIDTH 16 0
BBX 15 19 0 0
BITMAP
FFFE
FFFE
FFFE
0380
0380
0380
0380
0380
0380
0380
0380
0380
0380
0380
0380
0380
0380
0380
0380
ENDCHAR
STARTCHAR afii10085
ENCODING 1091
SWIDTH 500 0
DWIDTH 17 0
BBX 17 26 0 -7
BITMAP
E00380
700780
700700
780700
380F00
380E00
3C0E00
1C1C00
1C1C00
0E3C00
0E3800
0F3800
077800
077000
07F000
03E000
03E000
01E000
01C000
01C000
03C000
038000
078000
3F0000
3E0000
3C0000
ENDCHAR
STARTCHAR afii10086
ENCODING 1092
SWIDTH 822 0
DWIDTH 30 0
BBX 26 33 2 -7
BITMAP
001C0000
001C0000
001C0000
001C0000
001C0000
001C0000
001C0000
0F9CF800
1FDDFE00
3FFFFF00
787F0F80
703E0380
F03E0380
E01C01C0
E01C01C0
E01C01C0
E01C01C0
E01C01C0
E01C01C0
E01C01C0
703C0380
703E0780
787F0F00
3FFFFF00
1FDDFE00
079CF800
001C0000
001C0000
001C0000
001C0000
001C0000
001C0000
001C0000
ENDCHAR
STARTCHAR afii10087
ENCODING 1093
SWIDTH 500 0
DWIDTH 16 0
BBX 16 19 0 0
BITMAP
F007
700E
381E
3C1C
1C38
0E78
0F70
07E0
03E0
03C0
03C0
07E0
0FF0
0E70
1E38
3C3C
381C
700E
F00F
ENDCHAR
STARTCHAR afii10088
ENCODING 1094
SWIDTH 572 0
DWIDTH 21 0
BBX 19 26 2 -7
BITMAP
E00380
E00380
E00380
E00380
E00380
E00380
E00380
E00380
E00380
E00380
E00380
E00380
E00380
E00380
E00380
E00380
FFFFE0
FFFFE0
FFFFE0
0000E0
0000E0
0000E0
0000E0
0000E0
0000E0
0000E0
ENDCHAR
STARTCHAR afii10089
ENCODING 1095
SWIDTH 520 0
DWIDTH 19 0
BBX 16 19 1 0
BITMAP
E007
E007
E007
E007
E007
E007
E007
E007
F007
781F
7FFF
1FFF
0FE7
0007
0007
0007
0007
0007
0007
ENDCHAR
STARTCHAR afii10090
ENCODING 1096
SWIDTH 802 0
DWIDTH 29 0
BBX 24 19 2 0
BITMAP
E01C07
E01C07
E01C07
E01C07
E01C07
E01C07
E01C07
E01C07
E01C07
E01C07
E01C07
E01C07
E01C07
E01C07
E01C07
E01C07
FFFFFF
FFFFFF
FFFFFF
ENDCHAR
STARTCHAR afii10091
ENCODING 1097
SWIDTH 822 0
DWIDTH 30 0
BBX 27 26 2 -7
BITMAP
E01C0700
E01C0700
E01C0700
E01C0700
E01C0700
E01C0700
E01C0700
E01C0700
E01C0700
E01C0700
E01C0700
E01C0700
E01C0700
E01C0700
E01C0700
E01C0700
FFFFFFE0
FFFFFFE0
FFFFFFE0
000000E0
000000E0
000000E0
000000E0
000000E0
000000E0
000000E0
ENDCHAR
STARTCHAR afii10092
ENCODING 1098
SWIDTH 625 0
DWIDTH 23 0
BBX 20 19 2 0
BITMAP
FE0000
FE0000
FE0000
0E0000
0E0000
0E0000
0E0000
0FFE00
0FFFC0
0FFFE0
0E01E0
0E0070
0E0070
0E0070
0E0070
0E01E0
0FFFE0
0FFFC0
0FFF00
ENDCHAR
STARTCHAR afii10093
ENCODING 1099
SWIDTH 718 0
DWIDTH 26 0
BBX 22 19 2 0
BITMAP
E0001C
E0001C
E0001C
E0001C
E0001C
E0001C
E0001C
FFE01C
FFFC1C
FFFE1C
E01E1C
E00F1C
E0071C
E0071C
E0071C
E01E1C
FFFE1C
FFFC1C
FFF01C
ENDCHAR
STARTCHAR afii10094
ENCODING 1100
SWIDTH 520 0
DWIDTH 20 0
BBX 16 19 2 0
BITMAP
E000
E000
E000
E000
E000
E000
E000
FFE0
FFFC
FFFE
E01E
E00F
E007
E007
E007
E01E
FFFE
FFFC
FFF0
ENDCHAR
STARTCHAR afii10095
ENCODING 1101
SWIDTH 510 0
DWIDTH 18 0
BBX 15 19 2 0
BITMAP
0FC0
3FF0
7FF8
F87C
F01C
601C
000E
000E
03FE
03FE
03FE
000E
E00E
E01E
701C
783C
3FF8
1FF0
0FE0
ENDCHAR
STARTCHAR afii10096
ENCODING 1102
SWIDTH 750 0
DWIDTH 27 0
BBX 23 19 2 0
BITMAP
E00FC0
E03FF0
E07FF8
E0F87C
E0E01C
E1E01C
E1C00E
E1C00E
FFC00E
FFC00E
FFC00E
E1C00E
E1C00E
E1E01C
E0E01C
E0F87C
E07FF8
E03FF0
E00FC0
ENDCHAR
STARTCHAR afii10097
ENCODING 1103
SWIDTH 541 0
DWIDTH 20 0
BBX 17 19 1 0
BITMAP
07FF80
1FFF80
3FFF80
7C0380
700380
700380
700380
780380
3C0380
3FFF80
1FFF80
03FF80
070380
0E0380
1C0380
3C0380
780380
700380
E00380
ENDCHAR
STARTCHAR afii10071
ENCODING 1105
SWIDTH 556 0
DWIDTH 20 0
BBX 16 24 2 0
BITMAP
0E38
0E38
0E38
0000
0000
07E0
1FF8
3FFC
3C3E
700E
6006
E007
FFFF
FFFF
FFFF
E000
E000
E000
7007
780E
7C1E
3FFC
1FF8
07E0
ENDCHAR
STARTCHAR afii10099
ENCODING 1106
SWIDTH 556 0
DWIDTH 19 0
BBX 17 33 0 -7
BITMAP
380000
380000
380000
FFF000
FFF000
380000
380000
38FC00
3BFE00
3FFF00
3F0F00
3C0780
3C0380
380380
380380
380380
380380
380380
380380
380380
380380
380380
380380
380380
380380
380380
000380
000380
000380
000780
003F80
003F00
003E00
ENDCHAR
STARTCHAR afii10100
ENCODING 1107
SWIDTH 364 0
DWIDTH 13 0
BBX 11 26 2 0
BITMAP
03C0
0780
0700
0600
0E00
0000
0000
FFE0
FFE0
FFE0
E000
E000
E000
E000
E000
E000
E000
E000
E000
E000
E000
E000
E000
E000
E000
E000
ENDCHAR
STARTCHAR afii10101
ENCODING 1108
SWIDTH 510 0
DWIDTH 18 0
BBX 15 19 2 0
BITMAP
07E0
1FF8
3FFC
7C3E
701E
700C
E000
E000
FF80
FF80
FF80
E000
E00E
F00E
701C
783C
3FF8
1FF0
0FE0
ENDCHAR
STARTCHAR afii10102
ENCODING 1109
SWIDTH 500 0
DWIDTH 18 0
BBX 16 19 1 0
BITMAP
0FE0
3FF8
7FFC
F01E
E00E
E000
F000
7E00
7FE0
1FFC
03FE
003F
000F
E007
F007
781E
7FFE
1FFC
07F0
ENDCHAR
STARTCHAR afii10103
ENCODING 1110
SWIDTH 222 0
DWIDTH 7 0
BBX 3 26 2 0
BITMAP
E0
E0
E0
00
00
00
00
E0
E0
E0
E0
E0
E0
E0
E0
E0
E0
E0
E0
E0
E0
E0
E0
E0
E0
E0
ENDCHAR
STARTCHAR afii10104
ENCODING 1111
SWIDTH 277 0
DWIDTH 9 0
BBX 9 24 0 0
BITMAP
E380
E380
E380
0000
0000
1C00
1C00
1C00
1C00
1C00
1C00
1C00
1C00
1C00
1C00
1C00
1C00
1C00
1C00
1C00
1C00
1C00
1C00
1C00
ENDCHAR
STARTCHAR afii10105
ENCODING 1112
SWIDTH 222 0
DWIDTH 9 0
BBX 8 33 -2 -7
BITMAP
07
07
07
00
00
00
00
07
07
07
07
07
07
07
07
07
07
07
07
07
07
07
07
07
07
07
07
07
07
0F
7E
7E
FC
ENDCHAR
STARTCHAR afii10106
ENCODING 1113
SWIDTH 906 0
DWIDTH 33 0
BBX 31 19 0 0
BITMAP
0FFFE000
0FFFE000
0FFFE000
0E00E000
0E00E000
0E00E000
0E00E000
0E00FFE0
0E00FFF8
0E00FFFC
0E00E03C
0E00E00E
0E00E00E
0E00E00E
0E00E00E
0E00E03C
FE00FFFC
FC00FFF8
F800FFE0
ENDCHAR
STARTCHAR afii10107
ENCODING 1114
SWIDTH 812 0
DWIDTH 29 0
BBX 25 19 2 0
BITMAP
E0380000
E0380000
E0380000
E0380000
E0380000
E0380000
E0380000
E0380000
FFFFF800
FFFFFE00
FFFFFF00
E0380780
E0380380
E0380380
E0380380
E0380F80
E03FFF00
E03FFE00
E03FF800
ENDCHAR
STARTCHAR afii10108
ENCODING 1115
SWIDTH 556 0
DWIDTH 19 0
BBX 17 26 0 0
BITMAP
380000
380000
380000
FFF000
FFF000
380000
380000
38FC00
3BFE00
3FFF00
3F0F00
3C0780
3C0380
380380
380380
380380
380380
380380
380380
380380
380380
380380
380380
380380
380380
380380
ENDCHAR
STARTCHAR afii10109
ENCODING 1116
SWIDTH 437 0
DWIDTH 16 0
BBX 14 26 2 0
BITMAP
03C0
0780
0700
0600
0E00
0000
0000
E078
E0F8
E0F8
E1C0
E1C0
E380
E380
E700
FE00
FE00
E700
E380
E1C0
E1E0
E0E0
E070
E070
E038
E03C
ENDCHAR
STARTCHAR afii10110
ENCODING 1118
SWIDTH 500 0
DWIDTH 17 0
BBX 17 33 0 -7
BITMAP
180C00
0C0C00
0E1800
07F800
03E000
000000
000000
E00380
700780
700700
780700
380F00
380E00
3C0E00
1C1C00
1C1C00
0E3C00
0E3800
0F3800
077800
077000
07F000
03E000
03E000
01E000
01C000
01C000
03C000
038000
078000
3F0000
3E0000
3C0000
ENDCHAR
STARTCHAR afii10193
ENCODING 1119
SWIDTH 552 0
DWIDTH 19 0
BBX 15 26 2 -7
BITMAP
E00E
E00E
E00E
E00E
E00E
E00E
E00E
E00E
E00E
E00E
E00E
E00E
E00E
E00E
E00E
E00E
FFFE
FFFE
FFFE
0380
0380
0380
0380
0380
0380
0380
ENDCHAR
STARTCHAR afii10050
ENCODING 1168
SWIDTH 488 0
DWIDTH 18 0
BBX 14 33 3 0
BITMAP
001C
001C
001C
001C
001C
001C
001C
FFFC
FFFC
FFFC
E000
E000
E000
E000
E000
E000
E000
E000
E000
E000
E000
E000
E000
E000
E000
E000
E000
E000
E000
E000
E000
E000
E000
ENDCHAR
STARTCHAR afii10098
ENCODING 1169
SWIDTH 411 0
DWIDTH 15 0
BBX 12 26 2 0
BITMAP
0070
0070
0070
0070
0070
0070
0070
FFF0
FFF0
FFF0
E000
E000
E000
E000
E000
E000
E000
E000
E000
E000
E000
E000
E000
E000
E000
E000
ENDCHAR
STARTCHAR uni0492
ENCODING 1170
SWIDTH 541 0
DWIDTH 20 0
BBX 20 26 0 0
BITMAP
1FFFF0
1FFFF0
1FFFF0
1C0000
1C0000
1C0000
1C0000
1C0000
1C0000
1C0000
1C0000
FFF800
FFF800
FFF800
1C0000
1C0000
1C0000
1C0000
1C0000
1C0000
1C0000
1C0000
1C0000
1C0000
1C0000
1C0000
ENDCHAR
STARTCHAR uni0493
ENCODING 1171
SWIDTH 364 0
DWIDTH 13 0
BBX 13 19 0 0
BITMAP
3FF8
3FF8
3FF8
3800
3800
3800
3800
FF80
FF80
FF80
3800
3800
3800
3800
3800
3800
3800
3800
3800
ENDCHAR
STARTCHAR uni0496
ENCODING 1174
SWIDTH 923 0
DWIDTH 33 0
BBX 33 33 0 -7
BITMAP
F801C00F80
FC01C01F80
FE01C03F80
0E01C03C00
0F01C07800
0701C07000
0781C0E000
0381C0E000
03C1C1E000
01C1C1C000
01F1C7C000
00FFFF8000
003FFE0000
007FFF0000
01F1C78000
01E1C1C000
03C1C0E000
0781C0F000
0701C07000
0E01C03800
1E01C03C00
1C01C01C00
3801C01E00
3801C00F80
7001C00780
F001C00780
0000000380
0000000380
0000000380
0000000380
0000000380
0000000380
0000000380
ENDCHAR
STARTCHAR uni0497
ENCODING 1175
SWIDTH 668 0
DWIDTH 24 0
BBX 24 24 -1 -5
BITMAP
781C0F
7C1C1F
7E1C3F
0E1C38
0E1C38
071C70
079CF0
03FFE0
00FF80
03FFE0
079CF0
0F1C78
0E1C38
1E1C3C
1C1C1C
381C1E
781C0F
701C07
F01C07
000007
000007
000007
000007
000007
ENDCHAR
STARTCHAR uni049A
ENCODING 1178
SWIDTH 582 0
DWIDTH 21 0
BBX 18 33 3 -7
BITMAP
E007C0
E00FC0
E01FC0
E01E00
E03800
E03800
E07000
E07000
E0F000
E0E000
E3E000
FFC000
FF0000
FF8000
E3E000
E0E000
E07000
E07800
E03800
E01C00
E01E00
E00E00
E00F00
E007C0
E003C0
E003C0
0001C0
0001C0
0001C0
0001C0
0001C0
0001C0
0001C0
ENDCHAR
STARTCHAR uni049B
ENCODING 1179
SWIDTH 437 0
DWIDTH 16 0
BBX 14 24 2 -5
BITMAP
E03C
E07C
E0FC
E0E0
E1C0
E1C0
E380
FF80
FC00
FF00
E780
E1C0
E1E0
E0E0
E070
E078
E03C
E03C
E01C
001C
001C
001C
001C
001C
ENDCHAR
STARTCHAR uni049C
ENCODING 1180
SWIDTH 582 0
DWIDTH 21 0
BBX 18 26 3 0
BITMAP
E007C0
E00FC0
E01FC0
E03C00
E63800
E67800
E6F000
E6E000
E7E000
E7C000
E7C000
FF8000
FE0000
FF0000
E78000
E7C000
E7C000
E6E000
E67000
E67800
E63C00
E61C00
E00E00
E00700
E00780
E003C0
ENDCHAR
STARTCHAR uni049D
ENCODING 1181
SWIDTH 437 0
DWIDTH 16 0
BBX 14 19 2 0
BITMAP
E078
E0F8
ECF8
EDC0
EFC0
EF80
EF00
FF00
FC00
FE00
EF00
EF80
EFC0
EDC0
ECE0
ECF0
E070
E038
E03C
ENDCHAR
STARTCHAR uni04A2
ENCODING 1186
SWIDTH 722 0
DWIDTH 26 0
BBX 22 33 3 -7
BITMAP
E00070
E00070
E00070
E00070
E00070
E00070
E00070
E00070
E00070
E00070
E00070
FFFFF0
FFFFF0
FFFFF0
E00070
E00070
E00070
E00070
E00070
E00070
E00070
E00070
E00070
E0007C
E0007C
E0007C
00001C
00001C
00001C
00001C
00001C
00001C
00001C
ENDCHAR
STARTCHAR uni04A3
ENCODING 1187
SWIDTH 552 0
DWIDTH 20 0
BBX 18 24 2 -5
BITMAP
E00700
E00700
E00700
E00700
E00700
E00700
E00700
E00700
FFFF00
FFFF00
FFFF00
E00700
E00700
E00700
E00700
E00700
E007C0
E007C0
E007C0
0001C0
0001C0
0001C0
0001C0
0001C0
ENDCHAR
STARTCHAR uni04AE
ENCODING 1198
SWIDTH 556 0
DWIDTH 20 0
BBX 19 26 0 0
BITMAP
F001E0
7001C0
7803C0
380380
3C0780
1C0700
1E0F00
0E0E00
071C00
071C00
03B800
03B800
01F000
01F000
00E000
00E000
00E000
00E000
00E000
00E000
00E000
00E000
00E000
00E000
00E000
00E000
ENDCHAR
STARTCHAR uni04AF
ENCODING 1199
SWIDTH 500 0
DWIDTH 18 0
BBX 17 26 0 -7
BITMAP
E00380
700700
700700
780F00
380E00
380E00
3C1E00
1C1C00
1C1C00
1E3C00
0E3800
0F7800
077000
077000
07F000
03E000
03E000
03E000
01C000
01C000
01C000
01C000
01C000
01C000
01C000
01C000
ENDCHAR
STARTCHAR uni04B0
ENCODING 1200
SWIDTH 556 0
DWIDTH 20 0
BBX 19 26 0 0
BITMAP
F001E0
7001C0
7803C0
380380
1C0700
1C0700
0E0E00
0E0E00
071C00
079C00
03B800
03B000
7FFFC0
7FFFC0
7FFFC0
00E000
00E000
00E000
00E000
00E000
00E000
00E000
00E000
00E000
00E000
00E000
ENDCHAR
STARTCHAR uni04B1
ENCODING 1201
SWIDTH 500 0
DWIDTH 18 0
BBX 17 26 0 -7
BITMAP
E00380
700700
700700
780F00
380E00
380E00
3C1E00
1C1C00
1C1C00
1E3C00
0E3800
0F7800
077000
077000
07F000
03E000
03E000
03E000
01C000
7FFF00
7FFF00
7FFF00
01C000
01C000
01C000
01C000
ENDCHAR
STARTCHAR uni04B2
ENCODING 1202
SWIDTH 666 0
DWIDTH 24 0
BBX 23 33 0 -7
BITMAP
78001E
3C003C
1C0038
1E0070
0F00F0
0781E0
0383C0
03C380
01E780
00EF00
00FE00
007C00
003C00
007C00
007E00
00EF00
01E700
03C780
0383C0
0781E0
0F00E0
1E00F0
1C0078
38003E
78003E
F0001E
00000E
00000E
00000E
00000E
00000E
00000E
00000E
ENDCHAR
STARTCHAR uni04B3
ENCODING 1203
SWIDTH 500 0
DWIDTH 18 0
BBX 18 24 0 -5
BITMAP
780780
3C0F00
1C0E00
0E1E00
0F3C00
073800
03F000
03F000
01E000
01E000
03F000
07F800
073800
0E1C00
1E1E00
3C0F00
3807C0
7803C0
F003C0
0001C0
0001C0
0001C0
0001C0
0001C0
ENDCHAR
STARTCHAR uni04B8
ENCODING 1208
SWIDTH 666 0
DWIDTH 24 0
BBX 18 26 3 0
BITMAP
E001C0
E001C0
E001C0
E001C0
E001C0
E001C0
E0C1C0
E0C1C0
E0C1C0
E0C1C0
E0C1C0
F0C1C0
70C1C0
7CCFC0
3FFFC0
1FFFC0
07E1C0
00C1C0
00C1C0
00C1C0
00C1C0
00C1C0
0001C0
0001C0
0001C0
0001C0
ENDCHAR
STARTCHAR uni04B9
ENCODING 1209
SWIDTH 520 0
DWIDTH 19 0
BBX 15 19 1 0
BITMAP
E00E
E00E
E00E
E00E
E30E
E30E
E30E
F30E
7B1E
7FFE
3FFE
0FCE
030E
030E
030E
030E
000E
000E
000E
ENDCHAR
STARTCHAR uni04BA
ENCODING 1210
SWIDTH 666 0
DWIDTH 24 0
BBX 19 26 3 0
BITMAP
E00000
E00000
E00000
E00000
E00000
E00000
E00000
E00000
E00000
E1FC00
EFFF00
FFFF80
FC07C0
E001C0
E001E0
E000E0
E000E0
E000E0
E000E0
E000E0
E000E0
E000E0
E000E0
E000E0
E000E0
E000E0
ENDCHAR
STARTCHAR uni04BB
ENCODING 1211
SWIDTH 556 0
DWIDTH 19 0
BBX 15 26 2 0
BITMAP
E000
E000
E000
E000
E000
E000
E000
E3E0
EFF8
FFFC
FC3E
F01E
F00E
E00E
E00E
E00E
E00E
E00E
E00E
E00E
E00E
E00E
E00E
E00E
E00E
E00E
ENDCHAR
STARTCHAR uni018F.dup4
ENCODING 1240
SWIDTH 752 0
DWIDTH 27 0
BBX 23 26 2 0
BITMAP
00FE00
07FF80
0FFFE0
1F01F0
3C0078
380038
78001C
30001C
00000C
00000E
00000E
FFFFFE
FFFFFE
FFFFFE
E0000E
E0000E
E0000E
70001E
70001C
78003C
380038
3E00F8
1F01F0
0FFFE0
07FFC0
00FE00
ENDCHAR
STARTCHAR uni0259.dup5
ENCODING 1241
SWIDTH 556 0
DWIDTH 20 0
BBX 18 19 1 0
BITMAP
07F000
1FFC00
3FFF00
7C1F00
F00780
E00380
0003C0
0001C0
0001C0
FFFFC0
FFFFC0
FFFFC0
E001C0
600380
700380
3C0F00
3FFE00
1FFC00
03F000
ENDCHAR
STARTCHAR uni04E8
ENCODING 1256
SWIDTH 777 0
DWIDTH 28 0
BBX 24 26 2 0
BITMAP
00FF00
03FFC0
0FFFF0
1F81F8
1E0078
38001C
78001E
70000E
70000E
E00007
E00007
FFFFFF
FFFFFF
FFFFFF
E00007
E00007
E00007
70000E
70000E
78001E
3C003C
1E0078
1F81F8
0FFFF0
03FFC0
00FF00
ENDCHAR
STARTCHAR uni04E9
ENCODING 1257
SWIDTH 556 0
DWIDTH 20 0
BBX 18 19 1 0
BITMAP
03F000
0FFC00
3FFF00
3C0F00
700380
700380
E001C0
FFFFC0
FFFFC0
FFFFC0
E001C0
E001C0
F003C0
700380
780780
3C0F00
3FFF00
0FFC00
03F000
ENDCHAR
STARTCHAR sheva
ENCODING 1456
SWIDTH 333 0
DWIDTH 12 0
BBX 2 5 5 -7
BITMAP
C0
C0
00
C0
C0
ENDCHAR
STARTCHAR hatafsegol
ENCODING 1457
SWIDTH 333 0
DWIDTH 12 0
BBX 8 5 2 -7
BITMAP
DB
DB
00
63
63
ENDCHAR
STARTCHAR hatafpatah
ENCODING 1458
SWIDTH 333 0
DWIDTH 12 0
BBX 9 5 1 -7
BITMAP
FD80
FD80
0000
0180
0180
ENDCHAR
STARTCHAR hatafqamats
ENCODING 1459
SWIDTH 333 0
DWIDTH 12 0
BBX 9 5 1 -7
BITMAP
FD80
FD80
3000
3180
0180
ENDCHAR
STARTCHAR hiriq
ENCODING 1460
SWIDTH 333 0
DWIDTH 12 0
BBX 2 2 5 -6
BITMAP
C0
C0
ENDCHAR
STARTCHAR tsere
ENCODING 1461
SWIDTH 333 0
DWIDTH 12 0
BBX 6 2 3 -6
BITMAP
CC
CC
ENDCHAR
STARTCHAR segol
ENCODING 1462
SWIDTH 333 0
DWIDTH 12 0
BBX 6 5 3 -7
BITMAP
CC
CC
00
30
30
ENDCHAR
STARTCHAR patah
ENCODING 1463
SWIDTH 333 0
DWIDTH 12 0
BBX 7 2 2 -6
BITMAP
FE
FE
ENDCHAR
STARTCHAR qamats
ENCODING 1464
SWIDTH 333 0
DWIDTH 12 0
BBX 8 5 2 -7
BITMAP
FF
FF
18
18
18
ENDCHAR
STARTCHAR holam
ENCODING 1465
SWIDTH 333 0
DWIDTH 12 0
BBX 2 2 5 21
BITMAP
C0
C0
ENDCHAR
STARTCHAR holam.dup6
ENCODING 1466
SWIDTH 333 0
DWIDTH 12 0
BBX 2 2 5 21
BITMAP
C0
C0
ENDCHAR
STARTCHAR qubuts
ENCODING 1467
SWIDTH 333 0
DWIDTH 12 0
BBX 8 6 2 -7
BITMAP
C0
C0
18
18
03
03
ENDCHAR
STARTCHAR dagesh
ENCODING 1468
SWIDTH 333 0
DWIDTH 12 0
BBX 2 2 5 10
BITMAP
C0
C0
ENDCHAR
STARTCHAR meteg
ENCODING 1469
SWIDTH 333 0
DWIDTH 12 0
BBX 2 6 5 -7
BITMAP
C0
C0
C0
C0
C0
C0
ENDCHAR
STARTCHAR maqaf
ENCODING 1470
SWIDTH 382 0
DWIDTH 14 0
BBX 9 3 2 16
BITMAP
FF80
FF80
FF80
ENDCHAR
STARTCHAR rafe
ENCODING 1471
SWIDTH 333 0
DWIDTH 12 0
BBX 7 2 2 22
BITMAP
FE
FE
ENDCHAR
STARTCHAR paseq
ENCODING 1472
SWIDTH 274 0
DWIDTH 9 0
BBX 3 23 3 0
BITMAP
E0
E0
E0
E0
E0
E0
E0
E0
E0
E0
E0
E0
E0
E0
E0
E0
E0
E0
E0
E0
E0
E0
E0
ENDCHAR
STARTCHAR shindot
ENCODING 1473
SWIDTH 333 0
DWIDTH 12 0
BBX 2 2 14 22
BITMAP
C0
C0
ENDCHAR
STARTCHAR sindot
ENCODING 1474
SWIDTH 333 0
DWIDTH 12 0
BBX 2 2 -3 22
BITMAP
C0
C0
ENDCHAR
STARTCHAR sofpasuq
ENCODING 1475
SWIDTH 277 0
DWIDTH 10 0
BBX 3 19 3 0
BITMAP
E0
E0
E0
00
00
00
00
00
00
00
00
00
00
00
00
00
E0
E0
E0
ENDCHAR
STARTCHAR alef
ENCODING 1488
SWIDTH 562 0
DWIDTH 20 0
BBX 17 19 2 0
BITMAP
F00700
780700
380700
3C0700
1E0F00
0E0E00
0F0E00
1F9E00
3FFC00
79FC00
71F000
70F000
707000
703800
703C00
E01E00
E00E00
E00F00
E00780
ENDCHAR
STARTCHAR bet
ENCODING 1489
SWIDTH 541 0
DWIDTH 20 0
BBX 18 19 1 0
BITMAP
FFC000
FFF000
FFF800
00FC00
003C00
001E00
000E00
000E00
000E00
000E00
000E00
000E00
000E00
000E00
000E00
000E00
FFFFC0
FFFFC0
FFFFC0
ENDCHAR
STARTCHAR gimel
ENCODING 1490
SWIDTH 398 0
DWIDTH 14 0
BBX 12 19 0 0
BITMAP
3F00
3FC0
3FC0
01E0
00E0
00E0
00E0
00E0
00E0
00E0
00E0
03E0
0FE0
1FE0
3CE0
78E0
7070
F070
E070
ENDCHAR
STARTCHAR dalet
ENCODING 1491
SWIDTH 508 0
DWIDTH 18 0
BBX 16 19 1 0
BITMAP
FFFF
FFFF
FFFF
0038
0038
0038
0038
0038
0038
0038
0038
0038
0038
0038
0038
0038
0038
0038
0038
ENDCHAR
STARTCHAR he
ENCODING 1492
SWIDTH 602 0
DWIDTH 22 0
BBX 16 19 3 0
BITMAP
3FE0
FFF8
FFFC
C03E
001E
000F
0007
0007
E007
E007
E007
E007
E007
E007
E007
E007
E007
E007
E007
ENDCHAR
STARTCHAR vav
ENCODING 1493
SWIDTH 246 0
DWIDTH 9 0
BBX 3 19 3 0
BITMAP
E0
E0
E0
E0
E0
E0
E0
E0
E0
E0
E0
E0
E0
E0
E0
E0
E0
E0
E0
ENDCHAR
STARTCHAR zayin
ENCODING 1494
SWIDTH 382 0
DWIDTH 14 0
BBX 11 19 2 0
BITMAP
FFE0
FFE0
FFE0
0F00
1E00
3C00
3800
3800
3800
3800
3800
3800
3800
3800
3800
3800
3800
3800
3800
ENDCHAR
STARTCHAR het
ENCODING 1495
SWIDTH 598 0
DWIDTH 22 0
BBX 16 19 3 0
BITMAP
7FE0
FFF8
FFFC
E03E
E00E
E00F
E007
E007
E007
E007
E007
E007
E007
E007
E007
E007
E007
E007
E007
ENDCHAR
STARTCHAR tet
ENCODING 1496
SWIDTH 589 0
DWIDTH 21 0
BBX 15 19 3 0
BITMAP
E0F0
E1FC
E3FC
E31E
E20E
E00E
E00E
E00E
E00E
E00E
E00E
E00E
E00E
F01E
701C
7C3C
3FF8
1FF0
07C0
ENDCHAR
STARTCHAR yod
ENCODING 1497
SWIDTH 246 0
DWIDTH 9 0
BBX 3 10 3 9
BITMAP
E0
E0
E0
E0
E0
E0
E0
E0
E0
E0
ENDCHAR
STARTCHAR finalkaf
ENCODING 1498
SWIDTH 509 0
DWIDTH 18 0
BBX 14 26 1 -7
BITMAP
FF80
FFE0
FFF0
00F8
0078
003C
001C
001C
001C
001C
001C
001C
001C
001C
001C
001C
001C
001C
001C
001C
001C
001C
001C
001C
001C
001C
ENDCHAR
STARTCHAR kaf
ENCODING 1499
SWIDTH 460 0
DWIDTH 17 0
BBX 14 19 1 0
BITMAP
7F00
FFC0
FFE0
81F0
0078
0038
003C
001C
001C
001C
001C
001C
003C
0038
0078
81F0
FFE0
FFC0
7E00
ENDCHAR
STARTCHAR lamed
ENCODING 1500
SWIDTH 462 0
DWIDTH 17 0
BBX 14 26 1 0
BITMAP
E000
E000
E000
E000
E000
E000
E000
FFFC
FFFC
FFFC
001C
001C
001C
001C
001C
0038
0078
00F0
00E0
01C0
03C0
0380
0380
0380
0380
0380
ENDCHAR
STARTCHAR finalmem
ENCODING 1501
SWIDTH 598 0
DWIDTH 22 0
BBX 16 19 3 0
BITMAP
7FE0
FFF8
FFFC
E03E
E00E
E00F
E007
E007
E007
E007
E007
E007
E007
E007
E007
E007
FFFF
FFFF
FFFF
ENDCHAR
STARTCHAR mem
ENCODING 1502
SWIDTH 601 0
DWIDTH 22 0
BBX 17 19 2 0
BITMAP
E0F800
E3FE00
F7FE00
778F00
7E0700
3E0380
3C0380
3C0380
380380
380380
380380
380380
700380
700380
700380
700380
71FF80
E1FF80
E1FF80
ENDCHAR
STARTCHAR finalnun
ENCODING 1503
SWIDTH 246 0
DWIDTH 9 0
BBX 3 26 3 -7
BITMAP
E0
E0
E0
E0
E0
E0
E0
E0
E0
E0
E0
E0
E0
E0
E0
E0
E0
E0
E0
E0
E0
E0
E0
E0
E0
E0
ENDCHAR
STARTCHAR nun
ENCODING 1504
SWIDTH 352 0
DWIDTH 13 0
BBX 9 19 1 0
BITMAP
FC00
FE00
FF00
0780
0380
0380
0380
0380
0380
0380
0380
0380
0380
0380
0380
0380
FF80
FF80
FF80
ENDCHAR
STARTCHAR samekh
ENCODING 1505
SWIDTH 574 0
DWIDTH 21 0
BBX 17 19 2 0
BITMAP
03F000
0FF800
3FFE00
3C1E00
780F00
700700
E00380
E00380
E00380
E00380
E00380
E00380
E00780
700700
780F00
3C1E00
3FFE00
1FF800
03F000
ENDCHAR
STARTCHAR ayin
ENCODING 1506
SWIDTH 529 0
DWIDTH 19 0
BBX 16 21 1 -2
BITMAP
3807
3807
1C07
1C07
1C07
1C07
1C07
0E07
0E07
0E07
0E06
070E
070E
070E
071C
0778
03F8
1FE0
FF80
FE00
E000
ENDCHAR
STARTCHAR finalpe
ENCODING 1507
SWIDTH 566 0
DWIDTH 20 0
BBX 15 26 2 -7
BITMAP
3FC0
FFF0
FFF8
E07C
E01C
E01E
E00E
E00E
E00E
F00E
FE0E
7E0E
3E0E
000E
000E
000E
000E
000E
000E
000E
000E
000E
000E
000E
000E
000E
ENDCHAR
STARTCHAR pe
ENCODING 1508
SWIDTH 546 0
DWIDTH 20 0
BBX 16 19 2 0
BITMAP
3FC0
FFF0
FFF8
E07C
E01E
E00E
E00F
F007
FE07
7E07
3E07
0007
000F
000E
001E
407C
FFF8
FFF0
7F80
ENDCHAR
STARTCHAR finaltsadi
ENCODING 1509
SWIDTH 461 0
DWIDTH 17 0
BBX 15 26 0 -7
BITMAP
E00E
700E
700E
380E
3C1E
1C1C
1E1C
0E3C
0F78
07F8
07E0
03C0
0380
0380
0380
0380
0380
0380
0380
0380
0380
0380
0380
0380
0380
0380
ENDCHAR
STARTCHAR tsadi
ENCODING 1510
SWIDTH 478 0
DWIDTH 17 0
BBX 15 19 0 0
BITMAP
F00E
700E
780E
380E
1C0E
1E1E
0E1C
073C
0778
03F0
03C0
01C0
00E0
00F0
0070
0038
7FFC
7FFC
7FFC
ENDCHAR
STARTCHAR qof
ENCODING 1511
SWIDTH 549 0
DWIDTH 20 0
BBX 15 26 3 -7
BITMAP
FFFE
FFFE
FFFE
000E
000E
000E
000E
000E
E01C
E01C
E038
E078
E070
E0E0
E0E0
E0E0
E0E0
E0E0
E0E0
E000
E000
E000
E000
E000
E000
E000
ENDCHAR
STARTCHAR resh
ENCODING 1512
SWIDTH 509 0
DWIDTH 18 0
BBX 15 19 0 0
BITMAP
FF80
FFF0
FFF8
00FC
003C
001E
000E
000E
000E
000E
000E
000E
000E
000E
000E
000E
000E
000E
000E
ENDCHAR
STARTCHAR shin
ENCODING 1513
SWIDTH 694 0
DWIDTH 25 0
BBX 21 19 2 0
BITMAP
E07038
E07038
E07038
E07038
E07038
E07078
E0F070
E0E070
E3E070
FFC070
7F8070
780070
7000E0
3800E0
3C01E0
1E07C0
1FFF80
07FF00
01FC00
ENDCHAR
STARTCHAR tav
ENCODING 1514
SWIDTH 642 0
DWIDTH 23 0
BBX 20 19 0 0
BITMAP
7FFE00
7FFF80
7FFFC0
0703E0
0700E0
0700F0
070070
070070
070070
070070
070070
070070
070070
070070
070070
070070
7F0070
FE0070
FC0070
ENDCHAR
STARTCHAR doublevav
ENCODING 1520
SWIDTH 493 0
DWIDTH 17 0
BBX 11 19 3 0
BITMAP
E0E0
E0E0
E0E0
E0E0
E0E0
E0E0
E0E0
E0E0
E0E0
E0E0
E0E0
E0E0
E0E0
E0E0
E0E0
E0E0
E0E0
E0E0
E0E0
ENDCHAR
STARTCHAR vavyod
ENCODING 1521
SWIDTH 493 0
DWIDTH 17 0
BBX 11 19 3 0
BITMAP
E0E0
E0E0
E0E0
E0E0
E0E0
E0E0
E0E0
E0E0
E0E0
E0E0
00E0
00E0
00E0
00E0
00E0
00E0
00E0
00E0
00E0
ENDCHAR
STARTCHAR doubleyod
ENCODING 1522
SWIDTH 493 0
DWIDTH 17 0
BBX 11 10 3 9
BITMAP
E0E0
E0E0
E0E0
E0E0
E0E0
E0E0
E0E0
E0E0
E0E0
E0E0
ENDCHAR
STARTCHAR geresh
ENCODING 1523
SWIDTH 235 0
DWIDTH 8 0
BBX 5 7 2 12
BITMAP
38
30
70
70
60
E0
C0
ENDCHAR
STARTCHAR gershayim
ENCODING 1524
SWIDTH 416 0
DWIDTH 15 0
BBX 11 7 2 12
BITMAP
38E0
30C0
71C0
71C0
6180
E380
C300
ENDCHAR
STARTCHAR afii57388
ENCODING 1548
SWIDTH 318 0
DWIDTH 11 0
BBX 6 11 3 5
BITMAP
10
30
60
40
C0
C0
F8
FC
FC
7C
38
ENDCHAR
STARTCHAR afii57403
ENCODING 1563
SWIDTH 318 0
DWIDTH 11 0
BBX 6 17 3 5
BITMAP
10
30
60
40
C0
C0
F8
FC
FC
7C
38
00
00
30
78
78
30
ENDCHAR
STARTCHAR afii57407
ENCODING 1567
SWIDTH 356 0
DWIDTH 13 0
BBX 10 21 1 5
BITMAP
1F00
3080
60C0
E1C0
E3C0
F3C0
F180
F800
7800
3C00
1C00
0C00
0400
0400
0400
0000
0000
0C00
1E00
1E00
0C00
ENDCHAR
STARTCHAR afii57409
ENCODING 1569
SWIDTH 412 0
DWIDTH 15 0
BBX 11 13 2 2
BITMAP
0E00
1F00
3F00
6200
4000
C060
F3E0
FFC0
7F80
3C00
3800
2000
4000
ENDCHAR
STARTCHAR afii52400
ENCODING 1570
SWIDTH 207 0
DWIDTH 7 0
BBX 7 24 0 5
BITMAP
E2
9C
00
08
18
18
18
18
18
18
18
18
1C
1C
1C
0C
0C
0C
0C
0C
0C
0C
08
08
ENDCHAR
STARTCHAR afii57411
ENCODING 1571
SWIDTH 207 0
DWIDTH 7 0
BBX 5 27 1 5
BITMAP
30
40
60
30
C0
00
10
30
30
30
30
30
30
30
30
38
38
38
18
18
18
18
18
18
18
10
10
ENDCHAR
STARTCHAR afii57412
ENCODING 1572
SWIDTH 432 0
DWIDTH 16 0
BBX 15 23 1 -3
BITMAP
0180
0200
0300
0180
0600
0000
001C
003C
003E
0066
0062
0072
007E
003E
001E
0002
0006
000C
001C
0078
C1F0
3FE0
0FC0
ENDCHAR
STARTCHAR afii57413
ENCODING 1573
SWIDTH 207 0
DWIDTH 7 0
BBX 6 29 0 -3
BITMAP
08
18
18
18
18
18
18
18
18
1C
1C
1C
0C
0C
0C
0C
0C
0C
0C
08
08
00
00
00
30
40
60
30
C0
ENDCHAR
STARTCHAR afii57414
ENCODING 1574
SWIDTH 638 0
DWIDTH 23 0
BBX 21 21 1 -2
BITMAP
300000
400000
600070
3001F8
C003F8
000718
000408
200800
400800
401000
401000
801FF0
801FF0
800FF0
800030
800060
C003E0
F01FC0
7FFF80
7FFE00
1FF000
ENDCHAR
STARTCHAR afii57415
ENCODING 1575
SWIDTH 207 0
DWIDTH 7 0
BBX 3 21 3 5
BITMAP
40
C0
C0
C0
C0
C0
C0
C0
C0
E0
E0
E0
60
60
60
60
60
60
60
40
40
ENDCHAR
STARTCHAR afii57416
ENCODING 1576
SWIDTH 713 0
DWIDTH 26 0
BBX 25 19 1 -2
BITMAP
40000100
40000100
80000380
80000180
80000180
80000080
C0000080
E0000080
F8000080
7FFFFF80
3FFFFF80
0FFFFF80
00000000
00000000
00000000
00080000
001E0000
001C0000
00040000
ENDCHAR
STARTCHAR afii57417
ENCODING 1577
SWIDTH 282 0
DWIDTH 10 0
BBX 10 19 0 5
BITMAP
0400
0F00
4E00
F200
E000
2000
0000
0000
1800
1E00
1F00
1F80
33C0
21C0
60C0
61C0
7F80
7F80
3E00
ENDCHAR
STARTCHAR afii57418
ENCODING 1578
SWIDTH 713 0
DWIDTH 26 0
BBX 25 18 1 5
BITMAP
00020000
00078000
00270000
00790000
00700000
00100000
40000100
40000100
80000380
80000180
80000180
80000080
C0000080
E0000080
F8000080
7FFFFF80
3FFFFF80
0FFFFF80
ENDCHAR
STARTCHAR afii57419
ENCODING 1579
SWIDTH 713 0
DWIDTH 26 0
BBX 25 21 1 5
BITMAP
00100000
003C0000
00380000
000A0000
00078000
00270000
00790000
00700000
00100000
40000100
40000100
80000380
80000180
80000180
80000080
C0000080
E0000080
F8000080
7FFFFF80
3FFFFF80
0FFFFF80
ENDCHAR
STARTCHAR afii57420
ENCODING 1580
SWIDTH 562 0
DWIDTH 20 0
BBX 18 22 1 -7
BITMAP
0FFF80
3FFF80
7FFF00
41FC00
07C000
0E0000
180000
200000
400000
402000
807800
807000
801000
800000
C00000
C00000
E00000
780000
3F8000
1FFFC0
0FFF00
01FE00
ENDCHAR
STARTCHAR afii57421
ENCODING 1581
SWIDTH 562 0
DWIDTH 20 0
BBX 18 22 1 -7
BITMAP
0FFF80
3FFF80
7FFF00
41FC00
07C000
0E0000
180000
200000
400000
400000
800000
800000
800000
800000
C00000
C00000
E00000
780000
3F8000
1FFFC0
0FFF00
01FE00
ENDCHAR
STARTCHAR afii57422
ENCODING 1582
SWIDTH 562 0
DWIDTH 20 0
BBX 18 29 1 -7
BITMAP
008000
01E000
01C000
004000
000000
000000
000000
0FFF80
3FFF80
7FFF00
41FC00
07C000
0E0000
180000
200000
400000
400000
800000
800000
800000
800000
C00000
C00000
E00000
780000
3F8000
1FFFC0
0FFF00
01FE00
ENDCHAR
STARTCHAR afii57423
ENCODING 1583
SWIDTH 337 0
DWIDTH 12 0
BBX 10 14 2 5
BITMAP
0400
0600
0700
0380
0180
0080
00C0
0040
0040
0040
8040
FFC0
FFC0
FFC0
ENDCHAR
STARTCHAR afii57424
ENCODING 1584
SWIDTH 337 0
DWIDTH 12 0
BBX 10 21 2 5
BITMAP
2000
7800
7000
1000
0000
0000
0000
0400
0600
0700
0380
0180
0080
00C0
0040
0040
0040
8040
FFC0
FFC0
FFC0
ENDCHAR
STARTCHAR afii57425
ENCODING 1585
SWIDTH 488 0
DWIDTH 18 0
BBX 17 18 1 -3
BITMAP
000200
000300
000700
000380
000380
000180
000080
000080
000080
000080
000180
000380
000700
000F00
001E00
C0F800
3FF000
07C000
ENDCHAR
STARTCHAR afii57426
ENCODING 1586
SWIDTH 488 0
DWIDTH 18 0
BBX 17 26 1 -3
BITMAP
001000
003C00
003800
000800
000000
000000
000000
000000
000200
000300
000700
000380
000380
000180
000080
000080
000080
000080
000180
000380
000700
000F00
001E00
C0F800
3FF000
07C000
ENDCHAR
STARTCHAR afii57427
ENCODING 1587
SWIDTH 821 0
DWIDTH 30 0
BBX 29 18 1 -3
BITMAP
00008010
00008130
0001C138
2001C118
4000C108
4000C188
40004388
80007FF8
80007FF8
80007E78
80004000
8000C000
8001C000
C0038000
F01F0000
7FFE0000
3FFC0000
0FF00000
ENDCHAR
STARTCHAR afii57428
ENCODING 1588
SWIDTH 821 0
DWIDTH 30 0
BBX 29 29 1 -3
BITMAP
00000400
00000F00
00000E00
00000280
000001E0
000009C0
00001E40
00001C00
00000400
00000000
00000000
00008010
00008130
0001C138
2001C118
4000C108
4000C188
40004388
80007FF8
80007FF8
80007E78
80004000
8000C000
8001C000
C0038000
F01F0000
7FFE0000
3FFC0000
0FF00000
ENDCHAR
STARTCHAR afii57429
ENCODING 1589
SWIDTH 1098 0
DWIDTH 40 0
BBX 39 18 1 -3
BITMAP
00008001F8
00008007FC
0001C00FFC
2001C01C1E
4000C0700E
4000C0E00E
400043801E
80007FFFFE
80007FFFFE
80007FFFFE
8000400000
8000C00000
8001800000
C003800000
F01F000000
7FFF000000
3FFC000000
0FF0000000
ENDCHAR
STARTCHAR afii57430
ENCODING 1590
SWIDTH 1098 0
DWIDTH 40 0
BBX 39 24 1 -3
BITMAP
0000008000
000001E000
000001C000
0000004000
0000000000
0000000000
00008001F8
00008007FC
0001C00FFC
2001C01C1E
4000C0700E
4000C0E00E
400043801E
80007FFFFE
80007FFFFE
80007FFFFE
8000400000
8000C00000
8001800000
C003800000
F01F000000
7FFF000000
3FFC000000
0FF0000000
ENDCHAR
STARTCHAR afii57431
ENCODING 1591
SWIDTH 581 0
DWIDTH 21 0
BBX 22 23 -1 5
BITMAP
040000
060000
078000
078000
038000
030000
018000
018000
018000
01C000
00C000
00C000
00C000
00C000
00C1F0
00CFF8
00BFFC
00F83C
01C01C
07003C
FFFFFC
FFFFFC
FFFFFC
ENDCHAR
STARTCHAR afii57432
ENCODING 1592
SWIDTH 581 0
DWIDTH 21 0
BBX 22 23 -1 5
BITMAP
040000
060000
078000
078000
038000
030000
018200
018780
018700
01C100
00C000
00C000
00C000
00C000
00C1F0
00CFF8
00BFFC
00F83C
01C01C
07003C
FFFFFC
FFFFFC
FFFFFC
ENDCHAR
STARTCHAR afii57433
ENCODING 1593
SWIDTH 543 0
DWIDTH 20 0
BBX 17 28 1 -7
BITMAP
0F0000
3F8000
7FE000
780000
C00000
800000
800600
C03E00
F8FC00
7FF800
7FC000
1F0000
1C0000
380000
600000
400000
400000
800000
800000
800000
800000
C00000
C00000
700000
7E0000
3FFF80
0FFF00
03FC00
ENDCHAR
STARTCHAR afii57434
ENCODING 1594
SWIDTH 543 0
DWIDTH 20 0
BBX 17 35 1 -7
BITMAP
040000
070000
0E0000
020000
000000
000000
000000
0F0000
3F8000
7FE000
780000
C00000
800000
800600
C03E00
F8FC00
7FF800
7FC000
1F0000
1C0000
380000
600000
400000
400000
800000
800000
800000
800000
C00000
C00000
700000
7E0000
3FFF80
0FFF00
03FC00
ENDCHAR
STARTCHAR afii57440
ENCODING 1600
SWIDTH 207 0
DWIDTH 7 0
BBX 8 3 -1 5
BITMAP
FF
FF
FF
ENDCHAR
STARTCHAR afii57441
ENCODING 1601
SWIDTH 788 0
DWIDTH 28 0
BBX 27 19 1 5
BITMAP
00000800
00000E00
00001C00
00000400
00000000
00000000
00000000
40000380
400007C0
800007C0
80000CE0
80000C60
80000C60
C0000E60
E00007E0
7C0003E0
7FFFFFE0
1FFFFFE0
07FFFFE0
ENDCHAR
STARTCHAR afii57442
ENCODING 1602
SWIDTH 581 0
DWIDTH 21 0
BBX 20 28 1 -3
BITMAP
000100
0003C0
001380
003C80
003800
000800
000000
000000
000000
000380
0007C0
0007E0
000C60
200C70
200C70
400FF0
400FF0
8003D0
800010
800010
800010
800030
C00070
C000E0
7807E0
7FFFC0
3FFF00
07FC00
ENDCHAR
STARTCHAR afii57443
ENCODING 1603
SWIDTH 601 0
DWIDTH 22 0
BBX 21 23 1 5
BITMAP
000080
0000E0
0000F0
0000F0
000070
000460
001C60
003060
004020
00C030
00FE30
00FE30
000630
400630
401C30
87F030
800018
800018
C00018
E00018
FFFFF8
7FFFF8
1FFFF8
ENDCHAR
STARTCHAR afii57444
ENCODING 1604
SWIDTH 506 0
DWIDTH 18 0
BBX 17 28 1 0
BITMAP
000800
000E00
000F00
000F00
000700
000600
000200
000200
000300
000300
000300
000100
000100
100100
200100
200180
400180
400080
800080
800080
800080
800080
800180
C00380
F01F00
7FFF00
3FFC00
0FF000
ENDCHAR
STARTCHAR afii57445
ENCODING 1605
SWIDTH 337 0
DWIDTH 12 0
BBX 11 20 1 -7
BITMAP
0700
0F80
1FC0
11C0
00E0
07E0
3FE0
7FE0
F800
C000
C000
C000
C000
4000
6000
6000
6000
2000
2000
2000
ENDCHAR
STARTCHAR afii57446
ENCODING 1606
SWIDTH 525 0
DWIDTH 19 0
BBX 18 23 1 -3
BITMAP
008000
01E000
01C000
004000
000000
000080
000080
0001C0
2001C0
4000C0
4000C0
400040
800040
800040
800040
800040
8000C0
8001C0
C00380
F01F80
7FFF00
3FFE00
0FF000
ENDCHAR
STARTCHAR afii57447
ENCODING 1607
SWIDTH 282 0
DWIDTH 10 0
BBX 8 11 1 5
BITMAP
20
38
3C
3E
6F
47
C3
C7
FE
FE
7C
ENDCHAR
STARTCHAR afii57448
ENCODING 1608
SWIDTH 432 0
DWIDTH 16 0
BBX 15 17 1 -3
BITMAP
001C
003C
003E
0066
0062
0072
007E
003E
001E
0002
0006
000C
001C
0078
C1F0
3FE0
0FC0
ENDCHAR
STARTCHAR afii57449
ENCODING 1609
SWIDTH 638 0
DWIDTH 23 0
BBX 21 19 1 -2
BITMAP
000070
0001F8
0003F8
000718
000408
200800
400800
401000
401000
801FF0
801FF0
800FF0
800030
800060
C003E0
F01FC0
7FFF80
7FFE00
1FF000
ENDCHAR
STARTCHAR afii57450
ENCODING 1610
SWIDTH 638 0
DWIDTH 23 0
BBX 21 24 1 -7
BITMAP
000070
0001F8
0003F8
000718
000408
200800
400800
401000
401000
801FF0
801FF0
800FF0
800030
800060
C003E0
F01FC0
7FFF80
7FFE00
1FF000
003C00
013800
03C800
038000
008000
ENDCHAR
STARTCHAR afii57451
ENCODING 1611
SWIDTH 201 0
DWIDTH 7 0
BBX 6 5 1 22
BITMAP
04
38
C4
38
C0
ENDCHAR
STARTCHAR afii57452
ENCODING 1612
SWIDTH 236 0
DWIDTH 9 0
BBX 7 6 1 22
BITMAP
06
0A
EA
2C
2A
70
ENDCHAR
STARTCHAR afii57453
ENCODING 1613
SWIDTH 201 0
DWIDTH 7 0
BBX 6 5 1 -4
BITMAP
04
38
C4
38
C0
ENDCHAR
STARTCHAR afii57454
ENCODING 1614
SWIDTH 201 0
DWIDTH 7 0
BBX 6 3 1 22
BITMAP
04
38
C0
ENDCHAR
STARTCHAR afii57455
ENCODING 1615
SWIDTH 209 0
DWIDTH 8 0
BBX 5 7 2 22
BITMAP
18
28
28
38
18
60
80
ENDCHAR
STARTCHAR afii57456
ENCODING 1616
SWIDTH 201 0
DWIDTH 7 0
BBX 6 3 1 -1
BITMAP
04
38
C0
ENDCHAR
STARTCHAR afii57457
ENCODING 1617
SWIDTH 211 0
DWIDTH 8 0
BBX 7 5 1 22
BITMAP
02
12
96
BC
E0
ENDCHAR
STARTCHAR afii57458
ENCODING 1618
SWIDTH 164 0
DWIDTH 6 0
BBX 5 4 1 22
BITMAP
70
98
88
F0
ENDCHAR
STARTCHAR uni0653
ENCODING 1619
SWIDTH 207 0
DWIDTH 7 0
BBX 6 2 0 25
BITMAP
E0
1C
ENDCHAR
STARTCHAR uni0654
ENCODING 1620
SWIDTH 207 0
DWIDTH 7 0
BBX 4 5 1 27
BITMAP
30
40
60
30
C0
ENDCHAR
STARTCHAR uni0655
ENCODING 1621
SWIDTH 207 0
DWIDTH 7 0
BBX 4 5 1 -3
BITMAP
30
40
60
30
C0
ENDCHAR
STARTCHAR afii57392
ENCODING 1632
SWIDTH 525 0
DWIDTH 19 0
BBX 6 8 7 8
BITMAP
40
70
78
FC
FC
78
38
08
ENDCHAR
STARTCHAR afii57393
ENCODING 1633
SWIDTH 525 0
DWIDTH 19 0
BBX 7 21 5 5
BITMAP
40
60
70
F0
F8
78
3C
3C
1C
1C
0E
0E
0E
06
06
06
06
04
04
04
04
ENDCHAR
STARTCHAR afii57394
ENCODING 1634
SWIDTH 525 0
DWIDTH 19 0
BBX 11 21 3 5
BITMAP
4020
6020
6060
F860
FFE0
7FC0
3F80
3C00
1E00
0E00
0E00
0F00
0700
0700
0700
0300
0300
0300
0300
0100
0100
ENDCHAR
STARTCHAR afii57395
ENCODING 1635
SWIDTH 525 0
DWIDTH 19 0
BBX 15 21 3 5
BITMAP
4042
60E6
70FE
FFFE
FF7C
7E00
7800
3800
1C00
1C00
1C00
0C00
0E00
0E00
0600
0600
0600
0400
0400
0400
0400
ENDCHAR
STARTCHAR afii57396
ENCODING 1636
SWIDTH 525 0
DWIDTH 19 0
BBX 10 21 4 5
BITMAP
0080
0180
0780
0E00
1000
2000
7000
FC00
FF00
FF80
7F00
0E00
0400
0800
1800
3000
7000
7E00
7FC0
3F80
0F80
ENDCHAR
STARTCHAR afii57397
ENCODING 1637
SWIDTH 525 0
DWIDTH 19 0
BBX 12 13 3 9
BITMAP
0F00
1F80
3FC0
23E0
60F0
4030
4010
C010
C010
F060
FFE0
FF80
3F00
ENDCHAR
STARTCHAR afii57398
ENCODING 1638
SWIDTH 525 0
DWIDTH 19 0
BBX 11 21 4 5
BITMAP
8000
C180
FF00
FF00
FF00
7F00
0100
0100
0100
0100
0100
0100
0180
0180
0180
01C0
00E0
00E0
00E0
0060
0020
ENDCHAR
STARTCHAR afii57399
ENCODING 1639
SWIDTH 525 0
DWIDTH 19 0
BBX 14 21 2 5
BITMAP
8000
C004
C004
E00C
E00C
F01C
F818
7830
3830
1C20
0C60
0E40
0640
0680
0280
0380
0380
0100
0100
0100
0100
ENDCHAR
STARTCHAR afii57400
ENCODING 1640
SWIDTH 525 0
DWIDTH 19 0
BBX 15 21 2 5
BITMAP
0100
0100
0100
0100
0380
0380
0580
04C0
04C0
04E0
0C60
0870
1878
183C
303E
701E
E01E
E00E
C006
C006
8002
ENDCHAR
STARTCHAR afii57401
ENCODING 1641
SWIDTH 525 0
DWIDTH 19 0
BBX 12 21 3 5
BITMAP
0E00
3F00
3F00
6380
4180
C180
E180
FF80
FF80
7F80
0180
0180
0180
01C0
01C0
01E0
01E0
00F0
00E0
0060
0020
ENDCHAR
STARTCHAR afii57381
ENCODING 1642
SWIDTH 525 0
DWIDTH 19 0
BBX 15 25 2 3
BITMAP
3006
780C
780C
3018
0018
0030
0030
0060
0060
00C0
00C0
0180
0380
0300
0600
0600
0C00
0C00
1800
1800
3000
3018
603C
603C
C018
ENDCHAR
STARTCHAR afii57461
ENCODING 1643
SWIDTH 318 0
DWIDTH 11 0
BBX 5 9 4 1
BITMAP
70
F8
F8
F8
78
30
70
60
40
ENDCHAR
STARTCHAR afii57388.dup7
ENCODING 1644
SWIDTH 318 0
DWIDTH 11 0
BBX 6 11 3 5
BITMAP
10
30
60
40
C0
C0
F8
FC
FC
7C
38
ENDCHAR
STARTCHAR afii63167
ENCODING 1645
SWIDTH 525 0
DWIDTH 19 0
BBX 11 11 4 15
BITMAP
0E00
6EC0
7DC0
3F80
CE60
FBE0
CE60
3F80
75C0
6EC0
0E00
ENDCHAR
STARTCHAR glyph1320
ENCODING 1646
SWIDTH 713 0
DWIDTH 26 0
BBX 25 12 1 5
BITMAP
40000100
40000100
80000380
80000180
80000180
80000080
C0000080
E0000080
F8000080
7FFFFF80
3FFFFF80
0FFFFF80
ENDCHAR
STARTCHAR glyph1324
ENCODING 1647
SWIDTH 581 0
DWIDTH 21 0
BBX 20 19 1 -3
BITMAP
000380
0007C0
0007E0
000C60
200C70
600C70
400FF0
400FF0
8003D0
800010
800010
800010
800030
C00030
C000E0
7807E0
7FFFC0
3FFF00
07FC00
ENDCHAR
STARTCHAR uni0670
ENCODING 1648
SWIDTH 0 0
DWIDTH 0 0
BBX 2 8 -1 20
BITMAP
80
80
C0
C0
40
40
40
40
ENDCHAR
STARTCHAR uni0671
ENCODING 1649
SWIDTH 207 0
DWIDTH 7 0
BBX 7 27 0 5
BITMAP
0E
16
26
FE
FC
00
08
18
18
18
18
18
18
18
18
1C
1C
1C
0C
0C
0C
0C
0C
0C
0C
08
08
ENDCHAR
STARTCHAR uni0672
ENCODING 1650
SWIDTH 207 0
DWIDTH 7 0
BBX 7 27 0 5
BITMAP
1C
20
30
1E
70
80
08
18
18
18
18
18
18
18
18
1C
1C
1C
0C
0C
0C
0C
0C
0C
0C
08
08
ENDCHAR
STARTCHAR uni0673
ENCODING 1651
SWIDTH 207 0
DWIDTH 7 0
BBX 6 29 1 -3
BITMAP
10
30
30
30
30
30
30
30
30
38
38
38
18
18
18
18
18
18
18
10
10
00
00
00
1C
20
30
1C
F0
ENDCHAR
STARTCHAR uni0654.dup8
ENCODING 1652
SWIDTH 207 0
DWIDTH 7 0
BBX 4 5 1 27
BITMAP
30
40
60
30
C0
ENDCHAR
STARTCHAR uni0675
ENCODING 1653
SWIDTH 207 0
DWIDTH 7 0
BBX 8 22 2 5
BITMAP
06
48
CC
C7
C8
C0
C0
C0
C0
C0
E0
E0
E0
60
60
60
60
60
60
60
40
40
ENDCHAR
STARTCHAR uni0676
ENCODING 1654
SWIDTH 432 0
DWIDTH 16 0
BBX 16 25 1 -3
BITMAP
0003
0004
0006
0003
000C
0000
0000
0000
001C
003C
003E
0066
0062
0072
007E
003E
001E
0002
0006
000C
001C
0078
C1F0
3FE0
0FC0
ENDCHAR
STARTCHAR uni0677
ENCODING 1655
SWIDTH 432 0
DWIDTH 16 0
BBX 16 25 1 -3
BITMAP
00C3
00E4
00C6
00C3
00AC
0100
0600
0000
001C
003C
003E
0066
0062
0072
007E
003E
001E
0002
0006
000C
001C
0078
C1F0
3FE0
0FC0
ENDCHAR
STARTCHAR uni0678
ENCODING 1656
SWIDTH 638 0
DWIDTH 23 0
BBX 23 27 1 -2
BITMAP
000006
000008
000008
00000E
000010
000000
000000
000000
000070
0001F8
0003F8
000718
000408
200800
400800
401000
401000
801FF0
801FF0
800FF0
800030
800060
C003E0
F01FC0
7FFF80
7FFE00
1FF000
ENDCHAR
STARTCHAR uni0679
ENCODING 1657
SWIDTH 713 0
DWIDTH 26 0
BBX 25 25 1 5
BITMAP
00400000
00700000
00300000
00200000
00200000
00100000
00138000
001FC000
00184000
00204000
01FFC000
00000000
00000000
40000100
40000100
80000380
80000180
80000180
80000080
C0000080
E0000080
F8000080
7FFFFF80
3FFFFF80
0FFFFF80
ENDCHAR
STARTCHAR uni067A
ENCODING 1658
SWIDTH 713 0
DWIDTH 26 0
BBX 25 22 1 5
BITMAP
00100000
003C0000
00380000
00080000
00080000
001E0000
001C0000
00040000
00000000
00000000
40000100
40000100
80000380
80000180
80000180
80000080
C0000080
E0000080
F8000080
7FFFFF80
3FFFFF80
0FFFFF80
ENDCHAR
STARTCHAR uni067B
ENCODING 1659
SWIDTH 713 0
DWIDTH 26 0
BBX 25 23 1 -6
BITMAP
40000100
40000100
80000380
80000180
80000180
80000080
C0000080
E0000080
F8000080
7FFFFF80
3FFFFF80
0FFFFF80
00000000
00000000
00000000
00080000
001E0000
001C0000
00040000
00040000
000F0000
000E0000
00020000
ENDCHAR
STARTCHAR uni067C
ENCODING 1660
SWIDTH 713 0
DWIDTH 26 0
BBX 25 21 1 2
BITMAP
00020000
00078000
00270000
00790000
00700000
00100000
40000100
40000100
80000380
80000180
80000180
80000080
C0000080
E0000080
F8000080
7FFFFF80
3FFFFF80
0FFFFF80
00120000
00120000
001C0000
ENDCHAR
STARTCHAR uni067D
ENCODING 1661
SWIDTH 713 0
DWIDTH 26 0
BBX 25 22 1 5
BITMAP
00040000
000F0000
004E0000
00F20000
00E00000
00280000
001E0000
001C0000
00040000
00000000
40000100
40000100
80000380
80000180
80000180
80000080
C0000080
E0000080
F8000080
7FFFFF80
3FFFFF80
0FFFFF80
ENDCHAR
STARTCHAR afii57506
ENCODING 1662
SWIDTH 713 0
DWIDTH 26 0
BBX 25 24 1 -7
BITMAP
40000100
40000100
80000380
80000180
80000180
80000080
C0000080
E0000080
F8000080
7FFFFF80
3FFFFF80
0FFFFF80
00000000
00000000
00000000
00020000
00038000
00278000
00390000
00780000
00140000
00070000
000F0000
00020000
ENDCHAR
STARTCHAR uni067F
ENCODING 1663
SWIDTH 713 0
DWIDTH 26 0
BBX 25 22 1 5
BITMAP
00040000
000F0000
004E0000
00F20000
00E20000
00278000
00270000
00790000
00700000
00100000
40000100
40000100
80000380
80000180
80000180
80000080
C0000080
E0000080
F8000080
7FFFFF80
3FFFFF80
0FFFFF80
ENDCHAR
STARTCHAR uni0680
ENCODING 1664
SWIDTH 713 0
DWIDTH 26 0
BBX 25 25 1 -8
BITMAP
40000100
40000100
80000380
80000180
80000180
80000080
C0000080
E0000080
F8000080
7FFFFF80
3FFFFF80
0FFFFF80
00000000
00000000
00000000
000C0000
000E0000
00DE0000
00E40000
00E60000
00470000
006F0000
00720000
00700000
00200000
ENDCHAR
STARTCHAR uni0681
ENCODING 1665
SWIDTH 562 0
DWIDTH 20 0
BBX 18 32 1 -7
BITMAP
006000
008000
00C000
006000
018000
000000
000000
000000
000000
000000
0FFF80
3FFF80
7FFF00
41FC00
07C000
0E0000
180000
200000
400000
400000
800000
800000
800000
800000
C00000
C00000
E00000
780000
3F8000
1FFFC0
0FFF00
01FE00
ENDCHAR
STARTCHAR uni0682
ENCODING 1666
SWIDTH 562 0
DWIDTH 20 0
BBX 18 34 1 -7
BITMAP
018000
01C000
03C000
008000
00C000
00E000
01E000
004000
000000
000000
000000
000000
0FFF80
3FFF80
7FFF00
41FC00
07C000
0E0000
180000
200000
400000
400000
800000
800000
800000
800000
C00000
C00000
E00000
780000
3F8000
1FFFC0
0FFF00
01FE00
ENDCHAR
STARTCHAR uni0683
ENCODING 1667
SWIDTH 562 0
DWIDTH 20 0
BBX 18 22 1 -7
BITMAP
0FFF80
3FFF80
7FFF00
41FC00
07C000
0E0000
180000
200000
400000
400400
800F00
804E00
80F600
80E000
C06000
C00000
E00000
780000
3F8000
1FFFC0
0FFF00
01FE00
ENDCHAR
STARTCHAR uni0684
ENCODING 1668
SWIDTH 562 0
DWIDTH 20 0
BBX 18 22 1 -7
BITMAP
0FFF80
3FFF80
7FFF00
41FC00
07C000
0E0000
180000
200000
408000
41E000
81C000
80C000
804000
80F000
C0E000
C06000
E00000
780000
3F8000
1FFFC0
0FFF00
01FE00
ENDCHAR
STARTCHAR uni0685
ENCODING 1669
SWIDTH 562 0
DWIDTH 20 0
BBX 18 34 1 -7
BITMAP
010000
03C000
038000
00A000
007800
027000
079000
070000
010000
000000
000000
000000
0FFF80
3FFF80
7FFF00
41FC00
07C000
0E0000
180000
200000
400000
400000
800000
800000
800000
800000
C00000
C00000
E00000
780000
3F8000
1FFFC0
0FFF00
01FE00
ENDCHAR
STARTCHAR afii57507
ENCODING 1670
SWIDTH 562 0
DWIDTH 20 0
BBX 18 22 1 -7
BITMAP
0FFF80
3FFF80
7FFF00
41FC00
07C000
0E0000
180000
201000
401C00
413C00
81C800
83C000
80A000
803800
C07800
C01000
E00000
780000
3F8000
1FFFC0
0FFF00
01FE00
ENDCHAR
STARTCHAR uni0687
ENCODING 1671
SWIDTH 562 0
DWIDTH 20 0
BBX 18 22 1 -7
BITMAP
0FFF80
3FFF80
7FFF00
41FC00
07C000
0E0000
180000
203000
403800
437800
839000
879800
811C00
81BC00
C1C800
C3C000
E08000
780000
3F8000
1FFFC0
0FFF00
01FE00
ENDCHAR
STARTCHAR uni0688
ENCODING 1672
SWIDTH 337 0
DWIDTH 12 0
BBX 11 27 1 5
BITMAP
2000
3800
1000
1000
1000
0800
09C0
0FE0
0C60
1020
FFE0
0000
0000
0200
0300
0380
01C0
00C0
0040
0060
0020
0020
0020
4020
7FE0
7FE0
7FE0
ENDCHAR
STARTCHAR uni0689
ENCODING 1673
SWIDTH 337 0
DWIDTH 12 0
BBX 10 17 2 2
BITMAP
0400
0600
0700
0380
0180
0080
00C0
0040
0040
0040
8040
FFC0
FFC0
FFC0
1300
1100
1E00
ENDCHAR
STARTCHAR uni068A
ENCODING 1674
SWIDTH 337 0
DWIDTH 12 0
BBX 10 21 2 -2
BITMAP
0400
0600
0700
0380
0180
0080
00C0
0040
0040
0040
8040
FFC0
FFC0
FFC0
0000
0000
0000
0C00
0E00
1E00
0400
ENDCHAR
STARTCHAR uni068B
ENCODING 1675
SWIDTH 337 0
DWIDTH 12 0
BBX 11 34 1 -2
BITMAP
2000
3800
1000
1000
1000
0800
09C0
0FE0
0C60
1020
FFE0
0000
0000
0200
0300
0380
01C0
00C0
0040
0060
0020
0020
0020
4020
7FE0
7FE0
7FE0
0000
0000
0000
0600
0700
0F00
0200
ENDCHAR
STARTCHAR uni068C
ENCODING 1676
SWIDTH 337 0
DWIDTH 12 0
BBX 10 22 2 5
BITMAP
0300
0380
3780
3900
7800
1000
0000
0000
0400
0600
0700
0380
0180
0080
00C0
0040
0040
0040
8040
FFC0
FFC0
FFC0
ENDCHAR
STARTCHAR uni068D
ENCODING 1677
SWIDTH 337 0
DWIDTH 12 0
BBX 10 23 2 -4
BITMAP
0400
0600
0700
0380
0180
0080
00C0
0040
0040
0040
8040
FFC0
FFC0
FFC0
0000
0000
0000
0300
0380
3780
3900
7800
1000
ENDCHAR
STARTCHAR uni068E
ENCODING 1678
SWIDTH 337 0
DWIDTH 12 0
BBX 10 25 2 5
BITMAP
1000
3C00
3800
0A00
0780
2700
7900
7000
1000
0000
0000
0400
0600
0700
0380
0180
0080
00C0
0040
0040
0040
8040
FFC0
FFC0
FFC0
ENDCHAR
STARTCHAR uni068F
ENCODING 1679
SWIDTH 337 0
DWIDTH 12 0
BBX 10 25 2 5
BITMAP
0200
0780
2700
7900
7000
1400
0F00
0E00
0200
0000
0000
0400
0600
0700
0380
0180
0080
00C0
0040
0040
0040
8040
FFC0
FFC0
FFC0
ENDCHAR
STARTCHAR uni0690
ENCODING 1680
SWIDTH 337 0
DWIDTH 12 0
BBX 10 25 2 5
BITMAP
0600
0700
6F00
7200
F300
2380
3780
3900
7800
1000
0000
0400
0600
0700
0380
0180
0080
00C0
0040
0040
0040
8040
FFC0
FFC0
FFC0
ENDCHAR
STARTCHAR uni0691
ENCODING 1681
SWIDTH 488 0
DWIDTH 18 0
BBX 17 33 1 -3
BITMAP
008000
00E000
006000
004000
002000
002000
002700
002F80
003080
004080
03FF80
000000
000000
000000
000000
000200
000300
000700
000380
000380
000180
000080
000080
000080
000080
000180
000380
000700
000F00
001E00
C0F800
3FF000
07C000
ENDCHAR
STARTCHAR uni0692
ENCODING 1682
SWIDTH 488 0
DWIDTH 18 0
BBX 17 26 1 -3
BITMAP
003600
001400
001C00
000800
000000
000000
000000
000000
000200
000300
000700
000380
000380
000180
000080
000080
000080
000080
000180
000380
000700
000F00
001E00
C0F800
3FF000
07C000
ENDCHAR
STARTCHAR uni0693
ENCODING 1683
SWIDTH 488 0
DWIDTH 18 0
BBX 18 19 1 -4
BITMAP
000200
000300
000700
000380
000380
000180
000080
000080
000080
000080
000180
000380
000700
000F00
001E00
C0FB80
3FF4C0
07C480
000780
ENDCHAR
STARTCHAR uni0694
ENCODING 1684
SWIDTH 488 0
DWIDTH 18 0
BBX 18 21 1 -6
BITMAP
000200
000300
000700
000380
000380
000180
000080
000080
000080
000080
000180
000380
000700
000F00
001E00
C0F800
3FF000
07C100
0001C0
0003C0
000080
ENDCHAR
STARTCHAR uni0695
ENCODING 1685
SWIDTH 488 0
DWIDTH 18 0
BBX 17 22 1 -7
BITMAP
000200
000300
000700
000380
000380
000180
000080
000080
000080
000080
000180
000380
000700
000F00
001E00
C0F800
3FF000
07C000
000980
000500
000700
000200
ENDCHAR
STARTCHAR uni0696
ENCODING 1686
SWIDTH 488 0
DWIDTH 18 0
BBX 18 21 1 -6
BITMAP
000200
000300
000700
000380
000380
000180
000080
000080
060080
078080
070180
020380
000700
000F00
001E00
C0F800
3FF000
07C100
0001C0
0003C0
000080
ENDCHAR
STARTCHAR uni0697
ENCODING 1687
SWIDTH 488 0
DWIDTH 18 0
BBX 17 25 1 -3
BITMAP
000400
000700
004F00
007200
00F000
002000
000000
000200
000300
000700
000380
000380
000180
000080
000080
000080
000080
000180
000380
000700
000F00
001E00
C0F800
3FF000
07C000
ENDCHAR
STARTCHAR afii57508
ENCODING 1688
SWIDTH 488 0
DWIDTH 18 0
BBX 17 29 1 -3
BITMAP
002000
007800
007000
001400
000F00
004E00
00F200
00E000
002000
000000
000000
000200
000300
000700
000380
000380
000180
000080
000080
000080
000080
000180
000380
000700
000F00
001E00
C0F800
3FF000
07C000
ENDCHAR
STARTCHAR uni0699
ENCODING 1689
SWIDTH 488 0
DWIDTH 18 0
BBX 17 30 1 -3
BITMAP
000800
001E00
009C00
01EC00
01C400
00CF00
004E00
00F600
00E000
006000
000000
000000
000200
000300
000700
000380
000380
000180
000080
000080
000080
000080
000180
000380
000700
000F00
001E00
C0F800
3FF000
07C000
ENDCHAR
STARTCHAR uni069A
ENCODING 1690
SWIDTH 821 0
DWIDTH 30 0
BBX 29 24 1 -3
BITMAP
00000200
00000780
00000700
00000300
00000000
00000000
00008010
00008130
0001C138
2001C118
4000C108
4000C188
40004388
80007FF8
80007FF8
80007E78
80004000
8000C000
8001C000
C0038100
F01F01C0
7FFE03C0
3FFC0080
0FF00000
ENDCHAR
STARTCHAR uni069B
ENCODING 1691
SWIDTH 821 0
DWIDTH 30 0
BBX 29 22 1 -7
BITMAP
00008010
00008130
0001C138
2001C118
4000C108
4000C188
40004388
80007FF8
80007FF8
80007E78
80004000
8000C000
8001C000
C0038020
F01F0038
7FFE0278
3FFC0390
0FF00780
00000140
00000070
000000F0
00000020
ENDCHAR
STARTCHAR uni069C
ENCODING 1692
SWIDTH 821 0
DWIDTH 30 0
BBX 29 33 1 -7
BITMAP
00000400
00000F00
00000E00
00000680
000001E0
000009C0
00001EC0
00001C00
00000C00
00000000
00000000
00008010
00008130
0001C138
2001C118
4000C108
4000C188
40004388
80007FF8
80007FF8
80007E78
80004000
8000C000
8001C000
C0038020
F01F0038
7FFE0278
3FFC0390
0FF00780
00000140
00000070
000000F0
00000020
ENDCHAR
STARTCHAR uni069D
ENCODING 1693
SWIDTH 1098 0
DWIDTH 40 0
BBX 39 19 1 -4
BITMAP
00008001F8
00008007FC
0001C00FFC
2001C01C1E
4000C0700E
4000C0E00E
400043801E
80007FFFFE
80007FFFFE
80007FFFFE
8000400000
8000C00000
8001800000
C003800200
F01F000780
7FFF002700
3FFC007B00
0FF0007000
0000003000
ENDCHAR
STARTCHAR uni069E
ENCODING 1694
SWIDTH 1098 0
DWIDTH 40 0
BBX 39 29 1 -3
BITMAP
0000001000
0000003C00
0000003800
0000001A00
0000000780
0000002700
0000007B00
0000007000
0000003000
0000000000
0000000000
00008001F8
00008007FC
0001C00FFC
2001C01C1E
4000C0700E
4000C0E00E
400043801E
80007FFFFE
80007FFFFE
80007FFFFE
8000400000
8000C00000
8001800000
C003800000
F01F000000
7FFF000000
3FFC000000
0FF0000000
ENDCHAR
STARTCHAR uni069F
ENCODING 1695
SWIDTH 581 0
DWIDTH 21 0
BBX 22 23 -1 5
BITMAP
040000
060000
078100
0783C0
038380
0301A0
018078
018270
0187B0
01C700
00C300
00C000
00C000
00C000
00C1F0
00CFF8
00BFFC
00F83C
01C01C
07003C
FFFFFC
FFFFFC
FFFFFC
ENDCHAR
STARTCHAR uni06A0
ENCODING 1696
SWIDTH 543 0
DWIDTH 20 0
BBX 17 38 1 -7
BITMAP
100000
3C0000
380000
0A0000
078000
270000
790000
700000
100000
000000
0F0000
3F8000
7FE000
780000
C00000
800000
800600
C03E00
F8FC00
7FF800
7FC000
1F0000
1C0000
380000
600000
400000
400000
800000
800000
800000
800000
C00000
C00000
700000
7E0000
3FFF80
0FFF00
03FC00
ENDCHAR
STARTCHAR uni06A1
ENCODING 1697
SWIDTH 788 0
DWIDTH 28 0
BBX 27 12 1 5
BITMAP
40000380
400007C0
800007C0
80000CE0
80000C60
80000C60
C0000E60
E00007E0
7C0003E0
7FFFFFE0
1FFFFFE0
07FFFFE0
ENDCHAR
STARTCHAR uni06A2
ENCODING 1698
SWIDTH 788 0
DWIDTH 28 0
BBX 27 19 1 -2
BITMAP
40000380
400007C0
800007C0
80000CE0
80000C60
80000C60
C0000E60
E00007E0
7C0003E0
7FFFFFE0
1FFFFFE0
07FFFFE0
00000000
00000000
00000000
00000180
000001C0
000003C0
00000080
ENDCHAR
STARTCHAR uni06A3
ENCODING 1699
SWIDTH 788 0
DWIDTH 28 0
BBX 27 25 1 -2
BITMAP
00000300
00000380
00000780
00000100
00000000
00000000
40000380
400007C0
800007C0
80000CE0
80000C60
80000C60
C0000E60
E00007E0
7C0003E0
7FFFFFE0
1FFFFFE0
07FFFFE0
00000000
00000000
00000000
00040000
000F0000
000E0000
00060000
ENDCHAR
STARTCHAR uni06A4
ENCODING 1700
SWIDTH 788 0
DWIDTH 28 0
BBX 27 22 1 5
BITMAP
00000C00
00000E00
00001E00
00000580
000001C0
00001BC0
00001C80
00003C00
00000800
00000000
40000380
400007C0
800007C0
80000CE0
80000C60
80000C60
C0000E60
E00007E0
7C0003E0
7FFFFFE0
1FFFFFE0
07FFFFE0
ENDCHAR
STARTCHAR uni06A5
ENCODING 1701
SWIDTH 788 0
DWIDTH 28 0
BBX 28 24 1 -7
BITMAP
40000380
400007C0
800007C0
80000CE0
80000C60
80000C60
C0000E60
E00007E0
7C0003E0
7FFFFFE0
1FFFFFE0
07FFFFE0
00000000
00000000
00000000
00000040
00000070
000004F0
00000720
00000F00
00000280
000000E0
000001E0
00000040
ENDCHAR
STARTCHAR uni06A6
ENCODING 1702
SWIDTH 788 0
DWIDTH 28 0
BBX 27 23 1 5
BITMAP
00000180
000001C0
000013C0
00001C80
00003CC0
000008E0
00000DE0
00000E40
00001E00
00000400
00000000
40000380
400007C0
800007C0
80000CE0
80000C60
80000C60
C0000E60
E00007E0
7C0003E0
7FFFFFE0
1FFFFFE0
07FFFFE0
ENDCHAR
STARTCHAR uni06A7
ENCODING 1703
SWIDTH 581 0
DWIDTH 21 0
BBX 20 25 1 -3
BITMAP
000400
000700
000F00
000200
000000
000000
000380
0007C0
0007E0
000C60
200C70
600C70
400FF0
400FF0
8003D0
800010
800010
800010
800030
C00030
C000E0
7807E0
7FFFC0
3FFF00
07FC00
ENDCHAR
STARTCHAR uni06A8
ENCODING 1704
SWIDTH 581 0
DWIDTH 21 0
BBX 20 29 1 -3
BITMAP
000800
001E00
001C00
000500
0003C0
001380
003C80
003800
000800
000000
000380
0007C0
0007E0
000C60
200C70
600C70
400FF0
400FF0
8003D0
800010
800010
800010
800030
C00030
C000E0
7807E0
7FFFC0
3FFF00
07FC00
ENDCHAR
STARTCHAR afii57567
ENCODING 1705
SWIDTH 812 0
DWIDTH 29 0
BBX 29 21 0 5
BITMAP
00000020
000001E0
000007E0
00001FC0
00003E00
00007000
0000C000
0000E000
0000F000
0000F800
00007E00
40003F00
40000780
800001C0
800000E0
80000060
C0000030
E0000018
FFFFFFF8
7FFFFFF8
1FFFFFF8
ENDCHAR
STARTCHAR uni06AA
ENCODING 1706
SWIDTH 812 0
DWIDTH 29 0
BBX 29 19 0 5
BITMAP
00010000
00070000
001F0000
007E0000
00F00000
01800000
03000000
06000000
07000000
07F80000
03FFC000
01FFFE00
800FFFC0
80001FE0
C00000F0
F0000038
FFFFFFF8
7FFFFFF8
1FFFFFF8
ENDCHAR
STARTCHAR uni06AB
ENCODING 1707
SWIDTH 812 0
DWIDTH 29 0
BBX 29 21 0 5
BITMAP
00000020
000001E0
000007E0
00001FE0
00003F30
00007120
0000C1E0
0000E000
0000F000
0000F800
00007E00
40003F00
40000780
800001C0
800000E0
80000060
C0000030
E0000018
FFFFFFF8
7FFFFFF8
1FFFFFF8
ENDCHAR
STARTCHAR uni06AC
ENCODING 1708
SWIDTH 601 0
DWIDTH 22 0
BBX 21 24 1 5
BITMAP
003000
003880
0078E0
0010F0
0000F0
000070
000460
001C60
003060
004020
00C030
00FE30
00FE30
000630
400630
401C30
87F030
800018
800018
C00018
E00018
FFFFF8
7FFFF8
1FFFF8
ENDCHAR
STARTCHAR uni06AD
ENCODING 1709
SWIDTH 601 0
DWIDTH 22 0
BBX 21 25 1 5
BITMAP
018000
01C000
03C080
00B0E0
0038F0
0378F0
039070
078060
010460
001C60
003020
004030
00C030
00FE30
00FE30
400630
400630
801C30
87F018
800018
C00018
E00018
FFFFF8
7FFFF8
1FFFF8
ENDCHAR
STARTCHAR uni06AE
ENCODING 1710
SWIDTH 601 0
DWIDTH 22 0
BBX 21 35 1 -7
BITMAP
000080
0000E0
0000F0
0000F0
000070
000460
001C60
003060
004020
00C030
00FE30
00FE30
000630
400630
401C30
87F030
800018
800018
C00018
E00018
FFFFF8
7FFFF8
1FFFF8
000000
000000
000000
000800
000E00
009E00
00E400
01E000
005000
001C00
003C00
000800
ENDCHAR
STARTCHAR afii57509
ENCODING 1711
SWIDTH 812 0
DWIDTH 29 0
BBX 29 26 0 5
BITMAP
00000020
000000E0
000003E0
00000FC0
00001E00
00007820
0000E1E0
0000C7E0
00001FC0
00003E00
00007000
0000C000
0000E000
0000F000
0000F800
00007E00
40003F00
40000780
800001C0
800000E0
80000060
C0000030
E0000018
FFFFFFF8
7FFFFFF8
1FFFFFF8
ENDCHAR
STARTCHAR uni06B0
ENCODING 1712
SWIDTH 812 0
DWIDTH 29 0
BBX 29 26 0 5
BITMAP
00000020
000000E0
000003E0
00000FC0
00001E00
00007820
0000E1E0
0000C7E0
00001FE0
00003F30
00007120
0000C1E0
0000E000
0000F000
0000F800
00007E00
40003F00
40000780
800001C0
800000E0
80000060
C0000030
E0000018
FFFFFFF8
7FFFFFF8
1FFFFFF8
ENDCHAR
STARTCHAR uni06B1
ENCODING 1713
SWIDTH 812 0
DWIDTH 29 0
BBX 29 27 0 5
BITMAP
00000C00
00000C20
00006CE0
000063E0
00006FC0
00001E00
00007820
0000E1E0
0000C7E0
00001FC0
00003E00
00007000
0000C000
0000E000
0000F000
0000F800
00007E00
40003F00
40000780
800001C0
800000E0
80000060
C0000030
E0000018
FFFFFFF8
7FFFFFF8
1FFFFFF8
ENDCHAR
STARTCHAR uni06B2
ENCODING 1714
SWIDTH 812 0
DWIDTH 29 0
BBX 29 35 0 -4
BITMAP
00000020
000000E0
000003E0
00000FC0
00001E00
00007820
0000E1E0
0000C7E0
00001FC0
00003E00
00007000
0000C000
0000E000
0000F000
0000F800
00007E00
40003F00
40000780
800001C0
800000E0
80000060
C0000030
E0000018
FFFFFFF8
7FFFFFF8
1FFFFFF8
00000000
00000000
00000000
00004000
0000F000
0004E000
000F6000
000E0000
00060000
ENDCHAR
STARTCHAR uni06B3
ENCODING 1715
SWIDTH 812 0
DWIDTH 29 0
BBX 29 37 0 -6
BITMAP
00000020
000000E0
000003E0
00000FC0
00001E00
00007820
0000E1E0
0000C7E0
00001FC0
00003E00
00007000
0000C000
0000E000
0000F000
0000F800
00007E00
40003F00
40000780
800001C0
800000E0
80000060
C0000030
E0000018
FFFFFFF8
7FFFFFF8
1FFFFFF8
00000000
00000000
00000000
00020000
00078000
00070000
00030000
00010000
0003C000
00038000
00018000
ENDCHAR
STARTCHAR uni06B4
ENCODING 1716
SWIDTH 812 0
DWIDTH 29 0
BBX 29 27 0 5
BITMAP
0000E000
0000DC00
00001860
0001C1E0
000187E0
00000F80
00003C20
000071E0
0000E7E0
00009FC0
00003E00
00007000
0000C000
0000E000
0000F000
0000F800
00007E00
40003F00
40000780
800001C0
800000E0
80000060
C0000030
E0000018
FFFFFFF8
7FFFFFF8
1FFFFFF8
ENDCHAR
STARTCHAR uni06B5
ENCODING 1717
SWIDTH 506 0
DWIDTH 18 0
BBX 17 33 1 -1
BITMAP
001300
000A00
000E00
000400
000000
000000
000E00
000F00
000F00
000700
000600
000200
000200
000300
000300
000300
000100
000100
100100
200100
200180
400180
400080
800080
800080
800080
800080
800180
C00380
F01F00
7FFF00
3FFC00
0FF000
ENDCHAR
STARTCHAR uni06B6
ENCODING 1718
SWIDTH 506 0
DWIDTH 18 0
BBX 17 33 1 -1
BITMAP
000C00
000E00
001E00
000400
000000
000000
000E00
000F00
000F00
000700
000600
000200
000200
000300
000300
000300
000100
000100
100100
200100
200180
400180
400080
800080
800080
800080
800080
800180
C00380
F01F00
7FFF00
3FFC00
0FF000
ENDCHAR
STARTCHAR uni06B7
ENCODING 1719
SWIDTH 506 0
DWIDTH 18 0
BBX 17 33 1 -1
BITMAP
003800
003700
000600
007000
006000
000000
000E00
000F00
000F00
000700
000600
000200
000200
000300
000300
000300
000100
000100
100100
200100
200180
400180
400080
800080
800080
800080
800080
800180
C00380
F01F00
7FFF00
3FFC00
0FF000
ENDCHAR
STARTCHAR uni06B8
ENCODING 1720
SWIDTH 506 0
DWIDTH 18 0
BBX 17 35 1 -7
BITMAP
000800
000E00
000F00
000F00
000700
000600
000200
000200
000300
000300
000300
000100
000100
100100
200100
200180
400180
400080
800080
800080
800080
800080
800180
C00380
F01F00
7FFF00
3FFC00
0FF000
000000
003000
033800
039000
016000
007000
002000
ENDCHAR
STARTCHAR uni06B9
ENCODING 1721
SWIDTH 525 0
DWIDTH 19 0
BBX 18 28 1 -8
BITMAP
008000
01E000
01C000
004000
000000
000080
000080
0001C0
2001C0
4000C0
4000C0
400040
800040
800040
800040
800040
8000C0
8001C0
C00380
F01F80
7FFF00
3FFE00
0FF000
000000
004000
00F000
00E000
006000
ENDCHAR
STARTCHAR uni06BA
ENCODING 1722
SWIDTH 525 0
DWIDTH 19 0
BBX 18 18 1 -3
BITMAP
000080
000080
0001C0
2001C0
4000C0
4000C0
400040
800040
800040
800040
800040
8000C0
8001C0
C00380
F01F80
7FFF00
3FFE00
0FF000
ENDCHAR
STARTCHAR uni06BB
ENCODING 1723
SWIDTH 525 0
DWIDTH 19 0
BBX 18 32 1 -3
BITMAP
020000
038000
018000
010000
008000
008000
009C00
00BE00
00C200
010200
0FFE00
000000
000000
000000
000080
000080
0001C0
2001C0
4000C0
4000C0
400040
800040
800040
800040
800040
8000C0
8001C0
C00380
F01F80
7FFF00
3FFE00
0FF000
ENDCHAR
STARTCHAR uni06BC
ENCODING 1724
SWIDTH 525 0
DWIDTH 19 0
BBX 18 26 1 -6
BITMAP
008000
01E000
01C000
004000
000000
000080
000080
0001C0
2001C0
4000C0
4000C0
400040
800040
800040
800040
800040
8000C0
8001C0
C00380
F01F80
7FFF00
3FFE00
0FF000
013000
011000
01E000
ENDCHAR
STARTCHAR uni06BD
ENCODING 1725
SWIDTH 525 0
DWIDTH 19 0
BBX 18 29 1 -3
BITMAP
010000
01C000
03C000
00A000
003800
027800
039000
078000
010000
000000
000000
000080
000080
0001C0
2001C0
4000C0
4000C0
400040
800040
800040
800040
800040
8000C0
8001C0
C00380
F01F80
7FFF00
3FFE00
0FF000
ENDCHAR
STARTCHAR afii57470
ENCODING 1726
SWIDTH 450 0
DWIDTH 16 0
BBX 15 15 -1 5
BITMAP
0100
0380
03C0
03E0
03E0
07F0
0478
0878
187C
1CEC
1FC6
0FC6
FFFE
FCFC
F81C
ENDCHAR
STARTCHAR uni06BF
ENCODING 1727
SWIDTH 562 0
DWIDTH 20 0
BBX 18 30 1 -7
BITMAP
008000
01E000
01C000
004000
000000
000000
000000
000000
0FFF80
3FFF80
7FFF00
41FC00
07C000
0E0000
180000
201000
401C00
413C00
81C800
83C000
80A000
803800
C07800
C01000
E00000
780000
3F8000
1FFFC0
0FFF00
01FE00
ENDCHAR
STARTCHAR uni06C0
ENCODING 1728
SWIDTH 282 0
DWIDTH 10 0
BBX 8 18 1 5
BITMAP
0C
10
18
0E
30
00
00
20
38
3C
3E
6F
47
C3
C7
FE
FE
7C
ENDCHAR
STARTCHAR uni06C1
ENCODING 1729
SWIDTH 387 0
DWIDTH 14 0
BBX 14 10 0 2
BITMAP
0380
0FC0
0FE0
18F0
30FC
307C
601C
4000
C000
8000
ENDCHAR
STARTCHAR uni06C2
ENCODING 1730
SWIDTH 387 0
DWIDTH 14 0
BBX 14 18 0 2
BITMAP
0100
0200
0600
0380
0400
0000
0000
0000
0380
0FC0
0FE0
18F0
30FC
307C
601C
4000
C000
8000
ENDCHAR
STARTCHAR uni06C3
ENCODING 1731
SWIDTH 387 0
DWIDTH 14 0
BBX 14 18 0 2
BITMAP
0100
03C0
1380
3C80
3800
0800
0000
0000
0380
0FC0
0FE0
18F0
30FC
307C
601C
4000
C000
8000
ENDCHAR
STARTCHAR uni06C4
ENCODING 1732
SWIDTH 432 0
DWIDTH 16 0
BBX 15 17 1 -3
BITMAP
001C
003C
003E
0066
0062
0072
007E
003E
001E
0002
0006
00EC
013C
0378
C1F0
3FE0
0FC0
ENDCHAR
STARTCHAR uni06C5
ENCODING 1733
SWIDTH 432 0
DWIDTH 16 0
BBX 15 17 1 -3
BITMAP
001C
003C
003E
0066
0062
0072
007E
003E
001E
0386
04FE
001C
003C
0078
C1F0
3FE0
0FC0
ENDCHAR
STARTCHAR uni06C6
ENCODING 1734
SWIDTH 432 0
DWIDTH 16 0
BBX 15 24 1 -3
BITMAP
0036
0014
001C
0008
0000
0000
0000
001C
003C
003E
0066
0062
0072
007E
003E
001E
0002
0006
000C
001C
0078
C1F0
3FE0
0FC0
ENDCHAR
STARTCHAR uni06C7
ENCODING 1735
SWIDTH 432 0
DWIDTH 16 0
BBX 15 27 1 -3
BITMAP
0018
0028
0038
0018
0018
0020
00C0
0000
0000
0000
001C
003C
003E
0066
0062
0072
007E
003E
001E
0002
0006
000C
001C
0078
C1F0
3FE0
0FC0
ENDCHAR
STARTCHAR uni06C8
ENCODING 1736
SWIDTH 432 0
DWIDTH 16 0
BBX 15 29 1 -3
BITMAP
0010
0010
0018
0018
0008
0008
0008
0008
0000
0000
0000
0000
001C
003C
003E
0066
0062
0072
007E
003E
001E
0002
0006
000C
001C
0078
C1F0
3FE0
0FC0
ENDCHAR
STARTCHAR uni06C9
ENCODING 1737
SWIDTH 432 0
DWIDTH 16 0
BBX 15 24 1 -3
BITMAP
0008
001C
0014
0036
0000
0000
0000
001C
003C
003E
0066
0062
0072
007E
003E
001E
0002
0006
000C
001C
0078
C1F0
3FE0
0FC0
ENDCHAR
STARTCHAR uni06CA
ENCODING 1738
SWIDTH 432 0
DWIDTH 16 0
BBX 15 25 1 -3
BITMAP
0008
000E
009E
00E4
01E0
0040
0000
0000
001C
003C
003E
0066
0062
0072
007E
003E
001E
0002
0006
000C
001C
0078
C1F0
3FE0
0FC0
ENDCHAR
STARTCHAR uni06CB
ENCODING 1739
SWIDTH 432 0
DWIDTH 16 0
BBX 15 28 1 -3
BITMAP
0040
0070
00F0
0028
000E
009E
00E4
01E0
0040
0000
0000
001C
003C
003E
0066
0062
0072
007E
003E
001E
0002
0006
000C
001C
0078
C1F0
3FE0
0FC0
ENDCHAR
STARTCHAR afii57555
ENCODING 1740
SWIDTH 638 0
DWIDTH 23 0
BBX 21 19 1 -2
BITMAP
000070
0001F8
0003F8
000718
000408
200800
400800
401000
401000
801FF0
801FF0
800FF0
800030
800060
C003E0
F01FC0
7FFF80
7FFE00
1FF000
ENDCHAR
STARTCHAR uni06CD
ENCODING 1741
SWIDTH 638 0
DWIDTH 23 0
BBX 23 19 -1 -2
BITMAP
00001C
00007E
0000FE
000186
000102
080200
380200
700400
900400
2007FC
2007FC
2003FC
20000C
200018
3000F8
3C07F0
1FFFE0
1FFF80
07FC00
ENDCHAR
STARTCHAR uni06CE
ENCODING 1742
SWIDTH 638 0
DWIDTH 23 0
BBX 21 21 1 -2
BITMAP
048000
078000
030070
0301F8
0003F8
000718
000408
200800
400800
401000
401000
801FF0
801FF0
800FF0
800030
800060
C003E0
F01FC0
7FFF80
7FFE00
1FF000
ENDCHAR
STARTCHAR uni06CF
ENCODING 1743
SWIDTH 432 0
DWIDTH 16 0
BBX 15 24 1 -3
BITMAP
0020
0078
0070
0010
0000
0000
0000
001C
003C
003E
0066
0062
0072
007E
003E
001E
0002
0006
000C
001C
0078
C1F0
3FE0
0FC0
ENDCHAR
STARTCHAR uni06D0
ENCODING 1744
SWIDTH 638 0
DWIDTH 23 0
BBX 21 24 1 -7
BITMAP
000070
0001F8
0003F8
000718
000408
200800
400800
401000
401000
801FF0
801FF0
800FF0
800030
800060
C003E0
F01FC0
7FFF80
7FFE00
1FF000
000000
00C000
01C000
00C000
01C000
ENDCHAR
STARTCHAR uni06D1
ENCODING 1745
SWIDTH 638 0
DWIDTH 23 0
BBX 21 24 1 -7
BITMAP
000070
0001F8
0003F8
000718
000408
200800
400800
401000
401000
801FF0
801FF0
800FF0
800030
800060
C003E0
F01FC0
7FFF80
7FFE00
1FF000
000000
003000
01B000
01E000
006000
ENDCHAR
STARTCHAR uni06D2
ENCODING 1746
SWIDTH 812 0
DWIDTH 29 0
BBX 27 14 1 -1
BITMAP
000C0000
001C0000
003E0000
00E60000
01C20000
07C00000
0F800000
3E000000
78000000
60000000
C0000000
FFFFFFE0
FFFFFFC0
FFFFFF00
ENDCHAR
STARTCHAR uni06D3
ENCODING 1747
SWIDTH 812 0
DWIDTH 29 0
BBX 27 19 1 -1
BITMAP
00400000
01800000
01800000
00E00000
01000000
000C0000
001C0000
003E0000
00E60000
01C20000
07C00000
0F800000
3E000000
78000000
60000000
C0000000
FFFFFFE0
FFFFFFC0
FFFFFF00
ENDCHAR
STARTCHAR uni06D4
ENCODING 1748
SWIDTH 207 0
DWIDTH 7 0
BBX 5 3 1 5
BITMAP
F8
F8
F8
ENDCHAR
STARTCHAR afii57534
ENCODING 1749
SWIDTH 282 0
DWIDTH 10 0
BBX 8 11 1 5
BITMAP
20
38
3C
3E
6F
47
C3
C7
FE
FE
7C
ENDCHAR
STARTCHAR uni06D6
ENCODING 1750
SWIDTH 0 0
DWIDTH 0 0
BBX 16 13 -8 19
BITMAP
1000
1C00
0C00
0800
0800
0407
0509
0511
1FFF
6000
C000
8000
FFF8
ENDCHAR
STARTCHAR uni06D7
ENCODING 1751
SWIDTH 0 0
DWIDTH 0 0
BBX 13 13 -6 19
BITMAP
1060
1DE0
0D80
08C0
0940
05E0
05E0
0420
1FE0
6000
4000
8000
FFF8
ENDCHAR
STARTCHAR uni06D8
ENCODING 1752
SWIDTH 0 0
DWIDTH 0 0
BBX 7 4 -4 19
BITMAP
0C
12
32
EE
ENDCHAR
STARTCHAR uni06D9
ENCODING 1753
SWIDTH 0 0
DWIDTH 0 0
BBX 8 11 -4 19
BITMAP
84
C7
E3
62
12
12
0C
04
0C
14
3C
ENDCHAR
STARTCHAR uni06DA
ENCODING 1754
SWIDTH 0 0
DWIDTH 0 0
BBX 8 10 -4 19
BITMAP
7F
9C
20
40
8C
8C
80
C0
60
3E
ENDCHAR
STARTCHAR uni06DB
ENCODING 1755
SWIDTH 0 0
DWIDTH 0 0
BBX 4 4 -2 19
BITMAP
C0
B0
90
C0
ENDCHAR
STARTCHAR uni06DC
ENCODING 1756
SWIDTH 0 0
DWIDTH 0 0
BBX 14 8 -7 19
BITMAP
0208
0324
4134
81FC
8100
8100
C200
7C00
ENDCHAR
STARTCHAR uni06DD
ENCODING 1757
SWIDTH 1123 0
DWIDTH 40 0
BBX 38 39 1 -7
BITMAP
0001FE0000
0007FFC000
00FE01FC00
0118006200
011FFFE200
011FFFE200
03E0001F00
0600000180
0C000000C0
1800000060
3800000070
3000000030
7000000038
6000000018
6000000018
E00000001C
C00000000C
C00000000C
C00000000C
C00000000C
C00000000C
C00000000C
C00000000C
C00000000C
6000000018
6000000018
7000000038
3000000030
3800000070
1800000060
0C000000C0
0600000180
03E0001F00
011FFFE200
011FFFE200
0118006200
00FE01FC00
000FFF8000
0001FE0000
ENDCHAR
STARTCHAR uni06DE
ENCODING 1758
SWIDTH 1084 0
DWIDTH 39 0
BBX 35 35 2 -4
BITMAP
0000400000
0000E00000
0001B00000
0003180000
0004040000
07FFFFFC00
0410010400
0420008400
0440004400
0480002400
0500001400
0600000C00
0400000400
0C00000600
1400E00500
3401100580
64020804C0
C402080460
64020804C0
3401100580
1C00E00500
0C00000600
0400000400
0600000C00
0500001400
0480002400
0440004400
0420008400
0410010400
07FFFFFC00
0004040000
0003180000
0001B00000
0000E00000
0000400000
ENDCHAR
STARTCHAR uni06DF
ENCODING 1759
SWIDTH 0 0
DWIDTH 0 0
BBX 3 3 -1 19
BITMAP
E0
E0
E0
ENDCHAR
STARTCHAR uni06E0
ENCODING 1760
SWIDTH 0 0
DWIDTH 0 0
BBX 3 3 -1 19
BITMAP
E0
E0
E0
ENDCHAR
STARTCHAR uni06E1
ENCODING 1761
SWIDTH 0 0
DWIDTH 0 0
BBX 10 4 -5 19
BITMAP
3800
0600
0100
FFC0
ENDCHAR
STARTCHAR uni06E2
ENCODING 1762
SWIDTH 0 0
DWIDTH 0 0
BBX 6 9 -3 19
BITMAP
30
48
7C
C0
80
80
40
40
40
ENDCHAR
STARTCHAR uni06E3
ENCODING 1763
SWIDTH 0 0
DWIDTH 0 0
BBX 14 8 -7 -7
BITMAP
0208
0324
4134
81FC
8100
8100
C200
7C00
ENDCHAR
STARTCHAR uni06E4
ENCODING 1764
SWIDTH 0 0
DWIDTH 0 0
BBX 3 1 -2 19
BITMAP
E0
ENDCHAR
STARTCHAR uni06E5
ENCODING 1765
SWIDTH 193 0
DWIDTH 7 0
BBX 6 7 1 19
BITMAP
0C
14
1C
04
08
10
E0
ENDCHAR
STARTCHAR uni06E6
ENCODING 1766
SWIDTH 370 0
DWIDTH 13 0
BBX 12 6 0 19
BITMAP
0400
0A00
1000
6000
8000
FFF0
ENDCHAR
STARTCHAR uni06E7
ENCODING 1767
SWIDTH 0 0
DWIDTH 0 0
BBX 12 6 -7 19
BITMAP
0600
0A00
1000
6000
8000
FFF0
ENDCHAR
STARTCHAR uni06E8
ENCODING 1768
SWIDTH 0 0
DWIDTH 0 0
BBX 8 11 -4 19
BITMAP
18
18
00
02
43
81
81
81
81
C2
7C
ENDCHAR
STARTCHAR uni06E9
ENCODING 1769
SWIDTH 600 0
DWIDTH 22 0
BBX 19 29 1 0
BITMAP
004000
00A000
011000
024800
04A400
091200
124900
24A480
491240
920920
DE0F60
4D1640
251480
351580
151500
151500
151500
151500
151500
151500
151500
151500
151500
151500
15F500
340580
27FC80
400040
FFFFE0
ENDCHAR
STARTCHAR uni06EA
ENCODING 1770
SWIDTH 0 0
DWIDTH 0 0
BBX 5 5 -3 -6
BITMAP
20
50
88
50
20
ENDCHAR
STARTCHAR uni06EB
ENCODING 1771
SWIDTH 0 0
DWIDTH 0 0
BBX 5 5 -3 19
BITMAP
20
50
88
50
20
ENDCHAR
STARTCHAR uni06DF.dup9
ENCODING 1772
SWIDTH 0 0
DWIDTH 0 0
BBX 3 3 -1 19
BITMAP
E0
E0
E0
ENDCHAR
STARTCHAR uni06ED
ENCODING 1773
SWIDTH 0 0
DWIDTH 0 0
BBX 6 9 -3 -7
BITMAP
30
48
7C
C0
80
80
40
40
40
ENDCHAR
STARTCHAR afii57392.dup10
ENCODING 1776
SWIDTH 525 0
DWIDTH 19 0
BBX 6 8 7 8
BITMAP
40
70
78
FC
FC
78
38
08
ENDCHAR
STARTCHAR afii57393.dup11
ENCODING 1777
SWIDTH 525 0
DWIDTH 19 0
BBX 7 21 5 5
BITMAP
40
60
70
F0
F8
78
3C
3C
1C
1C
0E
0E
0E
06
06
06
06
04
04
04
04
ENDCHAR
STARTCHAR afii57394.dup12
ENCODING 1778
SWIDTH 525 0
DWIDTH 19 0
BBX 11 21 3 5
BITMAP
4020
6020
6060
F860
FFE0
7FC0
3F80
3C00
1E00
0E00
0E00
0F00
0700
0700
0700
0300
0300
0300
0300
0100
0100
ENDCHAR
STARTCHAR afii57395.dup13
ENCODING 1779
SWIDTH 525 0
DWIDTH 19 0
BBX 15 21 3 5
BITMAP
4042
60E6
70FE
FFFE
FF7C
7E00
7800
3800
1C00
1C00
1C00
0C00
0E00
0E00
0600
0600
0600
0400
0400
0400
0400
ENDCHAR
STARTCHAR afii62843
ENCODING 1780
SWIDTH 525 0
DWIDTH 19 0
BBX 14 21 3 5
BITMAP
40E0
41F0
6388
F300
FA04
7E1C
3FF8
3FF0
1FE0
1C00
1E00
0E00
0E00
0E00
0E00
0600
0600
0600
0400
0400
0400
ENDCHAR
STARTCHAR afii62844
ENCODING 1781
SWIDTH 525 0
DWIDTH 19 0
BBX 13 21 3 5
BITMAP
0400
0600
0700
0F80
0780
07C0
05E0
08E0
18F0
1070
3030
2018
6018
6008
E008
E118
F3F0
FFF0
FFE0
7DC0
3800
ENDCHAR
STARTCHAR afii62845
ENCODING 1782
SWIDTH 525 0
DWIDTH 19 0
BBX 12 21 4 5
BITMAP
0700
0F80
1FC0
3020
4000
4010
E070
FFE0
FFC0
7F80
0700
0E00
0C00
1800
1800
1000
3000
3000
2000
2000
2000
ENDCHAR
STARTCHAR afii57399.dup14
ENCODING 1783
SWIDTH 525 0
DWIDTH 19 0
BBX 14 21 2 5
BITMAP
8000
C004
C004
E00C
E00C
F01C
F818
7830
3830
1C20
0C60
0E40
0640
0680
0280
0380
0380
0100
0100
0100
0100
ENDCHAR
STARTCHAR afii57400.dup15
ENCODING 1784
SWIDTH 525 0
DWIDTH 19 0
BBX 15 21 2 5
BITMAP
0100
0100
0100
0100
0380
0380
0580
04C0
04C0
04E0
0C60
0870
1878
183C
303E
701E
E01E
E00E
C006
C006
8002
ENDCHAR
STARTCHAR afii57401.dup16
ENCODING 1785
SWIDTH 525 0
DWIDTH 19 0
BBX 12 21 3 5
BITMAP
0E00
3F00
3F00
6380
4180
C180
E180
FF80
FF80
7F80
0180
0180
0180
01C0
01C0
01E0
01E0
00F0
00E0
0060
0020
ENDCHAR
STARTCHAR uni06FA
ENCODING 1786
SWIDTH 821 0
DWIDTH 30 0
BBX 29 29 1 -3
BITMAP
00000400
00000F00
00000E00
00000680
000001E0
000009C0
00001EC0
00001C00
00000C00
00000000
00000000
00008010
00008130
0001C138
2001C118
4000C108
4000C188
40004388
80007FF8
80007FF8
80007E78
80004000
8000C000
8001C000
C0038100
F01F01C0
7FFE03C0
3FFC0080
0FF00000
ENDCHAR
STARTCHAR uni06FB
ENCODING 1787
SWIDTH 1098 0
DWIDTH 40 0
BBX 39 24 1 -3
BITMAP
0000008000
000001E000
000001C000
0000004000
0000000000
0000000000
00008001F8
00008007FC
0001C00FFC
2001C01C1E
4000C0700E
4000C0E00E
400043801E
80007FFFFE
80007FFFFE
80007FFFFE
8000400000
8000C00000
8001800000
C003800800
F01F000E00
7FFF001E00
3FFC000400
0FF0000000
ENDCHAR
STARTCHAR uni06FC
ENCODING 1788
SWIDTH 543 0
DWIDTH 20 0
BBX 17 35 1 -7
BITMAP
040000
070000
0E0000
020000
000000
000000
000000
0F0000
3F8000
7FE000
780000
C00000
800000
800600
C03E00
F8FC00
7FF800
7FC000
1F0000
1C0000
380000
600000
400000
400000
804000
807000
80F000
802000
C00000
C00000
700000
7E0000
3FFF80
0FFF00
03FC00
ENDCHAR
STARTCHAR uni06FD
ENCODING 1789
SWIDTH 412 0
DWIDTH 15 0
BBX 11 21 2 -6
BITMAP
0E00
1F00
3F00
6200
4000
C060
F3E0
FFC0
7F80
3C00
3800
2000
4000
0000
1980
1980
1980
1980
1980
1980
1980
ENDCHAR
STARTCHAR uni06FE
ENCODING 1790
SWIDTH 337 0
DWIDTH 12 0
BBX 11 20 1 -7
BITMAP
0700
0F80
1FC0
11C0
00E0
07E0
3FE0
7FE0
F800
C000
C000
C660
C660
4660
6660
6660
6660
2660
2000
2000
ENDCHAR
STARTCHAR Wgrave
ENCODING 7808
SWIDTH 943 0
DWIDTH 36 0
BBX 35 33 0 0
BITMAP
0003C00000
0001C00000
0001C00000
0000E00000
0000600000
0000000000
0000000000
E001F000E0
E001F000E0
7001F001C0
7003B801C0
7003B801C0
7003B801C0
38071C0380
38071C0380
38071C0380
380F1E0380
1C0E0E0700
1C0E0E0700
1C1E0E0700
1C1C070700
0E1C070E00
0E1C070E00
0E38038E00
0E38038E00
0F38039E00
077801DC00
077001DC00
077001DC00
07F001FC00
03E000F800
03E000F800
03E000F800
ENDCHAR
STARTCHAR wgrave
ENCODING 7809
SWIDTH 722 0
DWIDTH 25 0
BBX 25 26 0 0
BITMAP
00780000
00380000
00380000
001C0000
000C0000
00000000
00000000
E01C0380
E01C0380
E03E0380
703E0700
70360700
70360F00
38770E00
38730E00
1C631C00
1C631C00
1C631C00
0EE3B800
0EC1B800
0EC1B800
06C1B000
07C1F000
0780E000
0380E000
0380E000
ENDCHAR
STARTCHAR Wacute
ENCODING 7810
SWIDTH 943 0
DWIDTH 36 0
BBX 35 33 0 0
BITMAP
0000780000
0000F00000
0000E00000
0000C00000
0001800000
0000000000
0000000000
E001F000E0
E001F000E0
7001F001C0
7003B801C0
7003B801C0
7003B801C0
38071C0380
38071C0380
38071C0380
380F1E0380
1C0E0E0700
1C0E0E0700
1C1E0E0700
1C1C070700
0E1C070E00
0E1C070E00
0E38038E00
0E38038E00
0F38039E00
077801DC00
077001DC00
077001DC00
07F001FC00
03E000F800
03E000F800
03E000F800
ENDCHAR
STARTCHAR wacute
ENCODING 7811
SWIDTH 722 0
DWIDTH 25 0
BBX 25 26 0 0
BITMAP
00078000
000F0000
000E0000
000C0000
00180000
00000000
00000000
E01C0380
E01C0380
E03E0380
703E0700
70360700
70360F00
38770E00
38730E00
1C631C00
1C631C00
1C631C00
0EE3B800
0EC1B800
0EC1B800
06C1B000
07C1F000
0780E000
0380E000
0380E000
ENDCHAR
STARTCHAR Wdieresis
ENCODING 7812
SWIDTH 943 0
DWIDTH 36 0
BBX 35 31 0 0
BITMAP
00071C0000
00071C0000
00071C0000
0000000000
0000000000
E001F000E0
E001F000E0
7001F001C0
7003B801C0
7003B801C0
7003B801C0
38071C0380
38071C0380
38071C0380
380F1E0380
1C0E0E0700
1C0E0E0700
1C1E0E0700
1C1C070700
0E1C070E00
0E1C070E00
0E38038E00
0E38038E00
0F38039E00
077801DC00
077001DC00
077001DC00
07F001FC00
03E000F800
03E000F800
03E000F800
ENDCHAR
STARTCHAR wdieresis
ENCODING 7813
SWIDTH 722 0
DWIDTH 25 0
BBX 25 24 0 0
BITMAP
00E38000
00E38000
00E38000
00000000
00000000
E01C0380
E01C0380
E03E0380
703E0700
70360700
70360F00
38770E00
38730E00
1C631C00
1C631C00
1C631C00
0EE3B800
0EC1B800
0EC1B800
06C1B000
07C1F000
0780E000
0380E000
0380E000
ENDCHAR
STARTCHAR Adotbelow
ENCODING 7840
SWIDTH 666 0
DWIDTH 23 0
BBX 23 31 0 -5
BITMAP
007C00
007C00
007C00
00EE00
00EE00
01EF00
01C700
01C700
038380
038380
038380
0701C0
0701C0
0F01E0
0E00E0
0FFFE0
1FFFF0
1FFFF0
1C0070
380038
380038
78003C
70001C
70001C
F0001E
E0000E
000000
000000
007000
007000
007000
ENDCHAR
STARTCHAR adotbelow
ENCODING 7841
SWIDTH 556 0
DWIDTH 20 0
BBX 17 24 2 -5
BITMAP
07F000
1FFC00
3FFE00
781F00
F00700
E00700
000700
001F00
07FF00
3FFF00
7FE700
780700
E00700
E00F00
E01F00
F03F00
7FFF00
3FF700
1FC380
000000
000000
01C000
01C000
01C000
ENDCHAR
STARTCHAR Ahookabove
ENCODING 7842
SWIDTH 666 0
DWIDTH 23 0
BBX 23 33 0 0
BITMAP
007C00
007E00
000E00
000E00
001C00
001800
000000
007C00
007C00
007C00
00EE00
00EE00
01EF00
01C700
01C700
038380
038380
038380
0701C0
0701C0
0F01E0
0E00E0
0FFFE0
1FFFF0
1FFFF0
1C0070
380038
380038
78003C
70001C
70001C
F0001E
E0000E
ENDCHAR
STARTCHAR ahookabove
ENCODING 7843
SWIDTH 556 0
DWIDTH 20 0
BBX 17 28 2 0
BITMAP
03E000
03F800
003800
003800
00F000
00C000
000000
000000
000000
07F000
1FFC00
3FFE00
781F00
F00700
E00700
000700
001F00
07FF00
3FFF00
7FE700
780700
E00700
E00F00
E01F00
F03F00
7FFF00
3FF700
1FC380
ENDCHAR
STARTCHAR Acircumflexacute
ENCODING 7844
SWIDTH 666 0
DWIDTH 23 0
BBX 23 33 0 0
BITMAP
003C00
007000
000000
000000
007E00
01E780
000000
007C00
007C00
007C00
00EE00
00EE00
01EF00
01C700
01C700
038380
038380
038380
0701C0
0701C0
0F01E0
0E00E0
0FFFE0
1FFFF0
1FFFF0
1C0070
380038
380038
78003C
70001C
70001C
F0001E
E0000E
ENDCHAR
STARTCHAR acircumflexacute
ENCODING 7845
SWIDTH 556 0
DWIDTH 20 0
BBX 17 32 2 0
BITMAP
007800
00F000
00E000
00C000
018000
000000
01E000
03F000
077800
0F3800
0E1C00
000000
000000
07F000
1FFC00
3FFE00
781F00
F00700
E00700
000700
001F00
07FF00
3FFF00
7FE700
780700
E00700
E00F00
E01F00
F03F00
7FFF00
3FF700
1FC380
ENDCHAR
STARTCHAR Acircumflexgrave
ENCODING 7846
SWIDTH 666 0
DWIDTH 23 0
BBX 23 33 0 0
BITMAP
007800
001C00
000000
000000
007E00
01E780
000000
007C00
007C00
007C00
00EE00
00EE00
01EF00
01C700
01C700
038380
038380
038380
0701C0
0701C0
0F01E0
0E00E0
0FFFE0
1FFFF0
1FFFF0
1C0070
380038
380038
78003C
70001C
70001C
F0001E
E0000E
ENDCHAR
STARTCHAR acircumflexgrave
ENCODING 7847
SWIDTH 556 0
DWIDTH 20 0
BBX 17 32 2 0
BITMAP
078000
03C000
01C000
00C000
006000
000000
01E000
03F000
077800
0F3800
0E1C00
000000
000000
07F000
1FFC00
3FFE00
781F00
F00700
E00700
000700
001F00
07FF00
3FFF00
7FE700
780700
E00700
E00F00
E01F00
F03F00
7FFF00
3FF700
1FC380
ENDCHAR
STARTCHAR Acircumflexhookabove
ENCODING 7848
SWIDTH 666 0
DWIDTH 23 0
BBX 23 33 0 0
BITMAP
00FC00
000E00
003E00
000000
007E00
01E780
000000
007C00
007C00
007C00
00EE00
00EE00
01EF00
01C700
01C700
038380
038380
038380
0701C0
0701C0
0F01E0
0E00E0
0FFFE0
1FFFF0
1FFFF0
1C0070
380038
380038
78003C
70001C
70001C
F0001E
E0000E
ENDCHAR
STARTCHAR acircumflexhookabove
ENCODING 7849
SWIDTH 556 0
DWIDTH 20 0
BBX 17 33 2 0
BITMAP
03E000
03F000
007800
003800
00E000
00C000
000000
01E000
03F000
077800
0F3800
0E1C00
000000
000000
07F000
1FFC00
3FFE00
781F00
F00700
E00700
000700
001F00
07FF00
3FFF00
7FE700
780700
E00700
E00F00
E01F00
F03F00
7FFF00
3FF700
1FC380
ENDCHAR
STARTCHAR Acircumflextilde
ENCODING 7850
SWIDTH 666 0
DWIDTH 23 0
BBX 23 33 0 0
BITMAP
01F1C0
03FF80
030F00
000000
007E00
01E780
000000
007C00
007C00
007C00
00EE00
00EE00
01EF00
01C700
01C700
038380
038380
038380
0701C0
0701C0
0F01E0
0E00E0
0FFFE0
1FFFF0
1FFFF0
1C0070
380038
380038
78003C
70001C
70001C
F0001E
E0000E
ENDCHAR
STARTCHAR acircumflextilde
ENCODING 7851
SWIDTH 556 0
DWIDTH 20 0
BBX 17 31 2 0
BITMAP
0F0E00
1F8E00
38FC00
383800
000000
01E000
03F000
077800
0F3800
0E1C00
000000
000000
07F000
1FFC00
3FFE00
781F00
F00700
E00700
000700
001F00
07FF00
3FFF00
7FE700
780700
E00700
E00F00
E01F00
F03F00
7FFF00
3FF700
1FC380
ENDCHAR
STARTCHAR Acircumflexdotbelow
ENCODING 7852
SWIDTH 666 0
DWIDTH 23 0
BBX 23 34 0 -5
BITMAP
007E00
01E780
000000
007C00
007C00
007C00
00EE00
00EE00
01EF00
01C700
01C700
038380
038380
038380
0701C0
0701C0
0F01E0
0E00E0
0FFFE0
1FFFF0
1FFFF0
1C0070
380038
380038
78003C
70001C
70001C
F0001E
E0000E
000000
000000
007000
007000
007000
ENDCHAR
STARTCHAR acircumflexdotbelow
ENCODING 7853
SWIDTH 556 0
DWIDTH 20 0
BBX 17 31 2 -5
BITMAP
01E000
03F000
077800
0F3800
0E1C00
000000
000000
07F000
1FFC00
3FFE00
781F00
F00700
E00700
000700
001F00
07FF00
3FFF00
7FE700
780700
E00700
E00F00
E01F00
F03F00
7FFF00
3FF700
1FC380
000000
000000
01C000
01C000
01C000
ENDCHAR
STARTCHAR Abreveacute
ENCODING 7854
SWIDTH 666 0
DWIDTH 23 0
BBX 23 33 0 0
BITMAP
001E00
003800
000000
000000
018180
007E00
000000
007C00
007C00
007C00
00EE00
00EE00
01EF00
01C700
01C700
038380
038380
038380
0701C0
0701C0
0F01E0
0E00E0
0FFFE0
1FFFF0
1FFFF0
1C0070
380038
380038
78003C
70001C
70001C
F0001E
E0000E
ENDCHAR
STARTCHAR abreveacute
ENCODING 7855
SWIDTH 556 0
DWIDTH 20 0
BBX 17 32 2 0
BITMAP
007800
00F000
00E000
00C000
018000
000000
180C00
1C1C00
0C1800
0FF800
03E000
000000
000000
07F000
1FFC00
3FFE00
781F00
F00700
E00700
000700
001F00
07FF00
3FFF00
7FE700
780700
E00700
E00F00
E01F00
F03F00
7FFF00
3FF700
1FC380
ENDCHAR
STARTCHAR Abrevegrave
ENCODING 7856
SWIDTH 666 0
DWIDTH 23 0
BBX 23 33 0 0
BITMAP
00F000
003800
000000
000000
018180
007E00
000000
007C00
007C00
007C00
00EE00
00EE00
01EF00
01C700
01C700
038380
038380
038380
0701C0
0701C0
0F01E0
0E00E0
0FFFE0
1FFFF0
1FFFF0
1C0070
380038
380038
78003C
70001C
70001C
F0001E
E0000E
ENDCHAR
STARTCHAR abrevegrave
ENCODING 7857
SWIDTH 556 0
DWIDTH 20 0
BBX 17 32 2 0
BITMAP
0F0000
078000
038000
018000
00C000
000000
180C00
1C1C00
0C1800
0FF800
03E000
000000
000000
07F000
1FFC00
3FFE00
781F00
F00700
E00700
000700
001F00
07FF00
3FFF00
7FE700
780700
E00700
E00F00
E01F00
F03F00
7FFF00
3FF700
1FC380
ENDCHAR
STARTCHAR Abrevehookabove
ENCODING 7858
SWIDTH 666 0
DWIDTH 23 0
BBX 23 33 0 0
BITMAP
01F800
001C00
007C00
000000
018180
007E00
000000
007C00
007C00
007C00
00EE00
00EE00
01EF00
01C700
01C700
038380
038380
038380
0701C0
0701C0
0F01E0
0E00E0
0FFFE0
1FFFF0
1FFFF0
1C0070
380038
380038
78003C
70001C
70001C
F0001E
E0000E
ENDCHAR
STARTCHAR abrevehookabove
ENCODING 7859
SWIDTH 556 0
DWIDTH 20 0
BBX 17 33 2 0
BITMAP
03E000
03F800
003800
003800
00F000
00C000
000000
180C00
1C1C00
0C1800
0FF800
03E000
000000
000000
07F000
1FFC00
3FFE00
781F00
F00700
E00700
000700
001F00
07FF00
3FFF00
7FE700
780700
E00700
E00F00
E01F00
F03F00
7FFF00
3FF700
1FC380
ENDCHAR
STARTCHAR Abrevetilde
ENCODING 7860
SWIDTH 666 0
DWIDTH 23 0
BBX 23 33 0 0
BITMAP
01F0C0
03FFC0
030F80
000000
018180
007E00
000000
007C00
007C00
007C00
00EE00
00EE00
01EF00
01C700
01C700
038380
038380
038380
0701C0
0701C0
0F01E0
0E00E0
0FFFE0
1FFFF0
1FFFF0
1C0070
380038
380038
78003C
70001C
70001C
F0001E
E0000E
ENDCHAR
STARTCHAR abrevetilde
ENCODING 7861
SWIDTH 556 0
DWIDTH 20 0
BBX 17 31 2 0
BITMAP
070700
1FCF00
1CFE00
1C3C00
000000
180C00
1C1C00
0C1800
0FF800
03E000
000000
000000
07F000
1FFC00
3FFE00
781F00
F00700
E00700
000700
001F00
07FF00
3FFF00
7FE700
780700
E00700
E00F00
E01F00
F03F00
7FFF00
3FF700
1FC380
ENDCHAR
STARTCHAR Abrevedotbelow
ENCODING 7862
SWIDTH 666 0
DWIDTH 23 0
BBX 23 34 0 -5
BITMAP
018180
007E00
000000
007C00
007C00
007C00
00EE00
00EE00
01EF00
01C700
01C700
038380
038380
038380
0701C0
0701C0
0F01E0
0E00E0
0FFFE0
1FFFF0
1FFFF0
1C0070
380038
380038
78003C
70001C
70001C
F0001E
E0000E
000000
000000
007000
007000
007000
ENDCHAR
STARTCHAR abrevedotbelow
ENCODING 7863
SWIDTH 556 0
DWIDTH 20 0
BBX 17 31 2 -5
BITMAP
180C00
1C1C00
0C1800
0FF800
03E000
000000
000000
07F000
1FFC00
3FFE00
781F00
F00700
E00700
000700
001F00
07FF00
3FFF00
7FE700
780700
E00700
E00F00
E01F00
F03F00
7FFF00
3FF700
1FC380
000000
000000
01C000
01C000
01C000
ENDCHAR
STARTCHAR Edotbelow
ENCODING 7864
SWIDTH 666 0
DWIDTH 24 0
BBX 19 31 3 -5
BITMAP
FFFFC0
FFFFC0
FFFFC0
E00000
E00000
E00000
E00000
E00000
E00000
E00000
E00000
FFFF80
FFFF80
FFFF80
E00000
E00000
E00000
E00000
E00000
E00000
E00000
E00000
E00000
FFFFE0
FFFFE0
FFFFE0
000000
000000
00E000
00E000
00E000
ENDCHAR
STARTCHAR edotbelow
ENCODING 7865
SWIDTH 556 0
DWIDTH 20 0
BBX 16 24 2 -5
BITMAP
07E0
1FF8
3FFC
3C3E
700E
6006
E007
FFFF
FFFF
FFFF
E000
E000
E000
7007
780E
7C1E
3FFC
1FF8
07E0
0000
0000
0380
0380
0380
ENDCHAR
STARTCHAR Ehookabove
ENCODING 7866
SWIDTH 666 0
DWIDTH 24 0
BBX 19 33 3 0
BITMAP
07C000
07F000
007000
007000
01E000
018000
000000
FFFFC0
FFFFC0
FFFFC0
E00000
E00000
E00000
E00000
E00000
E00000
E00000
E00000
FFFF80
FFFF80
FFFF80
E00000
E00000
E00000
E00000
E00000
E00000
E00000
E00000
E00000
FFFFE0
FFFFE0
FFFFE0
ENDCHAR
STARTCHAR ehookabove
ENCODING 7867
SWIDTH 556 0
DWIDTH 20 0
BBX 16 28 2 0
BITMAP
07C0
07F0
0070
0070
01E0
0180
0000
0000
0000
07E0
1FF8
3FFC
3C3E
700E
6006
E007
FFFF
FFFF
FFFF
E000
E000
E000
7007
780E
7C1E
3FFC
1FF8
07E0
ENDCHAR
STARTCHAR Etilde
ENCODING 7868
SWIDTH 666 0
DWIDTH 24 0
BBX 19 33 3 0
BITMAP
038E00
07DE00
0FFC00
0EFC00
0E3800
000000
000000
FFFFC0
FFFFC0
FFFFC0
E00000
E00000
E00000
E00000
E00000
E00000
E00000
E00000
FFFF80
FFFF80
FFFF80
E00000
E00000
E00000
E00000
E00000
E00000
E00000
E00000
E00000
FFFFE0
FFFFE0
FFFFE0
ENDCHAR
STARTCHAR etilde
ENCODING 7869
SWIDTH 556 0
DWIDTH 20 0
BBX 16 27 2 0
BITMAP
071C
0F9C
0FFC
1CF8
1C70
0000
0000
0000
07E0
1FF8
3FFC
3C3E
700E
6006
E007
FFFF
FFFF
FFFF
E000
E000
E000
7007
780E
7C1E
3FFC
1FF8
07E0
ENDCHAR
STARTCHAR Ecircumflexacute
ENCODING 7870
SWIDTH 666 0
DWIDTH 24 0
BBX 19 33 3 0
BITMAP
00F000
01C000
000000
000000
01F000
071C00
000000
FFFFC0
FFFFC0
FFFFC0
E00000
E00000
E00000
E00000
E00000
E00000
E00000
E00000
FFFF80
FFFF80
FFFF80
E00000
E00000
E00000
E00000
E00000
E00000
E00000
E00000
E00000
FFFFE0
FFFFE0
FFFFE0
ENDCHAR
STARTCHAR ecircumflexacute
ENCODING 7871
SWIDTH 556 0
DWIDTH 20 0
BBX 16 32 2 0
BITMAP
00F0
01E0
01C0
0180
0300
0000
03C0
07E0
0FF0
1E70
1C38
0000
0000
07E0
1FF8
3FFC
3C3E
700E
6006
E007
FFFF
FFFF
FFFF
E000
E000
E000
7007
780E
7C1E
3FFC
1FF8
07E0
ENDCHAR
STARTCHAR Ecircumflexgrave
ENCODING 7872
SWIDTH 666 0
DWIDTH 24 0
BBX 19 33 3 0
BITMAP
03C000
00E000
000000
000000
01F000
071C00
000000
FFFFC0
FFFFC0
FFFFC0
E00000
E00000
E00000
E00000
E00000
E00000
E00000
E00000
FFFF80
FFFF80
FFFF80
E00000
E00000
E00000
E00000
E00000
E00000
E00000
E00000
E00000
FFFFE0
FFFFE0
FFFFE0
ENDCHAR
STARTCHAR ecircumflexgrave
ENCODING 7873
SWIDTH 556 0
DWIDTH 20 0
BBX 16 32 2 0
BITMAP
0F00
0780
0380
0180
00C0
0000
03C0
07E0
0FF0
1E70
1C38
0000
0000
07E0
1FF8
3FFC
3C3E
700E
6006
E007
FFFF
FFFF
FFFF
E000
E000
E000
7007
780E
7C1E
3FFC
1FF8
07E0
ENDCHAR
STARTCHAR Ecircumflexhookabove
ENCODING 7874
SWIDTH 666 0
DWIDTH 24 0
BBX 19 33 3 0
BITMAP
03F000
007800
00F000
000000
01F000
071C00
000000
FFFFC0
FFFFC0
FFFFC0
E00000
E00000
E00000
E00000
E00000
E00000
E00000
E00000
FFFF80
FFFF80
FFFF80
E00000
E00000
E00000
E00000
E00000
E00000
E00000
E00000
E00000
FFFFE0
FFFFE0
FFFFE0
ENDCHAR
STARTCHAR ecircumflexhookabove
ENCODING 7875
SWIDTH 556 0
DWIDTH 20 0
BBX 16 33 2 0
BITMAP
07C0
07E0
00F0
0070
01C0
0180
0000
03C0
07E0
0FF0
1E70
1C38
0000
0000
07E0
1FF8
3FFC
3C3E
700E
6006
E007
FFFF
FFFF
FFFF
E000
E000
E000
7007
780E
7C1E
3FFC
1FF8
07E0
ENDCHAR
STARTCHAR Ecircumflextilde
ENCODING 7876
SWIDTH 666 0
DWIDTH 24 0
BBX 19 33 3 0
BITMAP
0F8600
1FFE00
187C00
000000
01F000
071C00
000000
FFFFC0
FFFFC0
FFFFC0
E00000
E00000
E00000
E00000
E00000
E00000
E00000
E00000
FFFF80
FFFF80
FFFF80
E00000
E00000
E00000
E00000
E00000
E00000
E00000
E00000
E00000
FFFFE0
FFFFE0
FFFFE0
ENDCHAR
STARTCHAR ecircumflextilde
ENCODING 7877
SWIDTH 556 0
DWIDTH 20 0
BBX 16 31 2 0
BITMAP
0F0E
1F8E
38FC
3838
0000
03C0
07E0
0FF0
1E70
1C38
0000
0000
07E0
1FF8
3FFC
3C3E
700E
6006
E007
FFFF
FFFF
FFFF
E000
E000
E000
7007
780E
7C1E
3FFC
1FF8
07E0
ENDCHAR
STARTCHAR Ecircumflexdotbelow
ENCODING 7878
SWIDTH 666 0
DWIDTH 24 0
BBX 19 34 3 -5
BITMAP
01F000
071C00
000000
FFFFC0
FFFFC0
FFFFC0
E00000
E00000
E00000
E00000
E00000
E00000
E00000
E00000
FFFF80
FFFF80
FFFF80
E00000
E00000
E00000
E00000
E00000
E00000
E00000
E00000
E00000
FFFFE0
FFFFE0
FFFFE0
000000
000000
00E000
00E000
00E000
ENDCHAR
STARTCHAR ecircumflexdotbelow
ENCODING 7879
SWIDTH 556 0
DWIDTH 20 0
BBX 16 31 2 -5
BITMAP
03C0
07E0
0FF0
1E70
1C38
0000
0000
07E0
1FF8
3FFC
3C3E
700E
6006
E007
FFFF
FFFF
FFFF
E000
E000
E000
7007
780E
7C1E
3FFC
1FF8
07E0
0000
0000
0380
0380
0380
ENDCHAR
STARTCHAR Ihookabove
ENCODING 7880
SWIDTH 277 0
DWIDTH 9 0
BBX 7 33 1 0
BITMAP
F8
FE
0E
0E
3C
30
00
38
38
38
38
38
38
38
38
38
38
38
38
38
38
38
38
38
38
38
38
38
38
38
38
38
38
ENDCHAR
STARTCHAR ihookabove
ENCODING 7881
SWIDTH 222 0
DWIDTH 7 0
BBX 7 28 1 0
BITMAP
F8
FE
0E
0E
3C
30
00
00
00
70
70
70
70
70
70
70
70
70
70
70
70
70
70
70
70
70
70
70
ENDCHAR
STARTCHAR Idotbelow
ENCODING 7882
SWIDTH 277 0
DWIDTH 9 0
BBX 3 31 3 -5
BITMAP
E0
E0
E0
E0
E0
E0
E0
E0
E0
E0
E0
E0
E0
E0
E0
E0
E0
E0
E0
E0
E0
E0
E0
E0
E0
E0
00
00
E0
E0
E0
ENDCHAR
STARTCHAR idotbelow
ENCODING 7883
SWIDTH 222 0
DWIDTH 7 0
BBX 4 31 2 -5
BITMAP
E0
E0
E0
00
00
00
00
E0
E0
E0
E0
E0
E0
E0
E0
E0
E0
E0
E0
E0
E0
E0
E0
E0
E0
E0
00
00
70
70
70
ENDCHAR
STARTCHAR Odotbelow
ENCODING 7884
SWIDTH 777 0
DWIDTH 28 0
BBX 24 31 2 -5
BITMAP
00FF00
03FFC0
0FFFE0
1F81F8
1E0078
3C003C
78001E
70000E
70000E
E00007
E00007
E00007
E00007
E00007
E00007
E00007
E00007
70000E
70000E
78001E
3C003C
1E0078
1F81F8
07FFF0
03FFC0
00FF00
000000
000000
001C00
001C00
001C00
ENDCHAR
STARTCHAR odotbelow
ENCODING 7885
SWIDTH 556 0
DWIDTH 20 0
BBX 16 24 2 -5
BITMAP
07E0
1FF8
3FFC
7C3E
781E
700E
E007
E007
E007
E007
E007
E007
E007
700E
781E
7C3E
3FFC
1FF8
07E0
0000
0000
0380
0380
0380
ENDCHAR
STARTCHAR Ohookabove
ENCODING 7886
SWIDTH 777 0
DWIDTH 28 0
BBX 24 33 2 0
BITMAP
007C00
007F00
000700
000700
001E00
001800
000000
00FF00
03FFC0
0FFFE0
1F81F8
1E0078
3C003C
78001E
70000E
70000E
E00007
E00007
E00007
E00007
E00007
E00007
E00007
E00007
70000E
70000E
78001E
3C003C
1E0078
1F81F8
07FFF0
03FFC0
00FF00
ENDCHAR
STARTCHAR ohookabove
ENCODING 7887
SWIDTH 556 0
DWIDTH 20 0
BBX 16 28 2 0
BITMAP
07C0
07F0
0070
0070
01E0
0180
0000
0000
0000
07E0
1FF8
3FFC
7C3E
781E
700E
E007
E007
E007
E007
E007
E007
E007
700E
781E
7C3E
3FFC
1FF8
07E0
ENDCHAR
STARTCHAR Ocircumflexacute
ENCODING 7888
SWIDTH 777 0
DWIDTH 28 0
BBX 24 33 2 0
BITMAP
001E00
003800
000000
000000
003E00
00E380
000000
00FF00
03FFC0
0FFFE0
1F81F8
1E0078
3C003C
78001E
70000E
70000E
E00007
E00007
E00007
E00007
E00007
E00007
E00007
E00007
70000E
70000E
78001E
3C003C
1E0078
1F81F8
07FFF0
03FFC0
00FF00
ENDCHAR
STARTCHAR ocircumflexacute
ENCODING 7889
SWIDTH 556 0
DWIDTH 20 0
BBX 16 32 2 0
BITMAP
00F0
01E0
01C0
0180
0300
0000
03C0
07E0
0FF0
1E70
1C38
0000
0000
07E0
1FF8
3FFC
7C3E
781E
700E
E007
E007
E007
E007
E007
E007
E007
700E
781E
7C3E
3FFC
1FF8
07E0
ENDCHAR
STARTCHAR Ocircumflexgrave
ENCODING 7890
SWIDTH 777 0
DWIDTH 28 0
BBX 24 33 2 0
BITMAP
007800
001C00
000000
000000
003E00
00E380
000000
00FF00
03FFC0
0FFFE0
1F81F8
1E0078
3C003C
78001E
70000E
70000E
E00007
E00007
E00007
E00007
E00007
E00007
E00007
E00007
70000E
70000E
78001E
3C003C
1E0078
1F81F8
07FFF0
03FFC0
00FF00
ENDCHAR
STARTCHAR ocircumflexgrave
ENCODING 7891
SWIDTH 556 0
DWIDTH 20 0
BBX 16 32 2 0
BITMAP
0F00
0780
0380
0180
00C0
0000
03C0
07E0
0FF0
1E70
1C38
0000
0000
07E0
1FF8
3FFC
7C3E
781E
700E
E007
E007
E007
E007
E007
E007
E007
700E
781E
7C3E
3FFC
1FF8
07E0
ENDCHAR
STARTCHAR Ocircumflexhookabove
ENCODING 7892
SWIDTH 777 0
DWIDTH 28 0
BBX 24 33 2 0
BITMAP
007E00
000700
001E00
000000
003E00
00E380
000000
00FF00
03FFC0
0FFFE0
1F81F8
1E0078
3C003C
78001E
70000E
70000E
E00007
E00007
E00007
E00007
E00007
E00007
E00007
E00007
70000E
70000E
78001E
3C003C
1E0078
1F81F8
07FFF0
03FFC0
00FF00
ENDCHAR
STARTCHAR ocircumflexhookabove
ENCODING 7893
SWIDTH 556 0
DWIDTH 20 0
BBX 16 33 2 0
BITMAP
07C0
07E0
00F0
0070
01C0
0180
0000
03C0
07E0
0FF0
1E70
1C38
0000
0000
07E0
1FF8
3FFC
7C3E
781E
700E
E007
E007
E007
E007
E007
E007
E007
700E
781E
7C3E
3FFC
1FF8
07E0
ENDCHAR
STARTCHAR Ocircumflextilde
ENCODING 7894
SWIDTH 777 0
DWIDTH 28 0
BBX 24 33 2 0
BITMAP
00F860
01FFE0
0187C0
000000
003E00
00E380
000000
00FF00
03FFC0
0FFFE0
1F81F8
1E0078
3C003C
78001E
70000E
70000E
E00007
E00007
E00007
E00007
E00007
E00007
E00007
E00007
70000E
70000E
78001E
3C003C
1E0078
1F81F8
07FFF0
03FFC0
00FF00
ENDCHAR
STARTCHAR ocircumflextilde
ENCODING 7895
SWIDTH 556 0
DWIDTH 20 0
BBX 16 31 2 0
BITMAP
0F0E
1F8E
38FC
3838
0000
03C0
07E0
0FF0
1E70
1C38
0000
0000
07E0
1FF8
3FFC
7C3E
781E
700E
E007
E007
E007
E007
E007
E007
E007
700E
781E
7C3E
3FFC
1FF8
07E0
ENDCHAR
STARTCHAR Ocircumflexdotbelow
ENCODING 7896
SWIDTH 777 0
DWIDTH 28 0
BBX 24 34 2 -5
BITMAP
003E00
00E380
000000
00FF00
03FFC0
0FFFE0
1F81F8
1E0078
3C003C
78001E
70000E
70000E
E00007
E00007
E00007
E00007
E00007
E00007
E00007
E00007
70000E
70000E
78001E
3C003C
1E0078
1F81F8
07FFF0
03FFC0
00FF00
000000
000000
001C00
001C00
001C00
ENDCHAR
STARTCHAR ocircumflexdotbelow
ENCODING 7897
SWIDTH 556 0
DWIDTH 20 0
BBX 16 31 2 -5
BITMAP
03C0
07E0
0FF0
1E70
1C38
0000
0000
07E0
1FF8
3FFC
7C3E
781E
700E
E007
E007
E007
E007
E007
E007
E007
700E
781E
7C3E
3FFC
1FF8
07E0
0000
0000
0380
0380
0380
ENDCHAR
STARTCHAR Ohornacute
ENCODING 7898
SWIDTH 857 0
DWIDTH 31 0
BBX 27 33 2 0
BITMAP
00078000
000F0000
000E0000
000C0000
00180000
00000000
00000000
00FF00E0
03FFC0E0
0FFFF0E0
1F81F860
1E007C60
3C003C60
78001EC0
70000F80
70000F00
E0000700
E0000700
E0000700
E0000700
E0000700
E0000700
E0000700
E0000700
70000E00
70000E00
78001E00
3C003C00
1E007800
1F81F800
07FFE000
03FFC000
00FF0000
ENDCHAR
STARTCHAR ohornacute
ENCODING 7899
SWIDTH 655 0
DWIDTH 24 0
BBX 21 26 1 0
BITMAP
003C00
007800
007000
006000
00C000
000000
000000
03F038
0FFC38
3FFF38
3C0F18
780798
700398
E003F0
E001F0
E001E0
E001C0
E001C0
E001C0
E003C0
700380
780780
3C0F00
3FFF00
0FFC00
03F000
ENDCHAR
STARTCHAR Ohorngrave
ENCODING 7900
SWIDTH 857 0
DWIDTH 31 0
BBX 27 33 2 0
BITMAP
00F00000
00780000
00380000
00180000
000C0000
00000000
00000000
00FF00E0
03FFC0E0
0FFFF0E0
1F81F860
1E007C60
3C003C60
78001EC0
70000F80
70000F00
E0000700
E0000700
E0000700
E0000700
E0000700
E0000700
E0000700
E0000700
70000E00
70000E00
78001E00
3C003C00
1E007800
1F81F800
07FFE000
03FFC000
00FF0000
ENDCHAR
STARTCHAR ohorngrave
ENCODING 7901
SWIDTH 655 0
DWIDTH 24 0
BBX 21 26 1 0
BITMAP
078000
03C000
01C000
00C000
006000
000000
000000
03F038
0FFC38
3FFF38
3C0F18
780798
700398
E003F0
E001F0
E001E0
E001C0
E001C0
E001C0
E003C0
700380
780780
3C0F00
3FFF00
0FFC00
03F000
ENDCHAR
STARTCHAR Ohornhookabove
ENCODING 7902
SWIDTH 857 0
DWIDTH 31 0
BBX 27 33 2 0
BITMAP
007C0000
007F0000
00070000
00070000
001E0000
00180000
00000000
00FF00E0
03FFC0E0
0FFFF0E0
1F81F860
1E007C60
3C003C60
78001EC0
70000F80
70000F00
E0000700
E0000700
E0000700
E0000700
E0000700
E0000700
E0000700
E0000700
70000E00
70000E00
78001E00
3C003C00
1E007800
1F81F800
07FFE000
03FFC000
00FF0000
ENDCHAR
STARTCHAR ohornhookabove
ENCODING 7903
SWIDTH 655 0
DWIDTH 24 0
BBX 21 28 1 0
BITMAP
03E000
03F800
003800
003800
00F000
00C000
000000
000000
000000
03F038
0FFC38
3FFF38
3C0F18
780798
700398
E003F0
E001F0
E001E0
E001C0
E001C0
E001C0
E003C0
700380
780780
3C0F00
3FFF00
0FFC00
03F000
ENDCHAR
STARTCHAR Ohorntilde
ENCODING 7904
SWIDTH 857 0
DWIDTH 31 0
BBX 27 33 2 0
BITMAP
0071C000
00F9C000
01FFC000
01CF8000
01C70000
00000000
00000000
00FF00E0
03FFC0E0
0FFFF0E0
1F81F860
1E007C60
3C003C60
78001EC0
70000F80
70000F00
E0000700
E0000700
E0000700
E0000700
E0000700
E0000700
E0000700
E0000700
70000E00
70000E00
78001E00
3C003C00
1E007800
1F81F800
07FFE000
03FFC000
00FF0000
ENDCHAR
STARTCHAR ohorntilde
ENCODING 7905
SWIDTH 655 0
DWIDTH 24 0
BBX 21 26 1 0
BITMAP
038E00
07CE00
0FFE00
0E7C00
0E3800
000000
000000
03F038
0FFC38
3FFF38
3C0F18
780798
700398
E003F0
E001F0
E001E0
E001C0
E001C0
E001C0
E003C0
700380
780780
3C0F00
3FFF00
0FFC00
03F000
ENDCHAR
STARTCHAR Ohorndotbelow
ENCODING 7906
SWIDTH 857 0
DWIDTH 31 0
BBX 27 31 2 -5
BITMAP
00FF00E0
03FFC0E0
0FFFF0E0
1F81F860
1E007C60
3C003C60
78001EC0
70000F80
70000F00
E0000700
E0000700
E0000700
E0000700
E0000700
E0000700
E0000700
E0000700
70000E00
70000E00
78001E00
3C003C00
1E007800
1F81F800
07FFE000
03FFC000
00FF0000
00000000
00000000
001C0000
001C0000
001C0000
ENDCHAR
STARTCHAR ohorndotbelow
ENCODING 7907
SWIDTH 655 0
DWIDTH 24 0
BBX 21 24 1 -5
BITMAP
03F038
0FFC38
3FFF38
3C0F18
780798
700398
E003F0
E001F0
E001E0
E001C0
E001C0
E001C0
E003C0
700380
780780
3C0F00
3FFF00
0FFC00
03F000
000000
000000
01C000
01C000
01C000
ENDCHAR
STARTCHAR Udotbelow
ENCODING 7908
SWIDTH 722 0
DWIDTH 26 0
BBX 20 31 3 -5
BITMAP
E00070
E00070
E00070
E00070
E00070
E00070
E00070
E00070
E00070
E00070
E00070
E00070
E00070
E00070
E00070
E00070
E00070
E00070
E00070
F000F0
7000E0
7801E0
3E07C0
3FFF80
0FFF00
03FC00
000000
000000
00E000
00E000
00E000
ENDCHAR
STARTCHAR udotbelow
ENCODING 7909
SWIDTH 556 0
DWIDTH 19 0
BBX 15 24 2 -5
BITMAP
E00E
E00E
E00E
E00E
E00E
E00E
E00E
E00E
E00E
E00E
E00E
E00E
E00E
E01E
F01E
F87E
7FEE
3FCE
0F8E
0000
0000
0380
0380
0380
ENDCHAR
STARTCHAR Uhookabove
ENCODING 7910
SWIDTH 722 0
DWIDTH 26 0
BBX 20 33 3 0
BITMAP
01F000
01F800
003C00
003800
007000
006000
000000
E00070
E00070
E00070
E00070
E00070
E00070
E00070
E00070
E00070
E00070
E00070
E00070
E00070
E00070
E00070
E00070
E00070
E00070
E00070
F000F0
7000E0
7801E0
3E07C0
3FFF80
0FFF00
03FC00
ENDCHAR
STARTCHAR uhookabove
ENCODING 7911
SWIDTH 556 0
DWIDTH 19 0
BBX 15 28 2 0
BITMAP
0F80
0FE0
00E0
00E0
03C0
0300
0000
0000
0000
E00E
E00E
E00E
E00E
E00E
E00E
E00E
E00E
E00E
E00E
E00E
E00E
E00E
E01E
F01E
F87E
7FEE
3FCE
0F8E
ENDCHAR
STARTCHAR Uhornacute
ENCODING 7912
SWIDTH 854 0
DWIDTH 31 0
BBX 26 33 3 0
BITMAP
003C0000
00780000
00700000
00600000
00C00000
00000000
00000000
E00071C0
E00071C0
E00071C0
E00070C0
E00070C0
E00070C0
E0007180
E0007700
E0007C00
E0007000
E0007000
E0007000
E0007000
E0007000
E0007000
E0007000
E0007000
E0007000
E0007000
F000E000
7000E000
7801E000
3E07C000
3FFF8000
0FFF0000
03FC0000
ENDCHAR
STARTCHAR uhornacute
ENCODING 7913
SWIDTH 669 0
DWIDTH 24 0
BBX 20 26 2 0
BITMAP
00F000
01E000
01C000
018000
030000
000000
000000
E00E70
E00E70
E00E70
E00E30
E00E30
E00E30
E00E60
E00EC0
E00F80
E00E00
E00E00
E00E00
E00E00
E01E00
F01E00
F87E00
7FEE00
3FCE00
0F8E00
ENDCHAR
STARTCHAR Uhorngrave
ENCODING 7914
SWIDTH 854 0
DWIDTH 31 0
BBX 26 33 3 0
BITMAP
03C00000
01E00000
00E00000
00600000
00300000
00000000
00000000
E00071C0
E00071C0
E00071C0
E00070C0
E00070C0
E00070C0
E0007180
E0007700
E0007C00
E0007000
E0007000
E0007000
E0007000
E0007000
E0007000
E0007000
E0007000
E0007000
E0007000
F000E000
7000E000
7801E000
3E07C000
3FFF8000
0FFF0000
03FC0000
ENDCHAR
STARTCHAR uhorngrave
ENCODING 7915
SWIDTH 669 0
DWIDTH 24 0
BBX 20 26 2 0
BITMAP
1E0000
0F0000
070000
030000
018000
000000
000000
E00E70
E00E70
E00E70
E00E30
E00E30
E00E30
E00E60
E00EC0
E00F80
E00E00
E00E00
E00E00
E00E00
E01E00
F01E00
F87E00
7FEE00
3FCE00
0F8E00
ENDCHAR
STARTCHAR Uhornhookabove
ENCODING 7916
SWIDTH 854 0
DWIDTH 31 0
BBX 26 33 3 0
BITMAP
01F00000
01F80000
003C0000
00380000
00700000
00600000
00000000
E00071C0
E00071C0
E00071C0
E00070C0
E00070C0
E00070C0
E0007180
E0007700
E0007C00
E0007000
E0007000
E0007000
E0007000
E0007000
E0007000
E0007000
E0007000
E0007000
E0007000
F000E000
7000E000
7801E000
3E07C000
3FFF8000
0FFF0000
03FC0000
ENDCHAR
STARTCHAR uhornhookabove
ENCODING 7917
SWIDTH 669 0
DWIDTH 24 0
BBX 20 28 2 0
BITMAP
0F8000
0FE000
00E000
00E000
03C000
030000
000000
000000
000000
E00E70
E00E70
E00E70
E00E30
E00E30
E00E30
E00E60
E00EC0
E00F80
E00E00
E00E00
E00E00
E00E00
E01E00
F01E00
F87E00
7FEE00
3FCE00
0F8E00
ENDCHAR
STARTCHAR Uhorntilde
ENCODING 7918
SWIDTH 854 0
DWIDTH 31 0
BBX 26 33 3 0
BITMAP
01C70000
03E70000
03FF0000
073E0000
071C0000
00000000
00000000
E00071C0
E00071C0
E00071C0
E00070C0
E00070C0
E00070C0
E0007180
E0007700
E0007C00
E0007000
E0007000
E0007000
E0007000
E0007000
E0007000
E0007000
E0007000
E0007000
E0007000
F000E000
7000E000
7801E000
3E07C000
3FFF8000
0FFF0000
03FC0000
ENDCHAR
STARTCHAR uhorntilde
ENCODING 7919
SWIDTH 669 0
DWIDTH 24 0
BBX 20 26 2 0
BITMAP
0E3800
1F3800
3FF800
39F000
38E000
000000
000000
E00E70
E00E70
E00E70
E00E30
E00E30
E00E30
E00E60
E00EC0
E00F80
E00E00
E00E00
E00E00
E00E00
E01E00
F01E00
F87E00
7FEE00
3FCE00
0F8E00
ENDCHAR
STARTCHAR Uhorndotbelow
ENCODING 7920
SWIDTH 854 0
DWIDTH 31 0
BBX 26 31 3 -5
BITMAP
E00071C0
E00071C0
E00071C0
E00070C0
E00070C0
E00070C0
E0007180
E0007700
E0007C00
E0007000
E0007000
E0007000
E0007000
E0007000
E0007000
E0007000
E0007000
E0007000
E0007000
F000E000
7000E000
7801E000
3E07C000
3FFF8000
0FFF0000
03FC0000
00000000
00000000
00E00000
00E00000
00E00000
ENDCHAR
STARTCHAR uhorndotbelow
ENCODING 7921
SWIDTH 669 0
DWIDTH 24 0
BBX 20 24 2 -5
BITMAP
E00E70
E00E70
E00E70
E00E30
E00E30
E00E30
E00E60
E00EC0
E00F80
E00E00
E00E00
E00E00
E00E00
E01E00
F01E00
F87E00
7FEE00
3FCE00
0F8E00
000000
000000
038000
038000
038000
ENDCHAR
STARTCHAR Ygrave
ENCODING 7922
SWIDTH 666 0
DWIDTH 23 0
BBX 23 33 0 0
BITMAP
00F000
007800
003800
001800
000C00
000000
000000
F0001E
70001C
380038
3C0078
1C0070
0E00E0
0F01E0
0701C0
038380
03C780
01C700
00EE00
00FE00
007C00
003800
003800
003800
003800
003800
003800
003800
003800
003800
003800
003800
003800
ENDCHAR
STARTCHAR ygrave
ENCODING 7923
SWIDTH 500 0
DWIDTH 17 0
BBX 17 33 0 -7
BITMAP
078000
03C000
01C000
00C000
006000
000000
000000
E00380
700780
700700
780700
380F00
380E00
3C0E00
1C1C00
1C1C00
0E3C00
0E3800
0F3800
077800
077000
07F000
03E000
03E000
01E000
01C000
01C000
03C000
038000
078000
3F0000
3E0000
3C0000
ENDCHAR
STARTCHAR Ydotbelow
ENCODING 7924
SWIDTH 666 0
DWIDTH 23 0
BBX 23 31 0 -5
BITMAP
F0001E
70001C
380038
3C0078
1C0070
0E00E0
0F01E0
0701C0
038380
03C780
01C700
00EE00
00FE00
007C00
003800
003800
003800
003800
003800
003800
003800
003800
003800
003800
003800
003800
000000
000000
003800
003800
003800
ENDCHAR
STARTCHAR ydotbelow
ENCODING 7925
SWIDTH 500 0
DWIDTH 17 0
BBX 17 26 0 -7
BITMAP
E00380
700780
700700
780700
380F00
380E00
3C0E00
1C1C00
1C1C00
0E3C00
0E3800
0F3800
077800
077000
07F000
03E000
03E000
01E000
01C000
01C000
03C000
038380
078380
3F0380
3E0000
3C0000
ENDCHAR
STARTCHAR Yhookabove
ENCODING 7926
SWIDTH 666 0
DWIDTH 23 0
BBX 23 33 0 0
BITMAP
007C00
007E00
000F00
000F00
001C00
001800
000000
F0001E
70001C
380038
3C0078
1C0070
0E00E0
0F01E0
0701C0
038380
03C780
01C700
00EE00
00FE00
007C00
003800
003800
003800
003800
003800
003800
003800
003800
003800
003800
003800
003800
ENDCHAR
STARTCHAR yhookabove
ENCODING 7927
SWIDTH 500 0
DWIDTH 17 0
BBX 17 35 0 -7
BITMAP
03E000
03F800
003800
003800
00F000
00C000
000000
000000
000000
E00380
700780
700700
780700
380F00
380E00
3C0E00
1C1C00
1C1C00
0E3C00
0E3800
0F3800
077800
077000
07F000
03E000
03E000
01E000
01C000
01C000
03C000
038000
078000
3F0000
3E0000
3C0000
ENDCHAR
STARTCHAR Ytilde
ENCODING 7928
SWIDTH 666 0
DWIDTH 23 0
BBX 23 33 0 0
BITMAP
00E380
01FB80
01FF80
03DF00
038E00
000000
000000
F0001E
70001C
380038
3C0078
1C0070
0E00E0
0F01E0
0701C0
038380
03C780
01C700
00EE00
00FE00
007C00
003800
003800
003800
003800
003800
003800
003800
003800
003800
003800
003800
003800
ENDCHAR
STARTCHAR ytilde
ENCODING 7929
SWIDTH 500 0
DWIDTH 17 0
BBX 17 33 0 -7
BITMAP
071C00
0FDC00
0FFC00
1EFC00
1C7800
000000
000000
E00380
700780
700700
780700
380F00
380E00
3C0E00
1C1C00
1C1C00
0E3C00
0E3800
0F3800
077800
077000
07F000
03E000
03E000
01E000
01C000
01C000
03C000
038000
078000
3F0000
3E0000
3C0000
ENDCHAR
STARTCHAR zerowidthnonjoiner
ENCODING 8204
SWIDTH 0 0
DWIDTH 0 0
BBX 1 28 -1 -5
BITMAP
80
80
80
80
80
80
80
80
80
80
80
80
80
80
80
80
80
80
80
80
80
80
80
80
80
80
80
80
ENDCHAR
STARTCHAR zerowidthjoiner
ENCODING 8205
SWIDTH 0 0
DWIDTH 0 0
BBX 7 30 -4 -5
BITMAP
82
C6
6C
38
38
7C
D6
92
10
10
10
10
10
10
10
10
10
10
10
10
10
10
10
10
10
10
10
10
10
10
ENDCHAR
STARTCHAR lefttorightmark
ENCODING 8206
SWIDTH 0 0
DWIDTH 0 0
BBX 8 30 -1 -5
BITMAP
18
0C
06
FF
86
8C
98
80
80
80
80
80
80
80
80
80
80
80
80
80
80
80
80
80
80
80
80
80
80
80
ENDCHAR
STARTCHAR righttoleftmark
ENCODING 8207
SWIDTH 0 0
DWIDTH 0 0
BBX 8 30 -4 -5
BITMAP
18
30
60
FF
61
31
19
01
01
01
01
01
01
01
01
01
01
01
01
01
01
01
01
01
01
01
01
01
01
01
ENDCHAR
STARTCHAR endash
ENCODING 8211
SWIDTH 556 0
DWIDTH 20 0
BBX 20 3 0 8
BITMAP
FFFFF0
FFFFF0
FFFFF0
ENDCHAR
STARTCHAR emdash
ENCODING 8212
SWIDTH 1000 0
DWIDTH 36 0
BBX 36 3 0 8
BITMAP
FFFFFFFFF0
FFFFFFFFF0
FFFFFFFFF0
ENDCHAR
STARTCHAR afii00208
ENCODING 8213
SWIDTH 1000 0
DWIDTH 36 0
BBX 34 3 1 8
BITMAP
FFFFFFFFC0
FFFFFFFFC0
FFFFFFFFC0
ENDCHAR
STARTCHAR underscoredbl
ENCODING 8215
SWIDTH 552 0
DWIDTH 20 0
BBX 20 8 0 -12
BITMAP
FFFFF0
FFFFF0
FFFFF0
000000
000000
FFFFF0
FFFFF0
FFFFF0
ENDCHAR
STARTCHAR quoteleft
ENCODING 8216
SWIDTH 222 0
DWIDTH 8 0
BBX 3 9 2 17
BITMAP
20
60
C0
C0
C0
C0
E0
E0
E0
ENDCHAR
STARTCHAR quoteright
ENCODING 8217
SWIDTH 222 0
DWIDTH 8 0
BBX 3 9 2 17
BITMAP
E0
E0
E0
60
60
60
60
C0
80
ENDCHAR
STARTCHAR quotesinglbase
ENCODING 8218
SWIDTH 222 0
DWIDTH 8 0
BBX 3 9 2 -6
BITMAP
E0
E0
E0
60
60
60
60
C0
80
ENDCHAR
STARTCHAR quotereversed
ENCODING 8219
SWIDTH 222 0
DWIDTH 8 0
BBX 3 9 2 17
BITMAP
E0
E0
E0
C0
C0
C0
C0
60
40
ENDCHAR
STARTCHAR quotedblleft
ENCODING 8220
SWIDTH 333 0
DWIDTH 12 0
BBX 8 9 1 17
BITMAP
21
63
C6
C6
C6
C6
E7
E7
E7
ENDCHAR
STARTCHAR quotedblright
ENCODING 8221
SWIDTH 333 0
DWIDTH 12 0
BBX 8 9 2 17
BITMAP
E7
E7
E7
63
63
63
63
C6
84
ENDCHAR
STARTCHAR quotedblbase
ENCODING 8222
SWIDTH 333 0
DWIDTH 12 0
BBX 8 9 1 -6
BITMAP
E7
E7
E7
63
63
63
63
C6
84
ENDCHAR
STARTCHAR dagger
ENCODING 8224
SWIDTH 556 0
DWIDTH 20 0
BBX 17 32 2 -6
BITMAP
01C000
01C000
01C000
01C000
01C000
01C000
01C000
FFFF80
FFFF80
FFFF80
01C000
01C000
01C000
01C000
01C000
01C000
01C000
01C000
01C000
01C000
01C000
01C000
01C000
01C000
01C000
01C000
01C000
01C000
01C000
01C000
01C000
01C000
ENDCHAR
STARTCHAR daggerdbl
ENCODING 8225
SWIDTH 556 0
DWIDTH 20 0
BBX 17 32 2 -6
BITMAP
01C000
01C000
01C000
01C000
01C000
01C000
01C000
FFFF80
FFFF80
FFFF80
01C000
01C000
01C000
01C000
01C000
01C000
01C000
01C000
01C000
01C000
01C000
01C000
FFFF80
FFFF80
FFFF80
01C000
01C000
01C000
01C000
01C000
01C000
01C000
ENDCHAR
STARTCHAR bullet
ENCODING 8226
SWIDTH 350 0
DWIDTH 13 0
BBX 9 9 2 8
BITMAP
3E00
7F00
FF80
FF80
FF80
FF80
FF80
7F00
3E00
ENDCHAR
STARTCHAR ellipsis
ENCODING 8230
SWIDTH 1000 0
DWIDTH 36 0
BBX 25 3 4 0
BITMAP
E01C0380
E01C0380
E01C0380
ENDCHAR
STARTCHAR uni202A
ENCODING 8234
SWIDTH 0 0
DWIDTH 0 0
BBX 8 27 -1 -5
BITMAP
FF
80
80
80
80
80
80
80
80
80
80
80
80
80
80
80
80
80
80
80
80
80
80
80
80
80
80
ENDCHAR
STARTCHAR uni202B
ENCODING 8235
SWIDTH 0 0
DWIDTH 0 0
BBX 8 27 -8 -5
BITMAP
FF
01
01
01
01
01
01
01
01
01
01
01
01
01
01
01
01
01
01
01
01
01
01
01
01
01
01
ENDCHAR
STARTCHAR uni202C
ENCODING 8236
SWIDTH 0 0
DWIDTH 0 0
BBX 7 30 -4 -5
BITMAP
FE
FE
FE
FE
FE
FE
FE
FE
10
10
10
10
10
10
10
10
10
10
10
10
10
10
10
10
10
10
10
10
10
10
ENDCHAR
STARTCHAR uni202D
ENCODING 8237
SWIDTH 0 0
DWIDTH 0 0
BBX 7 30 -4 -5
BITMAP
FE
80
80
80
80
80
FE
10
10
10
10
10
10
10
10
10
10
10
10
10
10
10
10
10
10
10
10
10
10
10
ENDCHAR
STARTCHAR uni202E
ENCODING 8238
SWIDTH 0 0
DWIDTH 0 0
BBX 7 30 -4 -5
BITMAP
FE
02
02
02
02
02
FE
10
10
10
10
10
10
10
10
10
10
10
10
10
10
10
10
10
10
10
10
10
10
10
ENDCHAR
STARTCHAR perthousand
ENCODING 8240
SWIDTH 1000 0
DWIDTH 37 0
BBX 35 26 1 0
BITMAP
1E01C00000
7F83800000
7383800000
E1C7800000
E1C7000000
E1C7000000
E1CF000000
E1CE000000
E1CE000000
E1DC000000
739C000000
7FBC000000
1E38000000
0038F00F00
007BFC3FC0
00739C39C0
00770E70E0
00E70E70E0
00E70E70E0
01E70E70E0
01C70E70E0
01C70E70E0
03870E70E0
03839C39C0
0783FC3FC0
0700F00F00
ENDCHAR
STARTCHAR minute
ENCODING 8242
SWIDTH 187 0
DWIDTH 7 0
BBX 4 9 2 17
BITMAP
70
F0
E0
E0
E0
E0
C0
C0
C0
ENDCHAR
STARTCHAR second
ENCODING 8243
SWIDTH 354 0
DWIDTH 13 0
BBX 10 9 1 17
BITMAP
71C0
F3C0
E380
E380
E380
E380
C300
C300
C300
ENDCHAR
STARTCHAR guilsinglleft
ENCODING 8249
SWIDTH 333 0
DWIDTH 12 0
BBX 8 16 2 1
BITMAP
07
0E
1C
1C
38
38
70
E0
E0
70
38
38
1C
1C
0E
07
ENDCHAR
STARTCHAR guilsinglright
ENCODING 8250
SWIDTH 333 0
DWIDTH 12 0
BBX 8 16 2 1
BITMAP
E0
70
38
38
1C
1C
0E
07
07
0E
1C
1C
38
38
70
E0
ENDCHAR
STARTCHAR exclamdbl
ENCODING 8252
SWIDTH 500 0
DWIDTH 18 0
BBX 11 26 4 0
BITMAP
E0E0
E0E0
E0E0
E0E0
E0E0
E0E0
E0E0
E0E0
E0E0
E0E0
E0E0
E0E0
E0E0
4040
4040
4040
4040
4040
4040
4040
0000
0000
0000
E0E0
E0E0
E0E0
ENDCHAR
STARTCHAR radicalex
ENCODING 8254
SWIDTH 333 0
DWIDTH 12 0
BBX 12 3 -1 22
BITMAP
FFF0
FFF0
FFF0
ENDCHAR
STARTCHAR fraction
ENCODING 8260
SWIDTH 166 0
DWIDTH 6 0
BBX 22 27 -8 -1
BITMAP
00001C
000038
000078
0000F0
0000E0
0001E0
0003C0
000780
000700
000F00
001E00
001C00
003800
007800
00F000
00E000
01C000
03C000
078000
070000
0F0000
1E0000
1C0000
380000
780000
F00000
E00000
ENDCHAR
STARTCHAR uni206A
ENCODING 8298
SWIDTH 0 0
DWIDTH 0 0
BBX 7 29 -4 -5
BITMAP
FE
10
10
10
10
10
FE
10
10
10
10
10
10
10
10
10
10
10
10
10
10
10
10
10
10
10
10
10
10
ENDCHAR
STARTCHAR uni206B
ENCODING 8299
SWIDTH 0 0
DWIDTH 0 0
BBX 7 30 -4 -5
BITMAP
FE
82
82
82
82
82
FE
10
10
10
10
10
10
10
10
10
10
10
10
10
10
10
10
10
10
10
10
10
10
10
ENDCHAR
STARTCHAR uni206C;
ENCODING 8300
SWIDTH 0 0
DWIDTH 0 0
BBX 7 29 -4 -5
BITMAP
FE
7C
7C
38
38
10
10
10
10
10
10
10
10
10
10
10
10
10
10
10
10
10
10
10
10
10
10
10
10
ENDCHAR
STARTCHAR uni206D
ENCODING 8301
SWIDTH 0 0
DWIDTH 0 0
BBX 7 30 -4 -5
BITMAP
10
10
38
38
38
7C
7C
FE
10
10
10
10
10
10
10
10
10
10
10
10
10
10
10
10
10
10
10
10
10
10
ENDCHAR
STARTCHAR uni206E
ENCODING 8302
SWIDTH 0 0
DWIDTH 0 0
BBX 7 30 -4 -5
BITMAP
10
38
6C
C6
C6
6C
38
10
10
10
10
10
10
10
10
10
10
10
10
10
10
10
10
10
10
10
10
10
10
10
ENDCHAR
STARTCHAR uni206F;
ENCODING 8303
SWIDTH 0 0
DWIDTH 0 0
BBX 7 29 -4 -5
BITMAP
F0
10
10
10
10
10
FE
10
10
10
10
10
10
10
10
10
10
10
10
10
10
10
10
10
10
10
10
10
10
ENDCHAR
STARTCHAR nsuperior
ENCODING 8319
SWIDTH 364 0
DWIDTH 13 0
BBX 11 13 2 9
BITMAP
E780
FFC0
FFE0
F1E0
E0E0
E0E0
E0E0
E0E0
E0E0
E0E0
E0E0
E0E0
E0E0
ENDCHAR
STARTCHAR franc
ENCODING 8355
SWIDTH 556 0
DWIDTH 20 0
BBX 18 26 0 0
BITMAP
1FFFC0
1FFFC0
1FFFC0
1C0000
1C0000
1C0000
1C0000
1C0000
1C0000
1C0000
1C0000
1FFF00
1FFF00
1FFF00
1C0000
1C0000
1C0000
1C0000
1C0000
FFE000
FFE000
FFE000
1C0000
1C0000
1C0000
1C0000
ENDCHAR
STARTCHAR afii08941
ENCODING 8356
SWIDTH 556 0
DWIDTH 20 0
BBX 18 26 0 0
BITMAP
01F000
07FC00
0FFE00
1E0F00
3C0700
380380
380380
380000
380000
3C0000
FFF000
FFF000
FFF000
1E0000
0E0000
FFF000
FFF000
FFF000
0E0000
0C0000
180000
3F8000
7FF080
FFFFC0
707FC0
400F80
ENDCHAR
STARTCHAR peseta
ENCODING 8359
SWIDTH 1093 0
DWIDTH 39 0
BBX 38 26 0 0
BITMAP
FFF0000000
FFFC000000
FFFE1C0000
E01F1C0000
E0071C0000
E0039C0000
E0039C0000
E003FFFF80
E003FFFFE0
E003FFFFF0
E0079CF070
E01F1CE038
FFFF1CE038
FFFC1CF000
FFF01CFF00
E0001C7FE0
E0001C1FF0
E0001C07F8
E0001C007C
E0001C001C
E0001CE01C
E0001CF01C
E0001C7878
E0001FFFF8
E0000FBFF0
E000078FC0
ENDCHAR
STARTCHAR newsheqelsign
ENCODING 8362
SWIDTH 815 0
DWIDTH 30 0
BBX 24 19 3 0
BITMAP
FFFE07
FFFF07
FFFF07
E00787
E00387
E00387
E1C387
E1C387
E1C387
E1C387
E1C387
E1C387
E1C387
E1C007
E1C007
E1C00F
E1FFFF
E1FFFE
E1FFFC
ENDCHAR
STARTCHAR dongsign
ENCODING 8363
SWIDTH 513 0
DWIDTH 18 0
BBX 13 23 3 3
BITMAP
0060
01F8
01F8
0060
0060
1E60
3FE0
71E0
60E0
C060
C060
C060
C060
C060
C060
60E0
71E0
3FE0
1E60
0000
0000
FFF8
FFF8
ENDCHAR
STARTCHAR Euro
ENCODING 8364
SWIDTH 556 0
DWIDTH 20 0
BBX 20 26 0 0
BITMAP
001FC0
00FFF0
03FFF0
07E060
0F8020
0F0000
1E0000
1C0000
1C0000
380000
FFFFC0
FFFFC0
380000
380000
FFFF80
FFFF80
3C0000
1C0000
1C0000
1E0000
0F0000
0F8020
07E060
03FFE0
00FFE0
003F80
ENDCHAR
STARTCHAR afii61248
ENCODING 8453
SWIDTH 885 0
DWIDTH 32 0
BBX 28 27 1 -1
BITMAP
0F801E00
3FC01C00
78E03800
70703800
E0707000
E0007000
E000E000
E000E000
E001C000
E071C000
70738000
78E38000
3FC71F80
0F8F3FC0
000E79E0
001E70E0
001CE070
003CE070
0038E070
0078E070
0070E070
00F0E070
00E070E0
01E079E0
01C03FC0
03C01F80
03800000
ENDCHAR
STARTCHAR afii61289
ENCODING 8467
SWIDTH 323 0
DWIDTH 12 0
BBX 12 26 0 0
BITMAP
07C0
0FE0
0FF0
1CF0
1C70
1C70
1C60
1CE0
1CC0
1DC0
1D80
1F00
1F00
1E00
1C00
1C00
3C00
7C00
FC00
5C00
1C00
1C10
1C70
1FF0
0FE0
07C0
ENDCHAR
STARTCHAR afii61352
ENCODING 8470
SWIDTH 1072 0
DWIDTH 39 0
BBX 34 26 3 0
BITMAP
E000E00000
F000E00000
F000E00000
F800E00000
FC00E00000
FC00E07C00
FE00E1FF00
EF00E3FF80
E700E3C780
E780E783C0
E3C0E701C0
E1C0E701C0
E1E0E701C0
E0F0E701C0
E070E783C0
E078E3C780
E03CE3FF80
E01CE1FF00
E01EE07C00
E00FE00000
E007E00000
E007E7FFC0
E003E7FFC0
E001E7FFC0
E001E00000
E000E00000
ENDCHAR
STARTCHAR trademark
ENCODING 8482
SWIDTH 1000 0
DWIDTH 36 0
BBX 28 15 4 11
BITMAP
FFF3C0F0
FFF3C0F0
0603C0F0
0603E1F0
060361B0
060361B0
060361B0
06033330
06033330
06033330
06031E30
06031E30
06031E30
06030C30
06030C30
ENDCHAR
STARTCHAR Ohm
ENCODING 8486
SWIDTH 768 0
DWIDTH 28 0
BBX 24 26 2 0
BITMAP
007F00
03FFC0
07FFE0
0F81F0
1E0078
3C0038
3C003C
38001C
78001E
70000E
70000E
70000E
70000E
70000E
70000E
70000E
70001E
38001C
38001C
3C0038
1E0078
0F00F0
0F81E0
FFC3FF
FFC3FF
FFC3FF
ENDCHAR
STARTCHAR estimated
ENCODING 8494
SWIDTH 600 0
DWIDTH 22 0
BBX 20 19 1 0
BITMAP
01FC00
0E0700
180180
3000C0
7000E0
7000E0
F000F0
F000F0
FFFFF0
F00000
F00000
F00000
F00000
700000
700020
300060
180180
0E0700
01FC00
ENDCHAR
STARTCHAR onethird
ENCODING 8531
SWIDTH 833 0
DWIDTH 30 0
BBX 28 26 2 0
BITMAP
0E000780
1E000700
7E000E00
FE001E00
EE003C00
8E003800
0E007000
0E00F000
0E01E000
0E01C000
0E038000
0E078000
0E0F0000
000E1F80
001C3FE0
003C78E0
007870E0
007001E0
00E00780
01E007C0
03C000F0
03800070
07007070
0F0078F0
1E003FE0
1C000F80
ENDCHAR
STARTCHAR twothirds
ENCODING 8532
SWIDTH 833 0
DWIDTH 30 0
BBX 29 26 0 0
BITMAP
1F8003C0
7FC00380
F1E00700
E0E00F00
00E01E00
01C01C00
03C03800
07807800
1E00F000
3C00E000
7801C000
7FE3C000
FFE78000
00070FC0
000E1FF0
001E3C70
003C3870
003800F0
007803C0
00F003E0
00E00078
01C00038
03C03838
07803C78
07001FF0
0E0007C0
ENDCHAR
STARTCHAR oneeighth
ENCODING 8539
SWIDTH 833 0
DWIDTH 30 0
BBX 26 27 3 0
BITMAP
0E000E00
1E001E00
7E001C00
FE003800
CE007800
0E00F000
0E00E000
0E01C000
0E03C000
0E038000
0E070000
0E0F0000
0E1E0000
001C0000
00383F00
00787F80
0070E3C0
00E0E1C0
01E06380
03C03F00
03807F80
0700F3C0
0F00E1C0
1E00E1C0
1C00F3C0
3C007F80
78003F00
ENDCHAR
STARTCHAR threeeighths
ENCODING 8540
SWIDTH 833 0
DWIDTH 30 0
BBX 29 27 0 0
BITMAP
1F8001E0
7FE003C0
70E00380
E0E00700
01C00F00
07801E00
07C01C00
01E03C00
00E07800
E0E07000
F1E0E000
7FC1E000
1F03C000
00038000
000707E0
000F1FF0
000E1C78
001C1C38
003C0C70
007807E0
00700FF0
00E01E78
01E01C38
01C01C38
03801E78
07800FF0
0F0007C0
ENDCHAR
STARTCHAR fiveeighths
ENCODING 8541
SWIDTH 833 0
DWIDTH 30 0
BBX 27 27 2 0
BITMAP
7FE00780
7FE00F00
70000E00
F0001C00
EF003C00
FFC07800
E1E07000
00E0F000
00E1E000
E0E1C000
71C38000
7FC78000
1F0F0000
000E0000
001C1F80
003C7FC0
003871E0
007070E0
00F031C0
01E01F80
01C03FC0
038079E0
078070E0
070070E0
0E0079E0
1E003FC0
3C001F00
ENDCHAR
STARTCHAR seveneighths
ENCODING 8542
SWIDTH 833 0
DWIDTH 30 0
BBX 28 27 1 0
BITMAP
FFC00380
FFC00700
03800F00
03001E00
07001C00
0E003800
0E007800
1C007000
1C00E000
1C01E000
3803C000
38038000
38070000
000F0000
000E0FC0
001C1FE0
003C38F0
00783870
007018E0
00E00FC0
01E01FE0
01C03CF0
03803870
07803870
0F003CF0
0E001FE0
1C000FC0
ENDCHAR
STARTCHAR arrowleft
ENCODING 8592
SWIDTH 1000 0
DWIDTH 36 0
BBX 34 12 1 3
BITMAP
0180000000
0300000000
0600000000
0E00000000
3C00000000
FFFFFFFFC0
7FFFFFFFC0
3C00000000
0E00000000
0700000000
0300000000
0180000000
ENDCHAR
STARTCHAR arrowup
ENCODING 8593
SWIDTH 500 0
DWIDTH 18 0
BBX 12 31 3 -8
BITMAP
0600
0F00
0F00
1F80
3FC0
76E0
E670
8610
0600
0600
0600
0600
0600
0600
0600
0600
0600
0600
0600
0600
0600
0600
0600
0600
0600
0600
0600
0600
0600
0600
0600
ENDCHAR
STARTCHAR arrowright
ENCODING 8594
SWIDTH 1000 0
DWIDTH 36 0
BBX 34 12 1 3
BITMAP
0000006000
0000003000
0000001800
0000001C00
0000000F00
FFFFFFFFC0
FFFFFFFF80
0000000E00
0000001C00
0000003800
0000003000
0000006000
ENDCHAR
STARTCHAR arrowdown
ENCODING 8595
SWIDTH 500 0
DWIDTH 18 0
BBX 12 31 3 -7
BITMAP
0600
0600
0600
0600
0600
0600
0600
0600
0600
0600
0600
0600
0600
0600
0600
0600
0600
0600
0600
0600
0600
0600
0600
8610
E670
76E0
3FC0
1F80
0F00
0F00
0600
ENDCHAR
STARTCHAR arrowboth
ENCODING 8596
SWIDTH 1000 0
DWIDTH 36 0
BBX 34 12 1 3
BITMAP
0180006000
0300003000
0600001800
0E00001C00
3C00000F00
FFFFFFFFC0
7FFFFFFF80
3C00000E00
0E00001C00
0700003800
0300003000
0180006000
ENDCHAR
STARTCHAR arrowupdn
ENCODING 8597
SWIDTH 500 0
DWIDTH 18 0
BBX 12 33 3 -7
BITMAP
0400
0600
0F00
0F00
1F80
3FC0
76E0
C630
0610
0600
0600
0600
0600
0600
0600
0600
0600
0600
0600
0600
0600
0600
0600
0600
0600
8610
E670
76E0
3FC0
1F80
0F00
0F00
0600
ENDCHAR
STARTCHAR arrowupdnbse
ENCODING 8616
SWIDTH 500 0
DWIDTH 18 0
BBX 12 37 3 -11
BITMAP
0400
0600
0F00
0F00
1F80
3FC0
76E0
C630
0610
0600
0600
0600
0600
0600
0600
0600
0600
0600
0600
0600
0600
0600
0600
0600
0600
8610
E670
76E0
3FC0
1F80
0F00
0F00
0600
0000
0000
FFF0
FFF0
ENDCHAR
STARTCHAR partialdiff
ENCODING 8706
SWIDTH 494 0
DWIDTH 18 0
BBX 17 26 1 0
BITMAP
007800
01FE00
03FE00
078F00
070700
0F0780
020380
000380
000380
000380
00FF80
07FF80
0F8380
1E0380
380380
780700
700700
E00700
E00E00
E00E00
E01C00
E03C00
F0F800
7FF000
3FE000
1F8000
ENDCHAR
STARTCHAR Delta
ENCODING 8710
SWIDTH 611 0
DWIDTH 22 0
BBX 19 23 1 0
BITMAP
002000
003000
007000
007000
00B800
00B800
013C00
011C00
021C00
020E00
020E00
040E00
040700
080700
080780
100380
100380
2003C0
2001C0
4001C0
4000E0
4000E0
FFFFE0
ENDCHAR
STARTCHAR product
ENCODING 8719
SWIDTH 823 0
DWIDTH 30 0
BBX 24 33 3 -7
BITMAP
FFFFFF
FFFFFF
FFFFFF
E00007
E00007
E00007
E00007
E00007
E00007
E00007
E00007
E00007
E00007
E00007
E00007
E00007
E00007
E00007
E00007
E00007
E00007
E00007
E00007
E00007
E00007
E00007
E00007
E00007
E00007
E00007
E00007
E00007
E00007
ENDCHAR
STARTCHAR summation
ENCODING 8721
SWIDTH 712 0
DWIDTH 26 0
BBX 22 33 2 -7
BITMAP
FFFFFC
FFFFFC
FFFFFC
F00000
780000
3C0000
1E0000
0E0000
070000
078000
03C000
01E000
00F000
007000
003800
003C00
001C00
003C00
007800
00F000
00E000
01C000
03C000
078000
0F0000
0E0000
1C0000
3C0000
780000
F00000
FFFFFC
FFFFFC
FFFFFC
ENDCHAR
STARTCHAR minus
ENCODING 8722
SWIDTH 583 0
DWIDTH 21 0
BBX 17 3 2 11
BITMAP
FFFF80
FFFF80
FFFF80
ENDCHAR
STARTCHAR fraction.dup17
ENCODING 8725
SWIDTH 166 0
DWIDTH 6 0
BBX 22 27 -8 -1
BITMAP
00001C
000038
000078
0000F0
0000E0
0001E0
0003C0
000780
000700
000F00
001E00
001C00
003800
007800
00F000
00E000
01C000
03C000
078000
070000
0F0000
1E0000
1C0000
380000
780000
F00000
E00000
ENDCHAR
STARTCHAR periodcentered.dup18
ENCODING 8729
SWIDTH 277 0
DWIDTH 10 0
BBX 3 3 3 11
BITMAP
E0
E0
E0
ENDCHAR
STARTCHAR radical
ENCODING 8730
SWIDTH 548 0
DWIDTH 20 0
BBX 18 34 2 -1
BITMAP
000040
000040
000040
000080
000080
000080
000080
000080
000080
000180
000100
000100
000100
000100
080100
3C0300
5C0200
9E0200
0E0200
0F0200
078200
078200
03C400
01C400
01E400
00E400
00F400
007400
007800
003800
003800
001800
001800
000800
ENDCHAR
STARTCHAR infinity
ENCODING 8734
SWIDTH 712 0
DWIDTH 26 0
BBX 21 12 2 7
BITMAP
0003C0
1E0FE0
7F1FF0
7FFC78
F3F838
E0F038
E0F038
F3F838
7FBC78
7F1FF0
1E0FF0
0003C0
ENDCHAR
STARTCHAR orthogonal
ENCODING 8735
SWIDTH 979 0
DWIDTH 35 0
BBX 23 22 6 0
BITMAP
C00000
C00000
C00000
C00000
C00000
C00000
C00000
C00000
C00000
C00000
C00000
C00000
C00000
C00000
C00000
C00000
C00000
C00000
C00000
C00000
FFFFFE
FFFFFE
ENDCHAR
STARTCHAR intersection
ENCODING 8745
SWIDTH 718 0
DWIDTH 26 0
BBX 21 26 2 0
BITMAP
01FC00
07FF00
0FFF80
3F07C0
3C01E0
7800F0
700070
F00078
E00038
E00038
E00038
E00038
E00038
E00038
E00038
E00038
E00038
E00038
E00038
E00038
E00038
E00038
E00038
E00038
E00038
E00038
ENDCHAR
STARTCHAR integral
ENCODING 8747
SWIDTH 273 0
DWIDTH 9 0
BBX 9 36 0 -4
BITMAP
0300
0780
0780
0800
0800
0800
0800
0800
0800
0800
0800
0800
0800
0800
0800
0800
0800
0800
0800
0800
0800
0800
0800
0800
0800
0800
0800
0800
0800
0800
0800
0800
E800
F000
F000
6000
ENDCHAR
STARTCHAR approxequal
ENCODING 8776
SWIDTH 548 0
DWIDTH 20 0
BBX 18 11 1 8
BITMAP
3F0040
7FE1C0
FFFFC0
C1FF80
803F00
000000
3F0040
7FE1C0
FFFFC0
C1FF80
803F00
ENDCHAR
STARTCHAR notequal
ENCODING 8800
SWIDTH 548 0
DWIDTH 20 0
BBX 17 26 2 0
BITMAP
000E00
001C00
001C00
003C00
003800
003800
007800
007000
FFFF80
FFFF80
FFFF80
01E000
01C000
01C000
03C000
038000
FFFF80
FFFF80
FFFF80
0F0000
0E0000
0E0000
1E0000
1C0000
1C0000
380000
ENDCHAR
STARTCHAR equivalence
ENCODING 8801
SWIDTH 583 0
DWIDTH 21 0
BBX 17 19 2 3
BITMAP
FFFF80
FFFF80
FFFF80
000000
000000
000000
000000
000000
FFFF80
FFFF80
FFFF80
000000
000000
000000
000000
000000
FFFF80
FFFF80
FFFF80
ENDCHAR
STARTCHAR lessequal
ENCODING 8804
SWIDTH 548 0
DWIDTH 20 0
BBX 17 21 2 2
BITMAP
000080
000780
001F80
00FF00
03F800
0FE000
7F0000
FC0000
E00000
FC0000
7F0000
0FE000
03F800
00FF00
001F80
000780
000080
000000
FFFF80
FFFF80
FFFF80
ENDCHAR
STARTCHAR greaterequal
ENCODING 8805
SWIDTH 548 0
DWIDTH 20 0
BBX 17 21 2 2
BITMAP
800000
F00000
FC0000
7F8000
0FE000
03F800
007F00
001F80
000380
001F80
007F00
03F800
0FE000
7F8000
FC0000
F00000
800000
000000
FFFF80
FFFF80
FFFF80
ENDCHAR
STARTCHAR house
ENCODING 8962
SWIDTH 604 0
DWIDTH 22 0
BBX 16 20 3 0
BITMAP
0180
0380
06C0
0E60
0C30
1818
300C
6006
C003
8001
8001
8001
8001
8001
8001
8001
8001
8001
8001
FFFF
ENDCHAR
STARTCHAR revlogicalnot
ENCODING 8976
SWIDTH 583 0
DWIDTH 21 0
BBX 17 11 2 7
BITMAP
FFFF80
FFFF80
FFFF80
E00000
E00000
E00000
E00000
E00000
E00000
E00000
E00000
ENDCHAR
STARTCHAR integraltp
ENCODING 8992
SWIDTH 604 0
DWIDTH 22 0
BBX 7 40 10 -9
BITMAP
08
3E
6E
CE
C0
C0
C0
C0
C0
C0
C0
C0
C0
C0
C0
C0
C0
C0
C0
C0
C0
C0
C0
C0
C0
C0
C0
C0
C0
C0
C0
C0
C0
C0
C0
C0
C0
C0
C0
C0
ENDCHAR
STARTCHAR integralbt
ENCODING 8993
SWIDTH 604 0
DWIDTH 22 0
BBX 7 40 5 -9
BITMAP
06
06
06
06
06
06
06
06
06
06
06
06
06
06
06
06
06
06
06
06
06
06
06
06
06
06
06
06
06
06
06
06
06
06
06
06
04
EC
F8
F0
ENDCHAR
STARTCHAR SF100000
ENCODING 9472
SWIDTH 708 0
DWIDTH 26 0
BBX 26 3 0 9
BITMAP
FFFFFFC0
FFFFFFC0
FFFFFFC0
ENDCHAR
STARTCHAR SF110000
ENCODING 9474
SWIDTH 625 0
DWIDTH 23 0
BBX 3 44 8 -11
BITMAP
E0
E0
E0
E0
E0
E0
E0
E0
E0
E0
E0
E0
E0
E0
E0
E0
E0
E0
E0
E0
E0
E0
E0
E0
E0
E0
E0
E0
E0
E0
E0
E0
E0
E0
E0
E0
E0
E0
E0
E0
E0
E0
E0
E0
ENDCHAR
STARTCHAR SF010000
ENCODING 9484
SWIDTH 708 0
DWIDTH 26 0
BBX 15 23 11 -11
BITMAP
FFFE
FFFE
FFFE
E000
E000
E000
E000
E000
E000
E000
E000
E000
E000
E000
E000
E000
E000
E000
E000
E000
E000
E000
E000
ENDCHAR
STARTCHAR SF030000
ENCODING 9488
SWIDTH 708 0
DWIDTH 26 0
BBX 14 23 0 -11
BITMAP
FFFC
FFFC
FFFC
001C
001C
001C
001C
001C
001C
001C
001C
001C
001C
001C
001C
001C
001C
001C
001C
001C
001C
001C
001C
ENDCHAR
STARTCHAR SF020000
ENCODING 9492
SWIDTH 708 0
DWIDTH 26 0
BBX 15 24 11 9
BITMAP
E000
E000
E000
E000
E000
E000
E000
E000
E000
E000
E000
E000
E000
E000
E000
E000
E000
E000
E000
E000
E000
FFFE
FFFE
FFFE
ENDCHAR
STARTCHAR SF040000
ENCODING 9496
SWIDTH 708 0
DWIDTH 26 0
BBX 14 24 0 9
BITMAP
001C
001C
001C
001C
001C
001C
001C
001C
001C
001C
001C
001C
001C
001C
001C
001C
001C
001C
001C
001C
001C
FFFC
FFFC
FFFC
ENDCHAR
STARTCHAR SF080000
ENCODING 9500
SWIDTH 708 0
DWIDTH 26 0
BBX 15 44 11 -11
BITMAP
E000
E000
E000
E000
E000
E000
E000
E000
E000
E000
E000
E000
E000
E000
E000
E000
E000
E000
E000
E000
E000
FFFE
FFFE
FFFE
E000
E000
E000
E000
E000
E000
E000
E000
E000
E000
E000
E000
E000
E000
E000
E000
E000
E000
E000
E000
ENDCHAR
STARTCHAR SF090000
ENCODING 9508
SWIDTH 708 0
DWIDTH 26 0
BBX 14 44 0 -11
BITMAP
001C
001C
001C
001C
001C
001C
001C
001C
001C
001C
001C
001C
001C
001C
001C
001C
001C
001C
001C
001C
001C
FFFC
FFFC
FFFC
001C
001C
001C
001C
001C
001C
001C
001C
001C
001C
001C
001C
001C
001C
001C
001C
001C
001C
001C
001C
ENDCHAR
STARTCHAR SF060000
ENCODING 9516
SWIDTH 708 0
DWIDTH 26 0
BBX 26 23 0 -11
BITMAP
FFFFFFC0
FFFFFFC0
FFFFFFC0
001C0000
001C0000
001C0000
001C0000
001C0000
001C0000
001C0000
001C0000
001C0000
001C0000
001C0000
001C0000
001C0000
001C0000
001C0000
001C0000
001C0000
001C0000
001C0000
001C0000
ENDCHAR
STARTCHAR SF070000
ENCODING 9524
SWIDTH 708 0
DWIDTH 26 0
BBX 26 24 0 9
BITMAP
001C0000
001C0000
001C0000
001C0000
001C0000
001C0000
001C0000
001C0000
001C0000
001C0000
001C0000
001C0000
001C0000
001C0000
001C0000
001C0000
001C0000
001C0000
001C0000
001C0000
001C0000
FFFFFFC0
FFFFFFC0
FFFFFFC0
ENDCHAR
STARTCHAR SF050000
ENCODING 9532
SWIDTH 708 0
DWIDTH 26 0
BBX 26 44 0 -11
BITMAP
001C0000
001C0000
001C0000
001C0000
001C0000
001C0000
001C0000
001C0000
001C0000
001C0000
001C0000
001C0000
001C0000
001C0000
001C0000
001C0000
001C0000
001C0000
001C0000
001C0000
001C0000
FFFFFFC0
FFFFFFC0
FFFFFFC0
001C0000
001C0000
001C0000
001C0000
001C0000
001C0000
001C0000
001C0000
001C0000
001C0000
001C0000
001C0000
001C0000
001C0000
001C0000
001C0000
001C0000
001C0000
001C0000
001C0000
ENDCHAR
STARTCHAR SF430000
ENCODING 9552
SWIDTH 708 0
DWIDTH 26 0
BBX 26 10 0 6
BITMAP
FFFFFFC0
FFFFFFC0
FFFFFFC0
00000000
00000000
00000000
00000000
FFFFFFC0
FFFFFFC0
FFFFFFC0
ENDCHAR
STARTCHAR SF240000
ENCODING 9553
SWIDTH 708 0
DWIDTH 26 0
BBX 10 44 8 -11
BITMAP
E1C0
E1C0
E1C0
E1C0
E1C0
E1C0
E1C0
E1C0
E1C0
E1C0
E1C0
E1C0
E1C0
E1C0
E1C0
E1C0
E1C0
E1C0
E1C0
E1C0
E1C0
E1C0
E1C0
E1C0
E1C0
E1C0
E1C0
E1C0
E1C0
E1C0
E1C0
E1C0
E1C0
E1C0
E1C0
E1C0
E1C0
E1C0
E1C0
E1C0
E1C0
E1C0
E1C0
E1C0
ENDCHAR
STARTCHAR SF510000
ENCODING 9554
SWIDTH 708 0
DWIDTH 26 0
BBX 15 27 11 -11
BITMAP
FFFE
FFFE
FFFE
E000
E000
E000
E000
FFFE
FFFE
FFFE
E000
E000
E000
E000
E000
E000
E000
E000
E000
E000
E000
E000
E000
E000
E000
E000
E000
ENDCHAR
STARTCHAR SF520000
ENCODING 9555
SWIDTH 708 0
DWIDTH 26 0
BBX 18 23 8 -11
BITMAP
FFFFC0
FFFFC0
FFFFC0
E1C000
E1C000
E1C000
E1C000
E1C000
E1C000
E1C000
E1C000
E1C000
E1C000
E1C000
E1C000
E1C000
E1C000
E1C000
E1C000
E1C000
E1C000
E1C000
E1C000
ENDCHAR
STARTCHAR SF390000
ENCODING 9556
SWIDTH 708 0
DWIDTH 26 0
BBX 18 27 8 -11
BITMAP
FFFFC0
FFFFC0
FFFFC0
E00000
E00000
E00000
E00000
E1FFC0
E1FFC0
E1FFC0
E1C000
E1C000
E1C000
E1C000
E1C000
E1C000
E1C000
E1C000
E1C000
E1C000
E1C000
E1C000
E1C000
E1C000
E1C000
E1C000
E1C000
ENDCHAR
STARTCHAR SF220000
ENCODING 9557
SWIDTH 708 0
DWIDTH 26 0
BBX 14 27 0 -11
BITMAP
FFFC
FFFC
FFFC
001C
001C
001C
001C
FFFC
FFFC
FFFC
001C
001C
001C
001C
001C
001C
001C
001C
001C
001C
001C
001C
001C
001C
001C
001C
001C
ENDCHAR
STARTCHAR SF210000
ENCODING 9558
SWIDTH 708 0
DWIDTH 26 0
BBX 18 23 0 -11
BITMAP
FFFFC0
FFFFC0
FFFFC0
00E1C0
00E1C0
00E1C0
00E1C0
00E1C0
00E1C0
00E1C0
00E1C0
00E1C0
00E1C0
00E1C0
00E1C0
00E1C0
00E1C0
00E1C0
00E1C0
00E1C0
00E1C0
00E1C0
00E1C0
ENDCHAR
STARTCHAR SF250000
ENCODING 9559
SWIDTH 708 0
DWIDTH 26 0
BBX 18 27 0 -11
BITMAP
FFFFC0
FFFFC0
FFFFC0
0001C0
0001C0
0001C0
0001C0
FFE1C0
FFE1C0
FFE1C0
00E1C0
00E1C0
00E1C0
00E1C0
00E1C0
00E1C0
00E1C0
00E1C0
00E1C0
00E1C0
00E1C0
00E1C0
00E1C0
00E1C0
00E1C0
00E1C0
00E1C0
ENDCHAR
STARTCHAR SF500000
ENCODING 9560
SWIDTH 708 0
DWIDTH 26 0
BBX 15 27 11 6
BITMAP
E000
E000
E000
E000
E000
E000
E000
E000
E000
E000
E000
E000
E000
E000
E000
E000
E000
FFFE
FFFE
FFFE
E000
E000
E000
E000
FFFE
FFFE
FFFE
ENDCHAR
STARTCHAR SF490000
ENCODING 9561
SWIDTH 708 0
DWIDTH 26 0
BBX 18 24 8 9
BITMAP
E1C000
E1C000
E1C000
E1C000
E1C000
E1C000
E1C000
E1C000
E1C000
E1C000
E1C000
E1C000
E1C000
E1C000
E1C000
E1C000
E1C000
E1C000
E1C000
E1C000
E1C000
FFFFC0
FFFFC0
FFFFC0
ENDCHAR
STARTCHAR SF380000
ENCODING 9562
SWIDTH 708 0
DWIDTH 26 0
BBX 18 27 8 6
BITMAP
E1C000
E1C000
E1C000
E1C000
E1C000
E1C000
E1C000
E1C000
E1C000
E1C000
E1C000
E1C000
E1C000
E1C000
E1C000
E1C000
E1C000
E1FFC0
E1FFC0
E1FFC0
E00000
E00000
E00000
E00000
FFFFC0
FFFFC0
FFFFC0
ENDCHAR
STARTCHAR SF280000
ENCODING 9563
SWIDTH 708 0
DWIDTH 26 0
BBX 14 27 0 6
BITMAP
001C
001C
001C
001C
001C
001C
001C
001C
001C
001C
001C
001C
001C
001C
001C
001C
001C
FFFC
FFFC
FFFC
001C
001C
001C
001C
FFFC
FFFC
FFFC
ENDCHAR
STARTCHAR SF270000
ENCODING 9564
SWIDTH 708 0
DWIDTH 26 0
BBX 18 24 0 9
BITMAP
00E1C0
00E1C0
00E1C0
00E1C0
00E1C0
00E1C0
00E1C0
00E1C0
00E1C0
00E1C0
00E1C0
00E1C0
00E1C0
00E1C0
00E1C0
00E1C0
00E1C0
00E1C0
00E1C0
00E1C0
00E1C0
FFFFC0
FFFFC0
FFFFC0
ENDCHAR
STARTCHAR SF260000
ENCODING 9565
SWIDTH 708 0
DWIDTH 26 0
BBX 18 27 0 6
BITMAP
00E1C0
00E1C0
00E1C0
00E1C0
00E1C0
00E1C0
00E1C0
00E1C0
00E1C0
00E1C0
00E1C0
00E1C0
00E1C0
00E1C0
00E1C0
00E1C0
00E1C0
FFE1C0
FFE1C0
FFE1C0
0001C0
0001C0
0001C0
0001C0
FFFFC0
FFFFC0
FFFFC0
ENDCHAR
STARTCHAR SF360000
ENCODING 9566
SWIDTH 708 0
DWIDTH 26 0
BBX 15 44 11 -11
BITMAP
E000
E000
E000
E000
E000
E000
E000
E000
E000
E000
E000
E000
E000
E000
E000
E000
E000
FFFE
FFFE
FFFE
E000
E000
E000
E000
FFFE
FFFE
FFFE
E000
E000
E000
E000
E000
E000
E000
E000
E000
E000
E000
E000
E000
E000
E000
E000
E000
ENDCHAR
STARTCHAR SF370000
ENCODING 9567
SWIDTH 708 0
DWIDTH 26 0
BBX 18 44 8 -11
BITMAP
E1C000
E1C000
E1C000
E1C000
E1C000
E1C000
E1C000
E1C000
E1C000
E1C000
E1C000
E1C000
E1C000
E1C000
E1C000
E1C000
E1C000
E1C000
E1C000
E1C000
E1C000
E1FFC0
E1FFC0
E1FFC0
E1C000
E1C000
E1C000
E1C000
E1C000
E1C000
E1C000
E1C000
E1C000
E1C000
E1C000
E1C000
E1C000
E1C000
E1C000
E1C000
E1C000
E1C000
E1C000
E1C000
ENDCHAR
STARTCHAR SF420000
ENCODING 9568
SWIDTH 708 0
DWIDTH 26 0
BBX 18 44 8 -11
BITMAP
E1C000
E1C000
E1C000
E1C000
E1C000
E1C000
E1C000
E1C000
E1C000
E1C000
E1C000
E1C000
E1C000
E1C000
E1C000
E1C000
E1C000
E1FFC0
E1FFC0
E1FFC0
E00000
E00000
E00000
E00000
E1FFC0
E1FFC0
E1FFC0
E1C000
E1C000
E1C000
E1C000
E1C000
E1C000
E1C000
E1C000
E1C000
E1C000
E1C000
E1C000
E1C000
E1C000
E1C000
E1C000
E1C000
ENDCHAR
STARTCHAR SF190000
ENCODING 9569
SWIDTH 708 0
DWIDTH 26 0
BBX 14 44 0 -11
BITMAP
001C
001C
001C
001C
001C
001C
001C
001C
001C
001C
001C
001C
001C
001C
001C
001C
001C
FFFC
FFFC
FFFC
001C
001C
001C
001C
FFFC
FFFC
FFFC
001C
001C
001C
001C
001C
001C
001C
001C
001C
001C
001C
001C
001C
001C
001C
001C
001C
ENDCHAR
STARTCHAR SF200000
ENCODING 9570
SWIDTH 708 0
DWIDTH 26 0
BBX 18 44 0 -11
BITMAP
00E1C0
00E1C0
00E1C0
00E1C0
00E1C0
00E1C0
00E1C0
00E1C0
00E1C0
00E1C0
00E1C0
00E1C0
00E1C0
00E1C0
00E1C0
00E1C0
00E1C0
00E1C0
00E1C0
00E1C0
00E1C0
FFE1C0
FFE1C0
FFE1C0
00E1C0
00E1C0
00E1C0
00E1C0
00E1C0
00E1C0
00E1C0
00E1C0
00E1C0
00E1C0
00E1C0
00E1C0
00E1C0
00E1C0
00E1C0
00E1C0
00E1C0
00E1C0
00E1C0
00E1C0
ENDCHAR
STARTCHAR SF230000
ENCODING 9571
SWIDTH 708 0
DWIDTH 26 0
BBX 18 44 0 -11
BITMAP
00E1C0
00E1C0
00E1C0
00E1C0
00E1C0
00E1C0
00E1C0
00E1C0
00E1C0
00E1C0
00E1C0
00E1C0
00E1C0
00E1C0
00E1C0
00E1C0
00E1C0
FFE1C0
FFE1C0
FFE1C0
0001C0
0001C0
0001C0
0001C0
FFE1C0
FFE1C0
FFE1C0
00E1C0
00E1C0
00E1C0
00E1C0
00E1C0
00E1C0
00E1C0
00E1C0
00E1C0
00E1C0
00E1C0
00E1C0
00E1C0
00E1C0
00E1C0
00E1C0
00E1C0
ENDCHAR
STARTCHAR SF470000
ENCODING 9572
SWIDTH 708 0
DWIDTH 26 0
BBX 26 27 0 -11
BITMAP
FFFFFFC0
FFFFFFC0
FFFFFFC0
00000000
00000000
00000000
00000000
FFFFFFC0
FFFFFFC0
FFFFFFC0
001C0000
001C0000
001C0000
001C0000
001C0000
001C0000
001C0000
001C0000
001C0000
001C0000
001C0000
001C0000
001C0000
001C0000
001C0000
001C0000
001C0000
ENDCHAR
STARTCHAR SF480000
ENCODING 9573
SWIDTH 708 0
DWIDTH 26 0
BBX 26 23 0 -11
BITMAP
FFFFFFC0
FFFFFFC0
FFFFFFC0
00E1C000
00E1C000
00E1C000
00E1C000
00E1C000
00E1C000
00E1C000
00E1C000
00E1C000
00E1C000
00E1C000
00E1C000
00E1C000
00E1C000
00E1C000
00E1C000
00E1C000
00E1C000
00E1C000
00E1C000
ENDCHAR
STARTCHAR SF410000
ENCODING 9574
SWIDTH 708 0
DWIDTH 26 0
BBX 26 27 0 -11
BITMAP
FFFFFFC0
FFFFFFC0
FFFFFFC0
00000000
00000000
00000000
00000000
FFE1FFC0
FFE1FFC0
FFE1FFC0
00E1C000
00E1C000
00E1C000
00E1C000
00E1C000
00E1C000
00E1C000
00E1C000
00E1C000
00E1C000
00E1C000
00E1C000
00E1C000
00E1C000
00E1C000
00E1C000
00E1C000
ENDCHAR
STARTCHAR SF450000
ENCODING 9575
SWIDTH 708 0
DWIDTH 26 0
BBX 26 27 0 6
BITMAP
001C0000
001C0000
001C0000
001C0000
001C0000
001C0000
001C0000
001C0000
001C0000
001C0000
001C0000
001C0000
001C0000
001C0000
001C0000
001C0000
001C0000
FFFFFFC0
FFFFFFC0
FFFFFFC0
00000000
00000000
00000000
00000000
FFFFFFC0
FFFFFFC0
FFFFFFC0
ENDCHAR
STARTCHAR SF460000
ENCODING 9576
SWIDTH 708 0
DWIDTH 26 0
BBX 26 24 0 9
BITMAP
00E1C000
00E1C000
00E1C000
00E1C000
00E1C000
00E1C000
00E1C000
00E1C000
00E1C000
00E1C000
00E1C000
00E1C000
00E1C000
00E1C000
00E1C000
00E1C000
00E1C000
00E1C000
00E1C000
00E1C000
00E1C000
FFFFFFC0
FFFFFFC0
FFFFFFC0
ENDCHAR
STARTCHAR SF400000
ENCODING 9577
SWIDTH 708 0
DWIDTH 26 0
BBX 26 27 0 6
BITMAP
00E1C000
00E1C000
00E1C000
00E1C000
00E1C000
00E1C000
00E1C000
00E1C000
00E1C000
00E1C000
00E1C000
00E1C000
00E1C000
00E1C000
00E1C000
00E1C000
00E1C000
FFE1FFC0
FFE1FFC0
FFE1FFC0
00000000
00000000
00000000
00000000
FFFFFFC0
FFFFFFC0
FFFFFFC0
ENDCHAR
STARTCHAR SF540000
ENCODING 9578
SWIDTH 708 0
DWIDTH 26 0
BBX 26 44 0 -11
BITMAP
001C0000
001C0000
001C0000
001C0000
001C0000
001C0000
001C0000
001C0000
001C0000
001C0000
001C0000
001C0000
001C0000
001C0000
001C0000
001C0000
001C0000
FFFFFFC0
FFFFFFC0
FFFFFFC0
001C0000
001C0000
001C0000
001C0000
FFFFFFC0
FFFFFFC0
FFFFFFC0
001C0000
001C0000
001C0000
001C0000
001C0000
001C0000
001C0000
001C0000
001C0000
001C0000
001C0000
001C0000
001C0000
001C0000
001C0000
001C0000
001C0000
ENDCHAR
STARTCHAR SF530000
ENCODING 9579
SWIDTH 708 0
DWIDTH 26 0
BBX 26 44 0 -11
BITMAP
00E1C000
00E1C000
00E1C000
00E1C000
00E1C000
00E1C000
00E1C000
00E1C000
00E1C000
00E1C000
00E1C000
00E1C000
00E1C000
00E1C000
00E1C000
00E1C000
00E1C000
00E1C000
00E1C000
00E1C000
00E1C000
FFFFFFC0
FFFFFFC0
FFFFFFC0
00E1C000
00E1C000
00E1C000
00E1C000
00E1C000
00E1C000
00E1C000
00E1C000
00E1C000
00E1C000
00E1C000
00E1C000
00E1C000
00E1C000
00E1C000
00E1C000
00E1C000
00E1C000
00E1C000
00E1C000
ENDCHAR
STARTCHAR SF440000
ENCODING 9580
SWIDTH 708 0
DWIDTH 26 0
BBX 26 44 0 -11
BITMAP
00E1C000
00E1C000
00E1C000
00E1C000
00E1C000
00E1C000
00E1C000
00E1C000
00E1C000
00E1C000
00E1C000
00E1C000
00E1C000
00E1C000
00E1C000
00E1C000
00E1C000
FFE1FFC0
FFE1FFC0
FFE1FFC0
00000000
00000000
00000000
00000000
FFE1FFC0
FFE1FFC0
FFE1FFC0
00E1C000
00E1C000
00E1C000
00E1C000
00E1C000
00E1C000
00E1C000
00E1C000
00E1C000
00E1C000
00E1C000
00E1C000
00E1C000
00E1C000
00E1C000
00E1C000
00E1C000
ENDCHAR
STARTCHAR upblock
ENCODING 9600
SWIDTH 708 0
DWIDTH 26 0
BBX 26 22 0 11
BITMAP
FFFFFFC0
FFFFFFC0
FFFFFFC0
FFFFFFC0
FFFFFFC0
FFFFFFC0
FFFFFFC0
FFFFFFC0
FFFFFFC0
FFFFFFC0
FFFFFFC0
FFFFFFC0
FFFFFFC0
FFFFFFC0
FFFFFFC0
FFFFFFC0
FFFFFFC0
FFFFFFC0
FFFFFFC0
FFFFFFC0
FFFFFFC0
FFFFFFC0
ENDCHAR
STARTCHAR dnblock
ENCODING 9604
SWIDTH 708 0
DWIDTH 26 0
BBX 26 22 0 -11
BITMAP
FFFFFFC0
FFFFFFC0
FFFFFFC0
FFFFFFC0
FFFFFFC0
FFFFFFC0
FFFFFFC0
FFFFFFC0
FFFFFFC0
FFFFFFC0
FFFFFFC0
FFFFFFC0
FFFFFFC0
FFFFFFC0
FFFFFFC0
FFFFFFC0
FFFFFFC0
FFFFFFC0
FFFFFFC0
FFFFFFC0
FFFFFFC0
FFFFFFC0
ENDCHAR
STARTCHAR block
ENCODING 9608
SWIDTH 708 0
DWIDTH 26 0
BBX 26 44 0 -11
BITMAP
FFFFFFC0
FFFFFFC0
FFFFFFC0
FFFFFFC0
FFFFFFC0
FFFFFFC0
FFFFFFC0
FFFFFFC0
FFFFFFC0
FFFFFFC0
FFFFFFC0
FFFFFFC0
FFFFFFC0
FFFFFFC0
FFFFFFC0
FFFFFFC0
FFFFFFC0
FFFFFFC0
FFFFFFC0
FFFFFFC0
FFFFFFC0
FFFFFFC0
FFFFFFC0
FFFFFFC0
FFFFFFC0
FFFFFFC0
FFFFFFC0
FFFFFFC0
FFFFFFC0
FFFFFFC0
FFFFFFC0
FFFFFFC0
FFFFFFC0
FFFFFFC0
FFFFFFC0
FFFFFFC0
FFFFFFC0
FFFFFFC0
FFFFFFC0
FFFFFFC0
FFFFFFC0
FFFFFFC0
FFFFFFC0
FFFFFFC0
ENDCHAR
STARTCHAR lfblock
ENCODING 9612
SWIDTH 708 0
DWIDTH 26 0
BBX 13 44 0 -11
BITMAP
FFF8
FFF8
FFF8
FFF8
FFF8
FFF8
FFF8
FFF8
FFF8
FFF8
FFF8
FFF8
FFF8
FFF8
FFF8
FFF8
FFF8
FFF8
FFF8
FFF8
FFF8
FFF8
FFF8
FFF8
FFF8
FFF8
FFF8
FFF8
FFF8
FFF8
FFF8
FFF8
FFF8
FFF8
FFF8
FFF8
FFF8
FFF8
FFF8
FFF8
FFF8
FFF8
FFF8
FFF8
ENDCHAR
STARTCHAR rtblock
ENCODING 9616
SWIDTH 708 0
DWIDTH 26 0
BBX 13 44 13 -11
BITMAP
FFF8
FFF8
FFF8
FFF8
FFF8
FFF8
FFF8
FFF8
FFF8
FFF8
FFF8
FFF8
FFF8
FFF8
FFF8
FFF8
FFF8
FFF8
FFF8
FFF8
FFF8
FFF8
FFF8
FFF8
FFF8
FFF8
FFF8
FFF8
FFF8
FFF8
FFF8
FFF8
FFF8
FFF8
FFF8
FFF8
FFF8
FFF8
FFF8
FFF8
FFF8
FFF8
FFF8
FFF8
ENDCHAR
STARTCHAR ltshade
ENCODING 9617
SWIDTH 708 0
DWIDTH 26 0
BBX 24 42 2 -9
BITMAP
C06070
C06070
000000
000000
000000
0C0603
0C0603
000000
000000
C06070
C06070
000000
000000
0C0603
0C0603
0C0603
000000
000000
C06070
C06070
000000
000000
0C0603
0C0603
000000
000000
000000
C06070
C06070
000000
000000
0C0603
0C0603
000000
000000
C06070
C06070
000000
000000
000000
0C0603
0C0603
ENDCHAR
STARTCHAR shade
ENCODING 9618
SWIDTH 708 0
DWIDTH 26 0
BBX 26 42 0 -9
BITMAP
33199CC0
33199CC0
00000000
00000000
00000000
CCE66300
CCE66300
00000000
00000000
33199CC0
33199CC0
00000000
00000000
CCE66300
CCE66300
CCE66300
00000000
00000000
33199CC0
33199CC0
00000000
00000000
CCE66300
CCE66300
00000000
00000000
00000000
33199CC0
33199CC0
00000000
00000000
CCE66300
CCE66300
00000000
00000000
33199CC0
33199CC0
00000000
00000000
00000000
CCE66300
CCE66300
ENDCHAR
STARTCHAR dkshade
ENCODING 9619
SWIDTH 729 0
DWIDTH 26 0
BBX 26 44 0 -11
BITMAP
3199CCC0
3199CCC0
FFFFFFC0
FFFFFFC0
FFFFFFC0
CE663300
CE663300
FFFFFFC0
FFFFFFC0
3199CCC0
3199CCC0
FFFFFFC0
FFFFFFC0
CE663300
CE663300
CE663300
FFFFFFC0
FFFFFFC0
3199CCC0
3199CCC0
FFFFFFC0
FFFFFFC0
CE663300
CE663300
FFFFFFC0
FFFFFFC0
FFFFFFC0
3199CCC0
3199CCC0
FFFFFFC0
FFFFFFC0
CE663300
CE663300
FFFFFFC0
FFFFFFC0
3199CCC0
3199CCC0
FFFFFFC0
FFFFFFC0
FFFFFFC0
CE663300
CE663300
FFFFFFC0
FFFFFFC0
ENDCHAR
STARTCHAR filledbox
ENCODING 9632
SWIDTH 604 0
DWIDTH 22 0
BBX 16 17 3 0
BITMAP
FFFF
FFFF
FFFF
FFFF
FFFF
FFFF
FFFF
FFFF
FFFF
FFFF
FFFF
FFFF
FFFF
FFFF
FFFF
FFFF
FFFF
ENDCHAR
STARTCHAR H22073
ENCODING 9633
SWIDTH 604 0
DWIDTH 22 0
BBX 16 17 3 0
BITMAP
FFFF
FFFF
8001
8001
8001
8001
8001
8001
8001
8001
8001
8001
8001
8001
8001
8001
FFFF
ENDCHAR
STARTCHAR H18543
ENCODING 9642
SWIDTH 354 0
DWIDTH 13 0
BBX 8 8 2 8
BITMAP
FF
FF
FF
FF
FF
FF
FF
FF
ENDCHAR
STARTCHAR H18551
ENCODING 9643
SWIDTH 354 0
DWIDTH 13 0
BBX 8 8 2 8
BITMAP
FF
C1
C1
C1
C1
C1
C1
FF
ENDCHAR
STARTCHAR filledrect
ENCODING 9644
SWIDTH 1000 0
DWIDTH 36 0
BBX 36 6 0 6
BITMAP
FFFFFFFFF0
FFFFFFFFF0
FFFFFFFFF0
FFFFFFFFF0
FFFFFFFFF0
FFFFFFFFF0
ENDCHAR
STARTCHAR triagup
ENCODING 9650
SWIDTH 989 0
DWIDTH 36 0
BBX 24 24 6 0
BITMAP
001800
001800
003C00
003C00
007E00
007E00
00FF00
00FF00
01FF80
01FF80
03FFC0
03FFC0
07FFE0
07FFE0
0FFFF0
0FFFF0
1FFFF8
1FFFF8
3FFFFC
3FFFFC
7FFFFE
7FFFFE
FFFFFF
FFFFFF
ENDCHAR
STARTCHAR triagrt
ENCODING 9658
SWIDTH 989 0
DWIDTH 36 0
BBX 25 25 5 0
BITMAP
80000000
E0000000
F8000000
FE000000
FF800000
FFE00000
FFF80000
FFFE0000
FFFF8000
FFFFE000
FFFFF800
FFFFFE00
FFFFFF80
FFFFFF00
FFFFFC00
FFFFF000
FFFFC000
FFFF0000
FFFC0000
FFF00000
FFC00000
FF000000
FC000000
F0000000
C0000000
ENDCHAR
STARTCHAR triagdn
ENCODING 9660
SWIDTH 989 0
DWIDTH 36 0
BBX 24 24 6 0
BITMAP
FFFFFF
FFFFFE
7FFFFE
7FFFFC
3FFFFC
3FFFF8
1FFFF8
1FFFF0
0FFFF0
0FFFE0
07FFE0
07FFC0
03FFC0
03FF80
01FF80
01FF00
00FF00
00FE00
007E00
007C00
003C00
003800
001800
001000
ENDCHAR
STARTCHAR triaglf
ENCODING 9668
SWIDTH 989 0
DWIDTH 36 0
BBX 25 26 6 -1
BITMAP
00000080
00000380
00000F80
00003F80
0000FF80
0003FF80
000FFF80
003FFF80
00FFFF80
03FFFF80
0FFFFF80
3FFFFF80
FFFFFF80
FFFFFF80
3FFFFF80
0FFFFF80
03FFFF80
00FFFF80
003FFF80
000FFF80
0003FF80
0000FF80
00003F80
00000F80
00000380
00000080
ENDCHAR
STARTCHAR lozenge
ENCODING 9674
SWIDTH 494 0
DWIDTH 18 0
BBX 16 26 1 0
BITMAP
0180
03C0
07C0
0660
0C60
0C30
1830
1818
3018
300C
6006
6006
C003
C003
6006
6006
300C
301C
1818
1830
0C30
0C60
0660
07C0
03C0
0180
ENDCHAR
STARTCHAR circle
ENCODING 9675
SWIDTH 604 0
DWIDTH 22 0
BBX 16 16 3 2
BITMAP
03C0
1EF0
301C
6004
4006
C002
C002
8003
8003
C002
4002
6006
200C
1818
0FF0
0180
ENDCHAR
STARTCHAR H18533
ENCODING 9679
SWIDTH 604 0
DWIDTH 22 0
BBX 16 16 3 2
BITMAP
03C0
1FF0
3FFC
7FFC
7FFE
FFFE
FFFE
FFFF
FFFF
FFFE
7FFE
7FFE
3FFC
1FF8
0FF0
0180
ENDCHAR
STARTCHAR invbullet
ENCODING 9688
SWIDTH 604 0
DWIDTH 22 0
BBX 17 17 2 0
BITMAP
FFFF80
FFFF80
FFFF80
FFFF80
FFFF80
FE1F80
FC0F80
F80F80
F80F80
F80F80
FC0F80
FE1F80
FFFF80
FFFF80
FFFF80
FFFF80
FFFF80
ENDCHAR
STARTCHAR invcircle
ENCODING 9689
SWIDTH 604 0
DWIDTH 22 0
BBX 20 20 1 0
BITMAP
FFFFF0
FFFFF0
FF0FF0
F843F0
F3F8F0
E7FEF0
EFFE70
EFFF70
CFFF30
DFFF30
DFFF30
CFFF70
EFFF70
E7FE70
F7FCF0
F9F9F0
FC03F0
FF9FF0
FFFFF0
FFFFF0
ENDCHAR
STARTCHAR openbullet
ENCODING 9702
SWIDTH 354 0
DWIDTH 13 0
BBX 9 8 2 8
BITMAP
3E00
6300
C180
8180
8180
C180
4300
3E00
ENDCHAR
STARTCHAR smileface
ENCODING 9786
SWIDTH 1020 0
DWIDTH 37 0
BBX 23 22 7 -2
BITMAP
01FF00
0787C0
0E00E0
180070
300038
600018
60000C
43018C
C30384
C30184
C00006
C00006
C00004
C00004
43018C
61830C
30FE18
307C30
1C0070
0E00E0
03FF80
00FE00
ENDCHAR
STARTCHAR invsmileface
ENCODING 9787
SWIDTH 1052 0
DWIDTH 38 0
BBX 22 22 8 -2
BITMAP
01FE00
07FF80
1FFFC0
3FFFE0
3FFFF0
7FFFF8
7FFFF8
FDFCFC
F8FC7C
FCFCFC
FFFFFC
FFFFFC
FFFFFC
FFFFFC
FDFEFC
7CFDF8
7E01F8
3F87F0
1FFFE0
0FFFC0
07FF80
01FE00
ENDCHAR
STARTCHAR sun
ENCODING 9788
SWIDTH 916 0
DWIDTH 33 0
BBX 33 33 0 -4
BITMAP
0000800000
0000800000
0000800000
0000800000
0800800800
0C00801800
0601C03000
030FF86000
01B80EC000
00E0038000
00C0018000
0080008000
010000C000
0100004000
0300006000
0300006000
FE00007F80
0200006000
0300006000
0100004000
0100004000
018000C000
00C0018000
0060030000
00F0078000
019C1CC000
0303F06000
0600803000
0C00801800
0000800000
0000800000
0000800000
0000800000
ENDCHAR
STARTCHAR female
ENCODING 9792
SWIDTH 750 0
DWIDTH 27 0
BBX 19 34 4 -8
BITMAP
07FC00
0C0600
100100
200080
400040
400040
400040
800020
800020
800020
800020
400040
400040
200080
300180
180300
060C00
01F000
004000
004000
004000
004000
004000
004000
004000
7FFFC0
004000
004000
004000
004000
004000
004000
004000
004000
ENDCHAR
STARTCHAR male
ENCODING 9794
SWIDTH 750 0
DWIDTH 27 0
BBX 23 33 2 -5
BITMAP
000070
0001F0
000728
001C48
007048
0040C8
000084
000184
000104
000104
000202
000202
000400
000400
01E800
0E1C00
180200
200100
400080
400080
800040
800040
800040
800040
800040
800040
800040
400080
600080
300100
180600
061C00
00C000
ENDCHAR
STARTCHAR spade
ENCODING 9824
SWIDTH 531 0
DWIDTH 19 0
BBX 17 21 1 0
BITMAP
008000
008000
01C000
01E000
03E000
07F000
0FF800
1FFC00
3FFE00
7FFF00
FFFF80
FFFF80
FFFF80
FFFF80
7EBF00
3C9E00
008000
01C000
01E000
07F000
3FFE00
ENDCHAR
STARTCHAR club
ENCODING 9827
SWIDTH 656 0
DWIDTH 24 0
BBX 22 22 1 0
BITMAP
003000
00FC00
01FE00
03FE00
03FF00
03FF00
03FE00
09FE40
3FFFF0
7FFFF8
FFFFF8
FFFFFC
FFFFFC
FFDFF8
FFCFF8
7FA7F0
3E23E0
003000
007000
00F800
01FE00
0FFFC0
ENDCHAR
STARTCHAR heart
ENCODING 9829
SWIDTH 593 0
DWIDTH 21 0
BBX 19 22 1 0
BITMAP
080200
3F0FC0
7F9FE0
FFBFE0
FFFFE0
FFFFE0
FFFFE0
7FFFE0
7FFFC0
3FFFC0
3FFF80
1FFF00
0FFF00
07FE00
07FC00
03F800
01F800
00F000
00E000
006000
004000
004000
ENDCHAR
STARTCHAR diamond
ENCODING 9830
SWIDTH 510 0
DWIDTH 18 0
BBX 16 21 1 0
BITMAP
0180
0180
03C0
07E0
07F0
0FF0
1FF8
3FFC
3FFE
7FFF
FFFF
7FFE
3FFC
1FFC
1FF8
0FF0
07E0
03E0
03C0
0180
0080
ENDCHAR
STARTCHAR musicalnote
ENCODING 9834
SWIDTH 500 0
DWIDTH 18 0
BBX 16 25 1 -1
BITMAP
00F8
00FC
00FE
00FF
008F
0083
0083
0081
0081
0080
0080
0080
0080
0080
0080
0080
0880
7F80
FF80
FF80
FF80
FF80
FF00
7E00
1800
ENDCHAR
STARTCHAR musicalnotedbl
ENCODING 9835
SWIDTH 750 0
DWIDTH 27 0
BBX 21 28 2 -2
BITMAP
000078
0003F8
001FF8
00FFF8
01FFE8
01FF08
01F808
01C008
018008
018008
018008
018008
018008
018008
018008
018008
0180C8
0187F8
018FF8
018FF8
3F8FF8
7F8FF8
FF8FF8
FF87F0
FF8180
FF8000
FF0000
7E0000
ENDCHAR
STARTCHAR vavshindot
ENCODING 59393
SWIDTH 246 0
DWIDTH 9 0
BBX 7 23 -1 0
BITMAP
C0
C0
00
00
0E
0E
0E
0E
0E
0E
0E
0E
0E
0E
0E
0E
0E
0E
0E
0E
0E
0E
0E
ENDCHAR
STARTCHAR finalkafsheva
ENCODING 59394
SWIDTH 509 0
DWIDTH 18 0
BBX 14 26 1 -7
BITMAP
FF80
FFE0
FFF0
00F8
0078
003C
001C
001C
001C
001C
001C
001C
001C
0C1C
0C1C
001C
0C1C
0C1C
001C
001C
001C
001C
001C
001C
001C
001C
ENDCHAR
STARTCHAR finalkafqamats
ENCODING 59395
SWIDTH 509 0
DWIDTH 18 0
BBX 14 26 1 -7
BITMAP
FF80
FFE0
FFF0
00F8
0078
003C
001C
001C
001C
001C
001C
001C
001C
3FDC
3FDC
061C
061C
061C
001C
001C
001C
001C
001C
001C
001C
001C
ENDCHAR
STARTCHAR lamedholam
ENCODING 59396
SWIDTH 462 0
DWIDTH 17 0
BBX 16 26 -1 0
BITMAP
3800
3800
B800
B800
3800
3800
3800
3FFF
3FFF
3FFF
0007
0007
0007
0007
0007
000E
001E
003C
0038
0070
00F0
00E0
00E0
00E0
00E0
00E0
ENDCHAR
STARTCHAR lamedholamdagesh
ENCODING 59397
SWIDTH 462 0
DWIDTH 17 0
BBX 16 26 -1 0
BITMAP
3800
3800
B800
B800
3800
3800
3800
3FFF
3FFF
3FFF
0007
0007
0007
0107
0107
000E
001E
003C
0038
0070
00F0
00E0
00E0
00E0
00E0
00E0
ENDCHAR
STARTCHAR afii62881
ENCODING 59416
SWIDTH 211 0
DWIDTH 8 0
BBX 7 9 1 22
BITMAP
04
38
C4
38
C0
12
92
BE
E0
ENDCHAR
STARTCHAR afii57391
ENCODING 59450
SWIDTH 638 0
DWIDTH 23 0
BBX 24 3 -1 5
BITMAP
FFFFFF
FFFFFF
FFFFFF
ENDCHAR
STARTCHAR fi
ENCODING 61441
SWIDTH 500 0
DWIDTH 18 0
BBX 15 26 1 0
BITMAP
07EE
0FEE
1FEE
1E00
1C00
1C00
1C00
FFCE
FFCE
FFCE
1C0E
1C0E
1C0E
1C0E
1C0E
1C0E
1C0E
1C0E
1C0E
1C0E
1C0E
1C0E
1C0E
1C0E
1C0E
1C0E
ENDCHAR
STARTCHAR fl
ENCODING 61442
SWIDTH 500 0
DWIDTH 18 0
BBX 15 26 1 0
BITMAP
07EE
0FEE
1FEE
1E0E
1C0E
1C0E
1C0E
FFCE
FFCE
FFCE
1C0E
1C0E
1C0E
1C0E
1C0E
1C0E
1C0E
1C0E
1C0E
1C0E
1C0E
1C0E
1C0E
1C0E
1C0E
1C0E
ENDCHAR
STARTCHAR commaaccent
ENCODING 61444
SWIDTH 333 0
DWIDTH 12 0
BBX 3 8 4 -11
BITMAP
E0
E0
E0
20
60
60
C0
40
ENDCHAR
STARTCHAR undercommaaccent
ENCODING 61445
SWIDTH 333 0
DWIDTH 12 0
BBX 8 7 2 -8
BITMAP
3C
3E
07
07
0F
FE
FC
ENDCHAR
STARTCHAR uniF006
ENCODING 61446
SWIDTH 0 0
DWIDTH 0 0
BBX 5 2 -7 31
BITMAP
78
E0
ENDCHAR
STARTCHAR uniF007
ENCODING 61447
SWIDTH 0 0
DWIDTH 0 0
BBX 5 2 -14 31
BITMAP
78
E0
ENDCHAR
STARTCHAR uniF008
ENCODING 61448
SWIDTH 0 0
DWIDTH 0 0
BBX 6 5 -5 21
BITMAP
3C
78
70
60
C0
ENDCHAR
STARTCHAR uniF009
ENCODING 61449
SWIDTH 0 0
DWIDTH 0 0
BBX 6 5 -11 27
BITMAP
3C
78
70
60
C0
ENDCHAR
STARTCHAR uniF00A
ENCODING 61450
SWIDTH 0 0
DWIDTH 0 0
BBX 1 39 -1 -7
BITMAP
80
80
80
80
80
80
80
80
80
80
80
80
80
80
80
80
80
00
00
00
00
00
80
80
80
80
80
80
80
80
80
80
80
80
80
80
80
80
80
ENDCHAR
STARTCHAR uniF00B
ENCODING 61451
SWIDTH 0 0
DWIDTH 0 0
BBX 7 39 -4 -7
BITMAP
FE
10
10
10
10
10
10
10
10
10
10
10
10
10
10
10
10
10
10
10
10
10
10
10
10
10
10
10
10
10
10
10
10
10
10
10
10
10
FE
ENDCHAR
STARTCHAR uniF00C
ENCODING 61452
SWIDTH 0 0
DWIDTH 0 0
BBX 4 39 -1 -7
BITMAP
80
C0
E0
F0
E0
C0
80
80
80
80
80
80
80
80
80
80
80
80
80
80
80
80
80
80
80
80
80
80
80
80
80
80
80
80
80
80
80
80
80
ENDCHAR
STARTCHAR uniF00D
ENCODING 61453
SWIDTH 0 0
DWIDTH 0 0
BBX 4 39 -4 -7
BITMAP
10
30
70
F0
70
30
10
10
10
10
10
10
10
10
10
10
10
10
10
10
10
10
10
10
10
10
10
10
10
10
10
10
10
10
10
10
10
10
10
ENDCHAR
STARTCHAR uniF00E
ENCODING 61454
SWIDTH 0 0
DWIDTH 0 0
BBX 4 39 -1 -7
BITMAP
80
80
80
80
80
80
80
80
80
80
80
80
80
80
80
80
80
80
80
80
80
80
80
80
80
80
80
80
80
80
80
80
80
80
80
80
80
80
F0
ENDCHAR
STARTCHAR uniF00F
ENCODING 61455
SWIDTH 0 0
DWIDTH 0 0
BBX 6 5 -15 21
BITMAP
F0
78
38
18
0C
ENDCHAR
STARTCHAR uniF010
ENCODING 61456
SWIDTH 0 0
DWIDTH 0 0
BBX 7 3 -8 30
BITMAP
FC
0E
3C
ENDCHAR
STARTCHAR uniF011
ENCODING 61457
SWIDTH 0 0
DWIDTH 0 0
BBX 7 3 -16 30
BITMAP
FC
0E
3C
ENDCHAR
STARTCHAR uniF012
ENCODING 61458
SWIDTH 0 0
DWIDTH 0 0
BBX 7 6 -7 22
BITMAP
F8
FE
0E
0E
3C
30
ENDCHAR
STARTCHAR uniF013
ENCODING 61459
SWIDTH 0 0
DWIDTH 0 0
BBX 7 6 -13 27
BITMAP
F8
FE
0E
0E
3C
30
ENDCHAR
STARTCHAR uniF014
ENCODING 61460
SWIDTH 0 0
DWIDTH 0 0
BBX 7 6 -13 22
BITMAP
F8
FE
0E
0E
3C
30
ENDCHAR
STARTCHAR uniF015
ENCODING 61461
SWIDTH 0 0
DWIDTH 0 0
BBX 12 3 -18 30
BITMAP
7C30
FFF0
C3E0
ENDCHAR
STARTCHAR uniF016
ENCODING 61462
SWIDTH 0 0
DWIDTH 0 0
BBX 13 3 -20 29
BITMAP
3C38
FFF8
E1F0
ENDCHAR
STARTCHAR uniF017
ENCODING 61463
SWIDTH 0 0
DWIDTH 0 0
BBX 13 3 -23 29
BITMAP
3C38
FFF8
E1F0
ENDCHAR
STARTCHAR uniF018
ENCODING 61464
SWIDTH 0 0
DWIDTH 0 0
BBX 13 3 -25 29
BITMAP
3C38
FFF8
E1F0
ENDCHAR
STARTCHAR uniF019
ENCODING 61465
SWIDTH 0 0
DWIDTH 0 0
BBX 13 3 -17 22
BITMAP
3C38
FFF8
E1F0
ENDCHAR
STARTCHAR uniF01A
ENCODING 61466
SWIDTH 0 0
DWIDTH 0 0
BBX 13 3 -20 22
BITMAP
3C38
FFF8
E1F0
ENDCHAR
STARTCHAR uniF01B
ENCODING 61467
SWIDTH 0 0
DWIDTH 0 0
BBX 13 3 -21 22
BITMAP
3C38
FFF8
E1F0
ENDCHAR
STARTCHAR uniF01C
ENCODING 61468
SWIDTH 0 0
DWIDTH 0 0
BBX 13 3 -11 29
BITMAP
3C38
FFF8
E1F0
ENDCHAR
STARTCHAR uniF01D
ENCODING 61469
SWIDTH 0 0
DWIDTH 0 0
BBX 13 3 -11 22
BITMAP
3C38
FFF8
E1F0
ENDCHAR
STARTCHAR uniF01E
ENCODING 61470
SWIDTH 0 0
DWIDTH 0 0
BBX 3 3 -13 -5
BITMAP
E0
E0
E0
ENDCHAR
STARTCHAR uniF01F
ENCODING 61471
SWIDTH 0 0
DWIDTH 0 0
BBX 3 3 -15 -5
BITMAP
E0
E0
E0
ENDCHAR
STARTCHAR uniF020
ENCODING 61472
SWIDTH 0 0
DWIDTH 0 0
BBX 3 3 -18 -5
BITMAP
E0
E0
E0
ENDCHAR
STARTCHAR uniF021
ENCODING 61473
SWIDTH 0 0
DWIDTH 0 0
BBX 3 3 -14 -5
BITMAP
E0
E0
E0
ENDCHAR
STARTCHAR uniF022
ENCODING 61474
SWIDTH 0 0
DWIDTH 0 0
BBX 3 3 -19 -5
BITMAP
E0
E0
E0
ENDCHAR
STARTCHAR uniF023
ENCODING 61475
SWIDTH 0 0
DWIDTH 0 0
BBX 3 3 -11 -5
BITMAP
E0
E0
E0
ENDCHAR
STARTCHAR uniF024
ENCODING 61476
SWIDTH 0 0
DWIDTH 0 0
BBX 3 3 -11 -5
BITMAP
E0
E0
E0
ENDCHAR
STARTCHAR uniF025
ENCODING 61477
SWIDTH 0 0
DWIDTH 0 0
BBX 3 3 -11 -5
BITMAP
E0
E0
E0
ENDCHAR
STARTCHAR uniF026
ENCODING 61478
SWIDTH 0 0
DWIDTH 0 0
BBX 3 3 -15 -5
BITMAP
E0
E0
E0
ENDCHAR
STARTCHAR uniF027
ENCODING 61479
SWIDTH 0 0
DWIDTH 0 0
BBX 3 3 -13 -5
BITMAP
E0
E0
E0
ENDCHAR
STARTCHAR uniF028
ENCODING 61480
SWIDTH 0 0
DWIDTH 0 0
BBX 3 3 -17 -5
BITMAP
E0
E0
E0
ENDCHAR
STARTCHAR uniF029
ENCODING 61481
SWIDTH 0 0
DWIDTH 0 0
BBX 3 3 -6 -5
BITMAP
E0
E0
E0
ENDCHAR
STARTCHAR uniF02A
ENCODING 61482
SWIDTH 0 0
DWIDTH 0 0
BBX 3 3 -5 -5
BITMAP
E0
E0
E0
ENDCHAR
STARTCHAR uniF02B
ENCODING 61483
SWIDTH 0 0
DWIDTH 0 0
BBX 3 3 -13 -5
BITMAP
E0
E0
E0
ENDCHAR
STARTCHAR uniF02C
ENCODING 61484
SWIDTH 0 0
DWIDTH 0 0
BBX 3 3 -4 -5
BITMAP
E0
E0
E0
ENDCHAR
STARTCHAR uniF02D
ENCODING 61485
SWIDTH 0 0
DWIDTH 0 0
BBX 12 3 -18 30
BITMAP
7C30
FFF0
C3E0
ENDCHAR
STARTCHAR uniF02E
ENCODING 61486
SWIDTH 0 0
DWIDTH 0 0
BBX 13 3 -18 29
BITMAP
3C38
FFF8
E1F0
ENDCHAR
STARTCHAR uniF02F
ENCODING 61487
SWIDTH 0 0
DWIDTH 0 0
BBX 12 3 -20 30
BITMAP
7C30
FFF0
C3E0
ENDCHAR
STARTCHAR uniF030
ENCODING 61488
SWIDTH 0 0
DWIDTH 0 0
BBX 13 3 -21 29
BITMAP
3C38
FFF8
E1F0
ENDCHAR
STARTCHAR uniF031
ENCODING 61489
SWIDTH 222 0
DWIDTH 7 0
BBX 3 19 2 0
BITMAP
E0
E0
E0
E0
E0
E0
E0
E0
E0
E0
E0
E0
E0
E0
E0
E0
E0
E0
E0
ENDCHAR
STARTCHAR fi.dup19
ENCODING 64257
SWIDTH 500 0
DWIDTH 18 0
BBX 15 26 1 0
BITMAP
07EE
0FEE
1FEE
1E00
1C00
1C00
1C00
FFCE
FFCE
FFCE
1C0E
1C0E
1C0E
1C0E
1C0E
1C0E
1C0E
1C0E
1C0E
1C0E
1C0E
1C0E
1C0E
1C0E
1C0E
1C0E
ENDCHAR
STARTCHAR fl.dup20
ENCODING 64258
SWIDTH 500 0
DWIDTH 18 0
BBX 15 26 1 0
BITMAP
07EE
0FEE
1FEE
1E0E
1C0E
1C0E
1C0E
FFCE
FFCE
FFCE
1C0E
1C0E
1C0E
1C0E
1C0E
1C0E
1C0E
1C0E
1C0E
1C0E
1C0E
1C0E
1C0E
1C0E
1C0E
1C0E
ENDCHAR
STARTCHAR uniFB1D
ENCODING 64285
SWIDTH 246 0
DWIDTH 9 0
BBX 3 14 3 5
BITMAP
E0
E0
E0
E0
E0
E0
E0
E0
E0
E0
00
00
40
40
ENDCHAR
STARTCHAR uniFB1E
ENCODING 64286
SWIDTH 0 0
DWIDTH 0 0
BBX 10 4 -5 22
BITMAP
C0C0
E1C0
7F80
3F00
ENDCHAR
STARTCHAR uniFB1F
ENCODING 64287
SWIDTH 493 0
DWIDTH 17 0
BBX 12 14 3 5
BITMAP
E0E0
E0E0
E0E0
E0E0
E0E0
E0E0
E0E0
E0E0
E0E0
E0E0
0000
0000
FFF0
FFF0
ENDCHAR
STARTCHAR altayin
ENCODING 64288
SWIDTH 535 0
DWIDTH 19 0
BBX 16 19 1 0
BITMAP
3807
3807
1C07
1C07
1C07
1C07
1E07
0E07
0E07
0E06
0E0E
0F0E
070E
071E
071C
073C
FFF8
FFF0
FFC0
ENDCHAR
STARTCHAR shinshindot
ENCODING 64298
SWIDTH 694 0
DWIDTH 25 0
BBX 21 24 2 0
BITMAP
000018
000018
000000
000000
000000
E07038
E07038
E07038
E07038
E07038
E07078
E0F070
E0E070
E3E070
FFC070
7F8070
780070
7000E0
3800E0
3C01E0
1E07C0
1FFF80
07FF00
01FC00
ENDCHAR
STARTCHAR shinsindot
ENCODING 64299
SWIDTH 694 0
DWIDTH 25 0
BBX 21 24 2 0
BITMAP
C00000
C00000
000000
000000
000000
E07038
E07038
E07038
E07038
E07038
E07078
E0F070
E0E070
E3E070
FFC070
7F8070
780070
7000E0
3800E0
3C01E0
1E07C0
1FFF80
07FF00
01FC00
ENDCHAR
STARTCHAR shindageshshindot
ENCODING 64300
SWIDTH 694 0
DWIDTH 25 0
BBX 21 24 2 0
BITMAP
000018
000018
000000
000000
000000
E07038
E07038
E07038
E07038
E07038
E07078
E0F070
E0E070
E3E070
FFC070
7F8C70
780C70
7000E0
3800E0
3C01E0
1E07C0
1FFF80
07FF00
01FC00
ENDCHAR
STARTCHAR shindageshsindot
ENCODING 64301
SWIDTH 694 0
DWIDTH 25 0
BBX 21 24 2 0
BITMAP
C00000
C00000
000000
000000
000000
E07038
E07038
E07038
E07038
E07038
E07078
E0F070
E0E070
E3E070
FFC070
7F8C70
780C70
7000E0
3800E0
3C01E0
1E07C0
1FFF80
07FF00
01FC00
ENDCHAR
STARTCHAR alefpatah
ENCODING 64302
SWIDTH 562 0
DWIDTH 20 0
BBX 17 25 2 -6
BITMAP
F00700
780700
380700
3C0700
1E0F00
0E0E00
0F0E00
1F9E00
3FFC00
79FC00
71F000
70F000
707000
703800
703C00
E01E00
E00E00
E00F00
E00780
000000
000000
000000
000000
07F000
07F000
ENDCHAR
STARTCHAR alefqamats
ENCODING 64303
SWIDTH 562 0
DWIDTH 20 0
BBX 17 28 2 -9
BITMAP
F00700
780700
380700
3C0700
1E0F00
0E0E00
0F0E00
1F9E00
3FFC00
79FC00
71F000
70F000
707000
703800
703C00
E01E00
E00E00
E00F00
E00780
000000
000000
000000
000000
0FF000
0FF000
018000
018000
018000
ENDCHAR
STARTCHAR alefmapiq
ENCODING 64304
SWIDTH 562 0
DWIDTH 20 0
BBX 17 19 2 0
BITMAP
F00700
780700
380700
3C0700
1E0F00
0E0E00
0F0E00
1F9E00
3FFC00
79F800
71F000
70F000
707000
703800
703C00
E31E00
E30E00
E00F00
E00780
ENDCHAR
STARTCHAR betdagesh
ENCODING 64305
SWIDTH 541 0
DWIDTH 20 0
BBX 18 19 1 0
BITMAP
FFC000
FFF000
FFF800
00FC00
003C00
001E00
000E00
000E00
0C0E00
0C0E00
000E00
000E00
000E00
000E00
000E00
000E00
FFFFC0
FFFFC0
FFFFC0
ENDCHAR
STARTCHAR gimeldagesh
ENCODING 64306
SWIDTH 398 0
DWIDTH 14 0
BBX 12 19 0 0
BITMAP
3F00
3FC0
3FC0
01E0
00E0
00E0
18E0
18E0
00E0
00E0
00E0
03E0
0FE0
1FE0
3CE0
78E0
7070
F070
E070
ENDCHAR
STARTCHAR daletdagesh
ENCODING 64307
SWIDTH 508 0
DWIDTH 18 0
BBX 16 19 1 0
BITMAP
FFFF
FFFF
FFFF
0038
0038
0038
0438
0C38
0038
0038
0038
0038
0038
0038
0038
0038
0038
0038
0038
ENDCHAR
STARTCHAR hedagesh
ENCODING 64308
SWIDTH 602 0
DWIDTH 22 0
BBX 16 19 3 0
BITMAP
3FE0
FFF8
FFFC
C03E
001E
000F
0007
0007
E007
E0C7
E0C7
E007
E007
E007
E007
E007
E007
E007
E007
ENDCHAR
STARTCHAR vavdagesh
ENCODING 64309
SWIDTH 286 0
DWIDTH 10 0
BBX 7 19 0 0
BITMAP
0E
0E
0E
0E
0E
0E
0E
CE
CE
0E
0E
0E
0E
0E
0E
0E
0E
0E
0E
ENDCHAR
STARTCHAR zayindagesh
ENCODING 64310
SWIDTH 411 0
DWIDTH 15 0
BBX 14 19 0 0
BITMAP
3FFC
3FFC
3FFC
00F0
01C0
03C0
C380
C380
0380
0380
0380
0380
0380
0380
0380
0380
0380
0380
0380
ENDCHAR
STARTCHAR tetdagesh
ENCODING 64312
SWIDTH 589 0
DWIDTH 21 0
BBX 15 19 3 0
BITMAP
E0F0
E1FC
E3FC
E31E
E20E
E00E
E00E
E00E
E18E
E18E
E00E
E00E
E00E
F01E
701C
7C3C
3FF8
1FF0
07C0
ENDCHAR
STARTCHAR yoddagesh
ENCODING 64313
SWIDTH 286 0
DWIDTH 10 0
BBX 7 10 0 9
BITMAP
0E
0E
0E
0E
CE
CE
0E
0E
0E
0E
ENDCHAR
STARTCHAR finalkafdagesh
ENCODING 64314
SWIDTH 509 0
DWIDTH 18 0
BBX 14 26 1 -7
BITMAP
FF80
FFE0
FFF0
00F8
0078
003C
001C
001C
001C
0C1C
0C1C
001C
001C
001C
001C
001C
001C
001C
001C
001C
001C
001C
001C
001C
001C
001C
ENDCHAR
STARTCHAR kafdagesh
ENCODING 64315
SWIDTH 460 0
DWIDTH 17 0
BBX 14 19 1 0
BITMAP
7F00
FFC0
FFE0
81F0
0078
0038
003C
001C
061C
061C
001C
001C
003C
0038
0078
81F0
FFE0
FFC0
7E00
ENDCHAR
STARTCHAR lameddagesh
ENCODING 64316
SWIDTH 462 0
DWIDTH 17 0
BBX 14 26 1 0
BITMAP
E000
E000
E000
E000
E000
E000
E000
FFFC
FFFC
FFFC
001C
001C
001C
041C
041C
0038
0078
00F0
00E0
01C0
03C0
0380
0380
0380
0380
0380
ENDCHAR
STARTCHAR memdagesh
ENCODING 64318
SWIDTH 601 0
DWIDTH 22 0
BBX 17 19 2 0
BITMAP
E0F800
E3FE00
F7FE00
778F00
7E0700
3E0380
3C0380
3C0380
384380
384380
380380
380380
700380
700380
700380
700380
71FF80
E1FF80
E1FF80
ENDCHAR
STARTCHAR nundagesh
ENCODING 64320
SWIDTH 352 0
DWIDTH 13 0
BBX 9 19 1 0
BITMAP
FC00
FE00
FF00
0780
0380
0380
0380
0380
3380
3380
0380
0380
0380
0380
0380
0380
FF80
FF80
FF80
ENDCHAR
STARTCHAR samekhdagesh
ENCODING 64321
SWIDTH 574 0
DWIDTH 21 0
BBX 17 19 2 0
BITMAP
03F000
0FF800
3FFE00
3C1E00
780F00
700700
E00380
E00380
E18380
E18380
E00380
E00380
E00780
700700
780F00
3C1E00
3FFE00
1FF800
03F000
ENDCHAR
STARTCHAR finalpedagesh
ENCODING 64323
SWIDTH 566 0
DWIDTH 20 0
BBX 15 26 2 -7
BITMAP
3FC0
FFF0
FFF8
E07C
E03C
E01E
E00E
E00E
E00E
E00E
FCCE
7CCE
3C0E
000E
000E
000E
000E
000E
000E
000E
000E
000E
000E
000E
000E
000E
ENDCHAR
STARTCHAR pedagesh
ENCODING 64324
SWIDTH 546 0
DWIDTH 20 0
BBX 16 19 2 0
BITMAP
3FC0
FFF0
FFF8
E07C
E01E
E00E
E00F
F007
FC07
7CC7
3CC7
0007
000F
000E
001E
407C
FFF8
FFF0
7F80
ENDCHAR
STARTCHAR tsadidagesh
ENCODING 64326
SWIDTH 478 0
DWIDTH 17 0
BBX 15 19 0 0
BITMAP
F00E
700E
780E
380E
1C0E
1E1E
0E1C
073C
0778
63F0
63C0
01C0
00E0
00F0
0070
0038
7FFC
7FFC
7FFC
ENDCHAR
STARTCHAR qofdagesh
ENCODING 64327
SWIDTH 549 0
DWIDTH 20 0
BBX 15 26 3 -7
BITMAP
FFFE
FFFE
FFFE
000E
000E
000E
000E
020E
E21C
E01C
E038
E078
E070
E0E0
E0E0
E0E0
E0E0
E0E0
E0E0
E000
E000
E000
E000
E000
E000
E000
ENDCHAR
STARTCHAR reshdagesh
ENCODING 64328
SWIDTH 509 0
DWIDTH 18 0
BBX 15 19 0 0
BITMAP
FF80
FFF0
FFF8
00FC
003C
001E
000E
000E
000E
060E
060E
000E
000E
000E
000E
000E
000E
000E
000E
ENDCHAR
STARTCHAR shindagesh
ENCODING 64329
SWIDTH 694 0
DWIDTH 25 0
BBX 21 19 2 0
BITMAP
E07038
E07038
E07038
E07038
E07038
E07078
E0F070
E0E070
E3E070
FFC070
7F8C70
780C70
7000E0
3800E0
3C01E0
1E07C0
1FFF80
07FF00
01FC00
ENDCHAR
STARTCHAR tavdages
ENCODING 64330
SWIDTH 642 0
DWIDTH 23 0
BBX 20 19 0 0
BITMAP
7FFE00
7FFF80
7FFFC0
0703E0
0700E0
0700F0
070070
070070
070070
070C70
070C70
070070
070070
070070
070070
070070
7F0070
FE0070
FC0070
ENDCHAR
STARTCHAR vavholam
ENCODING 64331
SWIDTH 246 0
DWIDTH 9 0
BBX 3 24 3 0
BITMAP
C0
C0
00
00
00
E0
E0
E0
E0
E0
E0
E0
E0
E0
E0
E0
E0
E0
E0
E0
E0
E0
E0
E0
ENDCHAR
STARTCHAR betrafe
ENCODING 64332
SWIDTH 541 0
DWIDTH 20 0
BBX 18 24 1 0
BITMAP
3F8000
3F8000
000000
000000
000000
FFC000
FFF000
FFF800
00FC00
003C00
001E00
000E00
000E00
000E00
000E00
000E00
000E00
000E00
000E00
000E00
000E00
FFFFC0
FFFFC0
FFFFC0
ENDCHAR
STARTCHAR kafrafe
ENCODING 64333
SWIDTH 460 0
DWIDTH 17 0
BBX 14 24 1 0
BITMAP
3F80
3F80
0000
0000
0000
7F00
FFC0
FFE0
81F0
0078
0038
003C
001C
001C
001C
001C
001C
003C
0038
0078
81F0
FFE0
FFC0
7E00
ENDCHAR
STARTCHAR perafe
ENCODING 64334
SWIDTH 546 0
DWIDTH 20 0
BBX 16 24 2 0
BITMAP
1FC0
1FC0
0000
0000
0000
3FC0
FFF0
FFF8
E07C
E01E
E00E
E00F
F007
FE07
7E07
3E07
0007
000F
000E
001E
407C
FFF8
FFF0
7F80
ENDCHAR
STARTCHAR aleflamed
ENCODING 64335
SWIDTH 575 0
DWIDTH 21 0
BBX 19 26 1 0
BITMAP
E00000
E00000
E00000
E00000
E00000
E00000
E00000
F801C0
FC01C0
FE01C0
0F01C0
0703C0
038380
07C380
0FE780
1FEF00
3CFE00
387C00
383800
381C00
381E00
380F00
700700
700380
7003C0
7001E0
ENDCHAR
STARTCHAR uni0671.dup21
ENCODING 64336
SWIDTH 207 0
DWIDTH 7 0
BBX 7 27 0 5
BITMAP
0E
16
26
FE
FC
00
08
18
18
18
18
18
18
18
18
1C
1C
1C
0C
0C
0C
0C
0C
0C
0C
08
08
ENDCHAR
STARTCHAR uniFB51
ENCODING 64337
SWIDTH 229 0
DWIDTH 8 0
BBX 8 27 0 5
BITMAP
0C
36
2E
FC
F8
80
20
60
E0
E0
70
70
30
30
30
30
30
30
30
30
30
30
30
18
1F
1F
0F
ENDCHAR
STARTCHAR uni067B.dup22
ENCODING 64338
SWIDTH 713 0
DWIDTH 26 0
BBX 25 23 1 -6
BITMAP
40000100
40000100
80000380
80000180
80000180
80000080
C0000080
E0000080
F8000080
7FFFFF80
3FFFFF80
0FFFFF80
00000000
00000000
00000000
00080000
001E0000
001C0000
00040000
00040000
000F0000
000E0000
00020000
ENDCHAR
STARTCHAR uniFB53
ENCODING 64339
SWIDTH 713 0
DWIDTH 26 0
BBX 25 23 1 -6
BITMAP
40000100
40000100
80000380
80000180
80000180
80000080
C0000080
E0000080
F8000080
7FFFFF80
3FFFFF80
0FFFFF80
00000000
00000000
00000000
00080000
001E0000
001C0000
00040000
00040000
000F0000
000E0000
00020000
ENDCHAR
STARTCHAR uniFB54
ENCODING 64340
SWIDTH 244 0
DWIDTH 9 0
BBX 10 23 -1 -6
BITMAP
0080
0080
01C0
01C0
00C0
0040
0040
0040
0040
FFC0
FFC0
FFC0
0000
0000
0000
0800
0E00
1E00
0400
0400
0700
0F00
0200
ENDCHAR
STARTCHAR uniFB55
ENCODING 64341
SWIDTH 244 0
DWIDTH 9 0
BBX 10 23 -1 -6
BITMAP
0080
0080
01C0
01C0
00C0
0040
0040
0040
0040
FFC0
FFC0
FFC0
0000
0000
0000
0800
0E00
1E00
0400
0400
0700
0F00
0200
ENDCHAR
STARTCHAR afii57506.dup23
ENCODING 64342
SWIDTH 713 0
DWIDTH 26 0
BBX 25 24 1 -7
BITMAP
40000100
40000100
80000380
80000180
80000180
80000080
C0000080
E0000080
F8000080
7FFFFF80
3FFFFF80
0FFFFF80
00000000
00000000
00000000
00020000
00038000
00278000
00390000
00780000
00140000
00070000
000F0000
00020000
ENDCHAR
STARTCHAR afii62958
ENCODING 64343
SWIDTH 713 0
DWIDTH 26 0
BBX 25 24 1 -7
BITMAP
40000100
40000100
80000380
80000180
80000180
80000080
C0000080
E0000080
F8000080
7FFFFF80
3FFFFF80
0FFFFF80
00000000
00000000
00000000
00020000
00038000
00278000
00390000
00780000
00140000
00070000
000F0000
00020000
ENDCHAR
STARTCHAR afii62956
ENCODING 64344
SWIDTH 244 0
DWIDTH 9 0
BBX 10 24 -1 -7
BITMAP
0080
0080
01C0
01C0
00C0
0040
0040
0040
0040
FFC0
FFC0
FFC0
0000
0000
0000
0100
01C0
13C0
1C80
3C00
0A00
0380
0780
0100
ENDCHAR
STARTCHAR afii52957
ENCODING 64345
SWIDTH 244 0
DWIDTH 9 0
BBX 10 24 -1 -7
BITMAP
0080
0080
01C0
01C0
00C0
0040
0040
0040
0040
FFC0
FFC0
FFC0
0000
0000
0000
0100
01C0
13C0
1C80
3C00
0A00
0380
0780
0100
ENDCHAR
STARTCHAR uni0680.dup24
ENCODING 64346
SWIDTH 713 0
DWIDTH 26 0
BBX 25 25 1 -8
BITMAP
40000100
40000100
80000380
80000180
80000180
80000080
C0000080
E0000080
F8000080
7FFFFF80
3FFFFF80
0FFFFF80
00000000
00000000
00000000
000C0000
000E0000
00DE0000
00E40000
00E60000
00470000
006F0000
00720000
00700000
00200000
ENDCHAR
STARTCHAR uniFB5B
ENCODING 64347
SWIDTH 713 0
DWIDTH 26 0
BBX 25 25 1 -8
BITMAP
40000100
40000100
80000380
80000180
80000180
80000080
C0000080
E0000080
F8000080
7FFFFF80
3FFFFF80
0FFFFF80
00000000
00000000
00000000
000C0000
000E0000
00DE0000
00E40000
00E60000
00470000
006F0000
00720000
00700000
00200000
ENDCHAR
STARTCHAR uniFB5C
ENCODING 64348
SWIDTH 244 0
DWIDTH 9 0
BBX 10 25 -1 -8
BITMAP
0080
0080
01C0
01C0
00C0
0040
0040
0040
0040
FFC0
FFC0
FFC0
0000
0000
0000
0200
0780
2700
7900
7100
13C0
1380
3C80
3800
0800
ENDCHAR
STARTCHAR uniFB5D
ENCODING 64349
SWIDTH 244 0
DWIDTH 9 0
BBX 10 25 -1 -8
BITMAP
0080
0080
01C0
01C0
00C0
0040
0040
0040
0040
FFC0
FFC0
FFC0
0000
0000
0000
0200
0780
2700
7900
7100
13C0
1380
3C80
3800
0800
ENDCHAR
STARTCHAR uni067A.dup25
ENCODING 64350
SWIDTH 713 0
DWIDTH 26 0
BBX 25 22 1 5
BITMAP
00100000
003C0000
00380000
00080000
00080000
001E0000
001C0000
00040000
00000000
00000000
40000100
40000100
80000380
80000180
80000180
80000080
C0000080
E0000080
F8000080
7FFFFF80
3FFFFF80
0FFFFF80
ENDCHAR
STARTCHAR uniFB5F
ENCODING 64351
SWIDTH 713 0
DWIDTH 26 0
BBX 25 22 1 5
BITMAP
00100000
003C0000
00380000
00080000
00080000
001E0000
001C0000
00040000
00000000
00000000
40000100
40000100
80000380
80000180
80000180
80000080
C0000080
E0000080
F8000080
7FFFFF80
3FFFFF80
0FFFFF80
ENDCHAR
STARTCHAR uniFB60
ENCODING 64352
SWIDTH 244 0
DWIDTH 9 0
BBX 10 22 -1 5
BITMAP
1800
1C00
3C00
0800
0C00
0E00
1E00
0400
0000
0000
0080
0080
01C0
01C0
00C0
0040
0040
0040
0040
FFC0
FFC0
FFC0
ENDCHAR
STARTCHAR uniFB61
ENCODING 64353
SWIDTH 244 0
DWIDTH 9 0
BBX 10 22 -1 5
BITMAP
1800
1C00
3C00
0800
0C00
0E00
1E00
0400
0000
0000
0080
0080
01C0
01C0
00C0
0040
0040
0040
0040
FFC0
FFC0
FFC0
ENDCHAR
STARTCHAR uni067F.dup26
ENCODING 64354
SWIDTH 713 0
DWIDTH 26 0
BBX 25 22 1 5
BITMAP
00040000
000F0000
004E0000
00F20000
00E20000
00278000
00270000
00790000
00700000
00100000
40000100
40000100
80000380
80000180
80000180
80000080
C0000080
E0000080
F8000080
7FFFFF80
3FFFFF80
0FFFFF80
ENDCHAR
STARTCHAR uniFB63
ENCODING 64355
SWIDTH 713 0
DWIDTH 26 0
BBX 25 22 1 5
BITMAP
00040000
000F0000
004E0000
00F20000
00E20000
00278000
00270000
00790000
00700000
00100000
40000100
40000100
80000380
80000180
80000180
80000080
C0000080
E0000080
F8000080
7FFFFF80
3FFFFF80
0FFFFF80
ENDCHAR
STARTCHAR uniFB64
ENCODING 64356
SWIDTH 244 0
DWIDTH 9 0
BBX 10 22 -1 5
BITMAP
0400
0700
4F00
7200
F200
2380
2780
3900
7800
1000
0080
0080
01C0
01C0
00C0
0040
0040
0040
0040
FFC0
FFC0
FFC0
ENDCHAR
STARTCHAR uniFB65
ENCODING 64357
SWIDTH 244 0
DWIDTH 9 0
BBX 10 22 -1 5
BITMAP
0400
0700
4F00
7200
F200
2380
2780
3900
7800
1000
0080
0080
01C0
01C0
00C0
0040
0040
0040
0040
FFC0
FFC0
FFC0
ENDCHAR
STARTCHAR uni0679.dup27
ENCODING 64358
SWIDTH 713 0
DWIDTH 26 0
BBX 25 25 1 5
BITMAP
00400000
00700000
00300000
00200000
00200000
00100000
00138000
001FC000
00184000
00204000
01FFC000
00000000
00000000
40000100
40000100
80000380
80000180
80000180
80000080
C0000080
E0000080
F8000080
7FFFFF80
3FFFFF80
0FFFFF80
ENDCHAR
STARTCHAR uniFB67
ENCODING 64359
SWIDTH 713 0
DWIDTH 26 0
BBX 25 25 1 5
BITMAP
00400000
00700000
00300000
00200000
00200000
00100000
00138000
001FC000
00184000
00204000
01FFC000
00000000
00000000
40000100
40000100
80000380
80000180
80000180
80000080
C0000080
E0000080
F8000080
7FFFFF80
3FFFFF80
0FFFFF80
ENDCHAR
STARTCHAR uniFB68
ENCODING 64360
SWIDTH 244 0
DWIDTH 9 0
BBX 11 25 -1 5
BITMAP
2000
3800
1800
1000
0800
0800
09C0
0BE0
0C20
1020
FFE0
0000
0000
0080
0080
01C0
01C0
00C0
0040
0040
0040
0040
FFC0
FFC0
FFC0
ENDCHAR
STARTCHAR uniFB69
ENCODING 64361
SWIDTH 244 0
DWIDTH 9 0
BBX 11 25 -1 5
BITMAP
2000
3800
1800
1000
0800
0800
09C0
0BE0
0C20
1020
FFE0
0000
0000
0080
0080
01C0
01C0
00C0
0040
0040
0040
0040
FFC0
FFC0
FFC0
ENDCHAR
STARTCHAR uni06A4.dup28
ENCODING 64362
SWIDTH 788 0
DWIDTH 28 0
BBX 27 22 1 5
BITMAP
00000C00
00000E00
00001E00
00000580
000001C0
00001BC0
00001C80
00003C00
00000800
00000000
40000380
400007C0
800007C0
80000CE0
80000C60
80000C60
C0000E60
E00007E0
7C0003E0
7FFFFFE0
1FFFFFE0
07FFFFE0
ENDCHAR
STARTCHAR uniFB6B
ENCODING 64363
SWIDTH 788 0
DWIDTH 28 0
BBX 27 22 1 5
BITMAP
00000C00
00000E00
00001E00
00000580
000001C0
00001BC0
00001C80
00003C00
00000800
00000000
40000380
400007C0
800007C0
80000CE0
80000C60
80000C60
C0000E60
E00007E0
7C0003E0
7FFFFFE0
1FFFFFE0
07FFFFE0
ENDCHAR
STARTCHAR uniFB6C
ENCODING 64364
SWIDTH 267 0
DWIDTH 10 0
BBX 11 24 -1 5
BITMAP
1000
1C00
3C00
0A00
0380
2780
3900
7800
1000
0000
0380
0780
07C0
09C0
08C0
08E0
0FE0
0FE0
07A0
0020
0020
FFE0
FFE0
FFE0
ENDCHAR
STARTCHAR uniFB6D
ENCODING 64365
SWIDTH 262 0
DWIDTH 9 0
BBX 10 24 -1 5
BITMAP
0800
1E00
1C00
0D00
03C0
1380
3D80
3800
1800
0000
0000
0000
0300
0780
0F80
08C0
08C0
0C40
0FC0
07C0
0040
FFC0
FFC0
FFC0
ENDCHAR
STARTCHAR uni06A6.dup29
ENCODING 64366
SWIDTH 788 0
DWIDTH 28 0
BBX 27 23 1 5
BITMAP
00000180
000001C0
000013C0
00001C80
00003CC0
000008E0
00000DE0
00000E40
00001E00
00000400
00000000
40000380
400007C0
800007C0
80000CE0
80000C60
80000C60
C0000E60
E00007E0
7C0003E0
7FFFFFE0
1FFFFFE0
07FFFFE0
ENDCHAR
STARTCHAR uniFB6F
ENCODING 64367
SWIDTH 788 0
DWIDTH 28 0
BBX 27 23 1 5
BITMAP
00000180
000001C0
000013C0
00001C80
00003CC0
000008E0
00000DE0
00000E40
00001E00
00000400
00000000
40000380
400007C0
800007C0
80000CE0
80000C60
80000C60
C0000E60
E00007E0
7C0003E0
7FFFFFE0
1FFFFFE0
07FFFFE0
ENDCHAR
STARTCHAR uniFB70
ENCODING 64368
SWIDTH 267 0
DWIDTH 10 0
BBX 11 25 -1 5
BITMAP
0400
0700
4F00
7200
F200
2380
2780
3900
7800
1000
0000
0380
0780
07C0
09C0
08C0
08E0
0FE0
0FE0
07A0
0020
0020
FFE0
FFE0
FFE0
ENDCHAR
STARTCHAR uniFB71
ENCODING 64369
SWIDTH 262 0
DWIDTH 9 0
BBX 10 25 -1 5
BITMAP
0400
0700
4F00
7200
F200
2380
2780
3900
7800
1000
0000
0000
0000
0300
0780
0F80
08C0
08C0
0C40
0FC0
07C0
0040
FFC0
FFC0
FFC0
ENDCHAR
STARTCHAR uni0684.dup30
ENCODING 64370
SWIDTH 562 0
DWIDTH 20 0
BBX 18 22 1 -7
BITMAP
0FFF80
3FFF80
7FFF00
41FC00
07C000
0E0000
180000
200000
408000
41E000
81C000
80C000
804000
80F000
C0E000
C06000
E00000
780000
3F8000
1FFFC0
0FFF00
01FE00
ENDCHAR
STARTCHAR uniFB73
ENCODING 64371
SWIDTH 525 0
DWIDTH 19 0
BBX 18 22 1 -7
BITMAP
1FFF80
7FFF80
FFFF00
80FC00
03C800
0E0800
180C00
200FC0
400FC0
4207C0
878000
870000
810000
810000
C3C000
C38000
608000
780000
3F8000
1FFFC0
0FFF00
01FE00
ENDCHAR
STARTCHAR uniFB74
ENCODING 64372
SWIDTH 529 0
DWIDTH 19 0
BBX 20 21 -1 -6
BITMAP
03C000
07F000
0FF800
00FE00
003F00
000F80
0007C0
FFFFF0
FFFFF0
FFFFF0
000000
000000
000000
004000
00F000
00E000
006000
002000
007800
007000
003000
ENDCHAR
STARTCHAR uniFB75
ENCODING 64373
SWIDTH 529 0
DWIDTH 19 0
BBX 20 21 -1 -6
BITMAP
03C000
07F000
0FF800
00FE00
003F00
000F80
0007C0
FFFFF0
FFFFF0
FFFFF0
000000
000000
000000
004000
00F000
00E000
006000
002000
007800
007000
003000
ENDCHAR
STARTCHAR uni0683.dup31
ENCODING 64374
SWIDTH 562 0
DWIDTH 20 0
BBX 18 22 1 -7
BITMAP
0FFF80
3FFF80
7FFF00
41FC00
07C000
0E0000
180000
200000
400000
400400
800F00
804E00
80F600
80E000
C06000
C00000
E00000
780000
3F8000
1FFFC0
0FFF00
01FE00
ENDCHAR
STARTCHAR uniFB77
ENCODING 64375
SWIDTH 525 0
DWIDTH 19 0
BBX 18 22 1 -7
BITMAP
1FFF80
7FFF80
FFFF00
80FC00
03C800
0E0800
180C00
200FC0
400FC0
4007C0
808000
80E000
8DE000
8E4000
DE0000
C40000
600000
780000
3F8000
1FFFC0
0FFF00
01FE00
ENDCHAR
STARTCHAR uniFB78
ENCODING 64376
SWIDTH 529 0
DWIDTH 19 0
BBX 20 19 -1 -4
BITMAP
03C000
07F000
0FF800
00FE00
003F00
000F80
0007C0
FFFFF0
FFFFF0
FFFFF0
000000
000000
000000
000800
001E00
009C00
01EC00
01C000
00C000
ENDCHAR
STARTCHAR uniFB79
ENCODING 64377
SWIDTH 529 0
DWIDTH 19 0
BBX 20 19 -1 -4
BITMAP
03C000
07F000
0FF800
00FE00
003F00
000F80
0007C0
FFFFF0
FFFFF0
FFFFF0
000000
000000
000000
000800
001E00
009C00
01EC00
01C000
00C000
ENDCHAR
STARTCHAR afii57507.dup32
ENCODING 64378
SWIDTH 562 0
DWIDTH 20 0
BBX 18 22 1 -7
BITMAP
0FFF80
3FFF80
7FFF00
41FC00
07C000
0E0000
180000
201000
401C00
413C00
81C800
83C000
80A000
803800
C07800
C01000
E00000
780000
3F8000
1FFFC0
0FFF00
01FE00
ENDCHAR
STARTCHAR afii62961
ENCODING 64379
SWIDTH 525 0
DWIDTH 19 0
BBX 18 22 1 -7
BITMAP
1FFF80
7FFF80
FFFF00
80FC00
03C800
0E0800
180C00
200FC0
404FC0
4077C0
84F000
872000
8F0000
828000
C0E000
C1E000
604000
780000
3F8000
1FFFC0
0FFF00
01FE00
ENDCHAR
STARTCHAR afii62959
ENCODING 64380
SWIDTH 529 0
DWIDTH 19 0
BBX 20 22 -1 -7
BITMAP
03C000
07F000
0FF800
00FE00
003F00
000F80
0007C0
FFFFF0
FFFFF0
FFFFF0
000000
000000
000000
002000
003800
027800
039000
078000
014000
007000
00F000
002000
ENDCHAR
STARTCHAR afii62960
ENCODING 64381
SWIDTH 529 0
DWIDTH 19 0
BBX 20 22 -1 -7
BITMAP
03C000
07F000
0FF800
00FE00
003F00
000F80
0007C0
FFFFF0
FFFFF0
FFFFF0
000000
000000
000000
002000
003800
027800
039000
078000
014000
007000
00F000
002000
ENDCHAR
STARTCHAR uni0687.dup33
ENCODING 64382
SWIDTH 562 0
DWIDTH 20 0
BBX 18 22 1 -7
BITMAP
0FFF80
3FFF80
7FFF00
41FC00
07C000
0E0000
180000
203000
403800
437800
839000
879800
811C00
81BC00
C1C800
C3C000
E08000
780000
3F8000
1FFFC0
0FFF00
01FE00
ENDCHAR
STARTCHAR uniFB7f
ENCODING 64383
SWIDTH 525 0
DWIDTH 19 0
BBX 18 22 1 -7
BITMAP
1FFF80
7FFF80
FFFF00
80FC00
03C800
0E0800
180C00
208FC0
41EFC0
49C7C0
9E4000
9C4000
84F000
84E000
CF2000
CE0000
620000
780000
3F8000
1FFFC0
0FFF00
01FE00
ENDCHAR
STARTCHAR uniFB80
ENCODING 64384
SWIDTH 529 0
DWIDTH 19 0
BBX 20 23 -1 -8
BITMAP
03C000
07F000
0FF800
00FE00
003F00
000F80
0007C0
FFFFF0
FFFFF0
FFFFF0
000000
000000
000000
001000
003C00
013800
03C800
038800
009E00
009C00
01E400
01C000
004000
ENDCHAR
STARTCHAR uniFB81
ENCODING 64385
SWIDTH 529 0
DWIDTH 19 0
BBX 20 23 -1 -8
BITMAP
03C000
07F000
0FF800
00FE00
003F00
000F80
0007C0
FFFFF0
FFFFF0
FFFFF0
000000
000000
000000
001000
003C00
013800
03C800
038800
009E00
009C00
01E400
01C000
004000
ENDCHAR
STARTCHAR uni068D.dup34
ENCODING 64386
SWIDTH 337 0
DWIDTH 12 0
BBX 10 23 2 -4
BITMAP
0400
0600
0700
0380
0180
0080
00C0
0040
0040
0040
8040
FFC0
FFC0
FFC0
0000
0000
0000
0300
0380
3780
3900
7800
1000
ENDCHAR
STARTCHAR uniFB83
ENCODING 64387
SWIDTH 337 0
DWIDTH 12 0
BBX 10 23 2 -4
BITMAP
0400
0600
0700
0380
0180
0080
00C0
0040
0040
0040
8040
FFC0
FFC0
FFC0
0000
0000
0000
0300
0380
3780
3900
7800
1000
ENDCHAR
STARTCHAR uni068C.dup35
ENCODING 64388
SWIDTH 337 0
DWIDTH 12 0
BBX 10 22 2 5
BITMAP
0300
0380
3780
3900
7800
1000
0000
0000
0400
0600
0700
0380
0180
0080
00C0
0040
0040
0040
8040
FFC0
FFC0
FFC0
ENDCHAR
STARTCHAR uniFB85
ENCODING 64389
SWIDTH 337 0
DWIDTH 12 0
BBX 10 22 2 5
BITMAP
0300
0380
3780
3900
7800
1000
0000
0000
0400
0600
0700
0380
0180
0080
00C0
0040
0040
0040
8040
FFC0
FFC0
FFC0
ENDCHAR
STARTCHAR uni068E.dup36
ENCODING 64390
SWIDTH 337 0
DWIDTH 12 0
BBX 10 25 2 5
BITMAP
1000
3C00
3800
0A00
0780
2700
7900
7000
1000
0000
0000
0400
0600
0700
0380
0180
0080
00C0
0040
0040
0040
8040
FFC0
FFC0
FFC0
ENDCHAR
STARTCHAR uniFB87
ENCODING 64391
SWIDTH 337 0
DWIDTH 12 0
BBX 10 25 2 5
BITMAP
1000
3C00
3800
0A00
0780
2700
7900
7000
1000
0000
0000
0400
0600
0700
0380
0180
0080
00C0
0040
0040
0040
8040
FFC0
FFC0
FFC0
ENDCHAR
STARTCHAR uni0688.dup37
ENCODING 64392
SWIDTH 337 0
DWIDTH 12 0
BBX 11 27 1 5
BITMAP
2000
3800
1000
1000
1000
0800
09C0
0FE0
0C60
1020
FFE0
0000
0000
0200
0300
0380
01C0
00C0
0040
0060
0020
0020
0020
4020
7FE0
7FE0
7FE0
ENDCHAR
STARTCHAR uniFB89
ENCODING 64393
SWIDTH 337 0
DWIDTH 12 0
BBX 11 27 1 5
BITMAP
2000
3800
1000
1000
1000
0800
09C0
0FE0
0C60
1020
FFE0
0000
0000
0200
0300
0380
01C0
00C0
0040
0060
0020
0020
0020
4020
7FE0
7FE0
7FE0
ENDCHAR
STARTCHAR afii57508.dup38
ENCODING 64394
SWIDTH 488 0
DWIDTH 18 0
BBX 17 29 1 -3
BITMAP
002000
007800
007000
001400
000F00
004E00
00F200
00E000
002000
000000
000000
000200
000300
000700
000380
000380
000180
000080
000080
000080
000080
000180
000380
000700
000F00
001E00
C0F800
3FF000
07C000
ENDCHAR
STARTCHAR afii62962
ENCODING 64395
SWIDTH 488 0
DWIDTH 18 0
BBX 17 29 1 -3
BITMAP
002000
007800
007000
001400
000F00
004E00
00F200
00E000
002000
000000
000000
000200
000300
000700
000380
000380
000180
000080
000080
000080
000080
000180
000380
000700
000F00
001E00
C0F800
3FF000
07C000
ENDCHAR
STARTCHAR uni0691.dup39
ENCODING 64396
SWIDTH 488 0
DWIDTH 18 0
BBX 17 33 1 -3
BITMAP
008000
00E000
006000
004000
002000
002000
002700
002F80
003080
004080
03FF80
000000
000000
000000
000000
000200
000300
000700
000380
000380
000180
000080
000080
000080
000080
000180
000380
000700
000F00
001E00
C0F800
3FF000
07C000
ENDCHAR
STARTCHAR uniFB8D
ENCODING 64397
SWIDTH 488 0
DWIDTH 18 0
BBX 17 33 1 -3
BITMAP
008000
00E000
006000
004000
002000
002000
002700
002F80
003080
004080
03FF80
000000
000000
000000
000000
000200
000300
000700
000380
000380
000180
000080
000080
000080
000080
000180
000380
000700
000F00
001E00
C0F800
3FF000
07C000
ENDCHAR
STARTCHAR afii57567.dup40
ENCODING 64398
SWIDTH 812 0
DWIDTH 29 0
BBX 29 21 0 5
BITMAP
00000020
000001E0
000007E0
00001FC0
00003E00
00007000
0000C000
0000E000
0000F000
0000F800
00007E00
40003F00
40000780
800001C0
800000E0
80000060
C0000030
E0000018
FFFFFFF8
7FFFFFF8
1FFFFFF8
ENDCHAR
STARTCHAR afii62964
ENCODING 64399
SWIDTH 932 0
DWIDTH 34 0
BBX 34 21 0 5
BITMAP
0000001000
000000F000
000003F000
00000FE000
00001F0000
0000380000
0000600000
0000700000
0000780000
00007C0000
00003E0000
40001F8000
400003C000
800001E000
800001E000
8000017000
C000033800
E0000E1C00
FFFFFE0FC0
7FFFFC07C0
1FFFF003C0
ENDCHAR
STARTCHAR afii52305
ENCODING 64400
SWIDTH 394 0
DWIDTH 14 0
BBX 15 21 -1 5
BITMAP
0008
0078
01F8
03F0
0780
0E00
1800
1C00
1E00
1F00
0F80
07C0
00E0
0070
0038
001C
000C
0006
FFFE
FFFE
FFFE
ENDCHAR
STARTCHAR afii52306
ENCODING 64401
SWIDTH 514 0
DWIDTH 19 0
BBX 20 21 -1 5
BITMAP
000400
003C00
00FC00
03F800
07C000
0E0000
180000
1C0000
1E0000
1F0000
0F8000
07E000
00F000
007800
007800
005C00
00CE00
038700
FF83F0
FF01F0
FC00F0
ENDCHAR
STARTCHAR afii57509.dup41
ENCODING 64402
SWIDTH 812 0
DWIDTH 29 0
BBX 29 26 0 5
BITMAP
00000020
000000E0
000003E0
00000FC0
00001E00
00007820
0000E1E0
0000C7E0
00001FC0
00003E00
00007000
0000C000
0000E000
0000F000
0000F800
00007E00
40003F00
40000780
800001C0
800000E0
80000060
C0000030
E0000018
FFFFFFF8
7FFFFFF8
1FFFFFF8
ENDCHAR
STARTCHAR afii62967
ENCODING 64403
SWIDTH 932 0
DWIDTH 34 0
BBX 34 26 0 5
BITMAP
0000001000
0000007000
000001F000
000007E000
00000F0000
00003C1000
000070F000
000063F000
00000FE000
00001F0000
0000380000
0000600000
0000700000
0000780000
00007C0000
00003E0000
40001F8000
400003C000
800001E000
800001E000
8000017000
C000033800
E0000E1C00
FFFFFE0FC0
7FFFFC07C0
1FFFF003C0
ENDCHAR
STARTCHAR afii62965
ENCODING 64404
SWIDTH 394 0
DWIDTH 14 0
BBX 15 26 -1 5
BITMAP
0008
0038
00F8
01F0
07C0
0F08
1C78
11F8
03F0
0780
0E00
1800
1C00
1E00
1F00
0F80
07C0
00E0
0070
0038
001C
000C
0006
FFFE
FFFE
FFFE
ENDCHAR
STARTCHAR afii62966
ENCODING 64405
SWIDTH 514 0
DWIDTH 19 0
BBX 20 26 -1 5
BITMAP
000400
001C00
007C00
01F800
07C000
0F0400
1C3C00
10FC00
03F800
07C000
0E0000
180000
1C0000
1E0000
1F0000
0F8000
07E000
00F000
007800
007800
005C00
00CE00
038700
FF83F0
FF01F0
FC00F0
ENDCHAR
STARTCHAR uni06B3.dup42
ENCODING 64406
SWIDTH 812 0
DWIDTH 29 0
BBX 29 37 0 -6
BITMAP
00000020
000000E0
000003E0
00000FC0
00001E00
00007820
0000E1E0
0000C7E0
00001FC0
00003E00
00007000
0000C000
0000E000
0000F000
0000F800
00007E00
40003F00
40000780
800001C0
800000E0
80000060
C0000030
E0000018
FFFFFFF8
7FFFFFF8
1FFFFFF8
00000000
00000000
00000000
00020000
00078000
00070000
00030000
00010000
0003C000
00038000
00018000
ENDCHAR
STARTCHAR uniFB97
ENCODING 64407
SWIDTH 932 0
DWIDTH 34 0
BBX 34 37 0 -6
BITMAP
0000001000
0000007000
000001F000
000007E000
00000F0000
00003C1000
000070F000
000063F000
00000FE000
00001F0000
0000380000
0000600000
0000700000
0000780000
00007C0000
00003E0000
40001F8000
400003C000
800001E000
800001E000
8000017000
C000033800
E0000E1C00
FFFFFE0FC0
7FFFFC07C0
1FFFF003C0
0000000000
0000000000
0000000000
0010000000
001C000000
003C000000
0008000000
0008000000
000E000000
001E000000
0004000000
ENDCHAR
STARTCHAR uniFB98
ENCODING 64408
SWIDTH 394 0
DWIDTH 14 0
BBX 15 37 -1 -6
BITMAP
0008
0038
00F8
01F0
07C0
0F08
1C78
11F8
03F0
0780
0E00
1800
1C00
1E00
1F00
0F80
07C0
00E0
0070
0038
001C
000C
0006
FFFE
FFFE
FFFE
0000
0000
0000
0200
0780
0700
0100
0100
03C0
0380
0080
ENDCHAR
STARTCHAR uniFB99
ENCODING 64409
SWIDTH 514 0
DWIDTH 19 0
BBX 20 37 -1 -6
BITMAP
000400
001C00
007C00
01F800
07C000
0F0400
1C3C00
10FC00
03F800
07C000
0E0000
180000
1C0000
1E0000
1F0000
0F8000
07E000
00F000
007800
007800
005C00
00CE00
038700
FF83F0
FF01F0
FC00F0
000000
000000
000000
080000
0E0000
1E0000
040000
040000
070000
0F0000
020000
ENDCHAR
STARTCHAR uni06B1.dup43
ENCODING 64410
SWIDTH 812 0
DWIDTH 29 0
BBX 29 27 0 5
BITMAP
00000C00
00000C20
00006CE0
000063E0
00006FC0
00001E00
00007820
0000E1E0
0000C7E0
00001FC0
00003E00
00007000
0000C000
0000E000
0000F000
0000F800
00007E00
40003F00
40000780
800001C0
800000E0
80000060
C0000030
E0000018
FFFFFFF8
7FFFFFF8
1FFFFFF8
ENDCHAR
STARTCHAR uniFB9B
ENCODING 64411
SWIDTH 932 0
DWIDTH 34 0
BBX 34 27 0 5
BITMAP
0000180000
0000181000
0000D87000
0000C1F000
0000C7E000
00000F0000
00003C1000
000070F000
000063F000
00000FE000
00001F0000
0000380000
0000600000
0000700000
0000780000
00007C0000
00003E0000
40001F8000
400003C000
800001E000
800001E000
8000017000
C000033800
E0000E1C00
FFFFFE0FC0
7FFFFC07C0
1FFFF003C0
ENDCHAR
STARTCHAR uniFB9C
ENCODING 64412
SWIDTH 394 0
DWIDTH 14 0
BBX 15 27 -1 5
BITMAP
0100
0388
0938
1CF8
09F0
07C0
0F08
1C78
11F8
03F0
0780
0E00
1800
1C00
1E00
1F00
0F80
07C0
00E0
0070
0038
001C
000C
0006
FFFE
FFFE
FFFE
ENDCHAR
STARTCHAR uniFB9D
ENCODING 64413
SWIDTH 514 0
DWIDTH 19 0
BBX 20 27 -1 5
BITMAP
010000
038400
091C00
1C7C00
09F800
07C000
0F0400
1C3C00
10FC00
03F800
07C000
0E0000
180000
1C0000
1E0000
1F0000
0F8000
07E000
00F000
007800
007800
005C00
00CE00
038700
FF83F0
FF01F0
FC00F0
ENDCHAR
STARTCHAR uni06BA.dup44
ENCODING 64414
SWIDTH 525 0
DWIDTH 19 0
BBX 18 18 1 -3
BITMAP
000080
000080
0001C0
2001C0
4000C0
4000C0
400040
800040
800040
800040
800040
8000C0
8001C0
C00380
F01F80
7FFF00
3FFE00
0FF000
ENDCHAR
STARTCHAR uniFB9F
ENCODING 64415
SWIDTH 525 0
DWIDTH 19 0
BBX 18 18 1 -3
BITMAP
000080
000080
0001C0
2001C0
4000C0
4000C0
400040
800040
800040
800040
800040
8000C0
8001C0
C00380
F01F80
7FFF00
3FFE00
0FF000
ENDCHAR
STARTCHAR uni06BB.dup45
ENCODING 64416
SWIDTH 525 0
DWIDTH 19 0
BBX 18 32 1 -3
BITMAP
020000
038000
018000
010000
008000
008000
009C00
00BE00
00C200
010200
0FFE00
000000
000000
000000
000080
000080
0001C0
2001C0
4000C0
4000C0
400040
800040
800040
800040
800040
8000C0
8001C0
C00380
F01F80
7FFF00
3FFE00
0FF000
ENDCHAR
STARTCHAR uniFBA1
ENCODING 64417
SWIDTH 525 0
DWIDTH 19 0
BBX 18 32 1 -3
BITMAP
020000
038000
018000
010000
008000
008000
009C00
00BE00
00C200
010200
0FFE00
000000
000000
000000
000080
000080
0001C0
2001C0
4000C0
4000C0
400040
800040
800040
800040
800040
8000C0
8001C0
C00380
F01F80
7FFF00
3FFE00
0FF000
ENDCHAR
STARTCHAR uniFB68.dup46
ENCODING 64418
SWIDTH 244 0
DWIDTH 9 0
BBX 11 25 -1 5
BITMAP
2000
3800
1800
1000
0800
0800
09C0
0BE0
0C20
1020
FFE0
0000
0000
0080
0080
01C0
01C0
00C0
0040
0040
0040
0040
FFC0
FFC0
FFC0
ENDCHAR
STARTCHAR uniFB69.dup47
ENCODING 64419
SWIDTH 244 0
DWIDTH 9 0
BBX 11 25 -1 5
BITMAP
2000
3800
1800
1000
0800
0800
09C0
0BE0
0C20
1020
FFE0
0000
0000
0080
0080
01C0
01C0
00C0
0040
0040
0040
0040
FFC0
FFC0
FFC0
ENDCHAR
STARTCHAR uni06C0.dup48
ENCODING 64420
SWIDTH 282 0
DWIDTH 10 0
BBX 8 18 1 5
BITMAP
0C
10
18
0E
30
00
00
20
38
3C
3E
6F
47
C3
C7
FE
FE
7C
ENDCHAR
STARTCHAR uniFBA5
ENCODING 64421
SWIDTH 375 0
DWIDTH 14 0
BBX 14 22 0 5
BITMAP
0C00
1000
1800
0E00
3000
0000
0100
0300
0300
0300
0700
0F80
1D80
3180
6380
FF80
FEC0
7CC0
00C0
00FC
007C
003C
ENDCHAR
STARTCHAR uniFBA6
ENCODING 64422
SWIDTH 282 0
DWIDTH 10 0
BBX 8 11 1 5
BITMAP
20
38
3C
3E
6F
47
C3
C7
FE
FE
7C
ENDCHAR
STARTCHAR uni06C1.dup49
ENCODING 64423
SWIDTH 387 0
DWIDTH 14 0
BBX 14 10 0 2
BITMAP
0380
0FC0
0FE0
18F0
30FC
307C
601C
4000
C000
8000
ENDCHAR
STARTCHAR uniFBA8
ENCODING 64424
SWIDTH 244 0
DWIDTH 9 0
BBX 10 22 -1 -5
BITMAP
0080
0080
01C0
01C0
00C0
0040
0040
0040
0040
FFC0
FFC0
FFC0
0000
0000
0000
0200
0400
0800
0800
0E00
0E00
0600
ENDCHAR
STARTCHAR uniFBA9
ENCODING 64425
SWIDTH 320 0
DWIDTH 12 0
BBX 13 20 -1 -7
BITMAP
0100
0300
0200
0600
0E00
FE38
FAF8
F2F8
03C0
0380
0100
0100
0000
0080
0100
0200
0200
0380
0380
0180
ENDCHAR
STARTCHAR afii57470.dup50
ENCODING 64426
SWIDTH 450 0
DWIDTH 16 0
BBX 15 15 -1 5
BITMAP
0100
0380
03C0
03E0
03E0
07F0
0478
0878
187C
1CEC
1FC6
0FC6
FFFE
FCFC
F81C
ENDCHAR
STARTCHAR afii62828
ENCODING 64427
SWIDTH 375 0
DWIDTH 14 0
BBX 14 16 0 5
BITMAP
0100
0300
0300
0300
0700
0F80
1D80
3180
6380
FF80
FEC0
7CC0
00C0
00FC
007C
003C
ENDCHAR
STARTCHAR afii57470.dup51
ENCODING 64428
SWIDTH 450 0
DWIDTH 16 0
BBX 15 15 -1 5
BITMAP
0100
0380
03C0
03E0
03E0
07F0
0478
0878
187C
1CEC
1FC6
0FC6
FFFE
FCFC
F81C
ENDCHAR
STARTCHAR afii62827
ENCODING 64429
SWIDTH 394 0
DWIDTH 14 0
BBX 15 19 -1 -3
BITMAP
0040
00E0
01E0
0160
0260
0260
04C0
0700
FFFE
FFFE
FFFE
09C0
08E0
0860
0C30
0630
07F0
03F0
00E0
ENDCHAR
STARTCHAR uni06D2.dup52
ENCODING 64430
SWIDTH 812 0
DWIDTH 29 0
BBX 27 14 1 -1
BITMAP
000C0000
001C0000
003E0000
00E60000
01C20000
07C00000
0F800000
3E000000
78000000
60000000
C0000000
FFFFFFE0
FFFFFFC0
FFFFFF00
ENDCHAR
STARTCHAR uniFBAF
ENCODING 64431
SWIDTH 812 0
DWIDTH 29 0
BBX 28 15 1 -7
BITMAP
00007FF0
0007FFF0
003FFFF0
00FF8000
03F80000
07C00000
1E000000
38000000
30000000
60000000
40000000
80000000
FFFFFFE0
FFFFFFC0
FFFFFF00
ENDCHAR
STARTCHAR uni06D3.dup53
ENCODING 64432
SWIDTH 812 0
DWIDTH 29 0
BBX 27 19 1 -1
BITMAP
00400000
01800000
01800000
00E00000
01000000
000C0000
001C0000
003E0000
00E60000
01C20000
07C00000
0F800000
3E000000
78000000
60000000
C0000000
FFFFFFE0
FFFFFFC0
FFFFFF00
ENDCHAR
STARTCHAR uniFBB1
ENCODING 64433
SWIDTH 812 0
DWIDTH 29 0
BBX 28 24 1 -7
BITMAP
00001800
00002000
00002000
00003800
00004000
00000000
00000000
00000000
00000000
00007FF0
0007FFF0
003FFFF0
00FF8000
03F80000
07C00000
1E000000
38000000
30000000
60000000
40000000
80000000
FFFFFFE0
FFFFFFC0
FFFFFF00
ENDCHAR
STARTCHAR uni06AD.dup54
ENCODING 64467
SWIDTH 601 0
DWIDTH 22 0
BBX 21 25 1 5
BITMAP
018000
01C000
03C080
00B0E0
0038F0
0378F0
039070
078060
010460
001C60
003020
004030
00C030
00FE30
00FE30
400630
400630
801C30
87F018
800018
C00018
E00018
FFFFF8
7FFFF8
1FFFF8
ENDCHAR
STARTCHAR uniFBD4
ENCODING 64468
SWIDTH 601 0
DWIDTH 22 0
BBX 21 25 1 5
BITMAP
018000
01C000
03C080
00B0E0
0038F0
0378F0
039070
078060
010460
001C60
003020
004030
00C030
00FE30
00FE30
400630
400630
801C30
87F018
800018
C00018
E00018
FFFFF8
7FFFF8
1FFFF8
ENDCHAR
STARTCHAR uniFBD5
ENCODING 64469
SWIDTH 394 0
DWIDTH 14 0
BBX 15 25 -1 5
BITMAP
0700
06E0
00C0
0E00
0C08
0078
01F8
03F0
0780
0E00
1800
1C00
1E00
1F00
0F80
07C0
00E0
0070
0038
001C
000C
0006
FFFE
FFFE
FFFE
ENDCHAR
STARTCHAR uniFBD6
ENCODING 64470
SWIDTH 394 0
DWIDTH 14 0
BBX 15 25 -1 5
BITMAP
0700
06E0
00C0
0E00
0C08
0078
01F8
03F0
0780
0E00
1800
1C00
1E00
1F00
0F80
07C0
00E0
0070
0038
001C
000C
0006
FFFE
FFFE
FFFE
ENDCHAR
STARTCHAR uni06C7.dup55
ENCODING 64471
SWIDTH 432 0
DWIDTH 16 0
BBX 15 27 1 -3
BITMAP
0018
0028
0038
0018
0018
0020
00C0
0000
0000
0000
001C
003C
003E
0066
0062
0072
007E
003E
001E
0002
0006
000C
001C
0078
C1F0
3FE0
0FC0
ENDCHAR
STARTCHAR uniFBD8
ENCODING 64472
SWIDTH 432 0
DWIDTH 16 0
BBX 15 27 1 -3
BITMAP
0018
0028
0038
0018
0018
0020
00C0
0000
0000
0000
001C
003C
003E
0066
0062
0072
007E
003E
001E
0002
0006
000C
001C
0078
C1F0
3FE0
0FC0
ENDCHAR
STARTCHAR uni06C6.dup56
ENCODING 64473
SWIDTH 432 0
DWIDTH 16 0
BBX 15 24 1 -3
BITMAP
0036
0014
001C
0008
0000
0000
0000
001C
003C
003E
0066
0062
0072
007E
003E
001E
0002
0006
000C
001C
0078
C1F0
3FE0
0FC0
ENDCHAR
STARTCHAR uniFBDA
ENCODING 64474
SWIDTH 432 0
DWIDTH 16 0
BBX 15 24 1 -3
BITMAP
0036
0014
001C
0008
0000
0000
0000
001C
003C
003E
0066
0062
0072
007E
003E
001E
0002
0006
000C
001C
0078
C1F0
3FE0
0FC0
ENDCHAR
STARTCHAR uni06C8.dup57
ENCODING 64475
SWIDTH 432 0
DWIDTH 16 0
BBX 15 29 1 -3
BITMAP
0010
0010
0018
0018
0008
0008
0008
0008
0000
0000
0000
0000
001C
003C
003E
0066
0062
0072
007E
003E
001E
0002
0006
000C
001C
0078
C1F0
3FE0
0FC0
ENDCHAR
STARTCHAR uniFBDC
ENCODING 64476
SWIDTH 432 0
DWIDTH 16 0
BBX 15 29 1 -3
BITMAP
0010
0010
0018
0018
0008
0008
0008
0008
0000
0000
0000
0000
001C
003C
003E
0066
0062
0072
007E
003E
001E
0002
0006
000C
001C
0078
C1F0
3FE0
0FC0
ENDCHAR
STARTCHAR uni0677.dup58
ENCODING 64477
SWIDTH 432 0
DWIDTH 16 0
BBX 16 25 1 -3
BITMAP
00C3
00E4
00C6
00C3
00AC
0100
0600
0000
001C
003C
003E
0066
0062
0072
007E
003E
001E
0002
0006
000C
001C
0078
C1F0
3FE0
0FC0
ENDCHAR
STARTCHAR uni06CB.dup59
ENCODING 64478
SWIDTH 432 0
DWIDTH 16 0
BBX 15 28 1 -3
BITMAP
0040
0070
00F0
0028
000E
009E
00E4
01E0
0040
0000
0000
001C
003C
003E
0066
0062
0072
007E
003E
001E
0002
0006
000C
001C
0078
C1F0
3FE0
0FC0
ENDCHAR
STARTCHAR uniFBDF
ENCODING 64479
SWIDTH 432 0
DWIDTH 16 0
BBX 15 28 1 -3
BITMAP
0040
0070
00F0
0028
000E
009E
00E4
01E0
0040
0000
0000
001C
003C
003E
0066
0062
0072
007E
003E
001E
0002
0006
000C
001C
0078
C1F0
3FE0
0FC0
ENDCHAR
STARTCHAR uni06C5.dup60
ENCODING 64480
SWIDTH 432 0
DWIDTH 16 0
BBX 15 17 1 -3
BITMAP
001C
003C
003E
0066
0062
0072
007E
003E
001E
0386
04FE
001C
003C
0078
C1F0
3FE0
0FC0
ENDCHAR
STARTCHAR uniFBE1
ENCODING 64481
SWIDTH 432 0
DWIDTH 16 0
BBX 15 17 1 -3
BITMAP
001C
003C
003E
0066
0062
0072
007E
003E
001E
0386
04FE
001C
003C
0078
C1F0
3FE0
0FC0
ENDCHAR
STARTCHAR uni06C9.dup61
ENCODING 64482
SWIDTH 432 0
DWIDTH 16 0
BBX 15 24 1 -3
BITMAP
0008
001C
0014
0036
0000
0000
0000
001C
003C
003E
0066
0062
0072
007E
003E
001E
0002
0006
000C
001C
0078
C1F0
3FE0
0FC0
ENDCHAR
STARTCHAR uniFBE3
ENCODING 64483
SWIDTH 432 0
DWIDTH 16 0
BBX 15 24 1 -3
BITMAP
0008
001C
0014
0036
0000
0000
0000
001C
003C
003E
0066
0062
0072
007E
003E
001E
0002
0006
000C
001C
0078
C1F0
3FE0
0FC0
ENDCHAR
STARTCHAR uni06D0.dup62
ENCODING 64484
SWIDTH 638 0
DWIDTH 23 0
BBX 21 24 1 -7
BITMAP
000070
0001F8
0003F8
000718
000408
200800
400800
401000
401000
801FF0
801FF0
800FF0
800030
800060
C003E0
F01FC0
7FFF80
7FFE00
1FF000
000000
00C000
01C000
00C000
01C000
ENDCHAR
STARTCHAR uniFBE5
ENCODING 64485
SWIDTH 588 0
DWIDTH 21 0
BBX 20 17 1 -8
BITMAP
200000
4003F0
400FF0
801FF0
802000
803F80
803FC0
C03FC0
E00040
F80180
7FFF80
3FFF00
0FF800
00E000
00C000
00E000
00C000
ENDCHAR
STARTCHAR uniFBE6
ENCODING 64486
SWIDTH 244 0
DWIDTH 9 0
BBX 10 23 -1 -6
BITMAP
0080
0080
01C0
01C0
00C0
0040
0040
0040
0040
FFC0
FFC0
FFC0
0000
0000
0000
0800
0E00
1E00
0400
0400
0700
0F00
0200
ENDCHAR
STARTCHAR uniFBE7
ENCODING 64487
SWIDTH 244 0
DWIDTH 9 0
BBX 10 23 -1 -6
BITMAP
0080
0080
01C0
01C0
00C0
0040
0040
0040
0040
FFC0
FFC0
FFC0
0000
0000
0000
0800
0E00
1E00
0400
0400
0700
0F00
0200
ENDCHAR
STARTCHAR afii57555.dup63
ENCODING 64508
SWIDTH 638 0
DWIDTH 23 0
BBX 21 19 1 -2
BITMAP
000070
0001F8
0003F8
000718
000408
200800
400800
401000
401000
801FF0
801FF0
800FF0
800030
800060
C003E0
F01FC0
7FFF80
7FFE00
1FF000
ENDCHAR
STARTCHAR afii52364
ENCODING 64509
SWIDTH 588 0
DWIDTH 21 0
BBX 20 13 1 -4
BITMAP
200000
4003F0
400FF0
801FF0
802000
803F80
803FC0
C03FC0
E00040
F80180
7FFF80
3FFF00
0FF800
ENDCHAR
STARTCHAR afii62831
ENCODING 64510
SWIDTH 244 0
DWIDTH 9 0
BBX 10 20 -1 -3
BITMAP
0080
0080
01C0
01C0
00C0
0040
0040
0040
0040
FFC0
FFC0
FFC0
0000
0000
0100
03C0
1380
3C80
3800
0800
ENDCHAR
STARTCHAR afii62832
ENCODING 64511
SWIDTH 244 0
DWIDTH 9 0
BBX 10 20 -1 -3
BITMAP
0080
0080
01C0
01C0
00C0
0040
0040
0040
0040
FFC0
FFC0
FFC0
0000
0000
0100
03C0
1380
3C80
3800
0800
ENDCHAR
STARTCHAR afii62882
ENCODING 64606
SWIDTH 226 0
DWIDTH 8 0
BBX 8 10 0 22
BITMAP
06
0A
EA
2C
2A
70
09
49
5F
70
ENDCHAR
STARTCHAR afii62883
ENCODING 64607
SWIDTH 211 0
DWIDTH 8 0
BBX 7 9 1 22
BITMAP
02
12
96
BC
E4
38
C4
38
C0
ENDCHAR
STARTCHAR afii62884
ENCODING 64608
SWIDTH 211 0
DWIDTH 8 0
BBX 7 7 1 22
BITMAP
04
38
C0
12
92
BE
E0
ENDCHAR
STARTCHAR afii62885
ENCODING 64609
SWIDTH 211 0
DWIDTH 8 0
BBX 7 10 1 22
BITMAP
0C
14
14
1C
1C
62
12
96
BC
E0
ENDCHAR
STARTCHAR afii62886
ENCODING 64610
SWIDTH 211 0
DWIDTH 8 0
BBX 7 7 1 22
BITMAP
12
92
BE
E0
04
38
C0
ENDCHAR
STARTCHAR afii64060
ENCODING 64830
SWIDTH 318 0
DWIDTH 11 0
BBX 8 35 2 -7
BITMAP
01
03
06
0E
0C
1C
3C
38
38
78
78
70
F0
F0
F0
F0
F0
F0
F0
F0
F0
F0
F0
70
78
78
38
38
3C
1C
0C
0E
06
03
01
ENDCHAR
STARTCHAR afii64061
ENCODING 64831
SWIDTH 318 0
DWIDTH 11 0
BBX 7 35 2 -7
BITMAP
80
C0
E0
60
70
70
38
38
3C
1C
1E
1E
1E
1E
1E
1E
1E
1E
1E
1E
1E
1E
1E
1E
1E
1C
3C
38
38
38
70
60
E0
C0
80
ENDCHAR
STARTCHAR afii64184
ENCODING 65010
SWIDTH 616 0
DWIDTH 22 0
BBX 22 22 0 5
BITMAP
006000
003000
001800
000800
000080
000480
002F00
003800
000208
000618
008618
018618
018618
018218
03830C
07C30C
1CC30C
30C30C
61E38C
FF7FFC
FE7EFC
7C3C3C
ENDCHAR
STARTCHAR afii52399
ENCODING 65152
SWIDTH 412 0
DWIDTH 15 0
BBX 11 13 2 2
BITMAP
0E00
1F00
3F00
6200
4000
C060
F3E0
FFC0
7F80
3C00
3800
2000
4000
ENDCHAR
STARTCHAR afii52400.dup64
ENCODING 65153
SWIDTH 207 0
DWIDTH 7 0
BBX 7 24 0 5
BITMAP
E2
9C
00
08
18
18
18
18
18
18
18
18
1C
1C
1C
0C
0C
0C
0C
0C
0C
0C
08
08
ENDCHAR
STARTCHAR afii62753
ENCODING 65154
SWIDTH 229 0
DWIDTH 8 0
BBX 9 24 -1 5
BITMAP
E200
9C00
0000
1000
3000
7000
7000
3800
3800
1800
1800
1800
1800
1800
1800
1800
1800
1800
1800
1800
0C00
0F80
0F80
0780
ENDCHAR
STARTCHAR afii57411.dup65
ENCODING 65155
SWIDTH 207 0
DWIDTH 7 0
BBX 5 27 1 5
BITMAP
30
40
60
30
C0
00
10
30
30
30
30
30
30
30
30
38
38
38
18
18
18
18
18
18
18
10
10
ENDCHAR
STARTCHAR afii62754
ENCODING 65156
SWIDTH 229 0
DWIDTH 8 0
BBX 8 27 0 5
BITMAP
30
40
60
30
C0
00
20
60
E0
E0
70
70
30
30
30
30
30
30
30
30
30
30
30
18
1F
1F
0F
ENDCHAR
STARTCHAR afii57412.dup66
ENCODING 65157
SWIDTH 432 0
DWIDTH 16 0
BBX 15 23 1 -3
BITMAP
0180
0200
0300
0180
0600
0000
001C
003C
003E
0066
0062
0072
007E
003E
001E
0002
0006
000C
001C
0078
C1F0
3FE0
0FC0
ENDCHAR
STARTCHAR afii62755
ENCODING 65158
SWIDTH 432 0
DWIDTH 16 0
BBX 15 23 1 -3
BITMAP
0180
0200
0300
0180
0600
0000
001C
003C
003E
0066
0062
0072
007E
003E
001E
0002
0006
000C
001C
0078
C1F0
3FE0
0FC0
ENDCHAR
STARTCHAR afii57413.dup67
ENCODING 65159
SWIDTH 207 0
DWIDTH 7 0
BBX 6 29 0 -3
BITMAP
08
18
18
18
18
18
18
18
18
1C
1C
1C
0C
0C
0C
0C
0C
0C
0C
08
08
00
00
00
30
40
60
30
C0
ENDCHAR
STARTCHAR afii62756
ENCODING 65160
SWIDTH 229 0
DWIDTH 8 0
BBX 9 30 -1 -4
BITMAP
1000
3000
7000
7000
3800
3800
1800
1800
1800
1800
1800
1800
1800
1800
1800
1800
1800
0C00
0F80
0F80
0780
0000
0000
0000
0000
3000
4000
6000
3000
C000
ENDCHAR
STARTCHAR afii57414.dup68
ENCODING 65161
SWIDTH 638 0
DWIDTH 23 0
BBX 21 21 1 -2
BITMAP
300000
400000
600070
3001F8
C003F8
000718
000408
200800
400800
401000
401000
801FF0
801FF0
800FF0
800030
800060
C003E0
F01FC0
7FFF80
7FFE00
1FF000
ENDCHAR
STARTCHAR afii62759
ENCODING 65162
SWIDTH 588 0
DWIDTH 21 0
BBX 21 21 0 -4
BITMAP
300000
400000
600000
300000
C00000
000000
000000
000000
100000
2001F8
2007F8
400FF8
401000
401FC0
401FE0
601FE0
700020
7C00C0
3FFFC0
1FFF80
07FC00
ENDCHAR
STARTCHAR afii62757
ENCODING 65163
SWIDTH 244 0
DWIDTH 9 0
BBX 10 19 -1 5
BITMAP
0600
0800
0C00
0600
1800
0000
0000
0080
0080
01C0
01C0
00C0
0040
0040
0040
0040
FFC0
FFC0
FFC0
ENDCHAR
STARTCHAR afii62758
ENCODING 65164
SWIDTH 244 0
DWIDTH 9 0
BBX 10 19 -1 5
BITMAP
0600
0800
0C00
0600
1800
0000
0000
0080
0080
01C0
01C0
00C0
0040
0040
0040
0040
FFC0
FFC0
FFC0
ENDCHAR
STARTCHAR afii57415.dup69
ENCODING 65165
SWIDTH 207 0
DWIDTH 7 0
BBX 3 21 3 5
BITMAP
40
C0
C0
C0
C0
C0
C0
C0
C0
E0
E0
E0
60
60
60
60
60
60
60
40
40
ENDCHAR
STARTCHAR afii62760
ENCODING 65166
SWIDTH 229 0
DWIDTH 8 0
BBX 8 21 0 5
BITMAP
20
60
E0
E0
70
70
30
30
30
30
30
30
30
30
30
30
30
18
1F
1F
0F
ENDCHAR
STARTCHAR afii57416.dup70
ENCODING 65167
SWIDTH 713 0
DWIDTH 26 0
BBX 25 19 1 -2
BITMAP
40000100
40000100
80000380
80000180
80000180
80000080
C0000080
E0000080
F8000080
7FFFFF80
3FFFFF80
0FFFFF80
00000000
00000000
00000000
00080000
001E0000
001C0000
00040000
ENDCHAR
STARTCHAR afii62763
ENCODING 65168
SWIDTH 713 0
DWIDTH 26 0
BBX 25 19 1 -2
BITMAP
40000100
40000100
80000380
80000180
80000180
80000080
C0000080
E0000080
F8000080
7FFFFF80
3FFFFF80
0FFFFF80
00000000
00000000
00000000
00080000
001E0000
001C0000
00040000
ENDCHAR
STARTCHAR afii62761
ENCODING 65169
SWIDTH 244 0
DWIDTH 9 0
BBX 10 19 -1 -2
BITMAP
0080
0080
01C0
01C0
00C0
0040
0040
0040
0040
FFC0
FFC0
FFC0
0000
0000
0000
0400
0F00
0E00
0200
ENDCHAR
STARTCHAR afii62762
ENCODING 65170
SWIDTH 244 0
DWIDTH 9 0
BBX 10 19 -1 -2
BITMAP
0080
0080
01C0
01C0
00C0
0040
0040
0040
0040
FFC0
FFC0
FFC0
0000
0000
0000
0400
0F00
0E00
0200
ENDCHAR
STARTCHAR afii57417.dup71
ENCODING 65171
SWIDTH 282 0
DWIDTH 10 0
BBX 10 19 0 5
BITMAP
0400
0F00
4E00
F200
E000
2000
0000
0000
1800
1E00
1F00
1F80
33C0
21C0
60C0
61C0
7F80
7F80
3E00
ENDCHAR
STARTCHAR afii62764
ENCODING 65172
SWIDTH 375 0
DWIDTH 14 0
BBX 14 23 0 5
BITMAP
0200
0780
2700
7900
7000
1000
0000
0100
0300
0300
0300
0700
0F80
1D80
3180
6380
FF80
FEC0
7CC0
00C0
00FC
007C
003C
ENDCHAR
STARTCHAR afii57418.dup72
ENCODING 65173
SWIDTH 713 0
DWIDTH 26 0
BBX 25 18 1 5
BITMAP
00020000
00078000
00270000
00790000
00700000
00100000
40000100
40000100
80000380
80000180
80000180
80000080
C0000080
E0000080
F8000080
7FFFFF80
3FFFFF80
0FFFFF80
ENDCHAR
STARTCHAR afii62767
ENCODING 65174
SWIDTH 713 0
DWIDTH 26 0
BBX 25 18 1 5
BITMAP
00020000
00078000
00270000
00790000
00700000
00100000
40000100
40000100
80000380
80000180
80000180
80000080
C0000080
E0000080
F8000080
7FFFFF80
3FFFFF80
0FFFFF80
ENDCHAR
STARTCHAR afii62765
ENCODING 65175
SWIDTH 244 0
DWIDTH 9 0
BBX 10 20 -1 5
BITMAP
0100
03C0
1380
3C80
3800
0800
0000
0000
0080
0080
01C0
01C0
00C0
0040
0040
0040
0040
FFC0
FFC0
FFC0
ENDCHAR
STARTCHAR afii62766
ENCODING 65176
SWIDTH 244 0
DWIDTH 9 0
BBX 10 20 -1 5
BITMAP
0100
03C0
1380
3C80
3800
0800
0000
0000
0080
0080
01C0
01C0
00C0
0040
0040
0040
0040
FFC0
FFC0
FFC0
ENDCHAR
STARTCHAR afii57419.dup73
ENCODING 65177
SWIDTH 713 0
DWIDTH 26 0
BBX 25 21 1 5
BITMAP
00100000
003C0000
00380000
000A0000
00078000
00270000
00790000
00700000
00100000
40000100
40000100
80000380
80000180
80000180
80000080
C0000080
E0000080
F8000080
7FFFFF80
3FFFFF80
0FFFFF80
ENDCHAR
STARTCHAR afii62770
ENCODING 65178
SWIDTH 713 0
DWIDTH 26 0
BBX 25 21 1 5
BITMAP
00100000
003C0000
00380000
000A0000
00078000
00270000
00790000
00700000
00100000
40000100
40000100
80000380
80000180
80000180
80000080
C0000080
E0000080
F8000080
7FFFFF80
3FFFFF80
0FFFFF80
ENDCHAR
STARTCHAR afii62768
ENCODING 65179
SWIDTH 244 0
DWIDTH 9 0
BBX 10 23 -1 5
BITMAP
0800
1E00
1C00
0500
03C0
1380
3C80
3800
0800
0000
0000
0080
0080
01C0
01C0
00C0
0040
0040
0040
0040
FFC0
FFC0
FFC0
ENDCHAR
STARTCHAR afii62769
ENCODING 65180
SWIDTH 244 0
DWIDTH 9 0
BBX 10 23 -1 5
BITMAP
0800
1E00
1C00
0500
03C0
1380
3C80
3800
0800
0000
0000
0080
0080
01C0
01C0
00C0
0040
0040
0040
0040
FFC0
FFC0
FFC0
ENDCHAR
STARTCHAR afii57420.dup74
ENCODING 65181
SWIDTH 562 0
DWIDTH 20 0
BBX 18 22 1 -7
BITMAP
0FFF80
3FFF80
7FFF00
41FC00
07C000
0E0000
180000
200000
400000
402000
807800
807000
801000
800000
C00000
C00000
E00000
780000
3F8000
1FFFC0
0FFF00
01FE00
ENDCHAR
STARTCHAR afii62773
ENCODING 65182
SWIDTH 525 0
DWIDTH 19 0
BBX 18 22 1 -7
BITMAP
1FFF80
7FFF80
FFFF00
80FC00
03C800
0E0800
180C00
200FC0
400FC0
4007C0
804000
807000
80E000
802000
C00000
C00000
600000
780000
3F8000
1FFFC0
0FFF00
01FE00
ENDCHAR
STARTCHAR afii62771
ENCODING 65183
SWIDTH 529 0
DWIDTH 19 0
BBX 20 16 -1 -1
BITMAP
03C000
07F000
0FF800
00FE00
003F00
000F80
0007C0
FFFFF0
FFFFF0
FFFFF0
000000
000000
008000
00E000
01E000
004000
ENDCHAR
STARTCHAR afii62772
ENCODING 65184
SWIDTH 529 0
DWIDTH 19 0
BBX 20 16 -1 -1
BITMAP
03C000
07F000
0FF800
00FE00
003F00
000F80
0007C0
FFFFF0
FFFFF0
FFFFF0
000000
000000
008000
00E000
01E000
004000
ENDCHAR
STARTCHAR afii57421.dup75
ENCODING 65185
SWIDTH 562 0
DWIDTH 20 0
BBX 18 22 1 -7
BITMAP
0FFF80
3FFF80
7FFF00
41FC00
07C000
0E0000
180000
200000
400000
400000
800000
800000
800000
800000
C00000
C00000
E00000
780000
3F8000
1FFFC0
0FFF00
01FE00
ENDCHAR
STARTCHAR afii62776
ENCODING 65186
SWIDTH 525 0
DWIDTH 19 0
BBX 18 22 1 -7
BITMAP
1FFF80
7FFF80
FFFF00
80FC00
03C800
0E0800
180C00
200FC0
400FC0
4007C0
800000
800000
800000
800000
C00000
C00000
600000
780000
3F8000
1FFFC0
0FFF00
01FE00
ENDCHAR
STARTCHAR afii62774
ENCODING 65187
SWIDTH 529 0
DWIDTH 19 0
BBX 20 10 -1 5
BITMAP
03C000
07F000
0FF800
00FE00
003F00
000F80
0007C0
FFFFF0
FFFFF0
FFFFF0
ENDCHAR
STARTCHAR afii62775
ENCODING 65188
SWIDTH 529 0
DWIDTH 19 0
BBX 20 10 -1 5
BITMAP
03C000
07F000
0FF800
00FE00
003F00
000F80
0007C0
FFFFF0
FFFFF0
FFFFF0
ENDCHAR
STARTCHAR afii57422.dup76
ENCODING 65189
SWIDTH 562 0
DWIDTH 20 0
BBX 18 29 1 -7
BITMAP
008000
01E000
01C000
004000
000000
000000
000000
0FFF80
3FFF80
7FFF00
41FC00
07C000
0E0000
180000
200000
400000
400000
800000
800000
800000
800000
C00000
C00000
E00000
780000
3F8000
1FFFC0
0FFF00
01FE00
ENDCHAR
STARTCHAR afii62779
ENCODING 65190
SWIDTH 525 0
DWIDTH 19 0
BBX 18 30 1 -7
BITMAP
008000
01E000
01C000
004000
000000
000000
000000
000000
1FFF80
7FFF80
FFFF00
80FC00
03C800
0E0800
180C00
200FC0
400FC0
4007C0
800000
800000
800000
800000
C00000
C00000
600000
780000
3F8000
1FFFC0
0FFF00
01FE00
ENDCHAR
STARTCHAR afii62777
ENCODING 65191
SWIDTH 529 0
DWIDTH 19 0
BBX 20 18 -1 5
BITMAP
004000
00F000
00E000
002000
000000
000000
000000
000000
03C000
07F000
0FF800
00FE00
003F00
000F80
0007C0
FFFFF0
FFFFF0
FFFFF0
ENDCHAR
STARTCHAR afii62778
ENCODING 65192
SWIDTH 529 0
DWIDTH 19 0
BBX 20 18 -1 5
BITMAP
004000
00F000
00E000
002000
000000
000000
000000
000000
03C000
07F000
0FF800
00FE00
003F00
000F80
0007C0
FFFFF0
FFFFF0
FFFFF0
ENDCHAR
STARTCHAR afii57423.dup77
ENCODING 65193
SWIDTH 337 0
DWIDTH 12 0
BBX 10 14 2 5
BITMAP
0400
0600
0700
0380
0180
0080
00C0
0040
0040
0040
8040
FFC0
FFC0
FFC0
ENDCHAR
STARTCHAR afii62780
ENCODING 65194
SWIDTH 337 0
DWIDTH 12 0
BBX 10 14 2 5
BITMAP
0400
0600
0700
0380
0180
0080
00C0
0040
0040
0040
8040
FFC0
FFC0
FFC0
ENDCHAR
STARTCHAR afii57424.dup78
ENCODING 65195
SWIDTH 337 0
DWIDTH 12 0
BBX 10 21 2 5
BITMAP
2000
7800
7000
1000
0000
0000
0000
0400
0600
0700
0380
0180
0080
00C0
0040
0040
0040
8040
FFC0
FFC0
FFC0
ENDCHAR
STARTCHAR afii62781
ENCODING 65196
SWIDTH 337 0
DWIDTH 12 0
BBX 10 21 2 5
BITMAP
2000
7800
7000
1000
0000
0000
0000
0400
0600
0700
0380
0180
0080
00C0
0040
0040
0040
8040
FFC0
FFC0
FFC0
ENDCHAR
STARTCHAR afii57425.dup79
ENCODING 65197
SWIDTH 488 0
DWIDTH 18 0
BBX 17 18 1 -3
BITMAP
000200
000300
000700
000380
000380
000180
000080
000080
000080
000080
000180
000380
000700
000F00
001E00
C0F800
3FF000
07C000
ENDCHAR
STARTCHAR afii62782
ENCODING 65198
SWIDTH 488 0
DWIDTH 18 0
BBX 17 18 1 -3
BITMAP
000200
000300
000700
000380
000380
000180
000080
000080
000080
000080
000180
000380
000700
000F00
001E00
C0F800
3FF000
07C000
ENDCHAR
STARTCHAR afii57426.dup80
ENCODING 65199
SWIDTH 488 0
DWIDTH 18 0
BBX 17 26 1 -3
BITMAP
001000
003C00
003800
000800
000000
000000
000000
000000
000200
000300
000700
000380
000380
000180
000080
000080
000080
000080
000180
000380
000700
000F00
001E00
C0F800
3FF000
07C000
ENDCHAR
STARTCHAR afii62783
ENCODING 65200
SWIDTH 488 0
DWIDTH 18 0
BBX 17 26 1 -3
BITMAP
001000
003C00
003800
000800
000000
000000
000000
000000
000200
000300
000700
000380
000380
000180
000080
000080
000080
000080
000180
000380
000700
000F00
001E00
C0F800
3FF000
07C000
ENDCHAR
STARTCHAR afii57427.dup81
ENCODING 65201
SWIDTH 821 0
DWIDTH 30 0
BBX 29 18 1 -3
BITMAP
00008010
00008130
0001C138
2001C118
4000C108
4000C188
40004388
80007FF8
80007FF8
80007E78
80004000
8000C000
8001C000
C0038000
F01F0000
7FFE0000
3FFC0000
0FF00000
ENDCHAR
STARTCHAR afii62786
ENCODING 65202
SWIDTH 821 0
DWIDTH 30 0
BBX 29 18 1 -3
BITMAP
00008010
00008130
0001C138
2001C118
4000C108
4000C188
40004388
80007FF8
80007FF8
80007E78
80004000
8000C000
8001C000
C0038000
F01F0000
7FFE0000
3FFC0000
0FF00000
ENDCHAR
STARTCHAR afii62784
ENCODING 65203
SWIDTH 530 0
DWIDTH 19 0
BBX 20 10 -1 5
BITMAP
000020
020260
020270
020230
030210
030310
078710
FFFFF0
FFFFF0
FCFCF0
ENDCHAR
STARTCHAR afii62785
ENCODING 65204
SWIDTH 530 0
DWIDTH 19 0
BBX 20 10 -1 5
BITMAP
000020
020260
020270
020230
030210
030310
078710
FFFFF0
FFFFF0
FCFCF0
ENDCHAR
STARTCHAR afii57428.dup82
ENCODING 65205
SWIDTH 821 0
DWIDTH 30 0
BBX 29 29 1 -3
BITMAP
00000400
00000F00
00000E00
00000280
000001E0
000009C0
00001E40
00001C00
00000400
00000000
00000000
00008010
00008130
0001C138
2001C118
4000C108
4000C188
40004388
80007FF8
80007FF8
80007E78
80004000
8000C000
8001C000
C0038000
F01F0000
7FFE0000
3FFC0000
0FF00000
ENDCHAR
STARTCHAR afii62789
ENCODING 65206
SWIDTH 821 0
DWIDTH 30 0
BBX 29 29 1 -3
BITMAP
00000400
00000F00
00000E00
00000280
000001E0
000009C0
00001E40
00001C00
00000400
00000000
00000000
00008010
00008130
0001C138
2001C118
4000C108
4000C188
40004388
80007FF8
80007FF8
80007E78
80004000
8000C000
8001C000
C0038000
F01F0000
7FFE0000
3FFC0000
0FF00000
ENDCHAR
STARTCHAR afii62787
ENCODING 65207
SWIDTH 530 0
DWIDTH 19 0
BBX 20 22 -1 5
BITMAP
000800
001E00
001C00
000500
0003C0
001380
003C80
003800
000800
000000
000000
000000
000020
020260
020270
020230
030210
030310
078710
FFFFF0
FFFFF0
FCFCF0
ENDCHAR
STARTCHAR afii62788
ENCODING 65208
SWIDTH 530 0
DWIDTH 19 0
BBX 20 22 -1 5
BITMAP
000800
001E00
001C00
000500
0003C0
001380
003C80
003800
000800
000000
000000
000000
000020
020260
020270
020230
030210
030310
078710
FFFFF0
FFFFF0
FCFCF0
ENDCHAR
STARTCHAR afii57429.dup83
ENCODING 65209
SWIDTH 1098 0
DWIDTH 40 0
BBX 39 18 1 -3
BITMAP
00008001F8
00008007FC
0001C00FFC
2001C01C1E
4000C0700E
4000C0E00E
400043801E
80007FFFFE
80007FFFFE
80007FFFFE
8000400000
8000C00000
8001800000
C003800000
F01F000000
7FFF000000
3FFC000000
0FF0000000
ENDCHAR
STARTCHAR afii62792
ENCODING 65210
SWIDTH 1098 0
DWIDTH 40 0
BBX 39 18 1 -3
BITMAP
00008001F8
00008007FC
0001C00FFC
2001C01C1E
4000C0700E
4000C0E00E
400043801E
80007FFFFE
80007FFFFE
80007FFFFE
8000400000
8000C00000
8001800000
C003800000
F01F000000
7FFF000000
3FFC000000
0FF0000000
ENDCHAR
STARTCHAR afii62790
ENCODING 65211
SWIDTH 846 0
DWIDTH 30 0
BBX 31 9 -1 5
BITMAP
000001F8
020007FC
02000FFE
02003C1E
0300F00E
0383801E
FFFFFFFE
FFFFFFFE
FCFFFFFE
ENDCHAR
STARTCHAR afii62791
ENCODING 65212
SWIDTH 846 0
DWIDTH 30 0
BBX 31 9 -1 5
BITMAP
000001F8
020007FC
02000FFE
02003C1E
0300F00E
0383801E
FFFFFFFE
FFFFFFFE
FCFFFFFE
ENDCHAR
STARTCHAR afii57430.dup84
ENCODING 65213
SWIDTH 1098 0
DWIDTH 40 0
BBX 39 24 1 -3
BITMAP
0000008000
000001E000
000001C000
0000004000
0000000000
0000000000
00008001F8
00008007FC
0001C00FFC
2001C01C1E
4000C0700E
4000C0E00E
400043801E
80007FFFFE
80007FFFFE
80007FFFFE
8000400000
8000C00000
8001800000
C003800000
F01F000000
7FFF000000
3FFC000000
0FF0000000
ENDCHAR
STARTCHAR afii62795
ENCODING 65214
SWIDTH 1098 0
DWIDTH 40 0
BBX 39 24 1 -3
BITMAP
0000008000
000001E000
000001C000
0000004000
0000000000
0000000000
00008001F8
00008007FC
0001C00FFC
2001C01C1E
4000C0700E
4000C0E00E
400043801E
80007FFFFE
80007FFFFE
80007FFFFE
8000400000
8000C00000
8001800000
C003800000
F01F000000
7FFF000000
3FFC000000
0FF0000000
ENDCHAR
STARTCHAR afii62793
ENCODING 65215
SWIDTH 846 0
DWIDTH 30 0
BBX 31 16 -1 5
BITMAP
00004000
0000F000
0000E000
00002000
00000000
00000000
00000000
000001F8
020007FC
02000FFE
02003C1E
0300F00E
0383801E
FFFFFFFE
FFFFFFFE
FCFFFFFE
ENDCHAR
STARTCHAR afii62794
ENCODING 65216
SWIDTH 846 0
DWIDTH 30 0
BBX 31 16 -1 5
BITMAP
00004000
0000F000
0000E000
00002000
00000000
00000000
00000000
000001F8
020007FC
02000FFE
02003C1E
0300F00E
0383801E
FFFFFFFE
FFFFFFFE
FCFFFFFE
ENDCHAR
STARTCHAR afii57431.dup85
ENCODING 65217
SWIDTH 581 0
DWIDTH 21 0
BBX 22 23 -1 5
BITMAP
040000
060000
078000
078000
038000
030000
018000
018000
018000
01C000
00C000
00C000
00C000
00C000
00C1F0
00CFF8
00BFFC
00F83C
01C01C
07003C
FFFFFC
FFFFFC
FFFFFC
ENDCHAR
STARTCHAR afii62798
ENCODING 65218
SWIDTH 581 0
DWIDTH 21 0
BBX 22 23 -1 5
BITMAP
040000
060000
078000
078000
038000
030000
018000
018000
018000
01C000
00C000
00C000
00C000
00C000
00C1F0
00CFF8
00BFFC
00F83C
01C01C
07003C
FFFFFC
FFFFFC
FFFFFC
ENDCHAR
STARTCHAR afii62796
ENCODING 65219
SWIDTH 581 0
DWIDTH 21 0
BBX 22 23 -1 5
BITMAP
040000
060000
078000
078000
038000
030000
018000
018000
018000
01C000
00C000
00C000
00C000
00C000
00C1F0
00CFF8
00BFFC
00F83C
01C01C
07003C
FFFFFC
FFFFFC
FFFFFC
ENDCHAR
STARTCHAR afii62797
ENCODING 65220
SWIDTH 581 0
DWIDTH 21 0
BBX 22 23 -1 5
BITMAP
040000
060000
078000
078000
038000
030000
018000
018000
018000
01C000
00C000
00C000
00C000
00C000
00C1F0
00CFF8
00BFFC
00F83C
01C01C
07003C
FFFFFC
FFFFFC
FFFFFC
ENDCHAR
STARTCHAR afii57432.dup86
ENCODING 65221
SWIDTH 581 0
DWIDTH 21 0
BBX 22 23 -1 5
BITMAP
040000
060000
078000
078000
038000
030000
018200
018780
018700
01C100
00C000
00C000
00C000
00C000
00C1F0
00CFF8
00BFFC
00F83C
01C01C
07003C
FFFFFC
FFFFFC
FFFFFC
ENDCHAR
STARTCHAR afii62801
ENCODING 65222
SWIDTH 581 0
DWIDTH 21 0
BBX 22 23 -1 5
BITMAP
040000
060000
078000
078000
038000
030000
018200
018780
018700
01C100
00C000
00C000
00C000
00C000
00C1F0
00CFF8
00BFFC
00F83C
01C01C
07003C
FFFFFC
FFFFFC
FFFFFC
ENDCHAR
STARTCHAR afii62799
ENCODING 65223
SWIDTH 581 0
DWIDTH 21 0
BBX 22 23 -1 5
BITMAP
040000
060000
078000
078000
038000
030000
018200
018780
018700
01C100
00C000
00C000
00C000
00C000
00C1F0
00CFF8
00BFFC
00F83C
01C01C
07003C
FFFFFC
FFFFFC
FFFFFC
ENDCHAR
STARTCHAR afii62800
ENCODING 65224
SWIDTH 581 0
DWIDTH 21 0
BBX 22 23 -1 5
BITMAP
040000
060000
078000
078000
038000
030000
018200
018780
018700
01C100
00C000
00C000
00C000
00C000
00C1F0
00CFF8
00BFFC
00F83C
01C01C
07003C
FFFFFC
FFFFFC
FFFFFC
ENDCHAR
STARTCHAR afii57433.dup87
ENCODING 65225
SWIDTH 543 0
DWIDTH 20 0
BBX 17 28 1 -7
BITMAP
0F0000
3F8000
7FE000
780000
C00000
800000
800600
C03E00
F8FC00
7FF800
7FC000
1F0000
1C0000
380000
600000
400000
400000
800000
800000
800000
800000
C00000
C00000
700000
7E0000
3FFF80
0FFF00
03FC00
ENDCHAR
STARTCHAR afii62804
ENCODING 65226
SWIDTH 450 0
DWIDTH 16 0
BBX 16 22 1 -7
BITMAP
0780
0FE0
1FE0
13E0
03C0
07C0
0FF0
1CFE
307E
603E
4000
8000
8000
8000
8000
C000
E000
7800
7F00
3FFF
0FFC
03F8
ENDCHAR
STARTCHAR afii62802
ENCODING 65227
SWIDTH 525 0
DWIDTH 19 0
BBX 18 12 -1 5
BITMAP
03F000
07F800
0FFC00
1E0600
180000
180000
180000
1C00C0
0E1F80
FFFF80
FFFE00
FFC000
ENDCHAR
STARTCHAR afii62803
ENCODING 65228
SWIDTH 394 0
DWIDTH 14 0
BBX 15 10 -1 5
BITMAP
07E0
0FF0
0FF0
0BF0
01E0
01C0
07E0
FFFE
FE7E
F83E
ENDCHAR
STARTCHAR afii57434.dup88
ENCODING 65229
SWIDTH 543 0
DWIDTH 20 0
BBX 17 35 1 -7
BITMAP
040000
070000
0E0000
020000
000000
000000
000000
0F0000
3F8000
7FE000
780000
C00000
800000
800600
C03E00
F8FC00
7FF800
7FC000
1F0000
1C0000
380000
600000
400000
400000
800000
800000
800000
800000
C00000
C00000
700000
7E0000
3FFF80
0FFF00
03FC00
ENDCHAR
STARTCHAR afii62807
ENCODING 65230
SWIDTH 450 0
DWIDTH 16 0
BBX 16 29 1 -7
BITMAP
0100
03C0
0380
0080
0000
0000
0000
0780
0FE0
1FE0
13E0
03C0
07C0
0FF0
1CFE
307E
603E
4000
8000
8000
8000
8000
C000
E000
7800
7F00
3FFF
0FFC
03F8
ENDCHAR
STARTCHAR afii62805
ENCODING 65231
SWIDTH 525 0
DWIDTH 19 0
BBX 18 18 -1 5
BITMAP
008000
00E000
01C000
004000
000000
000000
03F000
07F800
0FFC00
1E0600
180000
180000
180000
1C00C0
0E1F80
FFFF80
FFFE00
FFC000
ENDCHAR
STARTCHAR afii62806
ENCODING 65232
SWIDTH 394 0
DWIDTH 14 0
BBX 15 18 -1 5
BITMAP
0200
0780
0700
0100
0000
0000
0000
0000
07E0
0FF0
0FF0
0BF0
01E0
01C0
07E0
FFFE
FE7E
F83E
ENDCHAR
STARTCHAR afii57441.dup89
ENCODING 65233
SWIDTH 788 0
DWIDTH 28 0
BBX 27 19 1 5
BITMAP
00000800
00000E00
00001C00
00000400
00000000
00000000
00000000
40000380
400007C0
800007C0
80000CE0
80000C60
80000C60
C0000E60
E00007E0
7C0003E0
7FFFFFE0
1FFFFFE0
07FFFFE0
ENDCHAR
STARTCHAR afii62810
ENCODING 65234
SWIDTH 788 0
DWIDTH 28 0
BBX 27 19 1 5
BITMAP
00000800
00000E00
00001C00
00000400
00000000
00000000
00000000
40000380
400007C0
800007C0
80000CE0
80000C60
80000C60
C0000E60
E00007E0
7C0003E0
7FFFFFE0
1FFFFFE0
07FFFFE0
ENDCHAR
STARTCHAR afii62808
ENCODING 65235
SWIDTH 267 0
DWIDTH 10 0
BBX 11 20 -1 5
BITMAP
0200
0780
0700
0100
0000
0000
0380
0780
07C0
09C0
08C0
08E0
0FE0
0FE0
07A0
0020
0020
FFE0
FFE0
FFE0
ENDCHAR
STARTCHAR afii62809
ENCODING 65236
SWIDTH 262 0
DWIDTH 9 0
BBX 10 20 -1 5
BITMAP
0200
0380
0700
0100
0000
0000
0000
0000
0300
0780
0F80
08C0
08C0
0C40
0FC0
07C0
0040
FFC0
FFC0
FFC0
ENDCHAR
STARTCHAR afii57442.dup90
ENCODING 65237
SWIDTH 581 0
DWIDTH 21 0
BBX 20 28 1 -3
BITMAP
000100
0003C0
001380
003C80
003800
000800
000000
000000
000000
000380
0007C0
0007E0
000C60
200C70
200C70
400FF0
400FF0
8003D0
800010
800010
800010
800030
C00070
C000E0
7807E0
7FFFC0
3FFF00
07FC00
ENDCHAR
STARTCHAR afii62813
ENCODING 65238
SWIDTH 581 0
DWIDTH 21 0
BBX 20 28 1 -3
BITMAP
000100
0003C0
001380
003C80
003800
000800
000000
000000
000000
000380
0007C0
0007E0
000C60
200C70
200C70
400FF0
400FF0
8003D0
800010
800010
800010
800030
C00070
C000E0
7807E0
7FFFC0
3FFF00
07FC00
ENDCHAR
STARTCHAR afii62811
ENCODING 65239
SWIDTH 267 0
DWIDTH 10 0
BBX 11 21 -1 5
BITMAP
0080
01E0
09C0
1E40
1C00
0400
0000
0380
0780
07C0
09C0
08C0
08E0
0FE0
0FE0
07A0
0020
0020
FFE0
FFE0
FFE0
ENDCHAR
STARTCHAR afii62812
ENCODING 65240
SWIDTH 262 0
DWIDTH 9 0
BBX 10 21 -1 5
BITMAP
0100
11C0
1F80
3880
0800
0000
0000
0000
0000
0300
0780
0F80
08C0
08C0
0C40
0FC0
07C0
0040
FFC0
FFC0
FFC0
ENDCHAR
STARTCHAR afii57443.dup91
ENCODING 65241
SWIDTH 601 0
DWIDTH 22 0
BBX 21 23 1 5
BITMAP
000080
0000E0
0000F0
0000F0
000070
000460
001C60
003060
004020
00C030
00FE30
00FE30
000630
400630
401C30
87F030
800018
800018
C00018
E00018
FFFFF8
7FFFF8
1FFFF8
ENDCHAR
STARTCHAR afii62816
ENCODING 65242
SWIDTH 601 0
DWIDTH 22 0
BBX 21 23 1 5
BITMAP
000080
0000E0
0000F0
0000F0
000070
000460
001C60
003060
004020
00C030
00FE30
00FE30
000630
400630
401C30
87F030
800018
800018
C00018
E00018
FFFFF8
7FFFF8
1FFFF8
ENDCHAR
STARTCHAR afii57410
ENCODING 65243
SWIDTH 394 0
DWIDTH 14 0
BBX 15 21 -1 5
BITMAP
0008
0078
01F8
03F0
0780
0E00
1800
1C00
1E00
1F00
0F80
07C0
00E0
0070
0038
001C
000C
0006
FFFE
FFFE
FFFE
ENDCHAR
STARTCHAR afii62815
ENCODING 65244
SWIDTH 394 0
DWIDTH 14 0
BBX 15 21 -1 5
BITMAP
0008
0078
01F8
03F0
0780
0E00
1800
1C00
1E00
1F00
0F80
07C0
00E0
0070
0038
001C
000C
0006
FFFE
FFFE
FFFE
ENDCHAR
STARTCHAR afii57444.dup92
ENCODING 65245
SWIDTH 506 0
DWIDTH 18 0
BBX 17 28 1 0
BITMAP
000800
000E00
000F00
000F00
000700
000600
000200
000200
000300
000300
000300
000100
000100
100100
200100
200180
400180
400080
800080
800080
800080
800080
800180
C00380
F01F00
7FFF00
3FFC00
0FF000
ENDCHAR
STARTCHAR afii62819
ENCODING 65246
SWIDTH 506 0
DWIDTH 18 0
BBX 17 28 1 0
BITMAP
000800
000E00
000F00
000F00
000700
000600
000200
000200
000300
000300
000300
000100
000100
100100
200100
200180
400180
400080
800080
800080
800080
800080
800180
C00380
F01F00
7FFF00
3FFC00
0FF000
ENDCHAR
STARTCHAR afii62817
ENCODING 65247
SWIDTH 207 0
DWIDTH 7 0
BBX 8 23 -1 5
BITMAP
10
1C
1E
1E
0E
0C
0C
0C
04
06
06
06
06
06
06
06
03
03
03
03
FF
FF
FF
ENDCHAR
STARTCHAR afii62818
ENCODING 65248
SWIDTH 207 0
DWIDTH 7 0
BBX 8 23 -1 5
BITMAP
10
1C
1E
1E
0E
0C
0C
0C
04
06
06
06
06
06
06
06
03
03
03
03
FF
FF
FF
ENDCHAR
STARTCHAR afii57445.dup93
ENCODING 65249
SWIDTH 337 0
DWIDTH 12 0
BBX 11 20 1 -7
BITMAP
0700
0F80
1FC0
11C0
00E0
07E0
3FE0
7FE0
F800
C000
C000
C000
C000
4000
6000
6000
6000
2000
2000
2000
ENDCHAR
STARTCHAR afii62822
ENCODING 65250
SWIDTH 337 0
DWIDTH 12 0
BBX 11 20 1 -7
BITMAP
0700
0F80
1FC0
11C0
00E0
07E0
3FE0
7FE0
F800
C000
C000
C000
C000
4000
6000
6000
6000
2000
2000
2000
ENDCHAR
STARTCHAR afii62820
ENCODING 65251
SWIDTH 394 0
DWIDTH 14 0
BBX 15 9 -1 5
BITMAP
0018
0078
00CC
018C
01C6
07E6
FFFE
FEFE
FC3E
ENDCHAR
STARTCHAR afii62821
ENCODING 65252
SWIDTH 394 0
DWIDTH 14 0
BBX 15 9 -1 5
BITMAP
0018
0078
00CC
018C
01C6
07E6
FFFE
FEFE
FC3E
ENDCHAR
STARTCHAR afii57446.dup94
ENCODING 65253
SWIDTH 525 0
DWIDTH 19 0
BBX 18 23 1 -3
BITMAP
008000
01E000
01C000
004000
000000
000080
000080
0001C0
2001C0
4000C0
4000C0
400040
800040
800040
800040
800040
8000C0
8001C0
C00380
F01F80
7FFF00
3FFE00
0FF000
ENDCHAR
STARTCHAR afii62825
ENCODING 65254
SWIDTH 525 0
DWIDTH 19 0
BBX 18 23 1 -3
BITMAP
008000
01E000
01C000
004000
000000
000080
000080
0001C0
2001C0
4000C0
4000C0
400040
800040
800040
800040
800040
8000C0
8001C0
C00380
F01F80
7FFF00
3FFE00
0FF000
ENDCHAR
STARTCHAR afii62823
ENCODING 65255
SWIDTH 244 0
DWIDTH 9 0
BBX 10 18 -1 5
BITMAP
0200
0780
0700
0100
0000
0000
0080
0080
01C0
01C0
00C0
0040
0040
0040
0040
FFC0
FFC0
FFC0
ENDCHAR
STARTCHAR afii62824
ENCODING 65256
SWIDTH 244 0
DWIDTH 9 0
BBX 10 18 -1 5
BITMAP
0200
0780
0700
0100
0000
0000
0080
0080
01C0
01C0
00C0
0040
0040
0040
0040
FFC0
FFC0
FFC0
ENDCHAR
STARTCHAR afii57447.dup95
ENCODING 65257
SWIDTH 282 0
DWIDTH 10 0
BBX 8 11 1 5
BITMAP
20
38
3C
3E
6F
47
C3
C7
FE
FE
7C
ENDCHAR
STARTCHAR afii62828.dup96
ENCODING 65258
SWIDTH 375 0
DWIDTH 14 0
BBX 14 16 0 5
BITMAP
0100
0300
0300
0300
0700
0F80
1D80
3180
6380
FF80
FEC0
7CC0
00C0
00FC
007C
003C
ENDCHAR
STARTCHAR afii57470.dup97
ENCODING 65259
SWIDTH 450 0
DWIDTH 16 0
BBX 15 15 -1 5
BITMAP
0100
0380
03C0
03E0
03E0
07F0
0478
0878
187C
1CEC
1FC6
0FC6
FFFE
FCFC
F81C
ENDCHAR
STARTCHAR afii62827.dup98
ENCODING 65260
SWIDTH 394 0
DWIDTH 14 0
BBX 15 19 -1 -3
BITMAP
0040
00E0
01E0
0160
0260
0260
04C0
0700
FFFE
FFFE
FFFE
09C0
08E0
0860
0C30
0630
07F0
03F0
00E0
ENDCHAR
STARTCHAR afii57448.dup99
ENCODING 65261
SWIDTH 432 0
DWIDTH 16 0
BBX 15 17 1 -3
BITMAP
001C
003C
003E
0066
0062
0072
007E
003E
001E
0002
0006
000C
001C
0078
C1F0
3FE0
0FC0
ENDCHAR
STARTCHAR afii62829
ENCODING 65262
SWIDTH 432 0
DWIDTH 16 0
BBX 15 17 1 -3
BITMAP
001C
003C
003E
0066
0062
0072
007E
003E
001E
0002
0006
000C
001C
0078
C1F0
3FE0
0FC0
ENDCHAR
STARTCHAR afii57449.dup100
ENCODING 65263
SWIDTH 638 0
DWIDTH 23 0
BBX 21 19 1 -2
BITMAP
000070
0001F8
0003F8
000718
000408
200800
400800
401000
401000
801FF0
801FF0
800FF0
800030
800060
C003E0
F01FC0
7FFF80
7FFE00
1FF000
ENDCHAR
STARTCHAR afii62830
ENCODING 65264
SWIDTH 588 0
DWIDTH 21 0
BBX 20 13 1 -4
BITMAP
200000
4003F0
400FF0
801FF0
802000
803F80
803FC0
C03FC0
E00040
F80180
7FFF80
3FFF00
0FF800
ENDCHAR
STARTCHAR afii57450.dup101
ENCODING 65265
SWIDTH 638 0
DWIDTH 23 0
BBX 21 24 1 -7
BITMAP
000070
0001F8
0003F8
000718
000408
200800
400800
401000
401000
801FF0
801FF0
800FF0
800030
800060
C003E0
F01FC0
7FFF80
7FFE00
1FF000
003C00
013800
03C800
038000
008000
ENDCHAR
STARTCHAR afii62833
ENCODING 65266
SWIDTH 588 0
DWIDTH 21 0
BBX 20 16 1 -7
BITMAP
200000
4003F0
400FF0
801FF0
802000
803FC0
803FC0
C00040
F801C0
7FFF80
3FFF00
0FF800
000000
033000
07F800
033000
ENDCHAR
STARTCHAR afii62831.dup102
ENCODING 65267
SWIDTH 244 0
DWIDTH 9 0
BBX 10 20 -1 -3
BITMAP
0080
0080
01C0
01C0
00C0
0040
0040
0040
0040
FFC0
FFC0
FFC0
0000
0000
0100
03C0
1380
3C80
3800
0800
ENDCHAR
STARTCHAR afii62832.dup103
ENCODING 65268
SWIDTH 244 0
DWIDTH 9 0
BBX 10 20 -1 -3
BITMAP
0080
0080
01C0
01C0
00C0
0040
0040
0040
0040
FFC0
FFC0
FFC0
0000
0000
0100
03C0
1380
3C80
3800
0800
ENDCHAR
STARTCHAR afii62834
ENCODING 65269
SWIDTH 543 0
DWIDTH 20 0
BBX 18 28 1 2
BITMAP
E20000
9C0000
000000
000000
C00200
E00380
F003C0
F803C0
FC0180
7E0100
3E0100
1F0100
018100
008100
00C300
006200
002200
003600
001400
001C00
000800
001C00
003400
006200
018200
03FE00
03FE00
03F000
ENDCHAR
STARTCHAR afii62835
ENCODING 65270
SWIDTH 600 0
DWIDTH 22 0
BBX 21 26 1 4
BITMAP
E20000
9C0000
000000
000000
700080
7C0180
7E0180
3F8180
3FC180
1FE180
0CF0C0
0070C0
0038C0
0018C0
000CC0
0004C0
000540
000140
000360
000660
000E60
003C60
00FC78
07F838
3FE018
FF0000
ENDCHAR
STARTCHAR afii62836
ENCODING 65271
SWIDTH 543 0
DWIDTH 20 0
BBX 19 30 0 2
BITMAP
300000
400000
600000
300000
C00000
000000
600100
7001C0
7801E0
7C01E0
7E00C0
3F0080
1F0080
0F8080
00C080
004080
006180
003100
001100
001B00
000A00
000E00
000400
000E00
001A00
003100
00C100
01FF00
01FF00
01F800
ENDCHAR
STARTCHAR afii62837
ENCODING 65272
SWIDTH 600 0
DWIDTH 22 0
BBX 22 28 0 4
BITMAP
300000
400000
600000
300000
C00000
000000
380040
3E00C0
3F00C0
1FC0C0
1FE0C0
0FF0C0
067860
003860
001C60
000C60
000660
000260
0002A0
0000A0
0001B0
000330
000730
001E30
007E3C
03FC1C
1FF00C
7F8000
ENDCHAR
STARTCHAR afii62838
ENCODING 65273
SWIDTH 543 0
DWIDTH 20 0
BBX 18 31 1 -5
BITMAP
C00200
E00380
F003C0
F803C0
FC0180
7E0100
3E0100
1F0100
018100
008100
00C300
006200
002200
003600
001400
001C00
000800
001C00
003400
006200
018200
03FE00
03FE00
03F000
000000
000000
018000
020000
030000
018000
060000
ENDCHAR
STARTCHAR afii62839
ENCODING 65274
SWIDTH 600 0
DWIDTH 22 0
BBX 21 30 1 -4
BITMAP
700080
7C0180
7E0180
3F8180
3FC180
1FE180
0CF0C0
0070C0
0038C0
0018C0
000CC0
0004C0
000540
000140
000360
000660
000E60
003C60
00FC78
07F838
3FE018
FF0000
000000
000000
000000
0C0000
100000
180000
0C0000
300000
ENDCHAR
STARTCHAR afii62840
ENCODING 65275
SWIDTH 543 0
DWIDTH 20 0
BBX 18 24 1 2
BITMAP
C00200
E00380
F003C0
F803C0
FC0180
7E0100
3E0100
1F0100
018100
008100
00C300
006200
002200
003600
001400
001C00
000800
001C00
003400
006200
018200
03FE00
03FE00
03F000
ENDCHAR
STARTCHAR afii62841
ENCODING 65276
SWIDTH 600 0
DWIDTH 22 0
BBX 21 22 1 4
BITMAP
700080
7C0180
7E0180
3F8180
3FC180
1FE180
0CF0C0
0070C0
0038C0
0018C0
000CC0
0004C0
000540
000140
000360
000660
000E60
003C60
00FC78
07F838
3FE018
FF0000
ENDCHAR
STARTCHAR uniFFFC
ENCODING 65532
SWIDTH 1000 0
DWIDTH 36 0
BBX 36 26 0 0
BITMAP
FC3F0FC3F0
FC3F0FC3F0
C000000030
C000000030
C000000030
C000000030
0000000000
01F87C0600
03FC7F0600
070E630600
CE07630630
CC03630630
CC037E0630
CC037F0630
CC03618630
CE07618630
070E618600
03FC7FBC00
01F87E7800
0000000000
C000000030
C000000030
C000000030
C000000030
FC3F0FC3F0
FC3F0FC3F0
ENDCHAR
STARTCHAR .notdef
ENCODING -1
SWIDTH 750 0
DWIDTH 27 0
BBX 19 23 4 0
BITMAP
FFFFE0
800020
800020
800020
800020
800020
800020
800020
800020
800020
800020
800020
800020
800020
800020
800020
800020
800020
800020
800020
800020
800020
FFFFE0
ENDCHAR
STARTCHAR .null
ENCODING -1
SWIDTH 0 0
DWIDTH 0 0
BBX 1 1 0 0
BITMAP
00
ENDCHAR
STARTCHAR nonmarkingreturn
ENCODING -1
SWIDTH 277 0
DWIDTH 10 0
BBX 1 1 0 0
BITMAP
00
ENDCHAR
STARTCHAR pi1
ENCODING -1
SWIDTH 548 0
DWIDTH 20 0
BBX 20 19 0 0
BITMAP
FFFFF0
FFFFF0
FFFFF0
1C0380
1C0380
1C0380
1C0380
1C0380
1C0380
1C0380
1C0380
1C0380
1C0380
1C0380
1C0380
1C0380
1C0380
1C0380
1C0380
ENDCHAR
STARTCHAR middot
ENCODING -1
SWIDTH 333 0
DWIDTH 12 0
BBX 3 3 8 12
BITMAP
E0
E0
E0
ENDCHAR
STARTCHAR afii57459
ENCODING -1
SWIDTH 750 0
DWIDTH 27 0
BBX 19 23 4 0
BITMAP
FFFFE0
800020
800020
800020
800020
800020
800020
800020
800020
800020
800020
800020
800020
800020
800020
800020
800020
800020
800020
800020
800020
800020
FFFFE0
ENDCHAR
STARTCHAR afii57543
ENCODING -1
SWIDTH 750 0
DWIDTH 27 0
BBX 19 23 4 0
BITMAP
FFFFE0
800020
800020
800020
800020
800020
800020
800020
800020
800020
800020
800020
800020
800020
800020
800020
800020
800020
800020
800020
800020
800020
FFFFE0
ENDCHAR
STARTCHAR afii57494
ENCODING -1
SWIDTH 750 0
DWIDTH 27 0
BBX 19 23 4 0
BITMAP
FFFFE0
800020
800020
800020
800020
800020
800020
800020
800020
800020
800020
800020
800020
800020
800020
800020
800020
800020
800020
800020
800020
800020
FFFFE0
ENDCHAR
STARTCHAR afii64240
ENCODING -1
SWIDTH 750 0
DWIDTH 27 0
BBX 19 23 4 0
BITMAP
FFFFE0
800020
800020
800020
800020
800020
800020
800020
800020
800020
800020
800020
800020
800020
800020
800020
800020
800020
800020
800020
800020
800020
FFFFE0
ENDCHAR
STARTCHAR afii64241
ENCODING -1
SWIDTH 750 0
DWIDTH 27 0
BBX 19 23 4 0
BITMAP
FFFFE0
800020
800020
800020
800020
800020
800020
800020
800020
800020
800020
800020
800020
800020
800020
800020
800020
800020
800020
800020
800020
800020
FFFFE0
ENDCHAR
STARTCHAR afii63954
ENCODING -1
SWIDTH 750 0
DWIDTH 27 0
BBX 19 23 4 0
BITMAP
FFFFE0
800020
800020
800020
800020
800020
800020
800020
800020
800020
800020
800020
800020
800020
800020
800020
800020
800020
800020
800020
800020
800020
FFFFE0
ENDCHAR
STARTCHAR afii57382
ENCODING -1
SWIDTH 750 0
DWIDTH 27 0
BBX 19 23 4 0
BITMAP
FFFFE0
800020
800020
800020
800020
800020
800020
800020
800020
800020
800020
800020
800020
800020
800020
800020
800020
800020
800020
800020
800020
800020
FFFFE0
ENDCHAR
STARTCHAR afii64242
ENCODING -1
SWIDTH 750 0
DWIDTH 27 0
BBX 19 23 4 0
BITMAP
FFFFE0
800020
800020
800020
800020
800020
800020
800020
800020
800020
800020
800020
800020
800020
800020
800020
800020
800020
800020
800020
800020
800020
FFFFE0
ENDCHAR
STARTCHAR afii57504
ENCODING -1
SWIDTH 750 0
DWIDTH 27 0
BBX 19 23 4 0
BITMAP
FFFFE0
800020
800020
800020
800020
800020
800020
800020
800020
800020
800020
800020
800020
800020
800020
800020
800020
800020
800020
800020
800020
800020
FFFFE0
ENDCHAR
STARTCHAR afii57369
ENCODING -1
SWIDTH 750 0
DWIDTH 27 0
BBX 19 23 4 0
BITMAP
FFFFE0
800020
800020
800020
800020
800020
800020
800020
800020
800020
800020
800020
800020
800020
800020
800020
800020
800020
800020
800020
800020
800020
FFFFE0
ENDCHAR
STARTCHAR afii57370
ENCODING -1
SWIDTH 750 0
DWIDTH 27 0
BBX 19 23 4 0
BITMAP
FFFFE0
800020
800020
800020
800020
800020
800020
800020
800020
800020
800020
800020
800020
800020
800020
800020
800020
800020
800020
800020
800020
800020
FFFFE0
ENDCHAR
STARTCHAR afii57371
ENCODING -1
SWIDTH 750 0
DWIDTH 27 0
BBX 19 23 4 0
BITMAP
FFFFE0
800020
800020
800020
800020
800020
800020
800020
800020
800020
800020
800020
800020
800020
800020
800020
800020
800020
800020
800020
800020
800020
FFFFE0
ENDCHAR
STARTCHAR afii57372
ENCODING -1
SWIDTH 750 0
DWIDTH 27 0
BBX 19 23 4 0
BITMAP
FFFFE0
800020
800020
800020
800020
800020
800020
800020
800020
800020
800020
800020
800020
800020
800020
800020
800020
800020
800020
800020
800020
800020
FFFFE0
ENDCHAR
STARTCHAR afii57373
ENCODING -1
SWIDTH 750 0
DWIDTH 27 0
BBX 19 23 4 0
BITMAP
FFFFE0
800020
800020
800020
800020
800020
800020
800020
800020
800020
800020
800020
800020
800020
800020
800020
800020
800020
800020
800020
800020
800020
FFFFE0
ENDCHAR
STARTCHAR afii57374
ENCODING -1
SWIDTH 750 0
DWIDTH 27 0
BBX 19 23 4 0
BITMAP
FFFFE0
800020
800020
800020
800020
800020
800020
800020
800020
800020
800020
800020
800020
800020
800020
800020
800020
800020
800020
800020
800020
800020
FFFFE0
ENDCHAR
STARTCHAR afii57375
ENCODING -1
SWIDTH 750 0
DWIDTH 27 0
BBX 19 23 4 0
BITMAP
FFFFE0
800020
800020
800020
800020
800020
800020
800020
800020
800020
800020
800020
800020
800020
800020
800020
800020
800020
800020
800020
800020
800020
FFFFE0
ENDCHAR
STARTCHAR afii57471
ENCODING -1
SWIDTH 750 0
DWIDTH 27 0
BBX 19 23 4 0
BITMAP
FFFFE0
800020
800020
800020
800020
800020
800020
800020
800020
800020
800020
800020
800020
800020
800020
800020
800020
800020
800020
800020
800020
800020
FFFFE0
ENDCHAR
STARTCHAR afii57460
ENCODING -1
SWIDTH 750 0
DWIDTH 27 0
BBX 19 23 4 0
BITMAP
FFFFE0
800020
800020
800020
800020
800020
800020
800020
800020
800020
800020
800020
800020
800020
800020
800020
800020
800020
800020
800020
800020
800020
FFFFE0
ENDCHAR
STARTCHAR afii52258
ENCODING -1
SWIDTH 750 0
DWIDTH 27 0
BBX 19 23 4 0
BITMAP
FFFFE0
800020
800020
800020
800020
800020
800020
800020
800020
800020
800020
800020
800020
800020
800020
800020
800020
800020
800020
800020
800020
800020
FFFFE0
ENDCHAR
STARTCHAR afii57505
ENCODING -1
SWIDTH 750 0
DWIDTH 27 0
BBX 19 23 4 0
BITMAP
FFFFE0
800020
800020
800020
800020
800020
800020
800020
800020
800020
800020
800020
800020
800020
800020
800020
800020
800020
800020
800020
800020
800020
FFFFE0
ENDCHAR
STARTCHAR afii62889
ENCODING -1
SWIDTH 750 0
DWIDTH 27 0
BBX 19 23 4 0
BITMAP
FFFFE0
800020
800020
800020
800020
800020
800020
800020
800020
800020
800020
800020
800020
800020
800020
800020
800020
800020
800020
800020
800020
800020
FFFFE0
ENDCHAR
STARTCHAR afii62887
ENCODING -1
SWIDTH 750 0
DWIDTH 27 0
BBX 19 23 4 0
BITMAP
FFFFE0
800020
800020
800020
800020
800020
800020
800020
800020
800020
800020
800020
800020
800020
800020
800020
800020
800020
800020
800020
800020
800020
FFFFE0
ENDCHAR
STARTCHAR afii62888
ENCODING -1
SWIDTH 750 0
DWIDTH 27 0
BBX 19 23 4 0
BITMAP
FFFFE0
800020
800020
800020
800020
800020
800020
800020
800020
800020
800020
800020
800020
800020
800020
800020
800020
800020
800020
800020
800020
800020
FFFFE0
ENDCHAR
STARTCHAR afii63753
ENCODING -1
SWIDTH 750 0
DWIDTH 27 0
BBX 19 23 4 0
BITMAP
FFFFE0
800020
800020
800020
800020
800020
800020
800020
800020
800020
800020
800020
800020
800020
800020
800020
800020
800020
800020
800020
800020
800020
FFFFE0
ENDCHAR
STARTCHAR afii63754
ENCODING -1
SWIDTH 750 0
DWIDTH 27 0
BBX 19 23 4 0
BITMAP
FFFFE0
800020
800020
800020
800020
800020
800020
800020
800020
800020
800020
800020
800020
800020
800020
800020
800020
800020
800020
800020
800020
800020
FFFFE0
ENDCHAR
STARTCHAR afii63759
ENCODING -1
SWIDTH 750 0
DWIDTH 27 0
BBX 19 23 4 0
BITMAP
FFFFE0
800020
800020
800020
800020
800020
800020
800020
800020
800020
800020
800020
800020
800020
800020
800020
800020
800020
800020
800020
800020
800020
FFFFE0
ENDCHAR
STARTCHAR afii63763
ENCODING -1
SWIDTH 750 0
DWIDTH 27 0
BBX 19 23 4 0
BITMAP
FFFFE0
800020
800020
800020
800020
800020
800020
800020
800020
800020
800020
800020
800020
800020
800020
800020
800020
800020
800020
800020
800020
800020
FFFFE0
ENDCHAR
STARTCHAR afii63795
ENCODING -1
SWIDTH 750 0
DWIDTH 27 0
BBX 19 23 4 0
BITMAP
FFFFE0
800020
800020
800020
800020
800020
800020
800020
800020
800020
800020
800020
800020
800020
800020
800020
800020
800020
800020
800020
800020
800020
FFFFE0
ENDCHAR
STARTCHAR afii62891
ENCODING -1
SWIDTH 750 0
DWIDTH 27 0
BBX 19 23 4 0
BITMAP
FFFFE0
800020
800020
800020
800020
800020
800020
800020
800020
800020
800020
800020
800020
800020
800020
800020
800020
800020
800020
800020
800020
800020
FFFFE0
ENDCHAR
STARTCHAR afii63808
ENCODING -1
SWIDTH 750 0
DWIDTH 27 0
BBX 19 23 4 0
BITMAP
FFFFE0
800020
800020
800020
800020
800020
800020
800020
800020
800020
800020
800020
800020
800020
800020
800020
800020
800020
800020
800020
800020
800020
FFFFE0
ENDCHAR
STARTCHAR afii62938
ENCODING -1
SWIDTH 750 0
DWIDTH 27 0
BBX 19 23 4 0
BITMAP
FFFFE0
800020
800020
800020
800020
800020
800020
800020
800020
800020
800020
800020
800020
800020
800020
800020
800020
800020
800020
800020
800020
800020
FFFFE0
ENDCHAR
STARTCHAR afii63810
ENCODING -1
SWIDTH 750 0
DWIDTH 27 0
BBX 19 23 4 0
BITMAP
FFFFE0
800020
800020
800020
800020
800020
800020
800020
800020
800020
800020
800020
800020
800020
800020
800020
800020
800020
800020
800020
800020
800020
FFFFE0
ENDCHAR
STARTCHAR afii62942
ENCODING -1
SWIDTH 750 0
DWIDTH 27 0
BBX 19 23 4 0
BITMAP
FFFFE0
800020
800020
800020
800020
800020
800020
800020
800020
800020
800020
800020
800020
800020
800020
800020
800020
800020
800020
800020
800020
800020
FFFFE0
ENDCHAR
STARTCHAR afii62947
ENCODING -1
SWIDTH 750 0
DWIDTH 27 0
BBX 19 23 4 0
BITMAP
FFFFE0
800020
800020
800020
800020
800020
800020
800020
800020
800020
800020
800020
800020
800020
800020
800020
800020
800020
800020
800020
800020
800020
FFFFE0
ENDCHAR
STARTCHAR afii63813
ENCODING -1
SWIDTH 750 0
DWIDTH 27 0
BBX 19 23 4 0
BITMAP
FFFFE0
800020
800020
800020
800020
800020
800020
800020
800020
800020
800020
800020
800020
800020
800020
800020
800020
800020
800020
800020
800020
800020
FFFFE0
ENDCHAR
STARTCHAR afii63823
ENCODING -1
SWIDTH 750 0
DWIDTH 27 0
BBX 19 23 4 0
BITMAP
FFFFE0
800020
800020
800020
800020
800020
800020
800020
800020
800020
800020
800020
800020
800020
800020
800020
800020
800020
800020
800020
800020
800020
FFFFE0
ENDCHAR
STARTCHAR afii63824
ENCODING -1
SWIDTH 750 0
DWIDTH 27 0
BBX 19 23 4 0
BITMAP
FFFFE0
800020
800020
800020
800020
800020
800020
800020
800020
800020
800020
800020
800020
800020
800020
800020
800020
800020
800020
800020
800020
800020
FFFFE0
ENDCHAR
STARTCHAR afii63833
ENCODING -1
SWIDTH 750 0
DWIDTH 27 0
BBX 19 23 4 0
BITMAP
FFFFE0
800020
800020
800020
800020
800020
800020
800020
800020
800020
800020
800020
800020
800020
800020
800020
800020
800020
800020
800020
800020
800020
FFFFE0
ENDCHAR
STARTCHAR afii63844
ENCODING -1
SWIDTH 750 0
DWIDTH 27 0
BBX 19 23 4 0
BITMAP
FFFFE0
800020
800020
800020
800020
800020
800020
800020
800020
800020
800020
800020
800020
800020
800020
800020
800020
800020
800020
800020
800020
800020
FFFFE0
ENDCHAR
STARTCHAR afii63846
ENCODING -1
SWIDTH 750 0
DWIDTH 27 0
BBX 19 23 4 0
BITMAP
FFFFE0
800020
800020
800020
800020
800020
800020
800020
800020
800020
800020
800020
800020
800020
800020
800020
800020
800020
800020
800020
800020
800020
FFFFE0
ENDCHAR
STARTCHAR afii63849
ENCODING -1
SWIDTH 750 0
DWIDTH 27 0
BBX 19 23 4 0
BITMAP
FFFFE0
800020
800020
800020
800020
800020
800020
800020
800020
800020
800020
800020
800020
800020
800020
800020
800020
800020
800020
800020
800020
800020
FFFFE0
ENDCHAR
STARTCHAR afii63904
ENCODING -1
SWIDTH 750 0
DWIDTH 27 0
BBX 19 23 4 0
BITMAP
FFFFE0
800020
800020
800020
800020
800020
800020
800020
800020
800020
800020
800020
800020
800020
800020
800020
800020
800020
800020
800020
800020
800020
FFFFE0
ENDCHAR
STARTCHAR afii63905
ENCODING -1
SWIDTH 750 0
DWIDTH 27 0
BBX 19 23 4 0
BITMAP
FFFFE0
800020
800020
800020
800020
800020
800020
800020
800020
800020
800020
800020
800020
800020
800020
800020
800020
800020
800020
800020
800020
800020
FFFFE0
ENDCHAR
STARTCHAR afii63906
ENCODING -1
SWIDTH 750 0
DWIDTH 27 0
BBX 19 23 4 0
BITMAP
FFFFE0
800020
800020
800020
800020
800020
800020
800020
800020
800020
800020
800020
800020
800020
800020
800020
800020
800020
800020
800020
800020
800020
FFFFE0
ENDCHAR
STARTCHAR afii63908
ENCODING -1
SWIDTH 750 0
DWIDTH 27 0
BBX 19 23 4 0
BITMAP
FFFFE0
800020
800020
800020
800020
800020
800020
800020
800020
800020
800020
800020
800020
800020
800020
800020
800020
800020
800020
800020
800020
800020
FFFFE0
ENDCHAR
STARTCHAR afii63910
ENCODING -1
SWIDTH 750 0
DWIDTH 27 0
BBX 19 23 4 0
BITMAP
FFFFE0
800020
800020
800020
800020
800020
800020
800020
800020
800020
800020
800020
800020
800020
800020
800020
800020
800020
800020
800020
800020
800020
FFFFE0
ENDCHAR
STARTCHAR afii63912
ENCODING -1
SWIDTH 750 0
DWIDTH 27 0
BBX 19 23 4 0
BITMAP
FFFFE0
800020
800020
800020
800020
800020
800020
800020
800020
800020
800020
800020
800020
800020
800020
800020
800020
800020
800020
800020
800020
800020
FFFFE0
ENDCHAR
STARTCHAR afii62927
ENCODING -1
SWIDTH 750 0
DWIDTH 27 0
BBX 19 23 4 0
BITMAP
FFFFE0
800020
800020
800020
800020
800020
800020
800020
800020
800020
800020
800020
800020
800020
800020
800020
800020
800020
800020
800020
800020
800020
FFFFE0
ENDCHAR
STARTCHAR afii63941
ENCODING -1
SWIDTH 750 0
DWIDTH 27 0
BBX 19 23 4 0
BITMAP
FFFFE0
800020
800020
800020
800020
800020
800020
800020
800020
800020
800020
800020
800020
800020
800020
800020
800020
800020
800020
800020
800020
800020
FFFFE0
ENDCHAR
STARTCHAR afii62939
ENCODING -1
SWIDTH 750 0
DWIDTH 27 0
BBX 19 23 4 0
BITMAP
FFFFE0
800020
800020
800020
800020
800020
800020
800020
800020
800020
800020
800020
800020
800020
800020
800020
800020
800020
800020
800020
800020
800020
FFFFE0
ENDCHAR
STARTCHAR afii63943
ENCODING -1
SWIDTH 750 0
DWIDTH 27 0
BBX 19 23 4 0
BITMAP
FFFFE0
800020
800020
800020
800020
800020
800020
800020
800020
800020
800020
800020
800020
800020
800020
800020
800020
800020
800020
800020
800020
800020
FFFFE0
ENDCHAR
STARTCHAR afii62943
ENCODING -1
SWIDTH 750 0
DWIDTH 27 0
BBX 19 23 4 0
BITMAP
FFFFE0
800020
800020
800020
800020
800020
800020
800020
800020
800020
800020
800020
800020
800020
800020
800020
800020
800020
800020
800020
800020
800020
FFFFE0
ENDCHAR
STARTCHAR afii62946
ENCODING -1
SWIDTH 750 0
DWIDTH 27 0
BBX 19 23 4 0
BITMAP
FFFFE0
800020
800020
800020
800020
800020
800020
800020
800020
800020
800020
800020
800020
800020
800020
800020
800020
800020
800020
800020
800020
800020
FFFFE0
ENDCHAR
STARTCHAR afii63946
ENCODING -1
SWIDTH 750 0
DWIDTH 27 0
BBX 19 23 4 0
BITMAP
FFFFE0
800020
800020
800020
800020
800020
800020
800020
800020
800020
800020
800020
800020
800020
800020
800020
800020
800020
800020
800020
800020
800020
FFFFE0
ENDCHAR
STARTCHAR afii62951
ENCODING -1
SWIDTH 750 0
DWIDTH 27 0
BBX 19 23 4 0
BITMAP
FFFFE0
800020
800020
800020
800020
800020
800020
800020
800020
800020
800020
800020
800020
800020
800020
800020
800020
800020
800020
800020
800020
800020
FFFFE0
ENDCHAR
STARTCHAR afii63948
ENCODING -1
SWIDTH 750 0
DWIDTH 27 0
BBX 19 23 4 0
BITMAP
FFFFE0
800020
800020
800020
800020
800020
800020
800020
800020
800020
800020
800020
800020
800020
800020
800020
800020
800020
800020
800020
800020
800020
FFFFE0
ENDCHAR
STARTCHAR afii62953
ENCODING -1
SWIDTH 750 0
DWIDTH 27 0
BBX 19 23 4 0
BITMAP
FFFFE0
800020
800020
800020
800020
800020
800020
800020
800020
800020
800020
800020
800020
800020
800020
800020
800020
800020
800020
800020
800020
800020
FFFFE0
ENDCHAR
STARTCHAR afii63950
ENCODING -1
SWIDTH 750 0
DWIDTH 27 0
BBX 19 23 4 0
BITMAP
FFFFE0
800020
800020
800020
800020
800020
800020
800020
800020
800020
800020
800020
800020
800020
800020
800020
800020
800020
800020
800020
800020
800020
FFFFE0
ENDCHAR
STARTCHAR afii63951
ENCODING -1
SWIDTH 750 0
DWIDTH 27 0
BBX 19 23 4 0
BITMAP
FFFFE0
800020
800020
800020
800020
800020
800020
800020
800020
800020
800020
800020
800020
800020
800020
800020
800020
800020
800020
800020
800020
800020
FFFFE0
ENDCHAR
STARTCHAR afii63952
ENCODING -1
SWIDTH 750 0
DWIDTH 27 0
BBX 19 23 4 0
BITMAP
FFFFE0
800020
800020
800020
800020
800020
800020
800020
800020
800020
800020
800020
800020
800020
800020
800020
800020
800020
800020
800020
800020
800020
FFFFE0
ENDCHAR
STARTCHAR afii63953
ENCODING -1
SWIDTH 750 0
DWIDTH 27 0
BBX 19 23 4 0
BITMAP
FFFFE0
800020
800020
800020
800020
800020
800020
800020
800020
800020
800020
800020
800020
800020
800020
800020
800020
800020
800020
800020
800020
800020
FFFFE0
ENDCHAR
STARTCHAR afii63956
ENCODING -1
SWIDTH 750 0
DWIDTH 27 0
BBX 19 23 4 0
BITMAP
FFFFE0
800020
800020
800020
800020
800020
800020
800020
800020
800020
800020
800020
800020
800020
800020
800020
800020
800020
800020
800020
800020
800020
FFFFE0
ENDCHAR
STARTCHAR afii63958
ENCODING -1
SWIDTH 750 0
DWIDTH 27 0
BBX 19 23 4 0
BITMAP
FFFFE0
800020
800020
800020
800020
800020
800020
800020
800020
800020
800020
800020
800020
800020
800020
800020
800020
800020
800020
800020
800020
800020
FFFFE0
ENDCHAR
STARTCHAR afii63959
ENCODING -1
SWIDTH 750 0
DWIDTH 27 0
BBX 19 23 4 0
BITMAP
FFFFE0
800020
800020
800020
800020
800020
800020
800020
800020
800020
800020
800020
800020
800020
800020
800020
800020
800020
800020
800020
800020
800020
FFFFE0
ENDCHAR
STARTCHAR afii63960
ENCODING -1
SWIDTH 750 0
DWIDTH 27 0
BBX 19 23 4 0
BITMAP
FFFFE0
800020
800020
800020
800020
800020
800020
800020
800020
800020
800020
800020
800020
800020
800020
800020
800020
800020
800020
800020
800020
800020
FFFFE0
ENDCHAR
STARTCHAR afii63961
ENCODING -1
SWIDTH 750 0
DWIDTH 27 0
BBX 19 23 4 0
BITMAP
FFFFE0
800020
800020
800020
800020
800020
800020
800020
800020
800020
800020
800020
800020
800020
800020
800020
800020
800020
800020
800020
800020
800020
FFFFE0
ENDCHAR
STARTCHAR afii64046
ENCODING -1
SWIDTH 750 0
DWIDTH 27 0
BBX 19 23 4 0
BITMAP
FFFFE0
800020
800020
800020
800020
800020
800020
800020
800020
800020
800020
800020
800020
800020
800020
800020
800020
800020
800020
800020
800020
800020
FFFFE0
ENDCHAR
STARTCHAR afii64058
ENCODING -1
SWIDTH 750 0
DWIDTH 27 0
BBX 19 23 4 0
BITMAP
FFFFE0
800020
800020
800020
800020
800020
800020
800020
800020
800020
800020
800020
800020
800020
800020
800020
800020
800020
800020
800020
800020
800020
FFFFE0
ENDCHAR
STARTCHAR afii64059
ENCODING -1
SWIDTH 750 0
DWIDTH 27 0
BBX 19 23 4 0
BITMAP
FFFFE0
800020
800020
800020
800020
800020
800020
800020
800020
800020
800020
800020
800020
800020
800020
800020
800020
800020
800020
800020
800020
800020
FFFFE0
ENDCHAR
STARTCHAR afii62945
ENCODING -1
SWIDTH 750 0
DWIDTH 27 0
BBX 19 23 4 0
BITMAP
FFFFE0
800020
800020
800020
800020
800020
800020
800020
800020
800020
800020
800020
800020
800020
800020
800020
800020
800020
800020
800020
800020
800020
FFFFE0
ENDCHAR
STARTCHAR glyph1021
ENCODING -1
SWIDTH 750 0
DWIDTH 27 0
BBX 19 23 4 0
BITMAP
FFFFE0
800020
800020
800020
800020
800020
800020
800020
800020
800020
800020
800020
800020
800020
800020
800020
800020
800020
800020
800020
800020
800020
FFFFE0
ENDCHAR
STARTCHAR afii57543-2
ENCODING -1
SWIDTH 750 0
DWIDTH 27 0
BBX 19 23 4 0
BITMAP
FFFFE0
800020
800020
800020
800020
800020
800020
800020
800020
800020
800020
800020
800020
800020
800020
800020
800020
800020
800020
800020
800020
800020
FFFFE0
ENDCHAR
STARTCHAR afii57454-2
ENCODING -1
SWIDTH 201 0
DWIDTH 7 0
BBX 6 3 1 22
BITMAP
04
38
C0
ENDCHAR
STARTCHAR afii57451-2
ENCODING -1
SWIDTH 201 0
DWIDTH 7 0
BBX 6 5 1 22
BITMAP
04
38
C4
38
C0
ENDCHAR
STARTCHAR glyph1025
ENCODING -1
SWIDTH 750 0
DWIDTH 27 0
BBX 19 23 4 0
BITMAP
FFFFE0
800020
800020
800020
800020
800020
800020
800020
800020
800020
800020
800020
800020
800020
800020
800020
800020
800020
800020
800020
800020
800020
FFFFE0
ENDCHAR
STARTCHAR glyph1026
ENCODING -1
SWIDTH 750 0
DWIDTH 27 0
BBX 19 23 4 0
BITMAP
FFFFE0
800020
800020
800020
800020
800020
800020
800020
800020
800020
800020
800020
800020
800020
800020
800020
800020
800020
800020
800020
800020
800020
FFFFE0
ENDCHAR
STARTCHAR afii57471-2
ENCODING -1
SWIDTH 750 0
DWIDTH 27 0
BBX 19 23 4 0
BITMAP
FFFFE0
800020
800020
800020
800020
800020
800020
800020
800020
800020
800020
800020
800020
800020
800020
800020
800020
800020
800020
800020
800020
800020
FFFFE0
ENDCHAR
STARTCHAR afii57458-2
ENCODING -1
SWIDTH 164 0
DWIDTH 6 0
BBX 5 4 1 22
BITMAP
70
98
88
F0
ENDCHAR
STARTCHAR afii57457-2
ENCODING -1
SWIDTH 211 0
DWIDTH 8 0
BBX 7 5 1 22
BITMAP
02
12
96
BC
E0
ENDCHAR
STARTCHAR afii57494-2
ENCODING -1
SWIDTH 750 0
DWIDTH 27 0
BBX 19 23 4 0
BITMAP
FFFFE0
800020
800020
800020
800020
800020
800020
800020
800020
800020
800020
800020
800020
800020
800020
800020
800020
800020
800020
800020
800020
800020
FFFFE0
ENDCHAR
STARTCHAR afii57459-2
ENCODING -1
SWIDTH 750 0
DWIDTH 27 0
BBX 19 23 4 0
BITMAP
FFFFE0
800020
800020
800020
800020
800020
800020
800020
800020
800020
800020
800020
800020
800020
800020
800020
800020
800020
800020
800020
800020
800020
FFFFE0
ENDCHAR
STARTCHAR afii57455-2
ENCODING -1
SWIDTH 209 0
DWIDTH 8 0
BBX 5 7 2 22
BITMAP
18
28
28
38
18
60
80
ENDCHAR
STARTCHAR afii57452-2
ENCODING -1
SWIDTH 236 0
DWIDTH 9 0
BBX 7 6 1 22
BITMAP
06
0A
EA
2C
2A
70
ENDCHAR
STARTCHAR glyph1034
ENCODING -1
SWIDTH 750 0
DWIDTH 27 0
BBX 19 23 4 0
BITMAP
FFFFE0
800020
800020
800020
800020
800020
800020
800020
800020
800020
800020
800020
800020
800020
800020
800020
800020
800020
800020
800020
800020
800020
FFFFE0
ENDCHAR
STARTCHAR glyph1035
ENCODING -1
SWIDTH 750 0
DWIDTH 27 0
BBX 19 23 4 0
BITMAP
FFFFE0
800020
800020
800020
800020
800020
800020
800020
800020
800020
800020
800020
800020
800020
800020
800020
800020
800020
800020
800020
800020
800020
FFFFE0
ENDCHAR
STARTCHAR glyph1036
ENCODING -1
SWIDTH 750 0
DWIDTH 27 0
BBX 19 23 4 0
BITMAP
FFFFE0
800020
800020
800020
800020
800020
800020
800020
800020
800020
800020
800020
800020
800020
800020
800020
800020
800020
800020
800020
800020
800020
FFFFE0
ENDCHAR
STARTCHAR afii62884-2
ENCODING -1
SWIDTH 211 0
DWIDTH 8 0
BBX 7 7 1 22
BITMAP
04
38
C0
12
92
BE
E0
ENDCHAR
STARTCHAR afii62881-2
ENCODING -1
SWIDTH 211 0
DWIDTH 8 0
BBX 7 9 1 22
BITMAP
04
38
C4
38
C0
12
92
BE
E0
ENDCHAR
STARTCHAR afii62886-2
ENCODING -1
SWIDTH 211 0
DWIDTH 8 0
BBX 7 7 1 22
BITMAP
12
92
BE
E0
04
38
C0
ENDCHAR
STARTCHAR afii62883-2
ENCODING -1
SWIDTH 211 0
DWIDTH 8 0
BBX 7 9 1 22
BITMAP
02
12
96
BC
E4
38
C4
38
C0
ENDCHAR
STARTCHAR afii62885-2
ENCODING -1
SWIDTH 211 0
DWIDTH 8 0
BBX 7 10 1 22
BITMAP
0C
14
14
1C
1C
62
12
96
BC
E0
ENDCHAR
STARTCHAR afii62882-2
ENCODING -1
SWIDTH 226 0
DWIDTH 8 0
BBX 8 10 0 22
BITMAP
06
0A
EA
2C
2A
70
09
49
5F
70
ENDCHAR
STARTCHAR afii57504-2
ENCODING -1
SWIDTH 750 0
DWIDTH 27 0
BBX 19 23 4 0
BITMAP
FFFFE0
800020
800020
800020
800020
800020
800020
800020
800020
800020
800020
800020
800020
800020
800020
800020
800020
800020
800020
800020
800020
800020
FFFFE0
ENDCHAR
STARTCHAR afii57456-2
ENCODING -1
SWIDTH 201 0
DWIDTH 7 0
BBX 6 3 1 -1
BITMAP
04
38
C0
ENDCHAR
STARTCHAR afii57453-2
ENCODING -1
SWIDTH 201 0
DWIDTH 7 0
BBX 6 5 1 -4
BITMAP
04
38
C4
38
C0
ENDCHAR
STARTCHAR glyph1046
ENCODING -1
SWIDTH 750 0
DWIDTH 27 0
BBX 19 23 4 0
BITMAP
FFFFE0
800020
800020
800020
800020
800020
800020
800020
800020
800020
800020
800020
800020
800020
800020
800020
800020
800020
800020
800020
800020
800020
FFFFE0
ENDCHAR
STARTCHAR glyph1047
ENCODING -1
SWIDTH 750 0
DWIDTH 27 0
BBX 19 23 4 0
BITMAP
FFFFE0
800020
800020
800020
800020
800020
800020
800020
800020
800020
800020
800020
800020
800020
800020
800020
800020
800020
800020
800020
800020
800020
FFFFE0
ENDCHAR
STARTCHAR afii57543-3
ENCODING -1
SWIDTH 750 0
DWIDTH 27 0
BBX 19 23 4 0
BITMAP
FFFFE0
800020
800020
800020
800020
800020
800020
800020
800020
800020
800020
800020
800020
800020
800020
800020
800020
800020
800020
800020
800020
800020
FFFFE0
ENDCHAR
STARTCHAR afii57454-3
ENCODING -1
SWIDTH 750 0
DWIDTH 27 0
BBX 19 23 4 0
BITMAP
FFFFE0
800020
800020
800020
800020
800020
800020
800020
800020
800020
800020
800020
800020
800020
800020
800020
800020
800020
800020
800020
800020
800020
FFFFE0
ENDCHAR
STARTCHAR afii57451-3
ENCODING -1
SWIDTH 750 0
DWIDTH 27 0
BBX 19 23 4 0
BITMAP
FFFFE0
800020
800020
800020
800020
800020
800020
800020
800020
800020
800020
800020
800020
800020
800020
800020
800020
800020
800020
800020
800020
800020
FFFFE0
ENDCHAR
STARTCHAR glyph1051
ENCODING -1
SWIDTH 750 0
DWIDTH 27 0
BBX 19 23 4 0
BITMAP
FFFFE0
800020
800020
800020
800020
800020
800020
800020
800020
800020
800020
800020
800020
800020
800020
800020
800020
800020
800020
800020
800020
800020
FFFFE0
ENDCHAR
STARTCHAR glyph1052
ENCODING -1
SWIDTH 750 0
DWIDTH 27 0
BBX 19 23 4 0
BITMAP
FFFFE0
800020
800020
800020
800020
800020
800020
800020
800020
800020
800020
800020
800020
800020
800020
800020
800020
800020
800020
800020
800020
800020
FFFFE0
ENDCHAR
STARTCHAR afii57471-3
ENCODING -1
SWIDTH 750 0
DWIDTH 27 0
BBX 19 23 4 0
BITMAP
FFFFE0
800020
800020
800020
800020
800020
800020
800020
800020
800020
800020
800020
800020
800020
800020
800020
800020
800020
800020
800020
800020
800020
FFFFE0
ENDCHAR
STARTCHAR afii57458-3
ENCODING -1
SWIDTH 750 0
DWIDTH 27 0
BBX 19 23 4 0
BITMAP
FFFFE0
800020
800020
800020
800020
800020
800020
800020
800020
800020
800020
800020
800020
800020
800020
800020
800020
800020
800020
800020
800020
800020
FFFFE0
ENDCHAR
STARTCHAR afii57457-3
ENCODING -1
SWIDTH 750 0
DWIDTH 27 0
BBX 19 23 4 0
BITMAP
FFFFE0
800020
800020
800020
800020
800020
800020
800020
800020
800020
800020
800020
800020
800020
800020
800020
800020
800020
800020
800020
800020
800020
FFFFE0
ENDCHAR
STARTCHAR afii57494-3
ENCODING -1
SWIDTH 750 0
DWIDTH 27 0
BBX 19 23 4 0
BITMAP
FFFFE0
800020
800020
800020
800020
800020
800020
800020
800020
800020
800020
800020
800020
800020
800020
800020
800020
800020
800020
800020
800020
800020
FFFFE0
ENDCHAR
STARTCHAR afii57459-3
ENCODING -1
SWIDTH 750 0
DWIDTH 27 0
BBX 19 23 4 0
BITMAP
FFFFE0
800020
800020
800020
800020
800020
800020
800020
800020
800020
800020
800020
800020
800020
800020
800020
800020
800020
800020
800020
800020
800020
FFFFE0
ENDCHAR
STARTCHAR afii57455-3
ENCODING -1
SWIDTH 750 0
DWIDTH 27 0
BBX 19 23 4 0
BITMAP
FFFFE0
800020
800020
800020
800020
800020
800020
800020
800020
800020
800020
800020
800020
800020
800020
800020
800020
800020
800020
800020
800020
800020
FFFFE0
ENDCHAR
STARTCHAR afii57452-3
ENCODING -1
SWIDTH 750 0
DWIDTH 27 0
BBX 19 23 4 0
BITMAP
FFFFE0
800020
800020
800020
800020
800020
800020
800020
800020
800020
800020
800020
800020
800020
800020
800020
800020
800020
800020
800020
800020
800020
FFFFE0
ENDCHAR
STARTCHAR glyph1060
ENCODING -1
SWIDTH 750 0
DWIDTH 27 0
BBX 19 23 4 0
BITMAP
FFFFE0
800020
800020
800020
800020
800020
800020
800020
800020
800020
800020
800020
800020
800020
800020
800020
800020
800020
800020
800020
800020
800020
FFFFE0
ENDCHAR
STARTCHAR glyph1061
ENCODING -1
SWIDTH 750 0
DWIDTH 27 0
BBX 19 23 4 0
BITMAP
FFFFE0
800020
800020
800020
800020
800020
800020
800020
800020
800020
800020
800020
800020
800020
800020
800020
800020
800020
800020
800020
800020
800020
FFFFE0
ENDCHAR
STARTCHAR glyph1062
ENCODING -1
SWIDTH 750 0
DWIDTH 27 0
BBX 19 23 4 0
BITMAP
FFFFE0
800020
800020
800020
800020
800020
800020
800020
800020
800020
800020
800020
800020
800020
800020
800020
800020
800020
800020
800020
800020
800020
FFFFE0
ENDCHAR
STARTCHAR afii62884-3
ENCODING -1
SWIDTH 750 0
DWIDTH 27 0
BBX 19 23 4 0
BITMAP
FFFFE0
800020
800020
800020
800020
800020
800020
800020
800020
800020
800020
800020
800020
800020
800020
800020
800020
800020
800020
800020
800020
800020
FFFFE0
ENDCHAR
STARTCHAR afii62881-3
ENCODING -1
SWIDTH 750 0
DWIDTH 27 0
BBX 19 23 4 0
BITMAP
FFFFE0
800020
800020
800020
800020
800020
800020
800020
800020
800020
800020
800020
800020
800020
800020
800020
800020
800020
800020
800020
800020
800020
FFFFE0
ENDCHAR
STARTCHAR afii62886-3
ENCODING -1
SWIDTH 750 0
DWIDTH 27 0
BBX 19 23 4 0
BITMAP
FFFFE0
800020
800020
800020
800020
800020
800020
800020
800020
800020
800020
800020
800020
800020
800020
800020
800020
800020
800020
800020
800020
800020
FFFFE0
ENDCHAR
STARTCHAR afii62883-3
ENCODING -1
SWIDTH 750 0
DWIDTH 27 0
BBX 19 23 4 0
BITMAP
FFFFE0
800020
800020
800020
800020
800020
800020
800020
800020
800020
800020
800020
800020
800020
800020
800020
800020
800020
800020
800020
800020
800020
FFFFE0
ENDCHAR
STARTCHAR afii62885-3
ENCODING -1
SWIDTH 750 0
DWIDTH 27 0
BBX 19 23 4 0
BITMAP
FFFFE0
800020
800020
800020
800020
800020
800020
800020
800020
800020
800020
800020
800020
800020
800020
800020
800020
800020
800020
800020
800020
800020
FFFFE0
ENDCHAR
STARTCHAR afii62882-3
ENCODING -1
SWIDTH 750 0
DWIDTH 27 0
BBX 19 23 4 0
BITMAP
FFFFE0
800020
800020
800020
800020
800020
800020
800020
800020
800020
800020
800020
800020
800020
800020
800020
800020
800020
800020
800020
800020
800020
FFFFE0
ENDCHAR
STARTCHAR afii57504-3
ENCODING -1
SWIDTH 750 0
DWIDTH 27 0
BBX 19 23 4 0
BITMAP
FFFFE0
800020
800020
800020
800020
800020
800020
800020
800020
800020
800020
800020
800020
800020
800020
800020
800020
800020
800020
800020
800020
800020
FFFFE0
ENDCHAR
STARTCHAR afii57456-3
ENCODING -1
SWIDTH 750 0
DWIDTH 27 0
BBX 19 23 4 0
BITMAP
FFFFE0
800020
800020
800020
800020
800020
800020
800020
800020
800020
800020
800020
800020
800020
800020
800020
800020
800020
800020
800020
800020
800020
FFFFE0
ENDCHAR
STARTCHAR afii57453-3
ENCODING -1
SWIDTH 750 0
DWIDTH 27 0
BBX 19 23 4 0
BITMAP
FFFFE0
800020
800020
800020
800020
800020
800020
800020
800020
800020
800020
800020
800020
800020
800020
800020
800020
800020
800020
800020
800020
800020
FFFFE0
ENDCHAR
STARTCHAR glyph1072
ENCODING -1
SWIDTH 750 0
DWIDTH 27 0
BBX 19 23 4 0
BITMAP
FFFFE0
800020
800020
800020
800020
800020
800020
800020
800020
800020
800020
800020
800020
800020
800020
800020
800020
800020
800020
800020
800020
800020
FFFFE0
ENDCHAR
STARTCHAR glyph1073
ENCODING -1
SWIDTH 750 0
DWIDTH 27 0
BBX 19 23 4 0
BITMAP
FFFFE0
800020
800020
800020
800020
800020
800020
800020
800020
800020
800020
800020
800020
800020
800020
800020
800020
800020
800020
800020
800020
800020
FFFFE0
ENDCHAR
STARTCHAR afii57543-4
ENCODING -1
SWIDTH 750 0
DWIDTH 27 0
BBX 19 23 4 0
BITMAP
FFFFE0
800020
800020
800020
800020
800020
800020
800020
800020
800020
800020
800020
800020
800020
800020
800020
800020
800020
800020
800020
800020
800020
FFFFE0
ENDCHAR
STARTCHAR afii57454-4
ENCODING -1
SWIDTH 750 0
DWIDTH 27 0
BBX 19 23 4 0
BITMAP
FFFFE0
800020
800020
800020
800020
800020
800020
800020
800020
800020
800020
800020
800020
800020
800020
800020
800020
800020
800020
800020
800020
800020
FFFFE0
ENDCHAR
STARTCHAR afii57451-4
ENCODING -1
SWIDTH 750 0
DWIDTH 27 0
BBX 19 23 4 0
BITMAP
FFFFE0
800020
800020
800020
800020
800020
800020
800020
800020
800020
800020
800020
800020
800020
800020
800020
800020
800020
800020
800020
800020
800020
FFFFE0
ENDCHAR
STARTCHAR glyph1077
ENCODING -1
SWIDTH 750 0
DWIDTH 27 0
BBX 19 23 4 0
BITMAP
FFFFE0
800020
800020
800020
800020
800020
800020
800020
800020
800020
800020
800020
800020
800020
800020
800020
800020
800020
800020
800020
800020
800020
FFFFE0
ENDCHAR
STARTCHAR glyph1078
ENCODING -1
SWIDTH 750 0
DWIDTH 27 0
BBX 19 23 4 0
BITMAP
FFFFE0
800020
800020
800020
800020
800020
800020
800020
800020
800020
800020
800020
800020
800020
800020
800020
800020
800020
800020
800020
800020
800020
FFFFE0
ENDCHAR
STARTCHAR afii57471-4
ENCODING -1
SWIDTH 750 0
DWIDTH 27 0
BBX 19 23 4 0
BITMAP
FFFFE0
800020
800020
800020
800020
800020
800020
800020
800020
800020
800020
800020
800020
800020
800020
800020
800020
800020
800020
800020
800020
800020
FFFFE0
ENDCHAR
STARTCHAR afii57458-4
ENCODING -1
SWIDTH 750 0
DWIDTH 27 0
BBX 19 23 4 0
BITMAP
FFFFE0
800020
800020
800020
800020
800020
800020
800020
800020
800020
800020
800020
800020
800020
800020
800020
800020
800020
800020
800020
800020
800020
FFFFE0
ENDCHAR
STARTCHAR afii57457-4
ENCODING -1
SWIDTH 750 0
DWIDTH 27 0
BBX 19 23 4 0
BITMAP
FFFFE0
800020
800020
800020
800020
800020
800020
800020
800020
800020
800020
800020
800020
800020
800020
800020
800020
800020
800020
800020
800020
800020
FFFFE0
ENDCHAR
STARTCHAR afii57494-4
ENCODING -1
SWIDTH 750 0
DWIDTH 27 0
BBX 19 23 4 0
BITMAP
FFFFE0
800020
800020
800020
800020
800020
800020
800020
800020
800020
800020
800020
800020
800020
800020
800020
800020
800020
800020
800020
800020
800020
FFFFE0
ENDCHAR
STARTCHAR afii57459-4
ENCODING -1
SWIDTH 750 0
DWIDTH 27 0
BBX 19 23 4 0
BITMAP
FFFFE0
800020
800020
800020
800020
800020
800020
800020
800020
800020
800020
800020
800020
800020
800020
800020
800020
800020
800020
800020
800020
800020
FFFFE0
ENDCHAR
STARTCHAR afii57455-4
ENCODING -1
SWIDTH 750 0
DWIDTH 27 0
BBX 19 23 4 0
BITMAP
FFFFE0
800020
800020
800020
800020
800020
800020
800020
800020
800020
800020
800020
800020
800020
800020
800020
800020
800020
800020
800020
800020
800020
FFFFE0
ENDCHAR
STARTCHAR afii57452-4
ENCODING -1
SWIDTH 750 0
DWIDTH 27 0
BBX 19 23 4 0
BITMAP
FFFFE0
800020
800020
800020
800020
800020
800020
800020
800020
800020
800020
800020
800020
800020
800020
800020
800020
800020
800020
800020
800020
800020
FFFFE0
ENDCHAR
STARTCHAR glyph1086
ENCODING -1
SWIDTH 750 0
DWIDTH 27 0
BBX 19 23 4 0
BITMAP
FFFFE0
800020
800020
800020
800020
800020
800020
800020
800020
800020
800020
800020
800020
800020
800020
800020
800020
800020
800020
800020
800020
800020
FFFFE0
ENDCHAR
STARTCHAR glyph1087
ENCODING -1
SWIDTH 750 0
DWIDTH 27 0
BBX 19 23 4 0
BITMAP
FFFFE0
800020
800020
800020
800020
800020
800020
800020
800020
800020
800020
800020
800020
800020
800020
800020
800020
800020
800020
800020
800020
800020
FFFFE0
ENDCHAR
STARTCHAR glyph1088
ENCODING -1
SWIDTH 750 0
DWIDTH 27 0
BBX 19 23 4 0
BITMAP
FFFFE0
800020
800020
800020
800020
800020
800020
800020
800020
800020
800020
800020
800020
800020
800020
800020
800020
800020
800020
800020
800020
800020
FFFFE0
ENDCHAR
STARTCHAR afii62884-4
ENCODING -1
SWIDTH 750 0
DWIDTH 27 0
BBX 19 23 4 0
BITMAP
FFFFE0
800020
800020
800020
800020
800020
800020
800020
800020
800020
800020
800020
800020
800020
800020
800020
800020
800020
800020
800020
800020
800020
FFFFE0
ENDCHAR
STARTCHAR afii62881-4
ENCODING -1
SWIDTH 750 0
DWIDTH 27 0
BBX 19 23 4 0
BITMAP
FFFFE0
800020
800020
800020
800020
800020
800020
800020
800020
800020
800020
800020
800020
800020
800020
800020
800020
800020
800020
800020
800020
800020
FFFFE0
ENDCHAR
STARTCHAR afii62886-4
ENCODING -1
SWIDTH 750 0
DWIDTH 27 0
BBX 19 23 4 0
BITMAP
FFFFE0
800020
800020
800020
800020
800020
800020
800020
800020
800020
800020
800020
800020
800020
800020
800020
800020
800020
800020
800020
800020
800020
FFFFE0
ENDCHAR
STARTCHAR afii62883-4
ENCODING -1
SWIDTH 750 0
DWIDTH 27 0
BBX 19 23 4 0
BITMAP
FFFFE0
800020
800020
800020
800020
800020
800020
800020
800020
800020
800020
800020
800020
800020
800020
800020
800020
800020
800020
800020
800020
800020
FFFFE0
ENDCHAR
STARTCHAR afii62885-4
ENCODING -1
SWIDTH 750 0
DWIDTH 27 0
BBX 19 23 4 0
BITMAP
FFFFE0
800020
800020
800020
800020
800020
800020
800020
800020
800020
800020
800020
800020
800020
800020
800020
800020
800020
800020
800020
800020
800020
FFFFE0
ENDCHAR
STARTCHAR afii62882-4
ENCODING -1
SWIDTH 750 0
DWIDTH 27 0
BBX 19 23 4 0
BITMAP
FFFFE0
800020
800020
800020
800020
800020
800020
800020
800020
800020
800020
800020
800020
800020
800020
800020
800020
800020
800020
800020
800020
800020
FFFFE0
ENDCHAR
STARTCHAR afii57504-4
ENCODING -1
SWIDTH 750 0
DWIDTH 27 0
BBX 19 23 4 0
BITMAP
FFFFE0
800020
800020
800020
800020
800020
800020
800020
800020
800020
800020
800020
800020
800020
800020
800020
800020
800020
800020
800020
800020
800020
FFFFE0
ENDCHAR
STARTCHAR afii57456-4
ENCODING -1
SWIDTH 750 0
DWIDTH 27 0
BBX 19 23 4 0
BITMAP
FFFFE0
800020
800020
800020
800020
800020
800020
800020
800020
800020
800020
800020
800020
800020
800020
800020
800020
800020
800020
800020
800020
800020
FFFFE0
ENDCHAR
STARTCHAR afii57453-4
ENCODING -1
SWIDTH 750 0
DWIDTH 27 0
BBX 19 23 4 0
BITMAP
FFFFE0
800020
800020
800020
800020
800020
800020
800020
800020
800020
800020
800020
800020
800020
800020
800020
800020
800020
800020
800020
800020
800020
FFFFE0
ENDCHAR
STARTCHAR glyph1098
ENCODING -1
SWIDTH 750 0
DWIDTH 27 0
BBX 19 23 4 0
BITMAP
FFFFE0
800020
800020
800020
800020
800020
800020
800020
800020
800020
800020
800020
800020
800020
800020
800020
800020
800020
800020
800020
800020
800020
FFFFE0
ENDCHAR
STARTCHAR glyph1099
ENCODING -1
SWIDTH 750 0
DWIDTH 27 0
BBX 19 23 4 0
BITMAP
FFFFE0
800020
800020
800020
800020
800020
800020
800020
800020
800020
800020
800020
800020
800020
800020
800020
800020
800020
800020
800020
800020
800020
FFFFE0
ENDCHAR
STARTCHAR glyph1100
ENCODING -1
SWIDTH 318 0
DWIDTH 11 0
BBX 4 21 4 5
BITMAP
60
F0
F0
F0
F0
F0
70
70
60
60
20
20
20
20
20
00
00
60
F0
F0
60
ENDCHAR
STARTCHAR glyph1101
ENCODING -1
SWIDTH 318 0
DWIDTH 11 0
BBX 4 4 4 5
BITMAP
60
F0
F0
60
ENDCHAR
STARTCHAR glyph1102
ENCODING -1
SWIDTH 318 0
DWIDTH 11 0
BBX 4 13 3 5
BITMAP
60
F0
F0
60
00
00
00
00
00
60
F0
F0
60
ENDCHAR
STARTCHAR glyph1103
ENCODING -1
SWIDTH 750 0
DWIDTH 27 0
BBX 19 23 4 0
BITMAP
FFFFE0
800020
800020
800020
800020
800020
800020
800020
800020
800020
800020
800020
800020
800020
800020
800020
800020
800020
800020
800020
800020
800020
FFFFE0
ENDCHAR
STARTCHAR glyph1104
ENCODING -1
SWIDTH 750 0
DWIDTH 27 0
BBX 19 23 4 0
BITMAP
FFFFE0
800020
800020
800020
800020
800020
800020
800020
800020
800020
800020
800020
800020
800020
800020
800020
800020
800020
800020
800020
800020
800020
FFFFE0
ENDCHAR
STARTCHAR glyph1105
ENCODING -1
SWIDTH 750 0
DWIDTH 27 0
BBX 19 23 4 0
BITMAP
FFFFE0
800020
800020
800020
800020
800020
800020
800020
800020
800020
800020
800020
800020
800020
800020
800020
800020
800020
800020
800020
800020
800020
FFFFE0
ENDCHAR
STARTCHAR glyph1106
ENCODING -1
SWIDTH 750 0
DWIDTH 27 0
BBX 19 23 4 0
BITMAP
FFFFE0
800020
800020
800020
800020
800020
800020
800020
800020
800020
800020
800020
800020
800020
800020
800020
800020
800020
800020
800020
800020
800020
FFFFE0
ENDCHAR
STARTCHAR glyph1107
ENCODING -1
SWIDTH 750 0
DWIDTH 27 0
BBX 19 23 4 0
BITMAP
FFFFE0
800020
800020
800020
800020
800020
800020
800020
800020
800020
800020
800020
800020
800020
800020
800020
800020
800020
800020
800020
800020
800020
FFFFE0
ENDCHAR
STARTCHAR glyph1108
ENCODING -1
SWIDTH 750 0
DWIDTH 27 0
BBX 19 23 4 0
BITMAP
FFFFE0
800020
800020
800020
800020
800020
800020
800020
800020
800020
800020
800020
800020
800020
800020
800020
800020
800020
800020
800020
800020
800020
FFFFE0
ENDCHAR
STARTCHAR glyph1109
ENCODING -1
SWIDTH 750 0
DWIDTH 27 0
BBX 19 23 4 0
BITMAP
FFFFE0
800020
800020
800020
800020
800020
800020
800020
800020
800020
800020
800020
800020
800020
800020
800020
800020
800020
800020
800020
800020
800020
FFFFE0
ENDCHAR
STARTCHAR glyph1110
ENCODING -1
SWIDTH 750 0
DWIDTH 27 0
BBX 19 23 4 0
BITMAP
FFFFE0
800020
800020
800020
800020
800020
800020
800020
800020
800020
800020
800020
800020
800020
800020
800020
800020
800020
800020
800020
800020
800020
FFFFE0
ENDCHAR
STARTCHAR glyph1111
ENCODING -1
SWIDTH 750 0
DWIDTH 27 0
BBX 19 23 4 0
BITMAP
FFFFE0
800020
800020
800020
800020
800020
800020
800020
800020
800020
800020
800020
800020
800020
800020
800020
800020
800020
800020
800020
800020
800020
FFFFE0
ENDCHAR
STARTCHAR glyph1112
ENCODING -1
SWIDTH 750 0
DWIDTH 27 0
BBX 19 23 4 0
BITMAP
FFFFE0
800020
800020
800020
800020
800020
800020
800020
800020
800020
800020
800020
800020
800020
800020
800020
800020
800020
800020
800020
800020
800020
FFFFE0
ENDCHAR
STARTCHAR glyph1113
ENCODING -1
SWIDTH 750 0
DWIDTH 27 0
BBX 19 23 4 0
BITMAP
FFFFE0
800020
800020
800020
800020
800020
800020
800020
800020
800020
800020
800020
800020
800020
800020
800020
800020
800020
800020
800020
800020
800020
FFFFE0
ENDCHAR
STARTCHAR glyph1114
ENCODING -1
SWIDTH 750 0
DWIDTH 27 0
BBX 19 23 4 0
BITMAP
FFFFE0
800020
800020
800020
800020
800020
800020
800020
800020
800020
800020
800020
800020
800020
800020
800020
800020
800020
800020
800020
800020
800020
FFFFE0
ENDCHAR
STARTCHAR glyph1115
ENCODING -1
SWIDTH 750 0
DWIDTH 27 0
BBX 19 23 4 0
BITMAP
FFFFE0
800020
800020
800020
800020
800020
800020
800020
800020
800020
800020
800020
800020
800020
800020
800020
800020
800020
800020
800020
800020
800020
FFFFE0
ENDCHAR
STARTCHAR glyph1116
ENCODING -1
SWIDTH 750 0
DWIDTH 27 0
BBX 19 23 4 0
BITMAP
FFFFE0
800020
800020
800020
800020
800020
800020
800020
800020
800020
800020
800020
800020
800020
800020
800020
800020
800020
800020
800020
800020
800020
FFFFE0
ENDCHAR
STARTCHAR glyph1117
ENCODING -1
SWIDTH 750 0
DWIDTH 27 0
BBX 19 23 4 0
BITMAP
FFFFE0
800020
800020
800020
800020
800020
800020
800020
800020
800020
800020
800020
800020
800020
800020
800020
800020
800020
800020
800020
800020
800020
FFFFE0
ENDCHAR
STARTCHAR glyph1118
ENCODING -1
SWIDTH 750 0
DWIDTH 27 0
BBX 19 23 4 0
BITMAP
FFFFE0
800020
800020
800020
800020
800020
800020
800020
800020
800020
800020
800020
800020
800020
800020
800020
800020
800020
800020
800020
800020
800020
FFFFE0
ENDCHAR
STARTCHAR glyph1119
ENCODING -1
SWIDTH 750 0
DWIDTH 27 0
BBX 19 23 4 0
BITMAP
FFFFE0
800020
800020
800020
800020
800020
800020
800020
800020
800020
800020
800020
800020
800020
800020
800020
800020
800020
800020
800020
800020
800020
FFFFE0
ENDCHAR
STARTCHAR glyph1120
ENCODING -1
SWIDTH 750 0
DWIDTH 27 0
BBX 19 23 4 0
BITMAP
FFFFE0
800020
800020
800020
800020
800020
800020
800020
800020
800020
800020
800020
800020
800020
800020
800020
800020
800020
800020
800020
800020
800020
FFFFE0
ENDCHAR
STARTCHAR glyph1121
ENCODING -1
SWIDTH 750 0
DWIDTH 27 0
BBX 19 23 4 0
BITMAP
FFFFE0
800020
800020
800020
800020
800020
800020
800020
800020
800020
800020
800020
800020
800020
800020
800020
800020
800020
800020
800020
800020
800020
FFFFE0
ENDCHAR
STARTCHAR glyph1122
ENCODING -1
SWIDTH 750 0
DWIDTH 27 0
BBX 19 23 4 0
BITMAP
FFFFE0
800020
800020
800020
800020
800020
800020
800020
800020
800020
800020
800020
800020
800020
800020
800020
800020
800020
800020
800020
800020
800020
FFFFE0
ENDCHAR
STARTCHAR glyph1123
ENCODING -1
SWIDTH 750 0
DWIDTH 27 0
BBX 19 23 4 0
BITMAP
FFFFE0
800020
800020
800020
800020
800020
800020
800020
800020
800020
800020
800020
800020
800020
800020
800020
800020
800020
800020
800020
800020
800020
FFFFE0
ENDCHAR
STARTCHAR glyph1124
ENCODING -1
SWIDTH 750 0
DWIDTH 27 0
BBX 19 23 4 0
BITMAP
FFFFE0
800020
800020
800020
800020
800020
800020
800020
800020
800020
800020
800020
800020
800020
800020
800020
800020
800020
800020
800020
800020
800020
FFFFE0
ENDCHAR
STARTCHAR glyph1125
ENCODING -1
SWIDTH 750 0
DWIDTH 27 0
BBX 19 23 4 0
BITMAP
FFFFE0
800020
800020
800020
800020
800020
800020
800020
800020
800020
800020
800020
800020
800020
800020
800020
800020
800020
800020
800020
800020
800020
FFFFE0
ENDCHAR
STARTCHAR glyph1126
ENCODING -1
SWIDTH 750 0
DWIDTH 27 0
BBX 19 23 4 0
BITMAP
FFFFE0
800020
800020
800020
800020
800020
800020
800020
800020
800020
800020
800020
800020
800020
800020
800020
800020
800020
800020
800020
800020
800020
FFFFE0
ENDCHAR
STARTCHAR afii57440-2
ENCODING -1
SWIDTH 125 0
DWIDTH 5 0
BBX 6 3 -1 5
BITMAP
FC
FC
FC
ENDCHAR
STARTCHAR afii57440-3
ENCODING -1
SWIDTH 1000 0
DWIDTH 36 0
BBX 37 3 -1 5
BITMAP
FFFFFFFFF8
FFFFFFFFF8
FFFFFFFFF8
ENDCHAR
STARTCHAR afii57440-4
ENCODING -1
SWIDTH 2000 0
DWIDTH 72 0
BBX 73 3 -1 5
BITMAP
FFFFFFFFFFFFFFFFFF80
FFFFFFFFFFFFFFFFFF80
FFFFFFFFFFFFFFFFFF80
ENDCHAR
STARTCHAR glyph1134
ENCODING -1
SWIDTH 0 0
DWIDTH 0 0
BBX 5 2 -9 31
BITMAP
F0
38
ENDCHAR
STARTCHAR glyph1135
ENCODING -1
SWIDTH 0 0
DWIDTH 0 0
BBX 5 2 -16 31
BITMAP
F0
38
ENDCHAR
STARTCHAR glyph1136
ENCODING -1
SWIDTH 0 0
DWIDTH 0 0
BBX 6 5 -15 27
BITMAP
F0
78
38
18
0C
ENDCHAR
STARTCHAR glyph1147
ENCODING -1
SWIDTH 0 0
DWIDTH 0 0
BBX 10 2 -5 26
BITMAP
C0C0
3F00
ENDCHAR
STARTCHAR glyph1148
ENCODING -1
SWIDTH 0 0
DWIDTH 0 0
BBX 9 2 -4 26
BITMAP
3E00
E380
ENDCHAR
STARTCHAR glyph1154
ENCODING -1
SWIDTH 0 0
DWIDTH 0 0
BBX 6 5 -11 21
BITMAP
3C
78
70
60
C0
ENDCHAR
STARTCHAR glyph1155
ENCODING -1
SWIDTH 0 0
DWIDTH 0 0
BBX 6 5 -9 21
BITMAP
F0
78
38
18
0C
ENDCHAR
STARTCHAR glyph1292
ENCODING -1
SWIDTH 0 0
DWIDTH 0 0
BBX 8 5 -4 28
BITMAP
FF
FF
00
C3
C3
ENDCHAR
STARTCHAR glyph1293
ENCODING -1
SWIDTH 0 0
DWIDTH 0 0
BBX 8 5 -4 28
BITMAP
0E
1C
38
C3
C3
ENDCHAR
STARTCHAR glyph1294
ENCODING -1
SWIDTH 0 0
DWIDTH 0 0
BBX 8 5 -4 28
BITMAP
E7
7E
3C
C3
C3
ENDCHAR
STARTCHAR glyph1295
ENCODING -1
SWIDTH 0 0
DWIDTH 0 0
BBX 8 5 -4 28
BITMAP
70
38
1C
C3
C3
ENDCHAR
STARTCHAR glyph1321
ENCODING -1
SWIDTH 244 0
DWIDTH 9 0
BBX 10 12 -1 5
BITMAP
0080
0080
01C0
01C0
00C0
0040
0040
0040
0040
FFC0
FFC0
FFC0
ENDCHAR
STARTCHAR glyph1322
ENCODING -1
SWIDTH 267 0
DWIDTH 10 0
BBX 11 14 -1 5
BITMAP
0380
0780
07C0
09C0
08C0
08E0
0FE0
0FE0
07A0
0020
0020
FFE0
FFE0
FFE0
ENDCHAR
STARTCHAR glyph1323
ENCODING -1
SWIDTH 262 0
DWIDTH 9 0
BBX 10 12 -1 5
BITMAP
0300
0780
0F80
08C0
08C0
0C40
0FC0
07C0
0040
FFC0
FFC0
FFC0
ENDCHAR
STARTCHAR glyph1325
ENCODING -1
SWIDTH 244 0
DWIDTH 9 0
BBX 4 4 3 -2
BITMAP
40
F0
E0
20
ENDCHAR
STARTCHAR glyph1326
ENCODING -1
SWIDTH 244 0
DWIDTH 9 0
BBX 8 6 1 -4
BITMAP
04
07
4F
72
E0
20
ENDCHAR
STARTCHAR glyph1327
ENCODING -1
SWIDTH 244 0
DWIDTH 9 0
BBX 8 9 1 -7
BITMAP
20
78
70
14
0F
4E
F2
E0
20
ENDCHAR
STARTCHAR glyph1328
ENCODING -1
SWIDTH 244 0
DWIDTH 9 0
BBX 8 9 1 -7
BITMAP
04
07
4F
72
F0
28
0E
1E
04
ENDCHAR
STARTCHAR glyph1329
ENCODING -1
SWIDTH 244 0
DWIDTH 9 0
BBX 5 8 2 -6
BITMAP
40
70
F0
20
20
38
78
10
ENDCHAR
STARTCHAR glyph1330
ENCODING -1
SWIDTH 244 0
DWIDTH 9 0
BBX 9 10 0 -8
BITMAP
0400
0F00
4E00
F200
E200
2780
2700
7900
7000
1000
ENDCHAR
STARTCHAR glyph1331
ENCODING -1
SWIDTH 269 0
DWIDTH 10 0
BBX 11 11 -1 19
BITMAP
2000
3800
1800
1000
0800
0800
09C0
0BE0
0C20
1020
FFE0
ENDCHAR
STARTCHAR glyph1332
ENCODING -1
SWIDTH 207 0
DWIDTH 7 0
BBX 7 5 0 27
BITMAP
0E
16
26
FE
FC
ENDCHAR
STARTCHAR glyph1333
ENCODING -1
SWIDTH 207 0
DWIDTH 7 0
BBX 7 6 0 26
BITMAP
1C
20
30
1E
70
80
ENDCHAR
STARTCHAR glyph1334
ENCODING -1
SWIDTH 333 0
DWIDTH 12 0
BBX 5 4 3 22
BITMAP
D8
50
70
20
ENDCHAR
STARTCHAR glyph1335
ENCODING -1
SWIDTH 333 0
DWIDTH 12 0
BBX 5 4 3 22
BITMAP
20
70
50
D8
ENDCHAR
STARTCHAR glyph1343
ENCODING -1
SWIDTH 229 0
DWIDTH 8 0
BBX 9 27 -1 5
BITMAP
0C00
3000
3000
1E00
7800
8000
1000
3000
7000
7000
3800
3800
1800
1800
1800
1800
1800
1800
1800
1800
1800
1800
1800
0C00
0F80
0F80
0780
ENDCHAR
STARTCHAR glyph1345
ENCODING -1
SWIDTH 229 0
DWIDTH 8 0
BBX 8 30 0 -4
BITMAP
20
60
E0
E0
70
70
30
30
30
30
30
30
30
30
30
30
30
18
1F
1F
0F
00
00
00
1C
20
30
1E
70
80
ENDCHAR
STARTCHAR glyph47
ENCODING -1
SWIDTH 229 0
DWIDTH 8 0
BBX 10 22 0 5
BITMAP
0080
2100
6100
E1C0
E200
7000
7000
3000
3000
3000
3000
3000
3000
3000
3000
3000
3000
3000
1800
1F00
1F00
0F00
ENDCHAR
STARTCHAR glyph1349
ENCODING -1
SWIDTH 432 0
DWIDTH 16 0
BBX 16 25 1 -3
BITMAP
0003
0004
0006
0003
000C
0000
0000
0000
001C
003C
003E
0066
0062
0072
007E
003E
001E
0002
0006
000C
001C
0078
C1F0
3FE0
0FC0
ENDCHAR
STARTCHAR glyph1351
ENCODING -1
SWIDTH 432 0
DWIDTH 16 0
BBX 16 25 1 -3
BITMAP
00C3
00E4
00C6
00C3
00AC
0100
0600
0000
001C
003C
003E
0066
0062
0072
007E
003E
001E
0002
0006
000C
001C
0078
C1F0
3FE0
0FC0
ENDCHAR
STARTCHAR glyph
ENCODING -1
SWIDTH 588 0
DWIDTH 21 0
BBX 20 20 1 -4
BITMAP
000060
000080
0000C0
000070
000180
000000
000000
200000
4003F0
400FF0
801FF0
802000
803F80
803FC0
C03FC0
E00040
F80180
7FFF80
3FFF00
0FF800
ENDCHAR
STARTCHAR glyph1367
ENCODING -1
SWIDTH 713 0
DWIDTH 26 0
BBX 25 21 1 2
BITMAP
00020000
00078000
00270000
00790000
00700000
00100000
40000100
40000100
80000380
80000180
80000180
80000080
C0000080
E0000080
F8000080
7FFFFF80
3FFFFF80
0FFFFF80
00120000
00120000
001C0000
ENDCHAR
STARTCHAR glyph1368
ENCODING -1
SWIDTH 244 0
DWIDTH 9 0
BBX 10 23 -1 2
BITMAP
0100
03C0
1380
3C80
3800
0800
0000
0000
0080
0080
01C0
01C0
00C0
0040
0040
0040
0040
FFC0
FFC0
FFC0
1300
1100
1E00
ENDCHAR
STARTCHAR glyph1369
ENCODING -1
SWIDTH 244 0
DWIDTH 9 0
BBX 10 23 -1 2
BITMAP
0100
03C0
1380
3C80
3800
0800
0000
0000
0080
0080
01C0
01C0
00C0
0040
0040
0040
0040
FFC0
FFC0
FFC0
1300
1100
1E00
ENDCHAR
STARTCHAR glyph1371
ENCODING -1
SWIDTH 713 0
DWIDTH 26 0
BBX 25 22 1 5
BITMAP
00040000
000F0000
004E0000
00F20000
00E00000
00280000
001E0000
001C0000
00040000
00000000
40000100
40000100
80000380
80000180
80000180
80000080
C0000080
E0000080
F8000080
7FFFFF80
3FFFFF80
0FFFFF80
ENDCHAR
STARTCHAR glyph1372
ENCODING -1
SWIDTH 244 0
DWIDTH 9 0
BBX 10 22 -1 5
BITMAP
0300
0380
3780
3900
7800
1600
0700
0F00
0200
0000
0080
0080
01C0
01C0
00C0
0040
0040
0040
0040
FFC0
FFC0
FFC0
ENDCHAR
STARTCHAR glyph1373
ENCODING -1
SWIDTH 244 0
DWIDTH 9 0
BBX 10 22 -1 5
BITMAP
0300
0380
3780
3900
7800
1600
0700
0F00
0200
0000
0080
0080
01C0
01C0
00C0
0040
0040
0040
0040
FFC0
FFC0
FFC0
ENDCHAR
STARTCHAR glyph1383
ENCODING -1
SWIDTH 525 0
DWIDTH 19 0
BBX 18 32 1 -7
BITMAP
00C000
010000
018000
00C000
030000
000000
000000
000000
000000
000000
1FFF80
7FFF80
FFFF00
80FC00
03C800
0E0800
180C00
200FC0
400FC0
4007C0
800000
800000
800000
800000
C00000
C00000
600000
780000
3F8000
1FFFC0
0FFF00
01FE00
ENDCHAR
STARTCHAR glyph1384
ENCODING -1
SWIDTH 529 0
DWIDTH 19 0
BBX 20 20 -1 5
BITMAP
002000
00C000
00C000
007000
008000
000000
000000
000000
000000
000000
03C000
07F000
0FF800
00FE00
003F00
000F80
0007C0
FFFFF0
FFFFF0
FFFFF0
ENDCHAR
STARTCHAR glyph1385
ENCODING -1
SWIDTH 529 0
DWIDTH 19 0
BBX 20 20 -1 5
BITMAP
002000
00C000
00C000
007000
008000
000000
000000
000000
000000
000000
03C000
07F000
0FF800
00FE00
003F00
000F80
0007C0
FFFFF0
FFFFF0
FFFFF0
ENDCHAR
STARTCHAR glyph1387
ENCODING -1
SWIDTH 525 0
DWIDTH 19 0
BBX 18 34 1 -7
BITMAP
030000
038000
078000
010000
018000
01C000
03C000
008000
000000
000000
000000
000000
1FFF80
7FFF80
FFFF00
80FC00
03C800
0E0800
180C00
200FC0
400FC0
4007C0
800000
800000
800000
800000
C00000
C00000
600000
780000
3F8000
1FFFC0
0FFF00
01FE00
ENDCHAR
STARTCHAR glyph1388
ENCODING -1
SWIDTH 529 0
DWIDTH 19 0
BBX 20 22 -1 5
BITMAP
004000
00F000
00E000
006000
002000
007800
007000
003000
000000
000000
000000
000000
03C000
07F000
0FF800
00FE00
003F00
000F80
0007C0
FFFFF0
FFFFF0
FFFFF0
ENDCHAR
STARTCHAR glyph1389
ENCODING -1
SWIDTH 529 0
DWIDTH 19 0
BBX 20 22 -1 5
BITMAP
004000
00F000
00E000
006000
002000
007800
007000
003000
000000
000000
000000
000000
03C000
07F000
0FF800
00FE00
003F00
000F80
0007C0
FFFFF0
FFFFF0
FFFFF0
ENDCHAR
STARTCHAR glyph1399
ENCODING -1
SWIDTH 525 0
DWIDTH 19 0
BBX 18 34 1 -7
BITMAP
010000
03C000
038000
00A000
007800
027000
079000
070000
010000
000000
000000
000000
1FFF80
7FFF80
FFFF00
80FC00
03C800
0E0800
180C00
200FC0
400FC0
4007C0
800000
800000
800000
800000
C00000
C00000
600000
780000
3F8000
1FFFC0
0FFF00
01FE00
ENDCHAR
STARTCHAR glyph1400
ENCODING -1
SWIDTH 529 0
DWIDTH 19 0
BBX 20 22 -1 5
BITMAP
008000
01E000
01C000
005000
003C00
013800
03C800
038000
008000
000000
000000
000000
03C000
07F000
0FF800
00FE00
003F00
000F80
0007C0
FFFFF0
FFFFF0
FFFFF0
ENDCHAR
STARTCHAR glyph1401
ENCODING -1
SWIDTH 529 0
DWIDTH 19 0
BBX 20 22 -1 5
BITMAP
008000
01E000
01C000
005000
003C00
013800
03C800
038000
008000
000000
000000
000000
03C000
07F000
0FF800
00FE00
003F00
000F80
0007C0
FFFFF0
FFFFF0
FFFFF0
ENDCHAR
STARTCHAR glyph1409
ENCODING -1
SWIDTH 337 0
DWIDTH 12 0
BBX 10 17 2 2
BITMAP
0400
0600
0700
0380
0180
0080
00C0
0040
0040
0040
8040
FFC0
FFC0
FFC0
1300
1100
1E00
ENDCHAR
STARTCHAR glyph1411
ENCODING -1
SWIDTH 337 0
DWIDTH 12 0
BBX 10 21 2 -2
BITMAP
0400
0600
0700
0380
0180
0080
00C0
0040
0040
0040
8040
FFC0
FFC0
FFC0
0000
0000
0000
0C00
0E00
1E00
0400
ENDCHAR
STARTCHAR glyph1413
ENCODING -1
SWIDTH 337 0
DWIDTH 12 0
BBX 11 34 1 -2
BITMAP
2000
3800
1000
1000
1000
0800
09C0
0FE0
0C60
1020
FFE0
0000
0000
0200
0300
0380
01C0
00C0
0040
0060
0020
0020
0020
4020
7FE0
7FE0
7FE0
0000
0000
0000
0600
0700
0F00
0200
ENDCHAR
STARTCHAR glyph1421
ENCODING -1
SWIDTH 337 0
DWIDTH 12 0
BBX 10 25 2 5
BITMAP
0200
0780
2700
7900
7000
1400
0F00
0E00
0200
0000
0000
0400
0600
0700
0380
0180
0080
00C0
0040
0040
0040
8040
FFC0
FFC0
FFC0
ENDCHAR
STARTCHAR glyph1423
ENCODING -1
SWIDTH 337 0
DWIDTH 12 0
BBX 10 25 2 5
BITMAP
0600
0700
6F00
7200
F300
2380
3780
3900
7800
1000
0000
0400
0600
0700
0380
0180
0080
00C0
0040
0040
0040
8040
FFC0
FFC0
FFC0
ENDCHAR
STARTCHAR glyph1426
ENCODING -1
SWIDTH 488 0
DWIDTH 18 0
BBX 17 26 1 -3
BITMAP
003600
001400
001C00
000800
000000
000000
000000
000000
000200
000300
000700
000380
000380
000180
000080
000080
000080
000080
000180
000380
000700
000F00
001E00
C0F800
3FF000
07C000
ENDCHAR
STARTCHAR glyph1429
ENCODING -1
SWIDTH 488 0
DWIDTH 18 0
BBX 18 19 1 -4
BITMAP
000200
000300
000700
000380
000380
000180
000080
000080
000080
000080
000180
000380
000700
000F00
001E00
C0FB80
3FF4C0
07C480
000780
ENDCHAR
STARTCHAR glyph1431
ENCODING -1
SWIDTH 488 0
DWIDTH 18 0
BBX 18 21 1 -6
BITMAP
000200
000300
000700
000380
000380
000180
000080
000080
000080
000080
000180
000380
000700
000F00
001E00
C0F800
3FF000
07C100
0001C0
0003C0
000080
ENDCHAR
STARTCHAR glyph1433
ENCODING -1
SWIDTH 488 0
DWIDTH 18 0
BBX 17 22 1 -7
BITMAP
000200
000300
000700
000380
000380
000180
000080
000080
000080
000080
000180
000380
000700
000F00
001E00
C0F800
3FF000
07C000
000980
000500
000700
000200
ENDCHAR
STARTCHAR glyph1435
ENCODING -1
SWIDTH 488 0
DWIDTH 18 0
BBX 18 21 1 -6
BITMAP
000200
000300
000700
000380
000380
000180
000080
000080
060080
078080
070180
020380
000700
000F00
001E00
C0F800
3FF000
07C100
0001C0
0003C0
000080
ENDCHAR
STARTCHAR glyph1437
ENCODING -1
SWIDTH 488 0
DWIDTH 18 0
BBX 17 25 1 -3
BITMAP
000400
000700
004F00
007200
00F000
002000
000000
000200
000300
000700
000380
000380
000180
000080
000080
000080
000080
000180
000380
000700
000F00
001E00
C0F800
3FF000
07C000
ENDCHAR
STARTCHAR glyph1439
ENCODING -1
SWIDTH 488 0
DWIDTH 18 0
BBX 17 30 1 -3
BITMAP
000800
001E00
009C00
01EC00
01C400
00CF00
004E00
00F600
00E000
006000
000000
000000
000200
000300
000700
000380
000380
000180
000080
000080
000080
000080
000180
000380
000700
000F00
001E00
C0F800
3FF000
07C000
ENDCHAR
STARTCHAR glyph1441
ENCODING -1
SWIDTH 821 0
DWIDTH 30 0
BBX 29 24 1 -3
BITMAP
00000200
00000780
00000700
00000300
00000000
00000000
00008010
00008130
0001C138
2001C118
4000C108
4000C188
40004388
80007FF8
80007FF8
80007E78
80004000
8000C000
8001C000
C0038100
F01F01C0
7FFE03C0
3FFC0080
0FF00000
ENDCHAR
STARTCHAR glyph1442
ENCODING -1
SWIDTH 530 0
DWIDTH 19 0
BBX 20 23 -1 -2
BITMAP
000800
000E00
001E00
000400
000000
000000
000020
020260
020270
020230
030210
030310
078710
FFFFF0
FFFFF0
FCFCF0
000000
000000
000000
000100
0003C0
000380
000180
ENDCHAR
STARTCHAR glyph1443
ENCODING -1
SWIDTH 530 0
DWIDTH 19 0
BBX 20 23 -1 -2
BITMAP
000800
000E00
001E00
000400
000000
000000
000020
020260
020270
020230
030210
030310
078710
FFFFF0
FFFFF0
FCFCF0
000000
000000
000000
000100
0003C0
000380
000180
ENDCHAR
STARTCHAR glyph1445
ENCODING -1
SWIDTH 821 0
DWIDTH 30 0
BBX 29 22 1 -7
BITMAP
00008010
00008130
0001C138
2001C118
4000C108
4000C188
40004388
80007FF8
80007FF8
80007E78
80004000
8000C000
8001C000
C0038020
F01F0038
7FFE0278
3FFC0390
0FF00780
00000140
00000070
000000F0
00000020
ENDCHAR
STARTCHAR glyph1446
ENCODING -1
SWIDTH 530 0
DWIDTH 19 0
BBX 21 22 -1 -7
BITMAP
000020
020260
020270
020230
030210
030310
078710
FFFFF0
FFFFF0
FCFCF0
000000
000000
000000
000020
000078
000270
0007B0
000700
000340
0000F0
0000E0
000060
ENDCHAR
STARTCHAR glyph1447
ENCODING -1
SWIDTH 530 0
DWIDTH 19 0
BBX 21 22 -1 -7
BITMAP
000020
020260
020270
020230
030210
030310
078710
FFFFF0
FFFFF0
FCFCF0
000000
000000
000000
000020
000078
000270
0007B0
000700
000340
0000F0
0000E0
000060
ENDCHAR
STARTCHAR glyph1449
ENCODING -1
SWIDTH 821 0
DWIDTH 30 0
BBX 29 33 1 -7
BITMAP
00000400
00000F00
00000E00
00000680
000001E0
000009C0
00001EC0
00001C00
00000C00
00000000
00000000
00008010
00008130
0001C138
2001C118
4000C108
4000C188
40004388
80007FF8
80007FF8
80007E78
80004000
8000C000
8001C000
C0038020
F01F0038
7FFE0278
3FFC0390
0FF00780
00000140
00000070
000000F0
00000020
ENDCHAR
STARTCHAR glyph1450
ENCODING -1
SWIDTH 530 0
DWIDTH 19 0
BBX 21 33 -1 -7
BITMAP
001000
001C00
003C00
000A00
000380
002780
003900
007800
001000
000000
000000
000020
020260
020270
020230
030210
030310
078710
FFFFF0
FFFFF0
FCFCF0
000000
000000
000000
000020
000078
000270
0007B0
000700
000340
0000F0
0000E0
000060
ENDCHAR
STARTCHAR glyph1451
ENCODING -1
SWIDTH 530 0
DWIDTH 19 0
BBX 21 33 -1 -7
BITMAP
001000
001C00
003C00
000A00
000380
002780
003900
007800
001000
000000
000000
000020
020260
020270
020230
030210
030310
078710
FFFFF0
FFFFF0
FCFCF0
000000
000000
000000
000020
000078
000270
0007B0
000700
000340
0000F0
0000E0
000060
ENDCHAR
STARTCHAR glyph1453
ENCODING -1
SWIDTH 1098 0
DWIDTH 40 0
BBX 39 19 1 -4
BITMAP
00008001F8
00008007FC
0001C00FFC
2001C01C1E
4000C0700E
4000C0E00E
400043801E
80007FFFFE
80007FFFFE
80007FFFFE
8000400000
8000C00000
8001800000
C003800200
F01F000780
7FFF002700
3FFC007B00
0FF0007000
0000003000
ENDCHAR
STARTCHAR glyph1454
ENCODING -1
SWIDTH 846 0
DWIDTH 30 0
BBX 31 18 -1 -4
BITMAP
000001F8
020007FC
02000FFE
02003C1E
0300F00E
0383801E
FFFFFFFE
FFFFFFFE
FCFFFFFE
00000000
00000000
00000000
00000080
000001E0
000009C0
00001EC0
00001C00
00000C00
ENDCHAR
STARTCHAR glyph1455
ENCODING -1
SWIDTH 846 0
DWIDTH 30 0
BBX 31 18 -1 -4
BITMAP
000001F8
020007FC
02000FFE
02003C1E
0300F00E
0383801E
FFFFFFFE
FFFFFFFE
FCFFFFFE
00000000
00000000
00000000
00000080
000001E0
000009C0
00001EC0
00001C00
00000C00
ENDCHAR
STARTCHAR glyph1457
ENCODING -1
SWIDTH 1098 0
DWIDTH 40 0
BBX 39 29 1 -3
BITMAP
0000001000
0000003C00
0000003800
0000001A00
0000000780
0000002700
0000007B00
0000007000
0000003000
0000000000
0000000000
00008001F8
00008007FC
0001C00FFC
2001C01C1E
4000C0700E
4000C0E00E
400043801E
80007FFFFE
80007FFFFE
80007FFFFE
8000400000
8000C00000
8001800000
C003800000
F01F000000
7FFF000000
3FFC000000
0FF0000000
ENDCHAR
STARTCHAR glyph1458
ENCODING -1
SWIDTH 846 0
DWIDTH 30 0
BBX 31 21 -1 5
BITMAP
00000400
00000F00
00000E00
00000680
000001E0
000009C0
00001EC0
00001C00
00000C00
00000000
00000000
00000000
000001F8
020007FC
02000FFE
02003C1E
0300F00E
0383801E
FFFFFFFE
FFFFFFFE
FCFFFFFE
ENDCHAR
STARTCHAR glyph1459
ENCODING -1
SWIDTH 846 0
DWIDTH 30 0
BBX 31 21 -1 5
BITMAP
00000400
00000F00
00000E00
00000680
000001E0
000009C0
00001EC0
00001C00
00000C00
00000000
00000000
00000000
000001F8
020007FC
02000FFE
02003C1E
0300F00E
0383801E
FFFFFFFE
FFFFFFFE
FCFFFFFE
ENDCHAR
STARTCHAR glyph1461
ENCODING -1
SWIDTH 581 0
DWIDTH 21 0
BBX 22 23 -1 5
BITMAP
040000
060000
078100
0783C0
038380
0301A0
018078
018270
0187B0
01C700
00C300
00C000
00C000
00C000
00C1F0
00CFF8
00BFFC
00F83C
01C01C
07003C
FFFFFC
FFFFFC
FFFFFC
ENDCHAR
STARTCHAR glyph1463
ENCODING -1
SWIDTH 450 0
DWIDTH 16 0
BBX 16 33 1 -7
BITMAP
0800
1E00
1C00
0500
03C0
1380
3C80
3800
0800
0000
0000
0780
0FE0
1FE0
13E0
03C0
07C0
0FF0
1CFE
307E
603E
4000
8000
8000
8000
8000
C000
E000
7800
7F00
3FFF
0FFC
03F8
ENDCHAR
STARTCHAR glyph1464
ENCODING -1
SWIDTH 525 0
DWIDTH 19 0
BBX 18 22 -1 5
BITMAP
010000
01C000
03C000
00A000
003800
027800
039000
078000
010000
000000
03F000
07F800
0FFC00
1E0600
180000
180000
180000
1C00C0
0E1F80
FFFF80
FFFE00
FFC000
ENDCHAR
STARTCHAR glyph1465
ENCODING -1
SWIDTH 394 0
DWIDTH 14 0
BBX 15 21 -1 5
BITMAP
0200
0780
0700
0140
00F0
04E0
0F20
0E00
0200
0000
0000
07E0
0FF0
0FF0
0BF0
01E0
01C0
07E0
FFFE
FE7E
F83E
ENDCHAR
STARTCHAR glyph1468
ENCODING -1
SWIDTH 788 0
DWIDTH 28 0
BBX 27 19 1 -2
BITMAP
40000380
400007C0
800007C0
80000CE0
80000C60
80000C60
C0000E60
E00007E0
7C0003E0
7FFFFFE0
1FFFFFE0
07FFFFE0
00000000
00000000
00000000
00000180
000001C0
000003C0
00000080
ENDCHAR
STARTCHAR glyph1469
ENCODING -1
SWIDTH 267 0
DWIDTH 10 0
BBX 11 21 -1 -2
BITMAP
0380
0780
07C0
09C0
08C0
08E0
0FE0
0FE0
07A0
0020
0020
FFE0
FFE0
FFE0
0000
0000
0000
0200
0780
0700
0100
ENDCHAR
STARTCHAR glyph1470
ENCODING -1
SWIDTH 262 0
DWIDTH 9 0
BBX 10 19 -1 -2
BITMAP
0300
0780
0F80
08C0
08C0
0C40
0FC0
07C0
0040
FFC0
FFC0
FFC0
0000
0000
0000
0400
0F00
0E00
0200
ENDCHAR
STARTCHAR glyph1472
ENCODING -1
SWIDTH 788 0
DWIDTH 28 0
BBX 27 25 1 -2
BITMAP
00000300
00000380
00000780
00000100
00000000
00000000
40000380
400007C0
800007C0
80000CE0
80000C60
80000C60
C0000E60
E00007E0
7C0003E0
7FFFFFE0
1FFFFFE0
07FFFFE0
00000000
00000000
00000000
00040000
000F0000
000E0000
00060000
ENDCHAR
STARTCHAR glyph1473
ENCODING -1
SWIDTH 267 0
DWIDTH 10 0
BBX 11 27 -1 -2
BITMAP
0400
0F00
0E00
0200
0000
0000
0380
0780
07C0
09C0
08C0
08E0
0FE0
0FE0
07A0
0020
0020
FFE0
FFE0
FFE0
0000
0000
0000
0200
0780
0700
0100
ENDCHAR
STARTCHAR glyph1474
ENCODING -1
SWIDTH 262 0
DWIDTH 9 0
BBX 10 27 -1 -2
BITMAP
0400
0F00
0E00
0200
0000
0000
0000
0000
0300
0780
0F80
08C0
08C0
0C40
0FC0
07C0
0040
FFC0
FFC0
FFC0
0000
0000
0000
0200
0780
0700
0100
ENDCHAR
STARTCHAR glyph1480
ENCODING -1
SWIDTH 788 0
DWIDTH 28 0
BBX 28 24 1 -7
BITMAP
40000380
400007C0
800007C0
80000CE0
80000C60
80000C60
C0000E60
E00007E0
7C0003E0
7FFFFFE0
1FFFFFE0
07FFFFE0
00000000
00000000
00000000
00000040
00000070
000004F0
00000720
00000F00
00000280
000000E0
000001E0
00000040
ENDCHAR
STARTCHAR glyph1481
ENCODING -1
SWIDTH 267 0
DWIDTH 10 0
BBX 11 26 -1 -7
BITMAP
0380
0780
07C0
09C0
08C0
08E0
0FE0
0FE0
07A0
0020
0020
FFE0
FFE0
FFE0
0000
0000
0000
0100
03C0
1380
3C80
3800
0A00
0780
0700
0100
ENDCHAR
STARTCHAR glyph1482
ENCODING -1
SWIDTH 262 0
DWIDTH 9 0
BBX 10 24 -1 -7
BITMAP
0300
0780
0F80
08C0
08C0
0C40
0FC0
07C0
0040
FFC0
FFC0
FFC0
0000
0000
0000
0100
03C0
1380
3C80
3800
0A00
0780
0700
0100
ENDCHAR
STARTCHAR glyph1488
ENCODING -1
SWIDTH 581 0
DWIDTH 21 0
BBX 20 25 1 -3
BITMAP
000400
000700
000F00
000200
000000
000000
000380
0007C0
0007E0
000C60
200C70
600C70
400FF0
400FF0
8003D0
800010
800010
800010
800030
C00030
C000E0
7807E0
7FFFC0
3FFF00
07FC00
ENDCHAR
STARTCHAR glyph1490
ENCODING -1
SWIDTH 581 0
DWIDTH 21 0
BBX 20 29 1 -3
BITMAP
000800
001E00
001C00
000500
0003C0
001380
003C80
003800
000800
000000
000380
0007C0
0007E0
000C60
200C70
600C70
400FF0
400FF0
8003D0
800010
800010
800010
800030
C00030
C000E0
7807E0
7FFFC0
3FFF00
07FC00
ENDCHAR
STARTCHAR glyph1492
ENCODING -1
SWIDTH 932 0
DWIDTH 34 0
BBX 34 19 0 5
BITMAP
0001000000
0007000000
001F000000
007E000000
00F0000000
0180000000
0300000000
0600000000
0700000000
07F0000000
03FF800000
01FFF80000
800FFE0000
80007F8000
C00007E000
F00002FC00
FFFFFC7FC0
7FFFF81FC0
1FFFE007C0
ENDCHAR
STARTCHAR glyph1493
ENCODING -1
SWIDTH 394 0
DWIDTH 14 0
BBX 15 17 -1 5
BITMAP
0008
0038
00F8
03F0
0780
0C00
1800
3000
3800
3F80
1FF0
0FF8
007C
000E
FFFE
FFFE
FFFE
ENDCHAR
STARTCHAR glyph1494
ENCODING -1
SWIDTH 514 0
DWIDTH 19 0
BBX 20 17 -1 5
BITMAP
000400
003C00
00FC00
03F800
078000
0E0000
180000
300000
380000
3F8000
1FF000
0FFC00
007E00
000F00
FFFBF0
FFF1F0
FFC0F0
ENDCHAR
STARTCHAR glyph1496
ENCODING -1
SWIDTH 932 0
DWIDTH 34 0
BBX 34 21 0 5
BITMAP
0000001000
000000F000
000003F000
00000FF000
00001F9800
0000389000
000060F000
0000700000
0000780000
00007C0000
00003E0000
40001F8000
400003C000
800001E000
800001E000
8000017000
C000033800
E0000E1C00
FFFFFE0FC0
7FFFFC07C0
1FFFF003C0
ENDCHAR
STARTCHAR glyph1497
ENCODING -1
SWIDTH 394 0
DWIDTH 14 0
BBX 15 21 -1 5
BITMAP
0008
0078
01F8
03F8
07CC
0E44
1878
1C00
1E00
1F00
0F80
07C0
00E0
0070
0038
001C
000C
0006
FFFE
FFFE
FFFE
ENDCHAR
STARTCHAR glyph1498
ENCODING -1
SWIDTH 514 0
DWIDTH 19 0
BBX 20 21 -1 5
BITMAP
000400
003C00
00FC00
03FC00
07E600
0E2200
183C00
1C0000
1E0000
1F0000
0F8000
07E000
00F000
007800
007800
005C00
00CE00
038700
FF83F0
FF01F0
FC00F0
ENDCHAR
STARTCHAR glyph1500
ENCODING -1
SWIDTH 601 0
DWIDTH 22 0
BBX 21 24 1 5
BITMAP
003000
003880
0078E0
0010F0
0000F0
000070
000460
001C60
003060
004020
00C030
00FE30
00FE30
000630
400630
401C30
87F030
800018
800018
C00018
E00018
FFFFF8
7FFFF8
1FFFF8
ENDCHAR
STARTCHAR glyph1501
ENCODING -1
SWIDTH 394 0
DWIDTH 14 0
BBX 15 25 -1 5
BITMAP
0300
0380
0780
0100
0008
0078
01F8
03F0
0780
0E00
1800
1C00
1E00
1F00
0F80
07C0
00E0
0070
0038
001C
000C
0006
FFFE
FFFE
FFFE
ENDCHAR
STARTCHAR glyph1502
ENCODING -1
SWIDTH 394 0
DWIDTH 14 0
BBX 15 25 -1 5
BITMAP
0300
0380
0780
0100
0008
0078
01F8
03F0
0780
0E00
1800
1C00
1E00
1F00
0F80
07C0
00E0
0070
0038
001C
000C
0006
FFFE
FFFE
FFFE
ENDCHAR
STARTCHAR glyph1508
ENCODING -1
SWIDTH 601 0
DWIDTH 22 0
BBX 21 35 1 -7
BITMAP
000080
0000E0
0000F0
0000F0
000070
000460
001C60
003060
004020
00C030
00FE30
00FE30
000630
400630
401C30
87F030
800018
800018
C00018
E00018
FFFFF8
7FFFF8
1FFFF8
000000
000000
000000
000800
000E00
009E00
00E400
01E000
005000
001C00
003C00
000800
ENDCHAR
STARTCHAR glyph1509
ENCODING -1
SWIDTH 394 0
DWIDTH 14 0
BBX 15 33 -1 -7
BITMAP
0008
0078
01F8
03F0
0780
0E00
1800
1C00
1E00
1F00
0F80
07C0
00E0
0070
0038
001C
000C
0006
FFFE
FFFE
FFFE
0000
0000
0000
00C0
00E0
0DE0
0E40
1E00
0580
01C0
03C0
0080
ENDCHAR
STARTCHAR glyph1510
ENCODING -1
SWIDTH 394 0
DWIDTH 14 0
BBX 15 33 -1 -7
BITMAP
0008
0078
01F8
03F0
0780
0E00
1800
1C00
1E00
1F00
0F80
07C0
00E0
0070
0038
001C
000C
0006
FFFE
FFFE
FFFE
0000
0000
0000
00C0
00E0
0DE0
0E40
1E00
0580
01C0
03C0
0080
ENDCHAR
STARTCHAR glyph1512
ENCODING -1
SWIDTH 932 0
DWIDTH 34 0
BBX 34 26 0 5
BITMAP
0000001000
0000007000
000001F000
000007E000
00000F0000
00003C1000
000070F000
000063F000
00000FF000
00001F9800
0000389000
000060F000
0000700000
0000780000
00007C0000
00003E0000
40001F8000
400003C000
800001E000
800001E000
8000017000
C000033800
E0000E1C00
FFFFFE0FC0
7FFFFC07C0
1FFFF003C0
ENDCHAR
STARTCHAR glyph1513
ENCODING -1
SWIDTH 394 0
DWIDTH 14 0
BBX 15 26 -1 5
BITMAP
0008
0038
00F8
01F0
07C0
0F08
1C78
11F8
03F8
07CC
0E44
1878
1C00
1E00
1F00
0F80
07C0
00E0
0070
0038
001C
000C
0006
FFFE
FFFE
FFFE
ENDCHAR
STARTCHAR glyph1514
ENCODING -1
SWIDTH 514 0
DWIDTH 19 0
BBX 20 26 -1 5
BITMAP
000400
001C00
007C00
01F800
07C000
0F0400
1C3C00
10FC00
03FC00
07E600
0E2200
183C00
1C0000
1E0000
1F0000
0F8000
07E000
00F000
007800
007800
005C00
00CE00
038700
FF83F0
FF01F0
FC00F0
ENDCHAR
STARTCHAR glyph1520
ENCODING -1
SWIDTH 932 0
DWIDTH 34 0
BBX 34 35 0 -4
BITMAP
0000001000
0000007000
000001F000
000007E000
00000F0000
00003C1000
000070F000
000063F000
00000FE000
00001F0000
0000380000
0000600000
0000700000
0000780000
00007C0000
00003E0000
40001F8000
400003C000
800001E000
800001E000
8000017000
C000033800
E0000E1C00
FFFFFE0FC0
7FFFFC07C0
1FFFF003C0
0000000000
0000000000
0000000000
0006000000
0007000000
006F000000
0072000000
00F0000000
0020000000
ENDCHAR
STARTCHAR glyph1521
ENCODING -1
SWIDTH 394 0
DWIDTH 14 0
BBX 15 35 -1 -4
BITMAP
0008
0038
00F8
01F0
07C0
0F08
1C78
11F8
03F0
0780
0E00
1800
1C00
1E00
1F00
0F80
07C0
00E0
0070
0038
001C
000C
0006
FFFE
FFFE
FFFE
0000
0000
0000
0040
00F0
04E0
0F20
0E00
0200
ENDCHAR
STARTCHAR glyph1522
ENCODING -1
SWIDTH 514 0
DWIDTH 19 0
BBX 20 35 -1 -4
BITMAP
000400
001C00
007C00
01F800
07C000
0F0400
1C3C00
10FC00
03F800
07C000
0E0000
180000
1C0000
1E0000
1F0000
0F8000
07E000
00F000
007800
007800
005C00
00CE00
038700
FF83F0
FF01F0
FC00F0
000000
000000
000000
030000
038000
378000
390000
780000
100000
ENDCHAR
STARTCHAR glyph1528
ENCODING -1
SWIDTH 932 0
DWIDTH 34 0
BBX 34 27 0 5
BITMAP
0000700000
00006E0000
00000C3000
0000E0F000
0000C3F000
000007C000
00001E1000
000038F000
000073F000
00004FE000
00001F0000
0000380000
0000600000
0000700000
0000780000
00007C0000
00003E0000
40001F8000
400003C000
800001E000
800001E000
8000017000
C000033800
E0000E1C00
FFFFFE0FC0
7FFFFC07C0
1FFFF003C0
ENDCHAR
STARTCHAR glyph1529
ENCODING -1
SWIDTH 394 0
DWIDTH 14 0
BBX 15 27 -1 5
BITMAP
1C00
1B80
0318
3878
30F8
03E0
0788
1E78
19F8
03F0
0780
0E00
1800
1C00
1E00
1F00
0F80
07C0
00E0
0070
0038
001C
000C
0006
FFFE
FFFE
FFFE
ENDCHAR
STARTCHAR glyph1530
ENCODING -1
SWIDTH 514 0
DWIDTH 19 0
BBX 20 27 -1 5
BITMAP
1C0000
1B8000
030C00
383C00
30FC00
03E000
078400
1E3C00
18FC00
03F800
07C000
0E0000
180000
1C0000
1E0000
1F0000
0F8000
07E000
00F000
007800
007800
005C00
00CE00
038700
FF83F0
FF01F0
FC00F0
ENDCHAR
STARTCHAR glyph1532
ENCODING -1
SWIDTH 506 0
DWIDTH 18 0
BBX 17 33 1 -1
BITMAP
001300
000A00
000E00
000400
000000
000000
000E00
000F00
000F00
000700
000600
000200
000200
000300
000300
000300
000100
000100
100100
200100
200180
400180
400080
800080
800080
800080
800080
800180
C00380
F01F00
7FFF00
3FFC00
0FF000
ENDCHAR
STARTCHAR glyph1533
ENCODING -1
SWIDTH 207 0
DWIDTH 7 0
BBX 8 27 -1 5
BITMAP
32
14
0C
08
00
00
1C
1E
0E
0C
0C
0C
04
06
06
06
06
06
06
06
03
03
03
03
FF
FF
FF
ENDCHAR
STARTCHAR glyph1534
ENCODING -1
SWIDTH 207 0
DWIDTH 7 0
BBX 8 27 -1 5
BITMAP
32
14
0C
08
00
00
1C
1E
0E
0C
0C
0C
04
06
06
06
06
06
06
06
03
03
03
03
FF
FF
FF
ENDCHAR
STARTCHAR glyph1536
ENCODING -1
SWIDTH 506 0
DWIDTH 18 0
BBX 17 33 1 -1
BITMAP
000C00
000E00
001E00
000400
000000
000000
000E00
000F00
000F00
000700
000600
000200
000200
000300
000300
000300
000100
000100
100100
200100
200180
400180
400080
800080
800080
800080
800080
800180
C00380
F01F00
7FFF00
3FFC00
0FF000
ENDCHAR
STARTCHAR glyph1537
ENCODING -1
SWIDTH 207 0
DWIDTH 7 0
BBX 8 27 -1 5
BITMAP
08
0E
1E
04
00
00
1C
1E
0E
0C
0C
0C
04
06
06
06
06
06
06
06
03
03
03
03
FF
FF
FF
ENDCHAR
STARTCHAR glyph1538
ENCODING -1
SWIDTH 207 0
DWIDTH 7 0
BBX 8 27 -1 5
BITMAP
08
0E
1E
04
00
00
1C
1E
0E
0C
0C
0C
04
06
06
06
06
06
06
06
03
03
03
03
FF
FF
FF
ENDCHAR
STARTCHAR glyph1540
ENCODING -1
SWIDTH 506 0
DWIDTH 18 0
BBX 17 33 1 -1
BITMAP
003800
003700
000600
007000
006000
000000
000E00
000F00
000F00
000700
000600
000200
000200
000300
000300
000300
000100
000100
100100
200100
200180
400180
400080
800080
800080
800080
800080
800180
C00380
F01F00
7FFF00
3FFC00
0FF000
ENDCHAR
STARTCHAR glyph1541
ENCODING -1
SWIDTH 207 0
DWIDTH 7 0
BBX 8 27 -1 5
BITMAP
38
37
06
70
60
00
1C
1E
0E
0C
0C
0C
04
06
06
06
06
06
06
06
03
03
03
03
FF
FF
FF
ENDCHAR
STARTCHAR glyph1542
ENCODING -1
SWIDTH 207 0
DWIDTH 7 0
BBX 8 27 -1 5
BITMAP
38
37
06
70
60
00
1C
1E
0E
0C
0C
0C
04
06
06
06
06
06
06
06
03
03
03
03
FF
FF
FF
ENDCHAR
STARTCHAR glyph1544
ENCODING -1
SWIDTH 506 0
DWIDTH 18 0
BBX 17 35 1 -7
BITMAP
000800
000E00
000F00
000F00
000700
000600
000200
000200
000300
000300
000300
000100
000100
100100
200100
200180
400180
400080
800080
800080
800080
800080
800180
C00380
F01F00
7FFF00
3FFC00
0FF000
000000
003000
033800
039000
016000
007000
002000
ENDCHAR
STARTCHAR glyph1545
ENCODING -1
SWIDTH 207 0
DWIDTH 7 0
BBX 9 35 -1 -7
BITMAP
1000
1C00
1E00
1E00
0E00
0C00
0C00
0C00
0400
0600
0600
0600
0600
0600
0600
0600
0300
0300
0300
0300
FF00
FF00
FF00
0000
0000
0000
0300
0380
3780
3900
7800
1600
0700
0F00
0200
ENDCHAR
STARTCHAR glyph1546
ENCODING -1
SWIDTH 207 0
DWIDTH 7 0
BBX 9 35 -1 -7
BITMAP
1000
1C00
1E00
1E00
0E00
0C00
0C00
0C00
0400
0600
0600
0600
0600
0600
0600
0600
0300
0300
0300
0300
FF00
FF00
FF00
0000
0000
0000
0300
0380
3780
3900
7800
1600
0700
0F00
0200
ENDCHAR
STARTCHAR glyph1548
ENCODING -1
SWIDTH 525 0
DWIDTH 19 0
BBX 18 28 1 -8
BITMAP
008000
01E000
01C000
004000
000000
000080
000080
0001C0
2001C0
4000C0
4000C0
400040
800040
800040
800040
800040
8000C0
8001C0
C00380
F01F80
7FFF00
3FFE00
0FF000
000000
004000
00F000
00E000
006000
ENDCHAR
STARTCHAR glyph1549
ENCODING -1
SWIDTH 244 0
DWIDTH 9 0
BBX 10 25 -1 -2
BITMAP
0200
0780
0700
0100
0000
0000
0080
0080
01C0
01C0
00C0
0040
0040
0040
0040
FFC0
FFC0
FFC0
0000
0000
0000
0800
1E00
1C00
0400
ENDCHAR
STARTCHAR glyph1550
ENCODING -1
SWIDTH 244 0
DWIDTH 9 0
BBX 10 25 -1 -2
BITMAP
0200
0780
0700
0100
0000
0000
0080
0080
01C0
01C0
00C0
0040
0040
0040
0040
FFC0
FFC0
FFC0
0000
0000
0000
0800
1E00
1C00
0400
ENDCHAR
STARTCHAR glyph1556
ENCODING -1
SWIDTH 525 0
DWIDTH 19 0
BBX 18 26 1 -6
BITMAP
008000
01E000
01C000
004000
000000
000080
000080
0001C0
2001C0
4000C0
4000C0
400040
800040
800040
800040
800040
8000C0
8001C0
C00380
F01F80
7FFF00
3FFE00
0FF000
013000
011000
01E000
ENDCHAR
STARTCHAR glyph1557
ENCODING -1
SWIDTH 244 0
DWIDTH 9 0
BBX 10 21 -1 2
BITMAP
0200
0780
0700
0100
0000
0000
0080
0080
01C0
01C0
00C0
0040
0040
0040
0040
FFC0
FFC0
FFC0
1300
1100
1E00
ENDCHAR
STARTCHAR glyph1558
ENCODING -1
SWIDTH 244 0
DWIDTH 9 0
BBX 10 21 -1 2
BITMAP
0200
0780
0700
0100
0000
0000
0080
0080
01C0
01C0
00C0
0040
0040
0040
0040
FFC0
FFC0
FFC0
1300
1100
1E00
ENDCHAR
STARTCHAR glyph1560
ENCODING -1
SWIDTH 525 0
DWIDTH 19 0
BBX 18 29 1 -3
BITMAP
010000
01C000
03C000
00A000
003800
027800
039000
078000
010000
000000
000000
000080
000080
0001C0
2001C0
4000C0
4000C0
400040
800040
800040
800040
800040
8000C0
8001C0
C00380
F01F80
7FFF00
3FFE00
0FF000
ENDCHAR
STARTCHAR glyph1562
ENCODING -1
SWIDTH 525 0
DWIDTH 19 0
BBX 18 30 1 -7
BITMAP
008000
01E000
01C000
004000
000000
000000
000000
000000
1FFF80
7FFF80
FFFF00
80FC00
03C800
0E0800
180C00
200FC0
404FC0
4077C0
84F000
872000
8F0000
828000
C0E000
C1E000
604000
780000
3F8000
1FFFC0
0FFF00
01FE00
ENDCHAR
STARTCHAR glyph1563
ENCODING -1
SWIDTH 529 0
DWIDTH 19 0
BBX 20 30 -1 -7
BITMAP
004000
00F000
00E000
006000
000000
000000
000000
000000
03C000
07F000
0FF800
00FE00
003F00
000F80
0007C0
FFFFF0
FFFFF0
FFFFF0
000000
000000
000000
002000
003800
027800
039000
078000
014000
007000
00F000
002000
ENDCHAR
STARTCHAR glyph1564
ENCODING -1
SWIDTH 529 0
DWIDTH 19 0
BBX 20 30 -1 -7
BITMAP
004000
00F000
00E000
006000
000000
000000
000000
000000
03C000
07F000
0FF800
00FE00
003F00
000F80
0007C0
FFFFF0
FFFFF0
FFFFF0
000000
000000
000000
002000
003800
027800
039000
078000
014000
007000
00F000
002000
ENDCHAR
STARTCHAR glyph1571
ENCODING -1
SWIDTH 432 0
DWIDTH 16 0
BBX 15 17 1 -3
BITMAP
001C
003C
003E
0066
0062
0072
007E
003E
001E
0002
0006
00EC
013C
0378
C1F0
3FE0
0FC0
ENDCHAR
STARTCHAR glyph1583
ENCODING -1
SWIDTH 432 0
DWIDTH 16 0
BBX 15 25 1 -3
BITMAP
0008
000E
009E
00E4
01E0
0040
0000
0000
001C
003C
003E
0066
0062
0072
007E
003E
001E
0002
0006
000C
001C
0078
C1F0
3FE0
0FC0
ENDCHAR
STARTCHAR glyph1587
ENCODING -1
SWIDTH 588 0
DWIDTH 21 0
BBX 22 13 -1 -4
BITMAP
080000
3800FC
5003FC
9007FC
200800
200FE0
200FF0
300FF0
380010
3E0060
1FFFE0
0FFFC0
03FE00
ENDCHAR
STARTCHAR glyph1589
ENCODING -1
SWIDTH 588 0
DWIDTH 21 0
BBX 20 19 1 -4
BITMAP
012000
01E000
00C000
00C000
000000
000000
200000
4003F0
400FF0
801FF0
802000
803F80
803FC0
C03FC0
E00040
F80180
7FFF80
3FFF00
0FF800
ENDCHAR
STARTCHAR glyph1590
ENCODING -1
SWIDTH 244 0
DWIDTH 9 0
BBX 10 25 -1 -3
BITMAP
0640
0280
0380
0100
0000
0080
0080
01C0
01C0
00C0
0040
0040
0040
0040
FFC0
FFC0
FFC0
0000
0000
0100
03C0
1380
3C80
3800
0800
ENDCHAR
STARTCHAR glyph1591
ENCODING -1
SWIDTH 244 0
DWIDTH 9 0
BBX 10 25 -1 -3
BITMAP
0640
0280
0380
0100
0000
0080
0080
01C0
01C0
00C0
0040
0040
0040
0040
FFC0
FFC0
FFC0
0000
0000
0100
03C0
1380
3C80
3800
0800
ENDCHAR
STARTCHAR glyph1593
ENCODING -1
SWIDTH 432 0
DWIDTH 16 0
BBX 15 24 1 -3
BITMAP
0020
0078
0070
0010
0000
0000
0000
001C
003C
003E
0066
0062
0072
007E
003E
001E
0002
0006
000C
001C
0078
C1F0
3FE0
0FC0
ENDCHAR
STARTCHAR glyph1599
ENCODING -1
SWIDTH 588 0
DWIDTH 21 0
BBX 20 17 1 -8
BITMAP
200000
4003F0
400FF0
801FF0
802000
803F80
803FC0
C03FC0
E00040
F80180
7FFF80
3FFF00
0FF800
002000
012000
014000
004000
ENDCHAR
STARTCHAR glyph1629
ENCODING -1
SWIDTH 821 0
DWIDTH 30 0
BBX 29 29 1 -3
BITMAP
00000400
00000F00
00000E00
00000680
000001E0
000009C0
00001EC0
00001C00
00000C00
00000000
00000000
00008010
00008130
0001C138
2001C118
4000C108
4000C188
40004388
80007FF8
80007FF8
80007E78
80004000
8000C000
8001C000
C0038100
F01F01C0
7FFE03C0
3FFC0080
0FF00000
ENDCHAR
STARTCHAR glyph1630
ENCODING -1
SWIDTH 530 0
DWIDTH 19 0
BBX 20 28 -1 -2
BITMAP
001000
001C00
003C00
000A00
000380
002780
003900
007800
001000
000000
000000
000020
020260
020270
020230
030210
030310
078710
FFFFF0
FFFFF0
FCFCF0
000000
000000
000000
000100
0003C0
000380
000180
ENDCHAR
STARTCHAR glyph1631
ENCODING -1
SWIDTH 530 0
DWIDTH 19 0
BBX 20 28 -1 -2
BITMAP
001000
001C00
003C00
000A00
000380
002780
003900
007800
001000
000000
000000
000020
020260
020270
020230
030210
030310
078710
FFFFF0
FFFFF0
FCFCF0
000000
000000
000000
000100
0003C0
000380
000180
ENDCHAR
STARTCHAR glyph1633
ENCODING -1
SWIDTH 1098 0
DWIDTH 40 0
BBX 39 24 1 -3
BITMAP
0000008000
000001E000
000001C000
0000004000
0000000000
0000000000
00008001F8
00008007FC
0001C00FFC
2001C01C1E
4000C0700E
4000C0E00E
400043801E
80007FFFFE
80007FFFFE
80007FFFFE
8000400000
8000C00000
8001800000
C003800800
F01F000E00
7FFF001E00
3FFC000400
0FF0000000
ENDCHAR
STARTCHAR glyph1634
ENCODING -1
SWIDTH 846 0
DWIDTH 30 0
BBX 31 23 -1 -2
BITMAP
00004000
0000F000
0000E000
00002000
00000000
00000000
00000000
000001F8
020007FC
02000FFE
02003C1E
0300F00E
0383801E
FFFFFFFE
FFFFFFFE
FCFFFFFE
00000000
00000000
00000000
00003000
00003800
00007800
00001000
ENDCHAR
STARTCHAR glyph1635
ENCODING -1
SWIDTH 846 0
DWIDTH 30 0
BBX 31 23 -1 -2
BITMAP
00004000
0000F000
0000E000
00002000
00000000
00000000
00000000
000001F8
020007FC
02000FFE
02003C1E
0300F00E
0383801E
FFFFFFFE
FFFFFFFE
FCFFFFFE
00000000
00000000
00000000
00003000
00003800
00007800
00001000
ENDCHAR
STARTCHAR glyph1637
ENCODING -1
SWIDTH 450 0
DWIDTH 16 0
BBX 16 29 1 -7
BITMAP
0100
03C0
0380
0080
0000
0000
0000
0780
0FE0
1FE0
13E0
03C0
07C0
0FF0
1CFE
307E
603E
4000
8000
8080
81E0
81C0
C0C0
E000
7800
7F00
3FFF
0FFC
03F8
ENDCHAR
STARTCHAR glyph1638
ENCODING -1
SWIDTH 525 0
DWIDTH 19 0
BBX 18 25 -1 -2
BITMAP
008000
00E000
01C000
004000
000000
000000
03F000
07F800
0FFC00
1E0600
180000
180000
180000
1C00C0
0E1F80
FFFF80
FFFE00
FFC000
000000
000000
000000
002000
003800
007800
001000
ENDCHAR
STARTCHAR glyph1639
ENCODING -1
SWIDTH 394 0
DWIDTH 14 0
BBX 15 25 -1 -2
BITMAP
0200
0780
0700
0100
0000
0000
0000
0000
07E0
0FF0
0FF0
0BF0
01E0
01C0
07E0
FFFE
FE7E
F83E
0000
0000
0000
0080
01E0
01C0
00C0
ENDCHAR
STARTCHAR glyph1645
ENCODING -1
SWIDTH 244 0
DWIDTH 9 0
BBX 6 5 1 -3
BITMAP
08
1C
48
E0
40
ENDCHAR
STARTCHAR glyph1646
ENCODING -1
SWIDTH 244 0
DWIDTH 9 0
BBX 7 5 1 -6
BITMAP
30
66
0C
60
C0
ENDCHAR
STARTCHAR glyph1647
ENCODING -1
SWIDTH 244 0
DWIDTH 9 0
BBX 8 6 1 -4
BITMAP
06
6F
F6
6C
1E
0C
ENDCHAR
STARTCHAR glyph1648
ENCODING -1
SWIDTH 244 0
DWIDTH 9 0
BBX 3 4 3 -2
BITMAP
60
C0
60
C0
ENDCHAR
STARTCHAR glyph1649
ENCODING -1
SWIDTH 244 0
DWIDTH 9 0
BBX 5 4 2 -3
BITMAP
18
D8
F0
30
ENDCHAR
STARTCHAR glyph1650
ENCODING -1
SWIDTH 812 0
DWIDTH 29 0
BBX 29 25 0 5
BITMAP
00003000
00003600
00000600
00006000
00006020
000001E0
000007E0
00001FC0
00003E00
00007000
0000C000
0000E000
0000F000
0000F800
00007E00
40003F00
40000780
800001C0
800000E0
80000060
C0000030
E0000018
FFFFFFF8
7FFFFFF8
1FFFFFF8
ENDCHAR
STARTCHAR glyph1651
ENCODING -1
SWIDTH 932 0
DWIDTH 34 0
BBX 34 25 0 5
BITMAP
0000180000
00001B0000
0000030000
0000300000
0000301000
000000F000
000003F000
00000FE000
00001F0000
0000380000
0000600000
0000700000
0000780000
00007C0000
00003E0000
40001F8000
400003C000
800001E000
800001E000
8000017000
C000033800
E0000E1C00
FFFFFE0FC0
7FFFFC07C0
1FFFF003C0
ENDCHAR
STARTCHAR glyph1654
ENCODING -1
SWIDTH 341 0
DWIDTH 12 0
BBX 12 2 0 5
BITMAP
FFF0
FFF0
ENDCHAR
STARTCHAR glyph1656
ENCODING -1
SWIDTH 543 0
DWIDTH 20 0
BBX 19 30 0 2
BITMAP
1C0000
200000
300000
1E0000
700000
800000
600100
7001C0
7801E0
7C01E0
7E00C0
3F0080
1F0080
0F8080
00C080
004080
006180
003100
001100
001B00
000A00
000E00
000400
000E00
001A00
003100
00C100
01FF00
01FF00
01F800
ENDCHAR
STARTCHAR glyph1657
ENCODING -1
SWIDTH 600 0
DWIDTH 22 0
BBX 22 28 0 4
BITMAP
1C0000
200000
300000
1E0000
700000
800000
380040
3E00C0
3F00C0
1FC0C0
1FE0C0
0FF0C0
067860
003860
001C60
000C60
000660
000260
0002A0
0000A0
0001B0
000330
000730
001E30
007E3C
03FC1C
1FF00C
7F8000
ENDCHAR
STARTCHAR glyph1658
ENCODING -1
SWIDTH 543 0
DWIDTH 20 0
BBX 18 30 1 -4
BITMAP
C00200
E00380
F003C0
F803C0
FC0180
7E0100
3E0100
1F0100
018100
008100
00C300
006200
002200
003600
001400
001C00
000800
001C00
003400
006200
018200
03FE00
03FE00
03F000
000000
018000
020000
030000
03C000
0F0000
ENDCHAR
STARTCHAR glyph1659
ENCODING -1
SWIDTH 600 0
DWIDTH 22 0
BBX 21 30 1 -4
BITMAP
700080
7C0180
7E0180
3F8180
3FC180
1FE180
0CF0C0
0070C0
0038C0
0018C0
000CC0
0004C0
000540
000140
000360
000660
000E60
003C60
00FC78
07F838
3FE018
FF0000
000000
000000
000000
0E0000
100000
180000
0E0000
780000
ENDCHAR
STARTCHAR glyph1660
ENCODING -1
SWIDTH 543 0
DWIDTH 20 0
BBX 18 26 1 2
BITMAP
00C000
010000
C18200
E0C380
F303C0
F803C0
FC0180
7E0100
3E0100
1F0100
018100
008100
00C300
006200
002200
003600
001400
001C00
000800
001C00
003400
006200
018200
03FE00
03FE00
03F000
ENDCHAR
STARTCHAR glyph1661
ENCODING -1
SWIDTH 600 0
DWIDTH 22 0
BBX 21 25 1 4
BITMAP
000800
001000
003000
701C80
7C2180
7E0180
3F8180
3FC180
1FE180
0CF0C0
0070C0
0038C0
0018C0
000CC0
0004C0
000540
000140
000360
000660
000E60
003C60
00FC78
07F838
3FE018
FF0000
ENDCHAR
STARTCHAR glyph1662
ENCODING -1
SWIDTH 543 0
DWIDTH 20 0
BBX 18 30 1 2
BITMAP
0004C0
000280
000380
000100
000000
000000
C00200
E00380
F003C0
F803C0
FC0180
7E0100
3E0100
1F0100
018100
008100
00C300
006200
002200
003600
001400
001C00
000800
001C00
003400
006200
018200
03FE00
03FE00
03F000
ENDCHAR
STARTCHAR glyph1663
ENCODING -1
SWIDTH 600 0
DWIDTH 22 0
BBX 21 28 1 4
BITMAP
0004C0
000280
000380
000100
000000
000000
700080
7C0180
7E0180
3F8180
3FC180
1FE180
0CF0C0
0070C0
0038C0
0018C0
000CC0
0004C0
000540
000140
000360
000660
000E60
003C60
00FC78
07F838
3FE018
FF0000
ENDCHAR
STARTCHAR glyph1664
ENCODING -1
SWIDTH 543 0
DWIDTH 20 0
BBX 18 30 1 2
BITMAP
000300
000380
000780
000100
000000
000000
C00200
E00380
F003C0
F803C0
FC0180
7E0100
3E0100
1F0100
018100
008100
00C300
006200
002200
003600
001400
001C00
000800
001C00
003400
006200
018200
03FE00
03FE00
03F000
ENDCHAR
STARTCHAR glyph1665
ENCODING -1
SWIDTH 600 0
DWIDTH 22 0
BBX 21 28 1 4
BITMAP
000300
000380
000780
000100
000000
000000
700080
7C0180
7E0180
3F8180
3FC180
1FE180
0CF0C0
0070C0
0038C0
0018C0
000CC0
0004C0
000540
000140
000360
000660
000E60
003C60
00FC78
07F838
3FE018
FF0000
ENDCHAR
STARTCHAR glyph1666
ENCODING -1
SWIDTH 543 0
DWIDTH 20 0
BBX 18 30 1 2
BITMAP
000E00
000DC0
000180
001C00
001800
000000
C00200
E00380
F003C0
F803C0
FC0180
7E0100
3E0100
1F0100
018100
008100
00C300
006200
002200
003600
001400
001C00
000800
001C00
003400
006200
018200
03FE00
03FE00
03F000
ENDCHAR
STARTCHAR glyph1667
ENCODING -1
SWIDTH 600 0
DWIDTH 22 0
BBX 21 28 1 4
BITMAP
000600
0006C0
0000C0
000C00
000C00
000000
700080
7C0180
7E0180
3F8180
3FC180
1FE180
0CF0C0
0070C0
0038C0
0018C0
000CC0
0004C0
000540
000140
000360
000660
000E60
003C60
00FC78
07F838
3FE018
FF0000
ENDCHAR
STARTCHAR glyph1668
ENCODING -1
SWIDTH 543 0
DWIDTH 20 0
BBX 18 31 1 -5
BITMAP
C00200
E00380
F003C0
F803C0
FC0180
7E0100
3E0100
1F0100
018100
008100
00C300
006200
002200
003600
001400
001C00
000800
001C00
003400
006200
018200
03FE00
03FE00
03F000
000000
000100
001380
003980
001A00
000700
000300
ENDCHAR
STARTCHAR glyph1669
ENCODING -1
SWIDTH 600 0
DWIDTH 22 0
BBX 21 31 1 -5
BITMAP
700080
7C0180
7E0180
3F8180
3FC180
1FE180
0CF0C0
0070C0
0038C0
0018C0
000CC0
0004C0
000540
000140
000360
000660
000E60
003C60
00FC78
07F838
3FE018
FF0000
000000
000000
000000
000060
000670
000720
0002C0
0000E0
000040
ENDCHAR
STARTCHAR glyph1670
ENCODING -1
SWIDTH 525 0
DWIDTH 19 0
BBX 16 21 2 5
BITMAP
0F1C
3FBE
7FF1
F0E0
78C0
7840
3C40
1C00
1E00
0E00
0E00
0700
0700
0700
0700
0300
0300
0300
0300
0100
0100
ENDCHAR
STARTCHAR glyph1671
ENCODING -1
SWIDTH 525 0
DWIDTH 19 0
BBX 14 22 3 4
BITMAP
0100
0100
0300
0300
0300
0300
0700
0700
0600
0E00
0E00
0C00
1C00
1C00
3800
7000
FFF8
FFFC
FFFC
7FFC
601C
0004
ENDCHAR
STARTCHAR glyph1672
ENCODING -1
SWIDTH 543 0
DWIDTH 20 0
BBX 19 30 0 2
BITMAP
0E0000
160000
260000
FE0000
FC0000
000000
600100
7001C0
7801E0
7C01E0
7E00C0
3F0080
1F0080
0F8080
00C080
004080
006180
003100
001100
001B00
000A00
000E00
000400
000E00
001A00
003100
00C100
01FF00
01FF00
01F800
ENDCHAR
STARTCHAR glyph1673
ENCODING -1
SWIDTH 600 0
DWIDTH 22 0
BBX 22 28 0 4
BITMAP
0E0000
160000
260000
FE0000
FC0000
000000
380040
3E00C0
3F00C0
1FC0C0
1FE0C0
0FF0C0
067860
003860
001C60
000C60
000660
000260
0002A0
0000A0
0001B0
000330
000730
001E30
007E3C
03FC1C
1FF00C
7F8000
ENDCHAR
ENDFONT
